age,Other,Savings,Diamond Bank,EcoBank,FCMB,Fidelity Bank,First Bank,GT Bank,Heritage Bank,Keystone Bank,Skye Bank,Stanbic IBTC,Standard Chartered,Sterling Bank,UBA,Union Bank,Unity Bank,Wema Bank,Zenith Bank,Not known,Permanent,Retired,Self-Employed,Student,Unemployed,loanamount,totaldue,termdays,totalamountreturn,interestrate,loannumberprevious,loanamountprevious,totaldueprevious,termdaysprevious,datediffsecondsprevious,Actual,Predicted
32,1,0,0,0,1,0,0,0,0,0,0,0,0,0,0,0,0,0,0,0,0,0,1,0,0,20000,24500.0,30,4500.0,18.367346938775512,6.0,100000000.0,128636363.63636364,28.63636363636364,3615.818181818182,0,0
38,0,1,0,0,0,0,0,0,0,0,0,0,0,0,0,0,0,0,1,0,1,0,0,0,0,10000,11500.0,15,1500.0,13.043478260869565,1.0,100000000.0,115000000.0,15.0,3669.0,0,0
41,1,0,0,0,0,0,0,1,0,0,0,0,0,0,0,0,0,0,0,0,1,0,0,0,0,300000000,345000000.0,30,45000000.0,13.043478260869565,5.0,155555555.55555555,191444444.44444445,28.33333333333333,3610.3333333333335,0,0
34,0,1,0,0,0,0,0,0,0,0,0,0,0,0,0,0,0,0,0,0,1,0,0,0,0,20000,24500.0,30,4500.0,18.367346938775512,3.5,116666666.66666669,145500000.0,27.5,3609.1666666666665,0,0
45,0,1,0,0,0,0,0,1,0,0,0,0,0,0,0,0,0,0,0,0,1,0,0,0,0,100000000,130000000.0,30,30000000.0,23.07692307692308,1.0,100000000.0,130000000.0,30.0,3668.0,0,0
34,0,1,0,0,0,0,0,0,0,0,0,0,0,0,1,0,0,0,0,0,1,0,0,0,0,20000,24500.0,30,4500.0,18.367346938775512,2.5,125000000.0,141875000.0,15.0,3621.75,0,0
34,0,1,0,0,0,0,0,1,0,0,0,0,0,0,0,0,0,0,0,0,1,0,0,0,0,100000000,130000000.0,30,30000000.0,23.07692307692308,1.0,100000000.0,130000000.0,30.0,3668.0,0,0
40,0,1,0,0,0,0,0,0,0,0,0,1,0,0,0,0,0,0,0,0,1,0,0,0,0,100000000,130000000.0,30,30000000.0,23.07692307692308,1.5,100000000.0,130000000.0,30.0,3612.0,0,0
30,0,1,0,0,0,0,0,0,0,0,0,0,0,0,0,0,0,0,1,1,0,0,0,0,0,20000,24500.0,30,4500.0,18.367346938775512,2.0,100000000.0,130000000.0,30.0,3609.0,0,0
35,0,1,0,0,0,0,0,0,0,0,0,0,0,0,1,0,0,0,0,0,1,0,0,0,0,100000000,115000000.0,15,15000000.0,13.043478260869565,1.0,100000000.0,115000000.0,15.0,3668.0,0,0
36,0,1,0,0,0,0,1,0,0,0,0,0,0,0,0,0,0,0,0,0,1,0,0,0,0,100000000,130000000.0,30,30000000.0,23.07692307692308,1.0,100000000.0,130000000.0,30.0,3669.0,0,0
56,1,0,0,0,0,0,0,0,0,0,0,0,0,0,1,0,0,0,0,0,1,0,0,0,0,300000000,390000000.0,60,90000000.0,23.07692307692308,4.5,143750000.0,175187500.0,26.25,3611.75,1,1
34,0,1,0,0,0,0,0,1,0,0,0,0,0,0,0,0,0,0,0,1,0,0,0,0,0,300000000,345000000.0,30,45000000.0,13.043478260869565,4.0,171428571.42857143,195571428.57142857,19.285714285714285,3624.285714285714,0,0
29,0,1,0,0,0,0,0,0,0,0,0,0,0,0,1,0,0,0,0,0,0,0,0,1,0,100000000,130000000.0,30,30000000.0,23.07692307692308,1.0,100000000.0,115000000.0,15.0,3618.0,0,0
41,0,1,0,1,0,0,0,0,0,0,0,0,0,0,0,0,0,0,0,0,1,0,0,0,0,200000000,245000000.0,30,45000000.0,18.367346938775512,2.0,100000000.0,128333333.33333331,30.0,3606.6666666666665,0,0
44,1,0,0,0,0,0,0,1,0,0,0,0,0,0,0,0,0,0,0,0,1,0,0,0,0,200000000,245000000.0,30,45000000.0,18.367346938775512,3.0,120000000.0,150000000.0,27.0,3611.2,0,0
35,1,0,0,0,0,0,1,0,0,0,0,0,0,0,0,0,0,0,0,0,1,0,0,0,0,300000000,345000000.0,30,45000000.0,13.043478260869565,5.0,177777777.7777778,200777777.7777778,18.33333333333333,3610.222222222222,0,0
36,0,1,0,0,0,1,0,0,0,0,0,0,0,0,0,0,0,0,0,0,1,0,0,0,0,300000000,390000000.0,60,90000000.0,23.07692307692308,3.5,133333333.33333331,162083333.33333334,25.0,3618.5,1,1
33,0,1,0,0,0,0,0,1,0,0,0,0,0,0,0,0,0,0,0,1,0,0,0,0,0,200000000,245000000.0,30,45000000.0,18.367346938775512,1.5,100000000.0,130000000.0,30.0,3608.0,0,0
46,0,1,0,1,0,0,0,0,0,0,0,0,0,0,0,0,0,0,0,0,1,0,0,0,0,100000000,130000000.0,30,30000000.0,23.07692307692308,1.0,100000000.0,115000000.0,15.0,3668.0,0,0
41,1,0,0,0,0,0,0,1,0,0,0,0,0,0,0,0,0,0,0,0,0,0,1,0,0,300000000,345000000.0,30,45000000.0,13.043478260869565,7.5,192857142.85714287,227607142.85714287,26.785714285714285,3613.714285714286,0,0
34,0,1,0,0,0,0,0,1,0,0,0,0,0,0,0,0,0,0,0,0,1,0,0,0,0,10000,13000.0,30,3000.0,23.07692307692308,1.5,100000000.0,130000000.0,30.0,3638.0,0,0
44,0,1,0,0,0,0,0,1,0,0,0,0,0,0,0,0,0,0,0,0,1,0,0,0,0,100000000,130000000.0,30,30000000.0,23.07692307692308,1.0,100000000.0,130000000.0,30.0,3668.0,0,0
52,0,1,0,0,0,0,0,0,0,0,0,0,0,0,0,0,0,0,1,0,1,0,0,0,0,100000000,130000000.0,30,30000000.0,23.07692307692308,1.5,100000000.0,130000000.0,30.0,3609.5,0,0
47,0,0,0,0,0,0,1,0,0,0,0,0,0,0,0,0,0,0,0,0,1,0,0,0,0,100000000,115000000.0,15,15000000.0,13.043478260869565,1.0,100000000.0,115000000.0,15.0,3668.0,0,0
34,0,1,0,0,0,0,1,0,0,0,0,0,0,0,0,0,0,0,0,0,1,0,0,0,0,300000000,345000000.0,30,45000000.0,13.043478260869565,3.5,150000000.0,183833333.3333333,27.5,3617.3333333333335,0,0
32,0,1,1,0,0,0,0,0,0,0,0,0,0,0,0,0,0,0,0,0,1,0,0,0,0,200000000,245000000.0,30,45000000.0,18.367346938775512,3.5,100000000.0,130000000.0,30.0,3609.1666666666665,0,0
40,1,0,0,0,0,0,0,0,0,0,0,0,0,0,0,0,0,0,1,0,0,0,1,0,0,500000000,550000000.0,60,50000000.0,9.090909090909092,9.5,338888888.8888889,382416666.6666667,38.333333333333336,3609.277777777778,1,1
28,0,1,0,0,0,0,0,0,0,0,0,0,0,0,0,0,0,0,0,0,1,0,0,0,0,100000000,130000000.0,30,30000000.0,23.07692307692308,1.0,100000000.0,115000000.0,15.0,3668.0,0,0
39,0,1,0,0,0,0,1,0,0,0,0,0,0,0,0,0,0,0,0,0,1,0,0,0,0,100000000,130000000.0,30,30000000.0,23.07692307692308,1.0,100000000.0,130000000.0,30.0,3629.0,0,0
33,0,1,0,0,0,0,0,1,0,0,0,0,0,0,0,0,0,0,0,0,1,0,0,0,0,10000,11500.0,15,1500.0,13.043478260869565,2.0,100000000.0,115000000.0,15.0,3609.3333333333335,0,0
40,1,0,0,0,0,0,0,0,0,0,0,0,0,0,1,0,0,0,0,0,1,0,0,0,0,100000000,115000000.0,15,15000000.0,13.043478260869565,1.5,100000000.0,122500000.0,22.5,3612.0,0,0
32,0,1,0,0,0,0,0,1,0,0,0,0,0,0,0,0,0,0,0,0,0,0,1,0,0,20000,22250.0,15,2250.0,10.112359550561797,2.5,125000000.0,144750000.0,18.75,3611.75,0,0
39,1,0,0,0,0,0,0,0,0,0,0,1,0,0,0,0,0,0,0,0,1,0,0,0,0,300000000,345000000.0,30,45000000.0,13.043478260869565,4.5,162500000.0,197375000.0,30.0,3609.375,0,0
31,0,1,0,0,0,0,0,0,0,0,0,0,0,0,0,0,0,0,0,1,0,0,0,0,0,100000000,115000000.0,15,15000000.0,13.043478260869565,1.5,100000000.0,115000000.0,15.0,3615.0,0,0
36,0,1,0,0,0,1,0,0,0,0,0,0,0,0,0,0,0,0,0,0,1,0,0,0,0,10000,13000.0,30,3000.0,23.07692307692308,1.0,100000000.0,115000000.0,15.0,3669.0,0,0
35,0,1,0,0,0,0,0,1,0,0,0,0,0,0,0,0,0,0,0,0,1,0,0,0,0,400000000,480000000.0,60,80000000.0,16.666666666666664,4.5,187500000.0,222312500.0,28.125,3623.375,1,1
36,0,1,0,0,0,0,0,1,0,0,0,0,0,0,0,0,0,0,0,0,1,0,0,0,0,200000000,245000000.0,30,45000000.0,18.367346938775512,1.5,100000000.0,122500000.0,22.5,3638.5,0,0
41,0,1,0,0,0,0,0,1,0,0,0,0,0,0,0,0,0,0,0,0,1,0,0,0,0,10000,13000.0,30,3000.0,23.07692307692308,1.0,100000000.0,130000000.0,30.0,3668.0,0,0
37,0,1,0,0,0,0,0,0,0,0,0,0,0,0,0,0,0,0,0,0,1,0,0,0,0,100000000,130000000.0,30,30000000.0,23.07692307692308,1.0,100000000.0,130000000.0,30.0,3669.0,0,0
30,0,1,0,0,0,0,1,0,0,0,0,0,0,0,0,0,0,0,0,0,1,0,0,0,0,200000000,245000000.0,30,45000000.0,18.367346938775512,2.5,125000000.0,158750000.0,30.0,3622.75,0,0
35,1,0,0,0,0,0,0,0,0,0,0,0,0,0,0,0,0,0,0,0,1,0,0,0,0,100000000,130000000.0,30,30000000.0,23.07692307692308,3.5,100000000.0,120000000.0,20.0,3617.1666666666665,0,0
37,0,1,0,0,0,0,0,1,0,0,0,0,0,0,0,0,0,0,0,1,0,0,0,0,0,100000000,115000000.0,15,15000000.0,13.043478260869565,1.5,100000000.0,130000000.0,30.0,3617.0,0,0
27,1,0,0,0,0,0,0,0,0,0,0,0,0,0,0,0,0,0,1,0,1,0,0,0,0,400000000,440000000.0,30,40000000.0,9.090909090909092,5.0,200000000.0,237555555.55555555,30.0,3616.555555555556,0,0
32,1,0,0,0,0,0,0,1,0,0,0,0,0,0,0,0,0,0,0,0,1,0,0,0,0,400000000,480000000.0,60,80000000.0,16.666666666666664,4.5,187500000.0,232750000.0,37.5,3615.875,1,1
39,0,1,0,0,1,0,0,0,0,0,0,0,0,0,0,0,0,0,0,0,1,0,0,0,0,150000000,183750000.0,30,33750000.0,18.367346938775512,3.0,120000000.0,151500000.0,30.0,3607.8,0,0
46,0,1,0,0,0,0,0,1,0,0,0,0,0,0,0,0,0,0,0,0,1,0,0,0,0,100000000,115000000.0,15,15000000.0,13.043478260869565,1.0,100000000.0,115000000.0,15.0,3672.0,0,0
42,1,0,1,0,0,0,0,0,0,0,0,0,0,0,0,0,0,0,0,0,1,0,0,0,0,300000000,345000000.0,30,45000000.0,13.043478260869565,5.5,180000000.0,214600000.0,28.5,3609.9,0,0
37,1,0,0,0,0,0,0,1,0,0,0,0,0,0,0,0,0,0,0,0,0,0,1,0,0,400000000,440000000.0,30,40000000.0,9.090909090909092,5.5,155000000.0,173200000.0,18.0,3609.5,0,0
29,0,1,0,1,0,0,0,0,0,0,0,0,0,0,0,0,0,0,0,0,0,0,1,0,0,300000000,345000000.0,30,45000000.0,13.043478260869565,6.0,254545454.54545453,289272727.27272725,24.545454545454547,3615.4545454545455,0,0
37,0,1,0,0,0,0,1,0,0,0,0,0,0,0,0,0,0,0,0,0,1,0,0,0,0,100000000,130000000.0,30,30000000.0,23.07692307692308,1.0,100000000.0,115000000.0,15.0,3669.0,0,0
34,1,0,0,0,1,0,0,0,0,0,0,0,0,0,0,0,0,0,0,0,0,0,1,0,0,100000000,122500000.0,30,22500000.0,18.367346938775512,2.5,100000000.0,122500000.0,22.5,3612.5,0,0
59,0,1,0,0,0,0,1,0,0,0,0,0,0,0,0,0,0,0,0,0,1,0,0,0,0,100000000,115000000.0,15,15000000.0,13.043478260869565,1.0,100000000.0,130000000.0,30.0,3669.0,0,0
36,0,1,0,0,0,0,0,0,0,0,0,0,0,0,0,0,0,0,1,0,1,0,0,0,0,200000000,245000000.0,30,45000000.0,18.367346938775512,2.5,125000000.0,158750000.0,30.0,3622.0,0,0
30,0,1,0,0,0,0,1,0,0,0,0,0,0,0,0,0,0,0,0,0,1,0,0,0,0,10000,13000.0,30,3000.0,23.07692307692308,1.0,100000000.0,130000000.0,30.0,3668.0,0,0
35,0,1,0,0,0,0,0,1,0,0,0,0,0,0,0,0,0,0,0,0,1,0,0,0,0,100000000,125000000.0,30,25000000.0,20.0,1.0,100000000.0,130000000.0,30.0,3668.0,0,0
38,0,1,0,0,0,0,0,0,0,0,0,0,0,0,0,0,0,0,0,0,1,0,0,0,0,100000000,130000000.0,30,30000000.0,23.07692307692308,1.0,100000000.0,130000000.0,30.0,3611.0,0,0
33,0,1,0,0,0,0,1,0,0,0,0,0,0,0,0,0,0,0,0,1,0,0,0,0,0,300000000,345000000.0,30,45000000.0,13.043478260869565,4.0,185714285.7142857,215857142.85714287,23.571428571428573,3609.428571428572,0,0
33,0,1,0,0,0,0,0,0,0,0,0,0,0,0,0,0,0,0,1,0,1,0,0,0,0,20000,24000.0,30,4000.0,16.666666666666664,1.5,100000000.0,115000000.0,15.0,3638.0,0,0
34,0,1,0,0,0,0,0,0,0,0,0,0,0,0,0,0,0,0,0,0,1,0,0,0,0,10000,13000.0,30,3000.0,23.07692307692308,1.5,100000000.0,130000000.0,30.0,3611.0,0,0
42,0,1,0,0,0,0,1,0,0,0,0,0,0,0,0,0,0,0,0,0,1,0,0,0,0,100000000,130000000.0,30,30000000.0,23.07692307692308,1.5,100000000.0,130000000.0,30.0,3610.0,0,0
46,0,1,0,0,0,0,0,1,0,0,0,0,0,0,0,0,0,0,0,1,0,0,0,0,0,200000000,222500000.0,15,22500000.0,10.112359550561797,2.0,100000000.0,115000000.0,15.0,3607.6666666666665,0,0
37,0,1,0,0,0,0,1,0,0,0,0,0,0,0,0,0,0,0,0,0,1,0,0,0,0,100000000,130000000.0,30,30000000.0,23.07692307692308,1.0,100000000.0,115000000.0,15.0,3670.0,0,0
43,1,0,0,0,0,0,0,0,0,0,0,1,0,0,0,0,0,0,0,0,1,0,0,0,0,150000000,172500000.0,30,22500000.0,13.043478260869565,4.5,120000000.0,140562500.0,22.5,3757.625,0,0
36,0,1,0,0,0,0,1,0,0,0,0,0,0,0,0,0,0,0,0,0,1,0,0,0,0,100000000,130000000.0,30,30000000.0,23.07692307692308,1.5,100000000.0,130000000.0,30.0,3639.5,0,0
29,0,1,0,0,0,0,1,0,0,0,0,0,0,0,0,0,0,0,0,0,1,0,0,0,0,100000000,130000000.0,30,30000000.0,23.07692307692308,1.0,100000000.0,130000000.0,30.0,3673.0,0,0
37,0,1,0,0,0,0,0,1,0,0,0,0,0,0,0,0,0,0,0,0,1,0,0,0,0,10000,10750.0,15,750.0,6.976744186046512,5.0,122222222.22222222,136180555.55555555,15.0,3614.8888888888887,0,0
35,0,1,0,0,0,0,0,0,0,0,0,0,0,0,1,0,0,0,0,0,0,0,1,0,0,100000000,122500000.0,30,22500000.0,18.367346938775512,2.0,100000000.0,130000000.0,30.0,3628.0,0,0
35,0,1,0,0,0,0,1,0,0,0,0,0,0,0,0,0,0,0,0,0,0,0,1,0,0,150000000,183750000.0,30,33750000.0,18.367346938775512,2.5,112500000.0,143437500.0,30.0,3623.75,0,0
31,0,1,0,0,0,0,1,0,0,0,0,0,0,0,0,0,0,0,0,1,0,0,0,0,0,100000000,130000000.0,30,30000000.0,23.07692307692308,1.0,100000000.0,130000000.0,30.0,3668.0,0,0
36,0,1,0,0,0,0,1,0,0,0,0,0,0,0,0,0,0,0,0,1,0,0,0,0,0,100000000,115000000.0,15,15000000.0,13.043478260869565,3.0,100000000.0,115000000.0,15.0,3607.8,0,0
38,1,0,0,0,0,0,0,0,0,0,0,0,0,0,1,0,0,0,0,0,0,0,1,0,0,400000000,440000000.0,30,40000000.0,9.090909090909092,5.5,155000000.0,179975000.0,22.5,3609.3,0,0
60,1,0,0,0,0,0,0,1,0,0,0,0,0,0,0,0,0,0,0,0,1,0,0,0,0,300000000,345000000.0,30,45000000.0,13.043478260869565,2.5,175000000.0,203250000.0,22.5,3609.0,0,0
44,0,1,0,0,0,0,0,1,0,0,0,0,0,0,0,0,0,0,0,0,1,0,0,0,0,10000,13000.0,30,3000.0,23.07692307692308,1.0,100000000.0,115000000.0,15.0,3673.0,0,0
38,0,1,0,0,0,0,0,1,0,0,0,0,0,0,0,0,0,0,0,0,1,0,0,0,0,100000000,130000000.0,30,30000000.0,23.07692307692308,1.0,100000000.0,115000000.0,15.0,3667.0,0,0
32,0,1,0,0,0,0,0,1,0,0,0,0,0,0,0,0,0,0,0,0,1,0,0,0,0,100000000,130000000.0,30,30000000.0,23.07692307692308,2.5,100000000.0,126250000.0,26.25,3611.25,0,0
28,0,1,0,0,0,0,0,0,0,0,0,0,0,0,0,0,0,0,0,1,0,0,0,0,0,100000000,130000000.0,30,30000000.0,23.07692307692308,1.0,100000000.0,130000000.0,30.0,3668.0,0,0
34,0,1,0,0,0,0,1,0,0,0,0,0,0,0,0,0,0,0,0,1,0,0,0,0,0,200000000,222500000.0,15,22500000.0,10.112359550561797,2.0,100000000.0,115000000.0,15.0,3628.0,0,0
49,0,1,0,0,1,0,0,0,0,0,0,0,0,0,0,0,0,0,0,0,1,0,0,0,0,10000,13000.0,30,3000.0,23.07692307692308,1.0,100000000.0,130000000.0,30.0,3610.0,0,0
36,0,1,0,0,0,0,0,1,0,0,0,0,0,0,0,0,0,0,0,0,1,0,0,0,0,100000000,130000000.0,30,30000000.0,23.07692307692308,1.0,100000000.0,115000000.0,15.0,3668.0,0,0
33,0,1,0,0,0,0,0,1,0,0,0,0,0,0,0,0,0,0,0,0,1,0,0,0,0,10000,11500.0,15,1500.0,13.043478260869565,2.0,133333333.33333331,163333333.33333334,25.0,3609.0,0,0
29,0,1,0,0,0,0,0,1,0,0,0,0,0,0,0,0,0,0,0,0,1,0,0,0,0,100000000,130000000.0,30,30000000.0,23.07692307692308,1.0,100000000.0,130000000.0,30.0,3670.0,0,0
41,1,0,0,0,0,0,0,0,0,0,0,1,0,0,0,0,0,0,0,0,1,0,0,0,0,200000000,245000000.0,30,45000000.0,18.367346938775512,3.5,116666666.66666669,149166666.66666666,30.0,3621.0,0,0
33,0,1,0,0,0,0,0,1,0,0,0,0,0,0,0,0,0,0,0,0,1,0,0,0,0,100000000,130000000.0,30,30000000.0,23.07692307692308,1.0,100000000.0,130000000.0,30.0,3607.0,0,0
34,1,0,0,0,0,0,0,0,0,0,0,0,0,0,1,0,0,0,0,0,0,0,0,1,0,400000000,480000000.0,60,80000000.0,16.666666666666664,5.0,211111111.1111111,256833333.3333333,38.333333333333336,4030.3333333333335,1,1
38,0,1,0,0,0,0,0,0,0,0,0,1,0,0,0,0,0,0,0,1,0,0,0,0,0,10000,11500.0,15,1500.0,13.043478260869565,1.0,100000000.0,115000000.0,15.0,3669.0,0,0
56,1,0,0,0,0,0,0,1,0,0,0,0,0,0,0,0,0,0,0,0,0,0,1,0,0,500000000,575000000.0,90,75000000.0,13.043478260869565,5.5,260000000.0,315300000.0,45.0,3608.3,1,1
36,1,0,0,0,0,0,0,1,0,0,0,0,0,0,0,0,0,0,0,0,1,0,0,0,0,10000,13000.0,30,3000.0,23.07692307692308,1.5,90000000.0,117000000.0,30.0,3607.0,0,0
45,0,1,0,0,0,0,0,0,0,0,0,0,0,0,0,0,0,0,0,1,0,0,0,0,0,30000,39000.0,60,9000.0,23.07692307692308,7.0,188461538.4615385,210634615.3846154,17.307692307692307,3606.923076923077,1,1
31,1,0,0,0,0,0,0,1,0,0,0,0,0,0,0,0,0,0,0,0,0,0,0,1,0,200000000,220000000.0,30,20000000.0,9.090909090909092,5.5,275000000.0,313350000.0,28.5,3617.9,0,0
34,0,1,0,0,0,0,0,1,0,0,0,0,0,0,0,0,0,0,0,1,0,0,0,0,0,20000,24500.0,30,4500.0,18.367346938775512,2.0,133333333.33333331,163333333.33333334,25.0,3627.0,0,0
46,0,1,0,0,0,0,0,0,0,0,0,0,0,0,0,0,0,0,1,0,1,0,0,0,0,300000000,345000000.0,30,45000000.0,13.043478260869565,5.0,200000000.0,226222222.2222222,20.0,3613.6666666666665,0,0
34,0,1,0,0,0,1,0,0,0,0,0,0,0,0,0,0,0,0,0,0,1,0,0,0,0,300000000,330000000.0,30,30000000.0,9.090909090909092,6.0,174545454.54545453,211159090.9090909,39.54545454545455,3609.363636363637,0,0
41,0,1,0,0,0,0,0,0,0,0,0,1,0,0,0,0,0,0,0,0,1,0,0,0,0,20000,24500.0,30,4500.0,18.367346938775512,2.5,125000000.0,147500000.0,18.75,3608.0,0,0
46,0,1,0,0,1,0,0,0,0,0,0,0,0,0,0,0,0,0,0,1,0,0,0,0,0,200000000,222500000.0,15,22500000.0,10.112359550561797,2.5,125000000.0,141875000.0,15.0,3606.75,0,0
52,1,0,0,0,0,0,0,0,0,0,0,0,0,0,0,0,0,0,0,0,1,0,0,0,0,400000000,440000000.0,30,40000000.0,9.090909090909092,5.5,260000000.0,299900000.0,30.0,3609.7,0,0
37,0,1,1,0,0,0,0,0,0,0,0,0,0,0,0,0,0,0,0,1,0,0,0,0,0,100000000,115000000.0,15,15000000.0,13.043478260869565,1.0,100000000.0,115000000.0,15.0,3673.0,0,0
37,0,1,0,0,0,0,0,1,0,0,0,0,0,0,0,0,0,0,0,1,0,0,0,0,0,20000,24500.0,30,4500.0,18.367346938775512,1.5,100000000.0,130000000.0,30.0,4656.5,0,1
34,1,0,0,0,0,0,0,1,0,0,0,0,0,0,0,0,0,0,0,0,0,0,1,0,0,200000000,222500000.0,15,22500000.0,10.112359550561797,4.5,193750000.0,219609375.0,20.625,3611.125,0,0
37,0,1,0,0,0,0,0,1,0,0,0,0,0,0,0,0,0,0,0,0,1,0,0,0,0,10000,13000.0,30,3000.0,23.07692307692308,1.5,100000000.0,122500000.0,22.5,3607.5,0,0
34,0,1,0,0,0,0,0,0,0,0,0,1,0,0,0,0,0,0,0,1,0,0,0,0,0,100000000,115000000.0,15,15000000.0,13.043478260869565,1.0,100000000.0,115000000.0,15.0,3670.0,0,0
40,0,1,0,0,0,0,0,1,0,0,0,0,0,0,0,0,0,0,0,0,1,0,0,0,0,300000000,390000000.0,60,90000000.0,23.07692307692308,4.0,171428571.42857143,198357142.85714287,21.428571428571427,3615.857142857143,1,1
29,0,1,0,0,0,0,1,0,0,0,0,0,0,0,0,0,0,0,0,0,0,0,0,1,0,100000000,115000000.0,15,15000000.0,13.043478260869565,3.0,140000000.0,158000000.0,15.0,3631.0,0,0
33,0,1,0,0,0,0,1,0,0,0,0,0,0,0,0,0,0,0,0,1,0,0,0,0,0,100000000,115000000.0,15,15000000.0,13.043478260869565,1.0,100000000.0,115000000.0,15.0,3670.0,0,0
28,0,1,0,0,0,0,0,1,0,0,0,0,0,0,0,0,0,0,0,0,1,0,0,0,0,10000,13000.0,30,3000.0,23.07692307692308,1.5,100000000.0,130000000.0,30.0,3638.0,0,0
31,0,1,0,0,0,0,0,0,0,0,0,0,0,0,1,0,0,0,0,0,1,0,0,0,0,100000000,115000000.0,15,15000000.0,13.043478260869565,1.0,100000000.0,115000000.0,15.0,3667.0,0,0
47,0,1,0,0,0,0,0,0,0,0,0,0,0,0,0,0,0,0,0,1,0,0,0,0,0,100000000,130000000.0,30,30000000.0,23.07692307692308,1.0,100000000.0,130000000.0,30.0,3668.0,0,0
33,0,1,0,0,0,0,0,0,0,0,0,0,0,0,0,0,0,0,1,1,0,0,0,0,0,250000000,287500000.0,30,37500000.0,13.043478260869565,3.5,183333333.3333333,216000000.0,27.5,3617.1666666666665,0,0
41,0,1,0,0,0,0,0,1,0,0,0,0,0,0,0,0,0,0,0,0,1,0,0,0,0,10000,11500.0,15,1500.0,13.043478260869565,1.0,100000000.0,130000000.0,30.0,3669.0,0,0
41,0,1,0,0,0,0,0,1,0,0,0,0,0,0,0,0,0,0,0,0,1,0,0,0,0,100000000,130000000.0,30,30000000.0,23.07692307692308,1.0,100000000.0,115000000.0,15.0,3608.0,0,0
44,0,1,0,0,0,0,0,0,0,0,0,0,0,0,0,0,0,0,0,1,0,0,0,0,0,300000000,390000000.0,60,90000000.0,23.07692307692308,3.5,150000000.0,172500000.0,17.5,3608.0,1,1
41,1,0,0,0,0,0,0,1,0,0,0,0,0,0,0,0,0,0,0,0,1,0,0,0,0,300000000,390000000.0,60,90000000.0,23.07692307692308,4.5,187500000.0,227875000.0,31.875,3609.875,1,1
37,0,1,0,1,0,0,0,0,0,0,0,0,0,0,0,0,0,0,0,0,1,0,0,0,0,100000000,130000000.0,30,30000000.0,23.07692307692308,1.0,100000000.0,130000000.0,30.0,3669.0,0,0
37,1,0,0,0,0,0,0,1,0,0,0,0,0,0,0,0,0,0,0,0,1,0,0,0,0,200000000,245000000.0,30,45000000.0,18.367346938775512,4.0,171428571.42857143,189285714.2857143,15.0,3610.285714285714,0,0
37,1,0,0,0,0,0,1,0,0,0,0,0,0,0,0,0,0,0,0,0,0,0,1,0,0,100000000,130000000.0,30,30000000.0,23.07692307692308,1.5,100000000.0,130000000.0,30.0,3628.5,0,0
33,1,0,0,0,0,0,0,0,0,0,0,0,0,0,0,0,0,0,0,0,1,0,0,0,0,300000000,345000000.0,30,45000000.0,13.043478260869565,7.0,230769230.7692308,264307615.3846154,25.384615384615383,3610.538461538461,0,0
38,0,1,1,0,0,0,0,0,0,0,0,0,0,0,0,0,0,0,0,0,1,0,0,0,0,200000000,245000000.0,30,45000000.0,18.367346938775512,3.0,100000000.0,130000000.0,30.0,3614.3333333333335,0,0
29,1,0,0,0,0,0,0,0,0,0,0,0,0,0,0,0,0,0,1,0,1,0,0,0,0,100000000,115000000.0,15,15000000.0,13.043478260869565,2.5,100000000.0,122500000.0,22.5,3622.75,0,0
30,1,0,0,0,0,0,0,0,0,0,0,0,0,0,0,0,0,0,0,0,0,0,1,0,0,350000000,420000000.0,60,70000000.0,16.666666666666664,4.0,221428571.42857143,272285714.28571427,42.85714285714285,3618.285714285714,1,1
31,0,1,0,0,0,0,0,0,0,0,0,0,0,0,1,0,0,0,0,0,1,0,0,0,0,100000000,130000000.0,30,30000000.0,23.07692307692308,1.5,100000000.0,122500000.0,22.5,3623.5,0,0
36,1,0,0,0,0,0,0,1,0,0,0,0,0,0,0,0,0,0,0,0,1,0,0,0,0,200000000,245000000.0,30,45000000.0,18.367346938775512,2.5,175000000.0,206000000.0,26.25,4393.25,0,0
31,0,1,0,0,0,0,0,1,0,0,0,0,0,0,0,0,0,0,0,0,1,0,0,0,0,100000000,107500000.0,15,7500000.0,6.976744186046512,3.5,116666666.66666669,131666666.66666669,15.0,3626.5,0,0
43,0,1,0,0,0,0,0,1,0,0,0,0,0,0,0,0,0,0,0,0,1,0,0,0,0,20000,24500.0,30,4500.0,18.367346938775512,2.5,125000000.0,158750000.0,30.0,3608.5,0,0
31,0,1,0,0,0,0,1,0,0,0,0,0,0,0,0,0,0,0,0,0,1,0,0,0,0,100000000,115000000.0,15,15000000.0,13.043478260869565,1.5,100000000.0,122500000.0,22.5,3637.0,0,0
34,0,1,0,0,0,1,0,0,0,0,0,0,0,0,0,0,0,0,0,0,1,0,0,0,0,100000000,130000000.0,30,30000000.0,23.07692307692308,1.0,100000000.0,130000000.0,30.0,3668.0,0,0
42,1,0,1,0,0,0,0,0,0,0,0,0,0,0,0,0,0,0,0,0,0,0,1,0,0,40000,48000.0,60,8000.0,16.666666666666664,4.0,228571428.57142857,277142857.14285713,40.71428571428572,3612.857142857143,1,1
43,0,1,0,0,0,0,0,1,0,0,0,0,0,0,0,0,0,0,0,0,1,0,0,0,0,100000000,115000000.0,15,15000000.0,13.043478260869565,1.0,100000000.0,115000000.0,15.0,3673.0,0,0
39,0,1,1,0,0,0,0,0,0,0,0,0,0,0,0,0,0,0,0,0,1,0,0,0,0,100000000,115000000.0,15,15000000.0,13.043478260869565,1.0,100000000.0,115000000.0,15.0,3668.0,0,0
36,0,1,0,0,0,0,0,0,0,0,0,0,0,0,0,0,0,0,0,0,1,0,0,0,0,200000000,222500000.0,15,22500000.0,10.112359550561797,3.5,116666666.66666669,136041666.66666666,17.5,3617.1666666666665,0,0
58,0,1,0,0,0,0,0,1,0,0,0,0,0,0,0,0,0,0,0,0,1,0,0,0,0,10000,13000.0,30,3000.0,23.07692307692308,1.0,100000000.0,115000000.0,15.0,3673.0,0,0
37,1,0,0,0,0,0,0,1,0,0,0,0,0,0,0,0,0,0,0,0,1,0,0,0,0,25000,27500.0,30,2500.0,9.090909090909092,5.5,178000000.0,210900000.0,31.5,3613.0,0,0
33,0,1,0,0,0,0,1,0,0,0,0,0,0,0,0,0,0,0,0,0,1,0,0,0,0,100000000,115000000.0,15,15000000.0,13.043478260869565,1.0,100000000.0,115000000.0,15.0,3607.0,0,0
40,0,1,0,0,0,0,0,1,0,0,0,0,0,0,0,0,0,0,0,0,1,0,0,0,0,200000000,245000000.0,30,45000000.0,18.367346938775512,2.5,112500000.0,135937500.0,22.5,3608.25,0,0
36,0,1,0,0,0,0,0,0,0,0,1,0,0,0,0,0,0,0,0,0,1,0,0,0,0,15000,18375.0,30,3375.0,18.367346938775512,2.0,100000000.0,130000000.0,30.0,3612.0,0,0
39,0,1,0,0,0,0,0,1,0,0,0,0,0,0,0,0,0,0,0,0,1,0,0,0,0,100000000,115000000.0,15,15000000.0,13.043478260869565,2.0,100000000.0,120000000.0,20.0,3643.0,0,0
37,0,1,0,0,0,0,1,0,0,0,0,0,0,0,0,0,0,0,0,0,1,0,0,0,0,100000000,107500000.0,15,7500000.0,6.976744186046512,4.5,181250000.0,213312500.0,26.25,3608.75,0,0
30,0,1,0,0,0,0,0,1,0,0,0,0,0,0,0,0,0,0,0,0,1,0,0,0,0,10000,13000.0,30,3000.0,23.07692307692308,1.0,100000000.0,130000000.0,30.0,3669.0,0,0
35,0,1,1,0,0,0,0,0,0,0,0,0,0,0,0,0,0,0,0,0,1,0,0,0,0,300000000,345000000.0,30,45000000.0,13.043478260869565,3.5,150000000.0,168750000.0,15.0,3606.5,0,0
32,0,1,0,0,0,0,0,1,0,0,0,0,0,0,0,0,0,0,0,0,1,0,0,0,0,100000000,130000000.0,30,30000000.0,23.07692307692308,1.0,100000000.0,130000000.0,30.0,3668.0,0,0
30,0,1,0,0,0,0,0,1,0,0,0,0,0,0,0,0,0,0,0,1,0,0,0,0,0,100000000,130000000.0,30,30000000.0,23.07692307692308,1.5,100000000.0,130000000.0,30.0,3611.5,0,0
29,1,0,0,0,0,0,0,1,0,0,0,0,0,0,0,0,0,0,0,0,1,0,0,0,0,400000000,480000000.0,60,80000000.0,16.666666666666664,6.0,254545454.54545453,307727272.72727275,43.63636363636363,3615.727272727273,1,1
32,0,1,0,0,0,0,0,1,0,0,0,0,0,0,0,0,0,0,0,0,1,0,0,0,0,100000000,130000000.0,30,30000000.0,23.07692307692308,1.0,100000000.0,130000000.0,30.0,3611.0,0,0
46,1,0,0,0,0,0,0,1,0,0,0,0,0,0,0,0,0,0,0,0,1,0,0,0,0,200000000,220000000.0,30,20000000.0,9.090909090909092,6.5,179166666.66666666,210552083.3333333,28.75,4052.9166666666665,0,0
34,0,1,0,0,0,0,0,1,0,0,0,0,0,0,0,0,0,0,0,0,1,0,0,0,0,100000000,130000000.0,30,30000000.0,23.07692307692308,1.0,100000000.0,115000000.0,15.0,3669.0,0,0
37,1,0,0,1,0,0,0,0,0,0,0,0,0,0,0,0,0,0,0,0,0,0,1,0,0,200000000,245000000.0,30,45000000.0,18.367346938775512,5.5,150000000.0,175550000.0,22.5,3610.3,0,0
40,0,1,0,0,0,0,0,0,0,0,0,0,0,0,0,0,0,0,0,0,1,0,0,0,0,100000000,130000000.0,30,30000000.0,23.07692307692308,1.0,100000000.0,130000000.0,30.0,3615.0,0,0
41,0,1,0,0,0,0,0,0,0,0,0,0,0,0,0,0,0,0,0,0,1,0,0,0,0,100000000,130000000.0,30,30000000.0,23.07692307692308,1.0,100000000.0,130000000.0,30.0,3668.0,0,0
39,0,1,0,0,0,0,1,0,0,0,0,0,0,0,0,0,0,0,0,0,1,0,0,0,0,10000,11500.0,15,1500.0,13.043478260869565,1.0,100000000.0,130000000.0,30.0,3612.0,0,0
35,0,1,1,0,0,0,0,0,0,0,0,0,0,0,0,0,0,0,0,0,1,0,0,0,0,100000000,111250000.0,15,11250000.0,10.112359550561797,2.0,100000000.0,115000000.0,15.0,3606.6666666666665,0,0
36,0,1,0,0,0,0,0,0,0,0,0,1,0,0,0,0,0,0,0,0,1,0,0,0,0,10000,11500.0,15,1500.0,13.043478260869565,1.0,100000000.0,115000000.0,15.0,3616.0,0,0
35,1,0,0,0,0,0,0,1,0,0,0,0,0,0,0,0,0,0,0,0,1,0,0,0,0,200000000,230000000.0,30,30000000.0,13.043478260869565,6.5,208333333.3333333,248281250.0,33.75,3614.6666666666665,0,0
34,0,1,0,0,0,0,0,0,0,0,0,0,0,0,0,0,0,0,0,0,1,0,0,0,0,100000000,130000000.0,30,30000000.0,23.07692307692308,1.5,100000000.0,130000000.0,30.0,3611.5,0,0
38,0,1,0,0,0,0,0,0,0,0,0,0,0,0,0,0,0,0,0,0,1,0,0,0,0,200000000,245000000.0,30,45000000.0,18.367346938775512,2.0,100000000.0,125000000.0,25.0,3606.6666666666665,0,0
39,0,1,0,0,0,0,0,1,0,0,0,0,0,0,0,0,0,0,0,0,1,0,0,0,0,200000000,245000000.0,30,45000000.0,18.367346938775512,2.5,125000000.0,147500000.0,18.75,3609.0,0,0
38,0,1,0,0,0,0,0,1,0,0,0,0,0,0,0,0,0,0,0,0,1,0,0,0,0,300000000,345000000.0,30,45000000.0,13.043478260869565,4.0,185714285.7142857,214999857.14285716,23.571428571428573,3616.857142857143,0,0
37,1,0,0,0,0,0,0,1,0,0,0,0,0,0,0,0,0,0,0,0,1,0,0,0,0,50000,52500.0,30,2500.0,4.761904761904762,8.0,306666666.6666667,346216666.6666667,29.0,3613.4,0,0
36,0,1,0,0,0,0,0,1,0,0,0,0,0,0,0,0,0,0,0,0,1,0,0,0,0,100000000,115000000.0,15,15000000.0,13.043478260869565,1.5,100000000.0,115000000.0,15.0,3636.5,0,0
32,0,1,0,0,0,0,0,1,0,0,0,0,0,0,0,0,0,0,0,0,1,0,0,0,0,100000000,130000000.0,30,30000000.0,23.07692307692308,1.0,100000000.0,130000000.0,30.0,3675.0,0,0
28,0,1,0,0,0,0,0,1,0,0,0,0,0,0,0,0,0,0,0,0,1,0,0,0,0,100000000,130000000.0,30,30000000.0,23.07692307692308,1.0,100000000.0,115000000.0,15.0,3668.0,0,0
41,0,1,0,0,0,0,0,1,0,0,0,0,0,0,0,0,0,0,0,1,0,0,0,0,0,100000000,130000000.0,30,30000000.0,23.07692307692308,1.0,100000000.0,130000000.0,30.0,3608.0,0,0
44,1,0,0,0,0,0,0,1,0,0,0,0,0,0,0,0,0,0,0,0,1,0,0,0,0,600000000,627000000.0,30,27000000.0,4.30622009569378,11.0,221428571.42857143,241107142.85714287,21.428571428571427,6242.095238095239,0,1
33,0,1,0,0,0,0,0,1,0,0,0,0,0,0,0,0,0,0,0,0,1,0,0,0,0,100000000,130000000.0,30,30000000.0,23.07692307692308,1.5,100000000.0,130000000.0,30.0,3637.5,0,0
31,0,1,0,0,0,0,1,0,0,0,0,0,0,0,0,0,0,0,0,0,1,0,0,0,0,100000000,122500000.0,30,22500000.0,18.367346938775512,2.5,125000000.0,155625000.0,30.0,3607.75,0,0
29,0,1,0,0,0,0,0,1,0,0,0,0,0,0,0,0,0,0,0,0,1,0,0,0,0,10000,13000.0,30,3000.0,23.07692307692308,1.0,100000000.0,130000000.0,30.0,3668.0,0,0
33,0,1,1,0,0,0,0,0,0,0,0,0,0,0,0,0,0,0,0,0,1,0,0,0,0,10000,12250.0,30,2250.0,18.367346938775512,3.5,100000000.0,127333333.33333331,27.5,3607.6666666666665,0,0
43,0,1,0,0,0,0,0,1,0,0,0,0,0,0,0,0,0,0,0,1,0,0,0,0,0,100000000,130000000.0,30,30000000.0,23.07692307692308,1.5,100000000.0,122500000.0,22.5,3607.5,0,0
36,1,0,0,0,0,0,0,1,0,0,0,0,0,0,0,0,0,0,0,0,1,0,0,0,0,300000000,345000000.0,30,45000000.0,13.043478260869565,3.5,183333333.3333333,221500000.0,30.0,3610.0,0,0
29,0,1,0,0,0,0,0,1,0,0,0,0,0,0,0,0,0,0,0,0,1,0,0,0,0,100000000,130000000.0,30,30000000.0,23.07692307692308,1.5,100000000.0,115000000.0,15.0,3637.0,0,0
43,0,1,1,0,0,0,0,0,0,0,0,0,0,0,0,0,0,0,0,0,1,0,0,0,0,100000000,115000000.0,15,15000000.0,13.043478260869565,1.5,100000000.0,122500000.0,22.5,3637.5,0,0
39,0,1,0,0,0,0,0,1,0,0,0,0,0,0,0,0,0,0,0,0,1,0,0,0,0,10000,11500.0,15,1500.0,13.043478260869565,1.0,100000000.0,130000000.0,30.0,3608.0,0,0
37,0,1,0,0,0,0,0,0,0,0,0,0,0,0,1,0,0,0,0,0,1,0,0,0,0,10000,13000.0,30,3000.0,23.07692307692308,1.0,100000000.0,130000000.0,30.0,3668.0,0,0
37,0,1,0,0,0,0,0,0,0,0,0,0,0,0,0,0,0,0,1,0,1,0,0,0,0,100000000,130000000.0,30,30000000.0,23.07692307692308,1.0,100000000.0,130000000.0,30.0,3668.0,0,0
40,0,1,0,0,0,0,1,0,0,0,0,0,0,0,0,0,0,0,0,1,0,0,0,0,0,10000,12500.0,30,2500.0,20.0,1.0,100000000.0,115000000.0,15.0,3669.0,0,0
43,0,1,0,0,0,1,0,0,0,0,0,0,0,0,0,0,0,0,0,0,1,0,0,0,0,200000000,245000000.0,30,45000000.0,18.367346938775512,1.5,100000000.0,130000000.0,30.0,3637.5,0,0
35,0,1,0,0,0,0,0,1,0,0,0,0,0,0,0,0,0,0,0,0,1,0,0,0,0,100000000,130000000.0,30,30000000.0,23.07692307692308,1.5,100000000.0,122500000.0,22.5,3606.5,0,0
31,0,1,1,0,0,0,0,0,0,0,0,0,0,0,0,0,0,0,0,0,1,0,0,0,0,10000,13000.0,30,3000.0,23.07692307692308,1.0,100000000.0,130000000.0,30.0,3668.0,0,0
34,1,0,0,0,0,0,0,0,0,0,0,0,0,0,1,0,0,0,0,0,1,0,0,0,0,200000000,220000000.0,30,20000000.0,9.090909090909092,4.5,181250000.0,211734375.0,28.125,3618.0,0,0
50,0,1,0,0,0,0,1,0,0,0,0,0,0,0,0,0,0,0,0,0,1,0,0,0,0,20000,24500.0,30,4500.0,18.367346938775512,3.0,140000000.0,167000000.0,21.0,3608.0,0,0
30,0,1,0,0,0,0,0,1,0,0,0,0,0,0,0,0,0,0,0,0,1,0,0,0,0,100000000,130000000.0,30,30000000.0,23.07692307692308,1.5,100000000.0,122500000.0,22.5,3615.5,0,0
29,1,0,0,0,0,0,1,0,0,0,0,0,0,0,0,0,0,0,0,0,0,0,1,0,0,300000000,390000000.0,60,90000000.0,23.07692307692308,3.5,141666666.66666666,174458333.33333334,30.0,3619.8333333333335,1,1
27,1,0,1,0,0,0,0,0,0,0,0,0,0,0,0,0,0,0,0,0,1,0,0,0,0,300000000,345000000.0,30,45000000.0,13.043478260869565,4.0,171428571.42857143,203142857.14285716,25.714285714285715,3607.0,0,0
28,1,0,0,0,0,0,0,0,0,0,0,0,0,0,0,0,0,0,0,0,0,0,0,1,0,200000000,245000000.0,30,45000000.0,18.367346938775512,2.5,100000000.0,126250000.0,26.25,3611.5,0,0
37,0,1,1,0,0,0,0,0,0,0,0,0,0,0,0,0,0,0,0,0,1,0,0,0,0,300000000,345000000.0,30,45000000.0,13.043478260869565,4.5,150000000.0,172312500.0,18.75,3611.0,0,0
36,0,1,0,0,0,0,1,0,0,0,0,0,0,0,0,0,0,0,0,0,1,0,0,0,0,200000000,245000000.0,30,45000000.0,18.367346938775512,2.0,100000000.0,125000000.0,25.0,3607.0,0,0
32,0,1,0,0,0,0,0,1,0,0,0,0,0,0,0,0,0,0,0,0,1,0,0,0,0,100000000,130000000.0,30,30000000.0,23.07692307692308,1.0,100000000.0,130000000.0,30.0,3616.0,0,0
37,0,1,0,0,0,0,0,0,0,0,0,0,0,0,0,0,0,0,0,0,1,0,0,0,0,100000000,130000000.0,30,30000000.0,23.07692307692308,1.5,100000000.0,122500000.0,22.5,3639.0,0,0
34,0,1,0,0,0,0,1,0,0,0,0,0,0,0,0,0,0,0,0,1,0,0,0,0,0,100000000,130000000.0,30,30000000.0,23.07692307692308,1.0,100000000.0,130000000.0,30.0,3609.0,0,0
50,0,1,0,0,0,0,0,1,0,0,0,0,0,0,0,0,0,0,0,0,1,0,0,0,0,20000,24500.0,30,4500.0,18.367346938775512,3.0,140000000.0,176000000.0,30.0,3631.6,0,0
26,0,1,0,0,0,0,0,0,0,0,0,0,0,0,0,0,0,0,0,0,1,0,0,0,0,100000000,115000000.0,15,15000000.0,13.043478260869565,1.0,100000000.0,115000000.0,15.0,3653.0,0,0
41,0,1,0,0,0,0,0,0,0,0,1,0,0,0,0,0,0,0,0,1,0,0,0,0,0,300000000,345000000.0,30,45000000.0,13.043478260869565,5.0,200000000.0,226222222.2222222,20.0,3608.222222222222,0,0
31,0,1,1,0,0,0,0,0,0,0,0,0,0,0,0,0,0,0,0,0,1,0,0,0,0,300000000,345000000.0,30,45000000.0,13.043478260869565,3.0,120000000.0,150500000.0,30.0,3619.8,0,0
39,0,1,0,0,0,0,1,0,0,0,0,0,0,0,0,0,0,0,0,0,1,0,0,0,0,150000000,183750000.0,30,33750000.0,18.367346938775512,3.0,100000000.0,118750000.0,21.0,3622.2,0,0
32,0,1,0,0,0,0,1,0,0,0,0,0,0,0,0,0,0,0,0,0,1,0,0,0,0,20000,24500.0,30,4500.0,18.367346938775512,2.0,100000000.0,130000000.0,30.0,3607.6666666666665,0,0
43,0,1,0,0,0,0,0,0,0,0,0,0,0,0,0,0,0,0,0,0,1,0,0,0,0,100000000,130000000.0,30,30000000.0,23.07692307692308,1.0,100000000.0,130000000.0,30.0,3667.0,0,0
29,0,1,0,0,0,0,1,0,0,0,0,0,0,0,0,0,0,0,0,0,1,0,0,0,0,200000000,245000000.0,30,45000000.0,18.367346938775512,1.5,100000000.0,122500000.0,22.5,3637.5,0,0
45,0,1,0,0,0,0,1,0,0,0,0,0,0,0,0,0,0,0,0,0,1,0,0,0,0,200000000,222500000.0,15,22500000.0,10.112359550561797,2.0,100000000.0,115000000.0,15.0,3610.6666666666665,0,0
37,1,0,0,0,0,0,0,1,0,0,0,0,0,0,0,0,0,0,0,0,1,0,0,0,0,300000000,345000000.0,30,45000000.0,13.043478260869565,4.5,218750000.0,257343750.0,30.0,3609.625,0,0
38,1,0,0,0,0,0,0,1,0,0,0,0,0,0,0,0,0,0,0,0,1,0,0,0,0,40000,48000.0,60,8000.0,16.666666666666664,6.5,216666666.66666663,261666666.66666663,35.0,3609.25,1,1
42,0,1,0,0,1,0,0,0,0,0,0,0,0,0,0,0,0,0,0,1,0,0,0,0,0,100000000,130000000.0,30,30000000.0,23.07692307692308,1.5,100000000.0,130000000.0,30.0,3612.5,0,0
39,1,0,0,0,0,0,1,0,0,0,0,0,0,0,0,0,0,0,0,0,1,0,0,0,0,400000000,480000000.0,60,80000000.0,16.666666666666664,3.333333333333333,250000000.0,299166666.6666667,40.0,3628.0,1,1
40,0,1,0,0,0,0,0,1,0,0,0,0,0,0,0,0,0,0,0,1,0,0,0,0,0,200000000,245000000.0,30,45000000.0,18.367346938775512,3.0,140000000.0,167000000.0,21.0,4272.6,0,0
29,0,1,0,0,0,0,1,0,0,0,0,0,0,0,0,0,0,0,0,0,1,0,0,0,0,100000000,130000000.0,30,30000000.0,23.07692307692308,2.0,100000000.0,130000000.0,30.0,3608.6666666666665,0,0
35,1,0,0,0,0,1,0,0,0,0,0,0,0,0,0,0,0,0,0,0,1,0,0,0,0,40000,44000.0,30,4000.0,9.090909090909092,6.5,275000000.0,322583333.3333333,35.0,3614.75,0,0
49,0,0,0,0,0,0,1,0,0,0,0,0,0,0,0,0,0,0,0,0,1,0,0,0,0,30000,34500.0,30,4500.0,13.043478260869565,6.0,168181818.1818182,201250000.0,27.272727272727277,3619.909090909091,0,0
39,0,1,0,0,0,0,1,0,0,0,0,0,0,0,0,0,0,0,0,0,1,0,0,0,0,10000,13000.0,30,3000.0,23.07692307692308,1.0,100000000.0,130000000.0,30.0,3607.0,0,0
31,0,1,0,0,0,0,1,0,0,0,0,0,0,0,0,0,0,0,0,1,0,0,0,0,0,100000000,115000000.0,15,15000000.0,13.043478260869565,1.5,100000000.0,115000000.0,15.0,3613.0,0,0
33,0,1,0,0,0,1,0,0,0,0,0,0,0,0,0,0,0,0,0,0,1,0,0,0,0,20000,24500.0,30,4500.0,18.367346938775512,2.0,133333333.33333331,166666666.66666666,30.0,3608.6666666666665,0,0
31,0,1,0,0,0,0,0,1,0,0,0,0,0,0,0,0,0,0,0,0,1,0,0,0,0,10000,11500.0,30,1500.0,13.043478260869565,6.5,191666666.66666663,232458333.3333333,35.0,3902.9166666666665,0,0
45,0,1,0,0,0,0,1,0,0,0,0,0,0,0,0,0,0,0,0,0,1,0,0,0,0,200000000,245000000.0,30,45000000.0,18.367346938775512,2.0,100000000.0,120000000.0,20.0,3627.3333333333335,0,0
44,0,1,0,0,0,0,0,0,0,0,0,0,0,0,1,0,0,0,0,0,1,0,0,0,0,100000000,130000000.0,30,30000000.0,23.07692307692308,1.0,100000000.0,130000000.0,30.0,3669.0,0,0
31,0,1,0,0,0,0,0,0,0,0,0,0,0,0,0,0,0,0,0,0,1,0,0,0,0,100000000,130000000.0,30,30000000.0,23.07692307692308,1.0,100000000.0,115000000.0,15.0,3607.0,0,0
45,0,1,0,0,0,0,0,0,0,0,0,0,0,0,0,0,0,0,0,1,0,0,0,0,0,150000000,183750000.0,30,33750000.0,18.367346938775512,2.0,100000000.0,125000000.0,25.0,3626.6666666666665,0,0
31,0,1,0,1,0,0,0,0,0,0,0,0,0,0,0,0,0,0,0,0,1,0,0,0,0,100000000,130000000.0,30,30000000.0,23.07692307692308,1.0,100000000.0,115000000.0,15.0,3613.0,0,0
38,0,1,0,0,0,0,0,0,0,0,0,0,0,0,0,0,0,0,0,1,0,0,0,0,0,100000000,115000000.0,15,15000000.0,13.043478260869565,1.5,100000000.0,115000000.0,15.0,3637.0,0,0
31,0,1,1,0,0,0,0,0,0,0,0,0,0,0,0,0,0,0,0,0,1,0,0,0,0,100000000,130000000.0,30,30000000.0,23.07692307692308,1.0,100000000.0,130000000.0,30.0,3607.0,0,0
28,0,1,0,0,0,0,1,0,0,0,0,0,0,0,0,0,0,0,0,0,1,0,0,0,0,100000000,130000000.0,30,30000000.0,23.07692307692308,1.5,100000000.0,130000000.0,30.0,3607.0,0,0
44,0,1,0,0,0,0,0,1,0,0,0,0,0,0,0,0,0,0,0,1,0,0,0,0,0,100000000,130000000.0,30,30000000.0,23.07692307692308,1.0,100000000.0,115000000.0,15.0,3669.0,0,0
31,0,1,0,0,0,0,0,0,0,0,0,0,0,0,1,0,0,0,0,0,1,0,0,0,0,100000000,130000000.0,30,30000000.0,23.07692307692308,2.0,100000000.0,130000000.0,30.0,3614.0,0,0
37,1,0,0,0,0,0,0,1,0,0,0,0,0,0,0,0,0,0,0,0,0,0,1,0,0,300000000,345000000.0,30,45000000.0,13.043478260869565,3.0,150000000.0,174750000.0,24.0,3611.4,0,0
43,0,1,0,0,0,0,1,0,0,0,0,0,0,0,0,0,0,0,0,0,1,0,0,0,0,200000000,245000000.0,30,45000000.0,18.367346938775512,2.0,100000000.0,115000000.0,15.0,3627.0,0,0
47,0,1,0,0,0,0,0,0,0,0,0,0,0,0,0,0,0,0,0,0,1,0,0,0,0,200000000,245000000.0,30,45000000.0,18.367346938775512,2.0,100000000.0,130000000.0,30.0,4640.0,0,0
35,1,0,0,0,0,0,0,0,0,0,0,0,0,0,0,0,0,0,1,0,1,0,0,0,0,300000000,390000000.0,60,90000000.0,23.07692307692308,4.0,157142857.14285713,195857142.85714287,32.142857142857146,3608.428571428572,1,1
38,1,0,0,0,0,0,1,0,0,0,0,0,0,0,0,0,0,0,0,0,1,0,0,0,0,400000000,440000000.0,30,40000000.0,9.090909090909092,8.0,244666666.66666663,279716666.6666667,27.0,3843.933333333333,0,0
46,0,1,0,0,0,0,0,1,0,0,0,0,0,0,0,0,0,0,0,0,1,0,0,0,0,100000000,130000000.0,30,30000000.0,23.07692307692308,1.0,100000000.0,130000000.0,30.0,3614.0,0,0
40,0,1,0,0,0,0,1,0,0,0,0,0,0,0,0,0,0,0,0,0,0,0,1,0,0,100000000,115000000.0,15,15000000.0,13.043478260869565,1.0,100000000.0,130000000.0,30.0,3669.0,0,0
38,0,1,0,0,0,0,0,0,0,0,0,0,0,0,0,0,0,0,0,0,1,0,0,0,0,30000,34500.0,30,4500.0,13.043478260869565,4.0,142857142.85714287,172000000.0,25.714285714285715,3609.571428571429,0,0
42,0,1,0,0,0,0,1,0,0,0,0,0,0,0,0,0,0,0,0,0,1,0,0,0,0,100000000,130000000.0,30,30000000.0,23.07692307692308,1.5,100000000.0,122500000.0,22.5,3637.5,0,0
36,0,1,0,0,0,0,0,1,0,0,0,0,0,0,0,0,0,0,0,0,1,0,0,0,0,10000,11500.0,15,1500.0,13.043478260869565,1.0,100000000.0,130000000.0,30.0,3669.0,0,0
36,0,1,0,0,0,0,0,1,0,0,0,0,0,0,0,0,0,0,0,1,0,0,0,0,0,200000000,217500000.0,15,17500000.0,8.045977011494253,1.5,100000000.0,115000000.0,15.0,3610.5,0,0
38,0,1,0,0,0,0,1,0,0,0,0,0,0,0,0,0,0,0,0,0,1,0,0,0,0,100000000,130000000.0,30,30000000.0,23.07692307692308,1.0,100000000.0,130000000.0,30.0,3610.0,0,0
36,0,1,0,0,0,0,0,1,0,0,0,0,0,0,0,0,0,0,0,0,1,0,0,0,0,100000000,130000000.0,30,30000000.0,23.07692307692308,1.5,100000000.0,130000000.0,30.0,3637.0,0,0
37,0,1,0,1,0,0,0,0,0,0,0,0,0,0,0,0,0,0,0,0,1,0,0,0,0,100000000,115000000.0,15,15000000.0,13.043478260869565,1.0,100000000.0,115000000.0,15.0,3669.0,0,0
39,0,1,0,0,0,0,0,1,0,0,0,0,0,0,0,0,0,0,0,0,1,0,0,0,0,200000000,245000000.0,30,45000000.0,18.367346938775512,2.5,125000000.0,155000000.0,26.25,3609.5,0,0
32,0,1,0,1,0,0,0,0,0,0,0,0,0,0,0,0,0,0,0,1,0,0,0,0,0,100000000,130000000.0,30,30000000.0,23.07692307692308,1.5,100000000.0,130000000.0,30.0,3636.5,0,0
43,0,1,0,0,0,0,0,1,0,0,0,0,0,0,0,0,0,0,0,0,1,0,0,0,0,20000,24500.0,30,4500.0,18.367346938775512,2.5,125000000.0,153750000.0,26.25,3607.5,0,0
42,0,1,0,0,0,0,1,0,0,0,0,0,0,0,0,0,0,0,0,0,1,0,0,0,0,10000,13000.0,30,3000.0,23.07692307692308,1.0,100000000.0,130000000.0,30.0,3613.0,0,0
31,0,1,0,0,0,0,1,0,0,0,0,0,0,0,0,0,0,0,0,0,1,0,0,0,0,10000,13000.0,30,3000.0,23.07692307692308,1.5,100000000.0,130000000.0,30.0,3608.5,0,0
39,0,1,0,0,0,0,0,1,0,0,0,0,0,0,0,0,0,0,0,0,1,0,0,0,0,100000000,115000000.0,15,15000000.0,13.043478260869565,1.5,100000000.0,115000000.0,15.0,3611.5,0,0
49,0,0,1,0,0,0,0,0,0,0,0,0,0,0,0,0,0,0,0,0,1,0,0,0,0,100000000,115000000.0,15,15000000.0,13.043478260869565,1.0,100000000.0,115000000.0,15.0,3668.0,0,0
33,1,0,1,0,0,0,0,0,0,0,0,0,0,0,0,0,0,0,0,0,0,0,0,1,0,400000000,480000000.0,60,80000000.0,16.666666666666664,4.5,225000000.0,268500000.0,35.625,3617.0,1,1
29,0,1,0,0,0,0,1,0,0,0,0,0,0,0,0,0,0,0,0,0,1,0,0,0,0,10000,11500.0,15,1500.0,13.043478260869565,1.0,100000000.0,115000000.0,15.0,3669.0,0,0
33,0,1,1,0,0,0,0,0,0,0,0,0,0,0,0,0,0,0,0,1,0,0,0,0,0,100000000,130000000.0,30,30000000.0,23.07692307692308,1.5,100000000.0,122500000.0,22.5,3637.5,0,0
34,0,1,0,0,0,0,0,0,0,0,0,0,0,0,0,0,0,0,0,0,1,0,0,0,0,100000000,130000000.0,30,30000000.0,23.07692307692308,1.0,100000000.0,130000000.0,30.0,3614.0,0,0
39,0,1,0,0,0,0,0,1,0,0,0,0,0,0,0,0,0,0,0,1,0,0,0,0,0,10000,11500.0,15,1500.0,13.043478260869565,1.0,100000000.0,115000000.0,15.0,3669.0,0,0
36,0,1,0,0,0,0,0,1,0,0,0,0,0,0,0,0,0,0,0,0,1,0,0,0,0,200000000,245000000.0,30,45000000.0,18.367346938775512,2.0,100000000.0,120000000.0,20.0,3609.0,0,0
43,0,1,0,0,0,0,0,0,0,0,0,0,0,0,1,0,0,0,0,1,0,0,0,0,0,20000,22250.0,15,2250.0,10.112359550561797,3.0,140000000.0,165600000.0,21.0,3607.6,0,0
29,0,1,0,0,0,0,0,0,0,0,0,0,0,0,0,0,0,0,0,1,0,0,0,0,0,100000000,130000000.0,30,30000000.0,23.07692307692308,1.0,100000000.0,115000000.0,15.0,3607.0,0,0
37,0,0,0,0,0,0,0,0,0,0,0,0,0,0,0,0,0,0,1,0,1,0,0,0,0,200000000,245000000.0,30,45000000.0,18.367346938775512,2.0,100000000.0,130000000.0,30.0,3611.0,0,0
27,0,1,0,0,0,0,0,1,0,0,0,0,0,0,0,0,0,0,0,0,0,0,0,1,0,200000000,222500000.0,15,22500000.0,10.112359550561797,2.5,125000000.0,145625000.0,18.75,3639.0,0,0
33,0,1,0,0,0,0,0,0,0,0,0,0,0,0,0,0,0,0,0,0,1,0,0,0,0,25000,28750.0,30,3750.0,13.043478260869565,4.5,150000000.0,185250000.0,33.75,3609.75,0,0
37,0,1,0,0,0,0,0,1,0,0,0,0,0,0,0,0,0,0,0,1,0,0,0,0,0,100000000,130000000.0,30,30000000.0,23.07692307692308,1.5,100000000.0,122500000.0,22.5,3606.5,0,0
30,1,0,0,0,0,0,0,1,0,0,0,0,0,0,0,0,0,0,0,0,1,0,0,0,0,200000000,245000000.0,30,45000000.0,18.367346938775512,5.0,122222222.22222222,151444444.44444445,26.666666666666668,3610.8888888888887,0,0
35,0,1,1,0,0,0,0,0,0,0,0,0,0,0,0,0,0,0,0,0,1,0,0,0,0,40000,44000.0,30,4000.0,9.090909090909092,5.5,225000000.0,259000000.0,27.0,3620.7,0,0
36,0,1,0,0,0,1,0,0,0,0,0,0,0,0,0,0,0,0,0,0,1,0,0,0,0,100000000,130000000.0,30,30000000.0,23.07692307692308,1.0,100000000.0,130000000.0,30.0,3669.0,0,0
33,0,1,0,0,0,0,0,1,0,0,0,0,0,0,0,0,0,0,0,0,1,0,0,0,0,100000000,115000000.0,15,15000000.0,13.043478260869565,2.0,100000000.0,120000000.0,20.0,3611.3333333333335,0,0
34,0,1,0,0,0,0,0,0,0,0,1,0,0,0,0,0,0,0,0,1,0,0,0,0,0,100000000,115000000.0,15,15000000.0,13.043478260869565,1.0,100000000.0,115000000.0,15.0,3609.0,0,0
28,0,1,0,0,0,0,0,0,0,0,0,0,0,0,0,0,0,0,0,0,1,0,0,0,0,100000000,115000000.0,15,15000000.0,13.043478260869565,1.0,100000000.0,115000000.0,15.0,3669.0,0,0
39,0,1,0,0,0,0,0,0,0,0,0,0,0,0,1,0,0,0,0,1,0,0,0,0,0,300000000,345000000.0,30,45000000.0,13.043478260869565,2.0,133333333.33333331,158333333.33333334,20.0,3627.0,0,0
34,0,1,0,0,0,0,0,1,0,0,0,0,0,0,0,0,0,0,0,0,1,0,0,0,0,100000000,130000000.0,30,30000000.0,23.07692307692308,1.5,100000000.0,115000000.0,15.0,3638.0,0,0
44,1,0,0,0,0,0,0,0,0,0,0,0,0,0,0,0,0,0,1,0,0,0,1,0,0,100000000,115000000.0,15,15000000.0,13.043478260869565,1.0,100000000.0,115000000.0,15.0,3671.0,0,0
33,0,1,0,0,0,0,0,0,0,0,0,0,0,0,1,0,0,0,0,0,1,0,0,0,0,100000000,130000000.0,30,30000000.0,23.07692307692308,1.0,100000000.0,130000000.0,30.0,3668.0,0,0
34,0,1,0,0,0,0,0,0,0,0,0,0,0,0,0,0,0,0,0,1,0,0,0,0,0,30000,34500.0,30,4500.0,13.043478260869565,5.0,188888888.8888889,222222222.2222222,26.666666666666668,3616.777777777778,0,0
32,0,1,0,0,0,1,0,0,0,0,0,0,0,0,0,0,0,0,0,0,1,0,0,0,0,10000,13000.0,30,3000.0,23.07692307692308,1.5,100000000.0,130000000.0,30.0,3611.0,0,0
47,0,1,0,0,0,0,0,0,0,0,0,0,0,0,1,0,0,0,0,1,0,0,0,0,0,20000,24500.0,30,4500.0,18.367346938775512,2.0,100000000.0,115000000.0,15.0,3609.0,0,0
41,0,1,0,0,0,0,1,0,0,0,0,0,0,0,0,0,0,0,0,0,1,0,0,0,0,200000000,245000000.0,30,45000000.0,18.367346938775512,3.0,140000000.0,174600000.0,30.0,3610.2,0,0
35,0,1,0,0,0,0,0,0,0,0,0,0,0,0,0,0,0,0,0,1,0,0,0,0,0,100000000,130000000.0,30,30000000.0,23.07692307692308,1.5,100000000.0,130000000.0,30.0,3611.5,0,0
33,0,1,0,0,0,0,0,0,0,0,0,0,0,0,1,0,0,0,0,0,1,0,0,0,0,200000000,245000000.0,30,45000000.0,18.367346938775512,4.5,125000000.0,154125000.0,26.25,3608.625,0,0
37,1,0,0,0,0,0,1,0,0,0,0,0,0,0,0,0,0,0,0,0,0,0,1,0,0,30000,34500.0,30,4500.0,13.043478260869565,4.0,200000000.0,236857000.0,27.857142857142858,3608.285714285714,0,0
31,0,1,0,0,0,0,0,1,0,0,0,0,0,0,0,0,0,0,0,0,1,0,0,0,0,100000000,130000000.0,30,30000000.0,23.07692307692308,1.5,100000000.0,130000000.0,30.0,4041.5,0,0
39,1,0,0,0,0,0,0,1,0,0,0,0,0,0,0,0,0,0,0,0,1,0,0,0,0,100000000,130000000.0,30,30000000.0,23.07692307692308,1.5,100000000.0,130000000.0,30.0,3639.5,0,0
36,0,1,0,0,0,0,1,0,0,0,0,0,0,0,0,0,0,0,0,0,1,0,0,0,0,100000000,130000000.0,30,30000000.0,23.07692307692308,1.5,100000000.0,130000000.0,30.0,7652.0,0,1
41,0,1,1,0,0,0,0,0,0,0,0,0,0,0,0,0,0,0,0,0,1,0,0,0,0,10000,13000.0,30,3000.0,23.07692307692308,1.0,100000000.0,115000000.0,15.0,3623.0,0,0
44,0,0,0,0,0,0,0,0,0,0,0,0,0,0,0,0,0,0,1,0,1,0,0,0,0,100000000,130000000.0,30,30000000.0,23.07692307692308,1.0,100000000.0,130000000.0,30.0,3669.0,0,0
40,0,1,0,0,0,0,0,0,0,0,0,0,0,0,0,0,0,0,0,0,1,0,0,0,0,100000000,130000000.0,30,30000000.0,23.07692307692308,1.0,100000000.0,115000000.0,15.0,3607.0,0,0
36,0,1,1,0,0,0,0,0,0,0,0,0,0,0,0,0,0,0,0,0,1,0,0,0,0,100000000,115000000.0,15,15000000.0,13.043478260869565,3.5,100000000.0,125000000.0,25.0,3618.0,0,0
39,0,1,0,0,0,0,0,1,0,0,0,0,0,0,0,0,0,0,0,1,0,0,0,0,0,100000000,130000000.0,30,30000000.0,23.07692307692308,1.0,100000000.0,130000000.0,30.0,3668.0,0,0
42,0,1,0,0,0,0,1,0,0,0,0,0,0,0,0,0,0,0,0,1,0,0,0,0,0,100000000,130000000.0,30,30000000.0,23.07692307692308,1.5,100000000.0,130000000.0,30.0,3637.5,0,0
32,0,1,0,0,0,0,0,1,0,0,0,0,0,0,0,0,0,0,0,0,1,0,0,0,0,300000000,345000000.0,30,45000000.0,13.043478260869565,5.0,133333333.33333331,165888888.8888889,28.33333333333333,3615.444444444444,0,0
35,0,1,0,0,0,0,0,0,0,0,0,0,0,0,0,0,0,0,0,0,1,0,0,0,0,10000,13000.0,30,3000.0,23.07692307692308,1.5,100000000.0,130000000.0,30.0,3637.0,0,0
37,1,0,1,0,0,0,0,0,0,0,0,0,0,0,0,0,0,0,0,0,1,0,0,0,0,100000000,130000000.0,30,30000000.0,23.07692307692308,1.0,100000000.0,130000000.0,30.0,3668.0,0,0
37,1,0,1,0,0,0,0,0,0,0,0,0,0,0,0,0,0,0,0,0,1,0,0,0,0,100000000,115000000.0,15,15000000.0,13.043478260869565,1.0,100000000.0,115000000.0,15.0,3670.0,0,0
43,0,1,0,0,0,0,0,1,0,0,0,0,0,0,0,0,0,0,0,0,1,0,0,0,0,200000000,245000000.0,30,45000000.0,18.367346938775512,4.0,128571428.57142857,152142857.14285713,19.285714285714285,3618.571428571429,0,0
32,1,0,0,0,0,1,0,0,0,0,0,0,0,0,0,0,0,0,0,0,0,0,0,1,0,40000,44000.0,30,4000.0,9.090909090909092,5.0,255555555.55555555,295000000.0,30.0,3628.8888888888887,0,0
37,0,1,0,1,0,0,0,0,0,0,0,0,0,0,0,0,0,0,0,0,1,0,0,0,0,100000000,115000000.0,15,15000000.0,13.043478260869565,1.5,100000000.0,115000000.0,15.0,3606.5,0,0
34,0,1,0,0,0,0,1,0,0,0,0,0,0,0,0,0,0,0,0,0,1,0,0,0,0,100000000,115000000.0,15,15000000.0,13.043478260869565,1.0,100000000.0,115000000.0,15.0,8308.0,0,1
57,0,1,0,0,0,0,0,0,0,0,0,0,0,0,1,0,0,0,0,0,1,0,0,0,0,200000000,245000000.0,30,45000000.0,18.367346938775512,4.0,121428571.42857143,144267857.14285713,21.428571428571427,3609.571428571429,0,0
33,0,1,0,0,0,0,0,0,0,0,0,0,0,0,1,0,0,0,0,0,1,0,0,0,0,100000000,115000000.0,15,15000000.0,13.043478260869565,1.0,100000000.0,130000000.0,30.0,3668.0,0,0
38,1,0,0,0,0,0,0,1,0,0,0,0,0,0,0,0,0,0,0,0,1,0,0,0,0,200000000,245000000.0,30,45000000.0,18.367346938775512,3.0,140000000.0,173000000.0,27.0,3620.6,0,0
35,0,1,0,0,0,0,0,1,0,0,0,0,0,0,0,0,0,0,0,0,1,0,0,0,0,100000000,115000000.0,15,15000000.0,13.043478260869565,2.5,100000000.0,117500000.0,18.75,3613.75,0,0
42,0,1,0,0,0,0,0,1,0,0,0,0,0,0,0,0,0,0,0,1,0,0,0,0,0,15000,16687.5,15,1687.5,10.112359550561797,2.0,100000000.0,115000000.0,15.0,3607.6666666666665,0,0
36,0,1,0,0,0,0,0,0,0,0,0,0,0,0,1,0,0,0,0,0,1,0,0,0,0,100000000,130000000.0,30,30000000.0,23.07692307692308,1.5,100000000.0,130000000.0,30.0,3611.0,0,0
30,0,1,0,0,0,0,0,0,0,0,0,0,0,0,1,0,0,0,0,0,1,0,0,0,0,300000000,390000000.0,60,90000000.0,23.07692307692308,6.0,163636363.63636363,191590909.0909091,23.181818181818183,3610.181818181818,1,1
46,0,1,0,0,0,0,0,1,0,0,0,0,0,0,0,0,0,0,0,0,1,0,0,0,0,100000000,115000000.0,15,15000000.0,13.043478260869565,1.0,100000000.0,115000000.0,15.0,3667.0,0,0
37,1,0,0,0,0,0,0,0,0,0,0,0,0,0,0,0,0,0,0,0,0,0,1,0,0,10000,13000.0,30,3000.0,23.07692307692308,1.0,100000000.0,130000000.0,30.0,3609.0,0,0
42,0,1,0,0,0,0,0,1,0,0,0,0,0,0,0,0,0,0,0,0,1,0,0,0,0,100000000,115000000.0,15,15000000.0,13.043478260869565,1.0,100000000.0,115000000.0,15.0,3667.0,0,0
45,1,0,0,0,0,0,0,0,0,0,0,0,0,0,0,0,0,0,0,0,1,0,0,0,0,200000000,245000000.0,30,45000000.0,18.367346938775512,2.5,100000000.0,117500000.0,18.75,3610.0,0,0
39,1,0,0,0,0,0,0,0,0,0,1,0,0,0,0,0,0,0,0,0,0,0,1,0,0,400000000,480000000.0,60,80000000.0,16.666666666666664,4.5,193750000.0,232500000.0,33.75,3617.25,1,1
47,0,1,0,0,0,0,0,0,0,0,0,0,0,0,1,0,0,0,0,0,1,0,0,0,0,300000000,390000000.0,60,90000000.0,23.07692307692308,3.5,183333333.3333333,222833333.3333333,30.0,3618.5,1,1
41,0,1,0,0,0,0,0,1,0,0,0,0,0,0,0,0,0,0,0,1,0,0,0,0,0,100000000,115000000.0,15,15000000.0,13.043478260869565,1.0,100000000.0,115000000.0,15.0,3613.0,0,0
29,0,1,0,0,1,0,0,0,0,0,0,0,0,0,0,0,0,0,0,0,1,0,0,0,0,100000000,130000000.0,30,30000000.0,23.07692307692308,3.0,100000000.0,127000000.0,27.0,3610.4,0,0
29,1,0,0,0,0,0,0,1,0,0,0,0,0,0,0,0,0,0,0,0,1,0,0,0,0,400000000,480000000.0,60,80000000.0,16.666666666666664,6.5,185833333.3333333,217406250.0,27.5,3617.0,1,1
39,0,1,0,0,0,0,0,1,0,0,0,0,0,0,0,0,0,0,0,1,0,0,0,0,0,250000000,287500000.0,30,37500000.0,13.043478260869565,3.5,133333333.33333331,150208333.33333334,15.0,3609.5,0,0
33,0,1,0,0,0,0,0,1,0,0,0,0,0,0,0,0,0,0,0,0,1,0,0,0,0,10000,13000.0,30,3000.0,23.07692307692308,2.5,100000000.0,121250000.0,22.5,3607.5,0,0
37,1,0,1,0,0,0,0,0,0,0,0,0,0,0,0,0,0,0,0,0,0,0,1,0,0,100000000,115000000.0,15,15000000.0,13.043478260869565,1.5,100000000.0,115000000.0,15.0,3637.5,0,0
28,1,0,0,0,0,0,0,0,0,0,0,0,0,0,0,0,0,0,0,0,0,0,0,1,0,100000000,130000000.0,30,30000000.0,23.07692307692308,3.5,100000000.0,130000000.0,30.0,3612.8333333333335,0,0
39,0,1,0,0,0,0,0,1,0,0,0,0,0,0,0,0,0,0,0,0,1,0,0,0,0,100000000,115000000.0,15,15000000.0,13.043478260869565,2.0,100000000.0,120000000.0,20.0,4174.666666666667,0,1
28,0,1,0,1,0,0,0,0,0,0,0,0,0,0,0,0,0,0,0,0,0,0,0,1,0,300000000,360000000.0,60,60000000.0,16.666666666666664,4.5,183750000.0,223375000.0,37.5,3612.5,1,1
33,0,1,0,0,0,0,0,0,0,0,1,0,0,0,0,0,0,0,0,0,1,0,0,0,0,100000000,130000000.0,30,30000000.0,23.07692307692308,1.0,100000000.0,130000000.0,30.0,3671.0,0,0
42,0,1,1,0,0,0,0,0,0,0,0,0,0,0,0,0,0,0,0,0,1,0,0,0,0,100000000,130000000.0,30,30000000.0,23.07692307692308,1.0,100000000.0,130000000.0,30.0,3608.0,0,0
45,0,1,0,0,0,0,0,0,0,0,0,0,0,0,0,0,0,0,0,1,0,0,0,0,0,10000,12500.0,30,2500.0,20.0,1.0,100000000.0,115000000.0,15.0,3670.0,0,0
31,1,0,1,0,0,0,0,0,0,0,0,0,0,0,0,0,0,0,0,0,0,0,1,0,0,300000000,345000000.0,30,45000000.0,13.043478260869565,4.0,200000000.0,237571428.57142857,30.0,3607.142857142857,0,0
47,0,1,0,0,0,0,0,0,0,0,0,0,0,0,1,0,0,0,0,0,1,0,0,0,0,100000000,130000000.0,30,30000000.0,23.07692307692308,1.5,100000000.0,130000000.0,30.0,3639.0,0,0
39,0,1,0,0,0,0,0,1,0,0,0,0,0,0,0,0,0,0,0,0,1,0,0,0,0,100000000,130000000.0,30,30000000.0,23.07692307692308,1.5,100000000.0,130000000.0,30.0,3610.0,0,0
41,0,1,0,0,0,0,1,0,0,0,0,0,0,0,0,0,0,0,0,0,1,0,0,0,0,300000000,345000000.0,30,45000000.0,13.043478260869565,4.0,171428571.42857143,201571428.57142857,23.571428571428573,3607.142857142857,0,0
28,0,1,0,0,0,1,0,0,0,0,0,0,0,0,0,0,0,0,0,1,0,0,0,0,0,100000000,130000000.0,30,30000000.0,23.07692307692308,1.5,100000000.0,130000000.0,30.0,3611.5,0,0
40,0,1,1,0,0,0,0,0,0,0,0,0,0,0,0,0,0,0,0,0,1,0,0,0,0,30000,39000.0,60,9000.0,23.07692307692308,5.0,155555555.55555555,189888888.8888889,30.0,3609.1111111111113,1,1
41,1,0,0,0,0,0,0,1,0,0,0,0,0,0,0,0,0,0,0,0,0,0,1,0,0,100000000,115000000.0,15,15000000.0,13.043478260869565,2.5,100000000.0,126250000.0,26.25,5619.0,0,1
45,1,0,0,0,0,0,1,0,0,0,0,0,0,0,0,0,0,0,0,0,1,0,0,0,0,30000,34500.0,30,4500.0,13.043478260869565,4.0,200000000.0,247142857.14285716,34.285714285714285,3610.0,0,0
27,0,1,0,0,0,0,0,0,0,0,0,0,0,0,1,0,0,0,0,0,0,0,0,1,0,400000000,480000000.0,60,80000000.0,16.666666666666664,4.5,231250000.0,276062500.0,37.5,3617.375,1,1
28,0,1,0,0,0,0,1,0,0,0,0,0,0,0,0,0,0,0,0,1,0,0,0,0,0,100000000,130000000.0,30,30000000.0,23.07692307692308,1.5,100000000.0,130000000.0,30.0,3609.5,0,0
43,0,1,0,0,0,0,1,0,0,0,0,0,0,0,0,0,0,0,0,0,1,0,0,0,0,100000000,130000000.0,30,30000000.0,23.07692307692308,1.0,100000000.0,115000000.0,15.0,3673.0,0,0
42,0,1,0,0,0,0,0,0,0,0,0,0,0,0,0,0,0,0,0,0,1,0,0,0,0,400000000,480000000.0,60,80000000.0,16.666666666666664,6.5,233333333.3333333,280333333.3333333,37.5,3609.1666666666665,1,1
41,0,1,0,0,0,0,1,0,0,0,0,0,0,0,0,0,0,0,0,0,1,0,0,0,0,100000000,130000000.0,30,30000000.0,23.07692307692308,1.0,100000000.0,130000000.0,30.0,3668.0,0,0
43,0,1,1,0,0,0,0,0,0,0,0,0,0,0,0,0,0,0,0,0,1,0,0,0,0,100000000,111250000.0,15,11250000.0,10.112359550561797,2.5,125000000.0,149375000.0,22.5,3607.75,0,0
26,0,1,1,0,0,0,0,0,0,0,0,0,0,0,0,0,0,0,0,0,1,0,0,0,0,200000000,215000000.0,30,15000000.0,6.976744186046512,2.0,133333333.33333331,168333333.33333334,30.0,3608.3333333333335,0,0
27,0,1,0,0,0,0,0,1,0,0,0,0,0,0,0,0,0,0,0,0,1,0,0,0,0,10000,11500.0,15,1500.0,13.043478260869565,1.0,100000000.0,115000000.0,15.0,3609.0,0,0
46,1,0,0,0,0,0,1,0,0,0,0,0,0,0,0,0,0,0,0,0,0,0,1,0,0,300000000,345000000.0,30,45000000.0,13.043478260869565,6.0,181818181.8181818,220181818.1818182,30.0,3615.0,0,0
30,0,1,0,1,0,0,0,0,0,0,0,0,0,0,0,0,0,0,0,0,1,0,0,0,0,100000000,110000000.0,15,10000000.0,9.090909090909092,1.5,100000000.0,122500000.0,22.5,3609.0,0,0
50,0,1,0,0,0,0,0,0,0,0,0,0,0,0,0,0,0,0,0,0,1,0,0,0,0,100000000,130000000.0,30,30000000.0,23.07692307692308,1.5,100000000.0,130000000.0,30.0,3610.5,0,0
42,0,1,0,0,0,0,0,1,0,0,0,0,0,0,0,0,0,0,0,0,1,0,0,0,0,100000000,115000000.0,15,15000000.0,13.043478260869565,1.5,100000000.0,115000000.0,15.0,3611.0,0,0
35,0,1,0,0,0,0,1,0,0,0,0,0,0,0,0,0,0,0,0,1,0,0,0,0,0,200000000,245000000.0,30,45000000.0,18.367346938775512,3.5,166666666.66666666,194250000.0,22.5,3609.5,0,0
38,0,0,0,0,0,0,0,0,0,0,0,1,0,0,0,0,0,0,0,0,1,0,0,0,0,10000,11500.0,15,1500.0,13.043478260869565,1.0,100000000.0,115000000.0,15.0,3673.0,0,0
45,0,1,0,0,0,0,0,1,0,0,0,0,0,0,0,0,0,0,0,0,1,0,0,0,0,10000,13000.0,30,3000.0,23.07692307692308,1.0,100000000.0,130000000.0,30.0,3668.0,0,0
34,0,1,0,0,0,0,1,0,0,0,0,0,0,0,0,0,0,0,0,0,1,0,0,0,0,100000000,130000000.0,30,30000000.0,23.07692307692308,3.5,100000000.0,127500000.0,27.5,3619.8333333333335,0,0
34,0,1,0,0,0,0,0,1,0,0,0,0,0,0,0,0,0,0,0,0,1,0,0,0,0,100000000,115000000.0,15,15000000.0,13.043478260869565,1.5,100000000.0,122500000.0,22.5,3637.5,0,0
37,0,1,1,0,0,0,0,0,0,0,0,0,0,0,0,0,0,0,0,0,1,0,0,0,0,100000000,115000000.0,15,15000000.0,13.043478260869565,1.5,100000000.0,122500000.0,22.5,3609.5,0,0
31,0,1,0,0,0,0,0,1,0,0,0,0,0,0,0,0,0,0,0,0,1,0,0,0,0,200000000,245000000.0,30,45000000.0,18.367346938775512,2.0,100000000.0,125000000.0,25.0,3609.6666666666665,0,0
34,1,0,0,0,0,0,0,1,0,0,0,0,0,0,0,0,0,0,0,0,1,0,0,0,0,30000,34500.0,30,4500.0,13.043478260869565,6.0,163636363.63636363,195136363.63636363,25.90909090909091,3613.636363636364,0,0
44,0,1,0,0,0,0,1,0,0,0,0,0,0,0,0,0,0,0,0,0,1,0,0,0,0,200000000,245000000.0,30,45000000.0,18.367346938775512,2.0,100000000.0,130000000.0,30.0,3609.6666666666665,0,0
37,0,1,0,0,1,0,0,0,0,0,0,0,0,0,0,0,0,0,0,0,1,0,0,0,0,10000,11500.0,15,1500.0,13.043478260869565,1.0,100000000.0,130000000.0,30.0,3669.0,0,0
32,1,0,1,0,0,0,0,0,0,0,0,0,0,0,0,0,0,0,0,0,1,0,0,0,0,20000,23000.0,30,3000.0,13.043478260869565,3.5,133333333.33333331,159333333.33333334,25.0,3610.5,0,0
38,0,1,0,0,0,0,0,0,0,0,0,0,0,0,1,0,0,0,0,0,1,0,0,0,0,100000000,130000000.0,30,30000000.0,23.07692307692308,1.0,100000000.0,115000000.0,15.0,3671.0,0,0
44,0,1,0,0,0,0,0,1,0,0,0,0,0,0,0,0,0,0,0,0,1,0,0,0,0,10000,11500.0,15,1500.0,13.043478260869565,1.0,100000000.0,130000000.0,30.0,3667.0,0,0
41,0,1,0,0,0,0,0,1,0,0,0,0,0,0,0,0,0,0,0,1,0,0,0,0,0,100000000,115000000.0,15,15000000.0,13.043478260869565,1.0,100000000.0,115000000.0,15.0,3668.0,0,0
29,0,1,0,0,0,0,1,0,0,0,0,0,0,0,0,0,0,0,0,0,1,0,0,0,0,100000000,130000000.0,30,30000000.0,23.07692307692308,1.0,100000000.0,115000000.0,15.0,3668.0,0,0
32,1,0,0,0,0,0,0,0,0,0,0,0,0,0,1,0,0,0,0,0,1,0,0,0,0,40000,48000.0,60,8000.0,16.666666666666664,6.5,250000000.0,299125000.0,41.25,3611.0,1,1
34,1,0,0,0,0,0,0,0,0,0,0,0,0,0,0,0,0,0,0,0,1,0,0,0,0,300000000,345000000.0,30,45000000.0,13.043478260869565,3.5,195000000.0,219750000.0,20.0,3610.5,0,0
29,0,1,0,0,0,0,0,1,0,0,0,0,0,0,0,0,0,0,0,0,1,0,0,0,0,100000000,130000000.0,30,30000000.0,23.07692307692308,1.5,100000000.0,130000000.0,30.0,3638.0,0,0
29,1,0,0,0,0,0,0,1,0,0,0,0,0,0,0,0,0,0,0,0,1,0,0,0,0,100000000,107500000.0,15,7500000.0,6.976744186046512,3.5,100000000.0,112250000.0,15.0,3627.5,0,0
30,0,1,0,0,0,0,0,1,0,0,0,0,0,0,0,0,0,0,0,0,1,0,0,0,0,100000000,130000000.0,30,30000000.0,23.07692307692308,1.5,100000000.0,130000000.0,30.0,3637.5,0,0
43,0,1,0,0,0,0,1,0,0,0,0,0,0,0,0,0,0,0,0,0,1,0,0,0,0,100000000,130000000.0,30,30000000.0,23.07692307692308,1.0,100000000.0,130000000.0,30.0,3615.0,0,0
56,1,0,0,0,0,0,0,0,0,0,0,0,0,0,0,0,0,0,0,0,1,0,0,0,0,200000000,245000000.0,30,45000000.0,18.367346938775512,2.5,125000000.0,158750000.0,30.0,3607.0,0,0
45,0,1,0,0,0,0,0,0,0,0,0,1,0,0,0,0,0,0,0,1,0,0,0,0,0,100000000,115000000.0,15,15000000.0,13.043478260869565,1.0,100000000.0,115000000.0,15.0,3668.0,0,0
28,0,1,0,0,0,0,0,1,0,0,0,0,0,0,0,0,0,0,0,0,1,0,0,0,0,100000000,130000000.0,30,30000000.0,23.07692307692308,1.0,100000000.0,115000000.0,15.0,3668.0,0,0
35,0,0,0,0,0,0,1,0,0,0,0,0,0,0,0,0,0,0,0,0,1,0,0,0,0,200000000,222500000.0,15,22500000.0,10.112359550561797,3.0,140000000.0,158000000.0,15.0,3607.8,0,0
45,1,0,0,0,0,0,0,1,0,0,0,0,0,0,0,0,0,0,0,0,1,0,0,0,0,300000000,345000000.0,30,45000000.0,13.043478260869565,5.5,180000000.0,205100000.0,19.5,3609.7,0,0
51,0,1,0,0,0,0,0,0,0,0,0,0,0,0,1,0,0,0,0,0,1,0,0,0,0,300000000,390000000.0,60,90000000.0,23.07692307692308,3.5,150000000.0,186333333.3333333,30.0,3609.8333333333335,1,1
33,0,1,0,0,0,0,0,1,0,0,0,0,0,0,0,0,0,0,0,0,1,0,0,0,0,100000000,115000000.0,15,15000000.0,13.043478260869565,1.0,100000000.0,130000000.0,30.0,3670.0,0,0
43,1,0,0,0,0,0,0,1,0,0,0,0,0,0,0,0,0,0,0,0,1,0,0,0,0,40000,44000.0,30,4000.0,9.090909090909092,6.0,172727272.72727272,204636363.63636363,27.272727272727277,3618.909090909091,0,0
42,1,0,0,0,0,0,0,1,0,0,0,0,0,0,0,0,0,0,0,0,1,0,0,0,0,400000000,440000000.0,30,40000000.0,9.090909090909092,6.0,272727272.72727275,313272727.27272725,30.0,3617.090909090909,0,0
46,1,0,0,1,0,0,0,0,0,0,0,0,0,0,0,0,0,0,0,0,0,0,1,0,0,300000000,390000000.0,60,90000000.0,23.07692307692308,5.0,222222222.2222222,265972222.2222222,35.0,4013.777777777778,1,1
41,0,1,1,0,0,0,0,0,0,0,0,0,0,0,0,0,0,0,0,0,1,0,0,0,0,100000000,115000000.0,15,15000000.0,13.043478260869565,1.0,100000000.0,115000000.0,15.0,3668.0,0,0
44,0,1,0,0,0,0,0,1,0,0,0,0,0,0,0,0,0,0,0,0,1,0,0,0,0,20000,24500.0,30,4500.0,18.367346938775512,2.5,125000000.0,158750000.0,30.0,3608.5,0,0
31,0,1,0,0,0,0,0,1,0,0,0,0,0,0,0,0,0,0,0,0,1,0,0,0,0,100000000,115000000.0,15,15000000.0,13.043478260869565,1.0,100000000.0,115000000.0,15.0,3615.0,0,0
33,0,1,0,0,0,0,0,0,0,0,0,0,0,0,0,0,0,0,0,0,1,0,0,0,0,300000000,330000000.0,30,30000000.0,9.090909090909092,4.5,225000000.0,260437500.0,26.25,3617.0,0,0
53,0,1,1,0,0,0,0,0,0,0,0,0,0,0,0,0,0,0,0,0,1,0,0,0,0,200000000,245000000.0,30,45000000.0,18.367346938775512,3.0,140000000.0,173000000.0,27.0,3619.2,0,0
42,0,1,0,0,0,0,0,0,0,0,0,0,0,0,1,0,0,0,0,0,1,0,0,0,0,200000000,245000000.0,30,45000000.0,18.367346938775512,2.0,100000000.0,130000000.0,30.0,3631.0,0,0
46,0,1,0,0,0,0,0,1,0,0,0,0,0,0,0,0,0,0,0,1,0,0,0,0,0,100000000,115000000.0,15,15000000.0,13.043478260869565,2.5,100000000.0,115000000.0,15.0,3615.75,0,0
37,0,1,0,0,0,0,0,0,0,0,0,0,0,0,0,0,0,0,1,0,1,0,0,0,0,100000000,115000000.0,15,15000000.0,13.043478260869565,1.0,100000000.0,130000000.0,30.0,3611.0,0,0
45,1,0,0,0,0,0,0,0,0,0,0,0,0,0,1,0,0,0,0,0,0,0,1,0,0,400000000,440000000.0,30,40000000.0,9.090909090909092,7.0,230769230.7692308,268846153.84615386,30.0,3610.230769230769,0,0
31,0,1,0,0,0,0,0,1,0,0,0,0,0,0,0,0,0,0,0,0,1,0,0,0,0,100000000,130000000.0,30,30000000.0,23.07692307692308,1.5,100000000.0,122500000.0,22.5,3619.0,0,0
51,0,0,0,0,0,0,0,0,0,0,0,1,0,0,0,0,0,0,0,0,1,0,0,0,0,100000000,130000000.0,30,30000000.0,23.07692307692308,1.0,100000000.0,130000000.0,30.0,3674.0,0,0
29,0,1,0,0,0,0,1,0,0,0,0,0,0,0,0,0,0,0,0,0,0,0,0,1,0,100000000,130000000.0,30,30000000.0,23.07692307692308,1.0,100000000.0,130000000.0,30.0,3610.0,0,0
38,0,1,0,0,0,0,0,0,0,0,0,0,0,0,0,0,0,0,0,0,1,0,0,0,0,200000000,245000000.0,30,45000000.0,18.367346938775512,2.5,125000000.0,158750000.0,30.0,4375.5,0,0
45,0,1,0,0,0,0,1,0,0,0,0,0,0,0,0,0,0,0,0,0,1,0,0,0,0,100000000,130000000.0,30,30000000.0,23.07692307692308,1.0,100000000.0,130000000.0,30.0,3608.0,0,0
39,0,1,0,0,0,0,1,0,0,0,0,0,0,0,0,0,0,0,0,1,0,0,0,0,0,20000,22250.0,15,2250.0,10.112359550561797,3.0,140000000.0,167000000.0,21.0,3608.0,0,0
31,0,1,0,0,0,0,0,1,0,0,0,0,0,0,0,0,0,0,0,1,0,0,0,0,0,100000000,115000000.0,15,15000000.0,13.043478260869565,1.0,100000000.0,115000000.0,15.0,3668.0,0,0
40,0,1,0,0,0,0,0,1,0,0,0,0,0,0,0,0,0,0,0,0,1,0,0,0,0,100000000,130000000.0,30,30000000.0,23.07692307692308,1.0,100000000.0,130000000.0,30.0,3614.0,0,0
37,0,1,0,0,0,0,0,1,0,0,0,0,0,0,0,0,0,0,0,0,1,0,0,0,0,100000000,115000000.0,15,15000000.0,13.043478260869565,2.5,100000000.0,115000000.0,15.0,3610.5,0,0
42,0,1,0,0,0,0,0,1,0,0,0,0,0,0,0,0,0,0,0,0,1,0,0,0,0,100000000,130000000.0,30,30000000.0,23.07692307692308,1.5,100000000.0,122500000.0,22.5,3614.0,0,0
34,0,1,0,0,0,0,0,1,0,0,0,0,0,0,0,0,0,0,0,1,0,0,0,0,0,10000,13000.0,30,3000.0,23.07692307692308,1.5,100000000.0,130000000.0,30.0,3618.0,0,0
47,0,1,0,0,0,0,0,1,0,0,0,0,0,0,0,0,0,0,0,0,1,0,0,0,0,200000000,245000000.0,30,45000000.0,18.367346938775512,3.0,140000000.0,176000000.0,30.0,3631.2,0,0
37,1,0,0,0,0,0,0,0,0,0,1,0,0,0,0,0,0,0,0,0,0,0,1,0,0,200000000,245000000.0,30,45000000.0,18.367346938775512,2.0,100000000.0,120000000.0,20.0,3636.0,0,0
47,0,0,0,1,0,0,0,0,0,0,0,0,0,0,0,0,0,0,0,0,1,0,0,0,0,200000000,245000000.0,30,45000000.0,18.367346938775512,2.0,200000000.0,245000000.0,30.0,3668.0,0,0
41,0,1,0,0,0,0,0,1,0,0,0,0,0,0,0,0,0,0,0,0,1,0,0,0,0,100000000,115000000.0,15,15000000.0,13.043478260869565,1.0,100000000.0,115000000.0,15.0,3669.0,0,0
32,0,1,0,0,0,1,0,0,0,0,0,0,0,0,0,0,0,0,0,0,1,0,0,0,0,100000000,130000000.0,30,30000000.0,23.07692307692308,1.5,100000000.0,130000000.0,30.0,3610.0,0,0
32,0,1,0,0,0,0,0,1,0,0,0,0,0,0,0,0,0,0,0,0,1,0,0,0,0,200000000,245000000.0,30,45000000.0,18.367346938775512,4.0,128571428.57142857,161714285.7142857,30.0,3616.142857142857,0,0
38,0,1,0,0,0,0,1,0,0,0,0,0,0,0,0,0,0,0,0,0,1,0,0,0,0,100000000,130000000.0,30,30000000.0,23.07692307692308,1.0,100000000.0,130000000.0,30.0,3670.0,0,0
42,0,1,0,0,0,0,0,0,0,0,0,0,0,0,1,0,0,0,0,0,1,0,0,0,0,100000000,130000000.0,30,30000000.0,23.07692307692308,1.0,100000000.0,130000000.0,30.0,3618.0,0,0
38,0,1,0,0,0,0,1,0,0,0,0,0,0,0,0,0,0,0,0,1,0,0,0,0,0,200000000,245000000.0,30,45000000.0,18.367346938775512,4.5,162500000.0,193125000.0,24.375,3618.75,0,0
42,1,0,0,0,0,0,0,1,0,0,0,0,0,0,0,0,0,0,0,0,1,0,0,0,0,300000000,345000000.0,30,45000000.0,13.043478260869565,4.0,150000000.0,184214285.7142857,30.0,3608.0,0,0
34,0,1,0,1,0,0,0,0,0,0,0,0,0,0,0,0,0,0,0,0,1,0,0,0,0,10000,13000.0,30,3000.0,23.07692307692308,1.0,100000000.0,115000000.0,15.0,3668.0,0,0
44,1,0,1,0,0,0,0,0,0,0,0,0,0,0,0,0,0,0,0,0,0,0,1,0,0,100000000,130000000.0,30,30000000.0,23.07692307692308,1.0,100000000.0,130000000.0,30.0,3611.0,0,0
39,0,0,0,0,0,0,0,0,0,0,0,0,0,0,0,0,0,0,1,0,1,0,0,0,0,100000000,115000000.0,15,15000000.0,13.043478260869565,1.0,100000000.0,130000000.0,30.0,3669.0,0,0
36,0,1,0,0,0,0,0,1,0,0,0,0,0,0,0,0,0,0,0,0,1,0,0,0,0,100000000,130000000.0,30,30000000.0,23.07692307692308,2.0,100000000.0,130000000.0,30.0,3613.3333333333335,0,0
35,1,0,1,0,0,0,0,0,0,0,0,0,0,0,0,0,0,0,0,0,1,0,0,0,0,400000000,440000000.0,30,40000000.0,9.090909090909092,6.0,195454545.45454547,224568181.8181818,23.181818181818183,3614.818181818182,0,0
37,1,0,0,0,0,0,1,0,0,0,0,0,0,0,0,0,0,0,0,0,1,0,0,0,0,200000000,245000000.0,30,45000000.0,18.367346938775512,5.0,133333333.33333331,162111111.1111111,25.0,3608.555555555556,0,0
43,0,1,0,0,0,0,0,1,0,0,0,0,0,0,0,0,0,0,0,0,1,0,0,0,0,100000000,130000000.0,30,30000000.0,23.07692307692308,1.5,100000000.0,130000000.0,30.0,3608.0,0,0
31,0,1,0,0,0,0,0,1,0,0,0,0,0,0,0,0,0,0,0,0,1,0,0,0,0,100000000,130000000.0,30,30000000.0,23.07692307692308,1.0,100000000.0,115000000.0,15.0,3609.0,0,0
36,0,1,0,0,0,0,0,1,0,0,0,0,0,0,0,0,0,0,0,0,1,0,0,0,0,100000000,130000000.0,30,30000000.0,23.07692307692308,1.0,100000000.0,130000000.0,30.0,3668.0,0,0
36,0,1,0,0,0,0,0,1,0,0,0,0,0,0,0,0,0,0,0,0,1,0,0,0,0,200000000,245000000.0,30,45000000.0,18.367346938775512,2.5,125000000.0,146250000.0,18.75,3608.0,0,0
39,0,1,0,0,0,0,0,1,0,0,0,0,0,0,0,0,0,0,0,0,1,0,0,0,0,300000000,345000000.0,30,45000000.0,13.043478260869565,4.0,171428571.42857143,193428571.42857143,17.142857142857142,3607.857142857143,0,0
35,0,1,0,0,0,0,0,0,0,0,0,0,0,0,0,0,0,0,1,1,0,0,0,0,0,100000000,130000000.0,30,30000000.0,23.07692307692308,1.0,100000000.0,130000000.0,30.0,3668.0,0,0
35,0,1,0,0,0,0,0,0,0,0,0,0,0,0,0,0,0,0,0,0,0,0,1,0,0,400000000,440000000.0,30,40000000.0,9.090909090909092,4.5,212500000.0,247625000.0,26.25,3622.625,0,0
32,1,0,0,0,0,0,0,0,0,0,0,0,0,0,0,0,0,0,0,0,1,0,0,0,0,200000000,245000000.0,30,45000000.0,18.367346938775512,6.0,113636363.63636364,141818181.8181818,27.272727272727277,3620.818181818182,0,0
37,0,1,0,0,1,0,0,0,0,0,0,0,0,0,0,0,0,0,0,0,1,0,0,0,0,100000000,130000000.0,30,30000000.0,23.07692307692308,1.5,100000000.0,130000000.0,30.0,3612.0,0,0
38,0,1,0,0,1,0,0,0,0,0,0,0,0,0,0,0,0,0,0,0,1,0,0,0,0,100000000,130000000.0,30,30000000.0,23.07692307692308,1.5,100000000.0,122500000.0,22.5,3611.0,0,0
38,0,1,0,0,0,0,0,1,0,0,0,0,0,0,0,0,0,0,0,0,1,0,0,0,0,30000,34500.0,30,4500.0,13.043478260869565,3.5,150000000.0,170833333.33333334,17.5,3608.3333333333335,0,0
49,1,0,0,0,0,0,0,0,0,0,0,0,0,0,1,0,0,0,0,0,1,0,0,0,0,40000,48000.0,60,8000.0,16.666666666666664,4.5,237500000.0,289000000.0,43.125,3610.5,1,1
47,0,1,0,0,0,1,0,0,0,0,0,0,0,0,0,0,0,0,0,0,1,0,0,0,0,200000000,245000000.0,30,45000000.0,18.367346938775512,2.0,100000000.0,130000000.0,30.0,4250.333333333333,0,0
39,0,1,0,0,0,0,0,1,0,0,0,0,0,0,0,0,0,0,0,0,1,0,0,0,0,100000000,130000000.0,30,30000000.0,23.07692307692308,1.0,100000000.0,115000000.0,15.0,3668.0,0,0
35,1,0,1,0,0,0,0,0,0,0,0,0,0,0,0,0,0,0,0,0,1,0,0,0,0,200000000,222500000.0,15,22500000.0,10.112359550561797,3.0,200000000.0,230600000.0,24.0,3609.8,0,0
42,0,1,0,0,0,0,0,1,0,0,0,0,0,0,0,0,0,0,0,1,0,0,0,0,0,200000000,245000000.0,30,45000000.0,18.367346938775512,2.5,125000000.0,158750000.0,30.0,3607.75,0,0
44,0,1,0,0,0,0,0,0,0,0,0,0,0,0,0,0,0,0,1,0,1,0,0,0,0,100000000,115000000.0,15,15000000.0,13.043478260869565,1.0,100000000.0,115000000.0,15.0,3668.0,0,0
33,0,1,0,0,0,0,0,1,0,0,0,0,0,0,0,0,0,0,0,0,1,0,0,0,0,100000000,115000000.0,15,15000000.0,13.043478260869565,1.0,100000000.0,115000000.0,15.0,3667.0,0,0
44,0,1,0,0,0,0,0,0,0,0,0,0,0,0,1,0,0,0,0,1,0,0,0,0,0,30000,34500.0,30,4500.0,13.043478260869565,5.0,183333333.3333333,209944444.44444445,21.666666666666668,3608.0,0,0
45,0,1,0,0,0,0,0,1,0,0,0,0,0,0,0,0,0,0,0,0,1,0,0,0,0,200000000,245000000.0,30,45000000.0,18.367346938775512,4.5,125000000.0,155000000.0,26.25,3623.75,0,0
28,0,1,0,0,0,0,1,0,0,0,0,0,0,0,0,0,0,0,0,0,1,0,0,0,0,100000000,130000000.0,30,30000000.0,23.07692307692308,1.0,100000000.0,130000000.0,30.0,3668.0,0,0
49,1,0,1,0,0,0,0,0,0,0,0,0,0,0,0,0,0,0,0,0,0,0,1,0,0,500000000,525000000.0,30,25000000.0,4.761904761904762,7.5,335714285.71428573,376642857.14285713,33.214285714285715,3609.142857142857,0,0
47,0,1,1,0,0,0,0,0,0,0,0,0,0,0,0,0,0,0,0,1,0,0,0,0,0,100000000,130000000.0,30,30000000.0,23.07692307692308,1.0,100000000.0,130000000.0,30.0,3607.0,0,0
39,0,1,0,0,0,0,0,0,0,0,0,0,0,0,0,0,0,0,0,0,1,0,0,0,0,10000,13000.0,30,3000.0,23.07692307692308,1.0,100000000.0,130000000.0,30.0,3668.0,0,0
52,0,1,0,0,0,0,0,0,0,0,0,0,0,0,0,0,0,0,1,0,1,0,0,0,0,20000,24500.0,30,4500.0,18.367346938775512,2.5,125000000.0,158750000.0,30.0,3625.0,0,0
39,0,1,0,1,0,0,0,0,0,0,0,0,0,0,0,0,0,0,0,0,1,0,0,0,0,200000000,245000000.0,30,45000000.0,18.367346938775512,1.5,100000000.0,130000000.0,30.0,3609.0,0,0
34,0,1,0,0,0,0,1,0,0,0,0,0,0,0,0,0,0,0,0,0,1,0,0,0,0,15000,18375.0,30,3375.0,18.367346938775512,1.5,100000000.0,122500000.0,22.5,3637.0,0,0
29,0,1,0,0,0,0,0,1,0,0,0,0,0,0,0,0,0,0,0,0,1,0,0,0,0,400000000,440000000.0,30,40000000.0,9.090909090909092,5.0,200000000.0,230888888.8888889,25.0,3615.8888888888887,0,0
31,0,1,0,0,0,0,0,1,0,0,0,0,0,0,0,0,0,0,0,0,1,0,0,0,0,100000000,115000000.0,15,15000000.0,13.043478260869565,1.0,100000000.0,115000000.0,15.0,3668.0,0,0
29,1,0,0,0,0,0,0,1,0,0,0,0,0,0,0,0,0,0,0,0,0,0,0,1,0,10000,10500.0,15,500.0,4.761904761904762,6.5,191666666.66666663,230687500.0,35.0,3614.5833333333335,0,0
43,0,1,0,0,0,0,0,0,0,0,0,0,0,0,0,0,0,0,1,0,1,0,0,0,0,10000,11500.0,15,1500.0,13.043478260869565,1.0,100000000.0,115000000.0,15.0,3670.0,0,0
36,0,1,0,0,0,0,0,1,0,0,0,0,0,0,0,0,0,0,0,1,0,0,0,0,0,200000000,245000000.0,30,45000000.0,18.367346938775512,2.0,100000000.0,115000000.0,15.0,3614.6666666666665,0,0
39,0,1,0,0,0,0,0,0,0,0,0,0,0,0,0,0,0,0,1,0,1,0,0,0,0,10000,13000.0,30,3000.0,23.07692307692308,1.0,100000000.0,130000000.0,30.0,3668.0,0,0
34,0,1,0,0,0,0,0,1,0,0,0,0,0,0,0,0,0,0,0,1,0,0,0,0,0,100000000,115000000.0,15,15000000.0,13.043478260869565,1.0,100000000.0,115000000.0,15.0,3640.0,0,0
43,0,1,0,0,0,0,0,0,0,0,0,0,0,0,0,0,0,0,1,0,1,0,0,0,0,100000000,130000000.0,30,30000000.0,23.07692307692308,1.5,100000000.0,130000000.0,30.0,3610.5,0,0
29,0,1,0,0,0,0,0,0,0,0,0,1,0,0,0,0,0,0,0,0,1,0,0,0,0,10000,13000.0,30,3000.0,23.07692307692308,1.0,100000000.0,115000000.0,15.0,3671.0,0,0
34,1,0,0,0,0,0,0,0,0,0,0,0,0,0,1,0,0,0,0,0,1,0,0,0,0,10000,13000.0,30,3000.0,23.07692307692308,1.0,100000000.0,130000000.0,30.0,3615.0,0,0
35,0,1,0,0,0,0,0,0,0,0,0,0,0,0,1,0,0,0,0,0,1,0,0,0,0,100000000,115000000.0,15,15000000.0,13.043478260869565,1.0,100000000.0,130000000.0,30.0,3667.0,0,0
35,0,1,0,0,0,0,0,1,0,0,0,0,0,0,0,0,0,0,0,0,1,0,0,0,0,100000000,130000000.0,30,30000000.0,23.07692307692308,1.5,100000000.0,130000000.0,30.0,3610.5,0,0
36,0,1,0,0,0,0,0,0,0,0,0,0,0,0,0,0,0,0,0,0,1,0,0,0,0,10000,13000.0,30,3000.0,23.07692307692308,1.5,100000000.0,130000000.0,30.0,3608.5,0,0
41,0,1,0,0,0,0,0,1,0,0,0,0,0,0,0,0,0,0,0,0,1,0,0,0,0,300000000,345000000.0,30,45000000.0,13.043478260869565,4.0,171428571.42857143,208000000.0,27.857142857142858,3617.142857142857,0,0
29,0,1,0,0,0,0,0,0,0,0,0,0,0,0,0,0,0,0,0,0,1,0,0,0,0,100000000,115000000.0,15,15000000.0,13.043478260869565,2.0,100000000.0,125000000.0,25.0,3614.0,0,0
31,0,1,0,0,0,0,0,0,0,0,0,0,0,0,0,0,0,0,1,0,1,0,0,0,0,400000000,440000000.0,30,40000000.0,9.090909090909092,7.0,253846153.84615383,285076923.0769231,23.07692307692308,3618.076923076923,0,0
44,0,1,0,0,0,0,0,1,0,0,0,0,0,0,0,0,0,0,0,0,1,0,0,0,0,10000,13000.0,30,3000.0,23.07692307692308,1.0,100000000.0,130000000.0,30.0,3618.0,0,0
31,0,1,0,0,0,0,0,1,0,0,0,0,0,0,0,0,0,0,0,1,0,0,0,0,0,100000000,130000000.0,30,30000000.0,23.07692307692308,1.0,100000000.0,130000000.0,30.0,3667.0,0,0
32,0,1,0,0,0,0,0,1,0,0,0,0,0,0,0,0,0,0,0,0,1,0,0,0,0,400000000,440000000.0,30,40000000.0,9.090909090909092,5.5,190000000.0,218850000.0,24.0,3626.3,0,0
36,0,1,0,0,0,0,1,0,0,0,0,0,0,0,0,0,0,0,0,0,1,0,0,0,0,100000000,130000000.0,30,30000000.0,23.07692307692308,1.0,100000000.0,130000000.0,30.0,3668.0,0,0
33,1,0,0,0,0,0,0,0,0,0,0,0,0,0,1,0,0,0,0,1,0,0,0,0,0,20000,24500.0,30,4500.0,18.367346938775512,2.5,125000000.0,155000000.0,26.25,3608.0,0,0
41,0,1,0,0,0,0,0,0,0,0,0,0,0,0,0,0,0,0,0,1,0,0,0,0,0,300000000,390000000.0,60,90000000.0,23.07692307692308,3.5,150000000.0,182666666.66666663,27.5,3607.8333333333335,1,1
31,0,1,0,0,0,0,0,1,0,0,0,0,0,0,0,0,0,0,0,0,1,0,0,0,0,10000,13000.0,30,3000.0,23.07692307692308,1.0,100000000.0,130000000.0,30.0,3667.0,0,0
27,0,1,0,0,0,0,0,1,0,0,0,0,0,0,0,0,0,0,0,0,1,0,0,0,0,200000000,245000000.0,30,45000000.0,18.367346938775512,4.5,112500000.0,132656250.0,18.75,3614.875,0,0
43,0,1,0,0,0,0,0,1,0,0,0,0,0,0,0,0,0,0,0,1,0,0,0,0,0,100000000,130000000.0,30,30000000.0,23.07692307692308,1.0,100000000.0,130000000.0,30.0,5305.0,0,1
37,0,1,0,0,0,0,0,1,0,0,0,0,0,0,0,0,0,0,0,0,1,0,0,0,0,10000,13000.0,30,3000.0,23.07692307692308,1.0,100000000.0,130000000.0,30.0,3669.0,0,0
34,0,1,0,0,0,0,0,0,0,0,0,0,0,0,1,0,0,0,0,1,0,0,0,0,0,100000000,130000000.0,30,30000000.0,23.07692307692308,1.0,100000000.0,130000000.0,30.0,3611.0,0,0
36,0,1,0,0,0,0,0,1,0,0,0,0,0,0,0,0,0,0,0,0,0,0,1,0,0,500000000,550000000.0,60,50000000.0,9.090909090909092,8.5,325000000.0,362281250.0,27.1875,4156.125,1,1
42,0,1,0,0,0,0,0,1,0,0,0,0,0,0,0,0,0,0,0,0,1,0,0,0,0,200000000,245000000.0,30,45000000.0,18.367346938775512,2.5,112500000.0,135468750.0,22.5,3622.5,0,0
35,0,1,0,0,0,0,0,0,0,0,1,0,0,0,0,0,0,0,0,1,0,0,0,0,0,100000000,115000000.0,15,15000000.0,13.043478260869565,1.0,100000000.0,115000000.0,15.0,3667.0,0,0
32,0,1,0,0,0,0,1,0,0,0,0,0,0,0,0,0,0,0,0,0,1,0,0,0,0,100000000,130000000.0,30,30000000.0,23.07692307692308,1.0,100000000.0,130000000.0,30.0,3613.0,0,0
40,0,1,0,0,0,0,0,1,0,0,0,0,0,0,0,0,0,0,0,1,0,0,0,0,0,200000000,245000000.0,30,45000000.0,18.367346938775512,2.0,100000000.0,128333333.33333331,30.0,3611.0,0,0
31,0,1,1,0,0,0,0,0,0,0,0,0,0,0,0,0,0,0,0,0,1,0,0,0,0,100000000,115000000.0,15,15000000.0,13.043478260869565,1.0,100000000.0,115000000.0,15.0,3607.0,0,0
33,0,1,0,0,0,0,0,1,0,0,0,0,0,0,0,0,0,0,0,1,0,0,0,0,0,300000000,390000000.0,60,90000000.0,23.07692307692308,3.0,140000000.0,162500000.0,18.0,3607.6,1,1
31,0,1,0,0,0,0,0,1,0,0,0,0,0,0,0,0,0,0,0,0,1,0,0,0,0,200000000,245000000.0,30,45000000.0,18.367346938775512,2.5,112500000.0,143437500.0,30.0,3637.0,0,0
30,0,1,0,0,0,0,0,0,0,0,0,0,0,0,0,0,0,0,1,0,1,0,0,0,0,100000000,130000000.0,30,30000000.0,23.07692307692308,1.0,100000000.0,130000000.0,30.0,8023.0,0,1
40,0,1,0,0,0,1,0,0,0,0,0,0,0,0,0,0,0,0,0,0,1,0,0,0,0,100000000,130000000.0,30,30000000.0,23.07692307692308,1.5,100000000.0,130000000.0,30.0,3606.0,0,0
26,1,0,0,0,0,0,0,0,0,0,1,0,0,0,0,0,0,0,0,0,0,0,1,0,0,200000000,222500000.0,15,22500000.0,10.112359550561797,4.0,128571428.57142857,150000000.0,19.285714285714285,3607.857142857143,0,0
35,0,1,0,1,0,0,0,0,0,0,0,0,0,0,0,0,0,0,0,0,1,0,0,0,0,10000,11500.0,15,1500.0,13.043478260869565,2.5,100000000.0,122500000.0,22.5,3614.0,0,0
40,1,0,0,0,0,0,0,0,0,0,0,0,0,0,0,0,0,0,0,0,1,0,0,0,0,100000000,130000000.0,30,30000000.0,23.07692307692308,1.0,100000000.0,130000000.0,30.0,3668.0,0,0
40,0,1,0,0,0,0,0,0,0,0,0,0,0,0,0,0,0,0,0,1,0,0,0,0,0,100000000,115000000.0,15,15000000.0,13.043478260869565,1.0,100000000.0,115000000.0,15.0,3670.0,0,0
37,0,1,0,0,0,0,0,1,0,0,0,0,0,0,0,0,0,0,0,0,1,0,0,0,0,100000000,130000000.0,30,30000000.0,23.07692307692308,1.0,100000000.0,130000000.0,30.0,3630.0,0,0
41,0,1,0,0,0,0,1,0,0,0,0,0,0,0,0,0,0,0,0,0,1,0,0,0,0,100000000,107500000.0,15,7500000.0,6.976744186046512,2.0,133333333.33333331,163333333.33333334,25.0,3636.3333333333335,0,0
36,0,1,0,0,0,0,0,1,0,0,0,0,0,0,0,0,0,0,0,1,0,0,0,0,0,200000000,222500000.0,15,22500000.0,10.112359550561797,2.5,125000000.0,141875000.0,15.0,3608.25,0,0
28,0,1,1,0,0,0,0,0,0,0,0,0,0,0,0,0,0,0,0,0,1,0,0,0,0,10000,13000.0,30,3000.0,23.07692307692308,1.0,100000000.0,130000000.0,30.0,3669.0,0,0
44,0,0,0,0,0,0,0,1,0,0,0,0,0,0,0,0,0,0,0,0,1,0,0,0,0,100000000,130000000.0,30,30000000.0,23.07692307692308,1.0,100000000.0,130000000.0,30.0,3674.0,0,0
32,0,1,0,0,0,0,0,0,0,0,0,0,0,0,1,0,0,0,0,0,1,0,0,0,0,40000,44000.0,30,4000.0,9.090909090909092,5.0,200000000.0,240222222.2222222,33.333333333333336,3615.3333333333335,0,0
41,0,1,0,0,0,0,0,1,0,0,0,0,0,0,0,0,0,0,0,0,1,0,0,0,0,100000000,130000000.0,30,30000000.0,23.07692307692308,1.5,100000000.0,130000000.0,30.0,3610.0,0,0
37,0,0,0,0,1,0,0,0,0,0,0,0,0,0,0,0,0,0,0,0,1,0,0,0,0,10000,13000.0,30,3000.0,23.07692307692308,1.0,100000000.0,130000000.0,30.0,3668.0,0,0
38,0,1,1,0,0,0,0,0,0,0,0,0,0,0,0,0,0,0,0,0,0,0,1,0,0,400000000,480000000.0,60,80000000.0,16.666666666666664,6.5,204166666.66666663,240729166.66666663,30.0,3608.75,1,1
30,0,1,1,0,0,0,0,0,0,0,0,0,0,0,0,0,0,0,0,0,1,0,0,0,0,20000,24500.0,30,4500.0,18.367346938775512,2.0,100000000.0,130000000.0,30.0,3606.6666666666665,0,0
43,0,1,0,0,0,0,0,0,0,0,0,0,0,0,0,0,0,0,1,1,0,0,0,0,0,200000000,222500000.0,15,22500000.0,10.112359550561797,1.5,100000000.0,115000000.0,15.0,3638.0,0,0
32,0,1,0,0,0,0,1,0,0,0,0,0,0,0,0,0,0,0,0,0,1,0,0,0,0,100000000,130000000.0,30,30000000.0,23.07692307692308,1.0,100000000.0,130000000.0,30.0,3619.0,0,0
38,0,1,0,0,0,0,1,0,0,0,0,0,0,0,0,0,0,0,0,0,1,0,0,0,0,300000000,345000000.0,30,45000000.0,13.043478260869565,3.5,191666666.66666663,219812500.0,22.5,3610.5,0,0
39,1,0,0,0,0,0,0,0,0,0,0,0,0,0,1,0,0,0,0,0,0,0,1,0,0,300000000,345000000.0,30,45000000.0,13.043478260869565,6.0,200000000.0,240363636.3636364,30.0,3610.363636363637,0,0
39,0,1,0,0,0,0,0,1,0,0,0,0,0,0,0,0,0,0,0,0,1,0,0,0,0,10000,11500.0,15,1500.0,13.043478260869565,1.5,100000000.0,115000000.0,15.0,3667.0,0,0
42,0,0,0,0,0,0,0,1,0,0,0,0,0,0,0,0,0,0,0,0,1,0,0,0,0,10000,11500.0,15,1500.0,13.043478260869565,1.0,100000000.0,115000000.0,15.0,3673.0,0,0
40,0,1,0,0,0,0,0,1,0,0,0,0,0,0,0,0,0,0,0,0,1,0,0,0,0,100000000,115000000.0,15,15000000.0,13.043478260869565,1.5,100000000.0,115000000.0,15.0,3638.0,0,0
42,0,1,0,0,0,0,0,0,0,0,1,0,0,0,0,0,0,0,0,0,1,0,0,0,0,200000000,245000000.0,30,45000000.0,18.367346938775512,1.5,100000000.0,130000000.0,30.0,3631.5,0,0
31,1,0,0,0,0,0,0,1,0,0,0,0,0,0,0,0,0,0,0,0,0,0,0,1,0,30000,34500.0,30,4500.0,13.043478260869565,5.0,150000000.0,169819444.44444445,16.666666666666668,3608.6666666666665,0,0
56,0,1,0,0,0,0,1,0,0,0,0,0,0,0,0,0,0,0,0,0,1,0,0,0,0,100000000,130000000.0,30,30000000.0,23.07692307692308,1.5,100000000.0,122500000.0,22.5,3637.5,0,0
33,0,1,0,0,0,0,0,0,0,0,0,0,0,0,1,0,0,0,0,0,1,0,0,0,0,200000000,245000000.0,30,45000000.0,18.367346938775512,2.0,100000000.0,130000000.0,30.0,3608.3333333333335,0,0
36,1,0,0,0,0,1,0,0,0,0,0,0,0,0,0,0,0,0,0,0,0,0,0,1,0,400000000,440000000.0,30,40000000.0,9.090909090909092,5.5,199000000.0,224687500.0,21.0,3611.8,0,0
33,0,1,0,0,0,0,0,0,0,0,0,0,0,0,0,0,0,0,0,0,1,0,0,0,0,200000000,222500000.0,15,22500000.0,10.112359550561797,2.0,100000000.0,120000000.0,20.0,3627.3333333333335,0,0
36,0,1,0,0,0,0,0,1,0,0,0,0,0,0,0,0,0,0,0,0,1,0,0,0,0,100000000,130000000.0,30,30000000.0,23.07692307692308,1.0,100000000.0,115000000.0,15.0,3668.0,0,0
39,0,1,0,0,0,0,0,0,0,0,0,0,0,0,0,0,0,0,0,0,1,0,0,0,0,200000000,230000000.0,30,30000000.0,13.043478260869565,4.0,185714285.7142857,227714285.7142857,34.285714285714285,3612.428571428572,0,0
36,1,0,0,0,0,1,0,0,0,0,0,0,0,0,0,0,0,0,0,0,1,0,0,0,0,200000000,245000000.0,30,45000000.0,18.367346938775512,2.0,100000000.0,125000000.0,25.0,3608.6666666666665,0,0
37,0,1,0,0,0,0,0,0,0,0,0,1,0,0,0,0,0,0,0,0,1,0,0,0,0,100000000,130000000.0,30,30000000.0,23.07692307692308,1.5,100000000.0,130000000.0,30.0,3637.0,0,0
42,0,1,0,0,0,0,1,0,0,0,0,0,0,0,0,0,0,0,0,1,0,0,0,0,0,30000,34500.0,30,4500.0,13.043478260869565,3.5,166666666.66666666,188333166.66666663,17.5,3607.3333333333335,0,0
37,0,1,0,0,0,0,0,1,0,0,0,0,0,0,0,0,0,0,0,0,1,0,0,0,0,100000000,130000000.0,30,30000000.0,23.07692307692308,1.0,100000000.0,130000000.0,30.0,3608.0,0,0
48,0,1,0,0,0,0,0,1,0,0,0,0,0,0,0,0,0,0,0,1,0,0,0,0,0,100000000,115000000.0,15,15000000.0,13.043478260869565,1.0,100000000.0,115000000.0,15.0,3609.0,0,0
35,0,1,0,0,0,0,0,1,0,0,0,0,0,0,0,0,0,0,0,0,1,0,0,0,0,200000000,245000000.0,30,45000000.0,18.367346938775512,2.5,125000000.0,151250000.0,22.5,3606.0,0,0
36,1,0,0,0,0,0,0,1,0,0,0,0,0,0,0,0,0,0,0,0,1,0,0,0,0,200000000,245000000.0,30,45000000.0,18.367346938775512,3.0,120000000.0,149800000.0,27.0,3610.4,0,0
44,0,1,0,0,0,0,0,0,0,0,0,0,0,0,0,0,0,0,0,0,1,0,0,0,0,100000000,130000000.0,30,30000000.0,23.07692307692308,2.0,100000000.0,125000000.0,25.0,3630.3333333333335,0,0
35,0,1,0,0,0,0,0,0,0,0,1,0,0,0,0,0,0,0,0,0,1,0,0,0,0,100000000,130000000.0,30,30000000.0,23.07692307692308,1.0,100000000.0,130000000.0,30.0,3669.0,0,0
37,0,1,0,0,0,0,1,0,0,0,0,0,0,0,0,0,0,0,0,0,1,0,0,0,0,10000,11500.0,15,1500.0,13.043478260869565,1.0,100000000.0,115000000.0,15.0,3667.0,0,0
38,0,1,0,0,0,0,0,0,0,0,0,0,0,0,0,0,0,0,1,0,1,0,0,0,0,100000000,130000000.0,30,30000000.0,23.07692307692308,1.0,100000000.0,130000000.0,30.0,3668.0,0,0
33,1,0,0,0,0,0,0,0,0,0,0,1,0,0,0,0,0,0,0,0,1,0,0,0,0,10000,13000.0,30,3000.0,23.07692307692308,2.0,100000000.0,130000000.0,30.0,3611.0,0,0
34,0,1,0,0,0,0,0,1,0,0,0,0,0,0,0,0,0,0,0,0,1,0,0,0,0,20000,24500.0,30,4500.0,18.367346938775512,2.0,100000000.0,120000000.0,20.0,3608.0,0,0
36,0,1,0,0,0,0,1,0,0,0,0,0,0,0,0,0,0,0,0,0,1,0,0,0,0,100000000,122500000.0,30,22500000.0,18.367346938775512,2.0,100000000.0,125000000.0,25.0,3608.6666666666665,0,0
35,0,1,0,0,0,0,0,1,0,0,0,0,0,0,0,0,0,0,0,0,1,0,0,0,0,100000000,130000000.0,30,30000000.0,23.07692307692308,1.0,100000000.0,115000000.0,15.0,3668.0,0,0
32,0,1,0,0,0,0,1,0,0,0,0,0,0,0,0,0,0,0,0,0,1,0,0,0,0,100000000,130000000.0,30,30000000.0,23.07692307692308,1.5,100000000.0,122500000.0,30.0,3637.0,0,0
35,0,1,0,0,0,0,0,0,0,0,0,0,0,0,0,0,0,0,1,0,1,0,0,0,0,100000000,130000000.0,30,30000000.0,23.07692307692308,1.0,100000000.0,130000000.0,30.0,3668.0,0,0
34,0,1,0,0,1,0,0,0,0,0,0,0,0,0,0,0,0,0,0,0,1,0,0,0,0,100000000,130000000.0,30,30000000.0,23.07692307692308,1.0,100000000.0,130000000.0,30.0,3669.0,0,0
40,1,0,0,0,0,0,0,1,0,0,0,0,0,0,0,0,0,0,0,0,1,0,0,0,0,300000000,345000000.0,30,45000000.0,13.043478260869565,4.5,168750000.0,203093750.0,28.125,3622.75,0,0
43,0,1,0,0,0,0,0,1,0,0,0,0,0,0,0,0,0,0,0,1,0,0,0,0,0,100000000,130000000.0,30,30000000.0,23.07692307692308,1.0,100000000.0,130000000.0,30.0,3669.0,0,0
34,1,0,0,0,0,0,1,0,0,0,0,0,0,0,0,0,0,0,0,0,1,0,0,0,0,35000,38500.0,30,3500.0,9.090909090909092,5.0,144444444.44444445,169527777.7777778,26.666666666666668,3615.3333333333335,0,0
35,0,1,0,0,1,0,0,0,0,0,0,0,0,0,0,0,0,0,0,0,0,0,1,0,0,50000,57500.0,90,7500.0,13.043478260869565,6.0,286363636.3636364,338454545.45454544,49.09090909090909,3615.090909090909,1,1
41,0,1,0,0,0,0,0,1,0,0,0,0,0,0,0,0,0,0,0,1,0,0,0,0,0,10000,11500.0,15,1500.0,13.043478260869565,1.0,100000000.0,115000000.0,15.0,3614.0,0,0
35,0,1,1,0,0,0,0,0,0,0,0,0,0,0,0,0,0,0,0,0,1,0,0,0,0,200000000,245000000.0,30,45000000.0,18.367346938775512,2.0,100000000.0,130000000.0,30.0,3607.6666666666665,0,0
32,0,1,0,0,0,0,0,0,0,0,0,0,0,0,0,0,0,0,0,0,0,0,0,1,0,10000,13000.0,30,3000.0,23.07692307692308,1.5,100000000.0,130000000.0,30.0,3609.5,0,0
37,0,1,0,0,0,0,0,0,0,0,0,0,0,0,0,0,0,0,1,0,1,0,0,0,0,100000000,130000000.0,30,30000000.0,23.07692307692308,1.0,100000000.0,130000000.0,30.0,3668.0,0,0
47,0,1,0,0,0,0,0,1,0,0,0,0,0,0,0,0,0,0,0,0,1,0,0,0,0,200000000,222500000.0,15,22500000.0,10.112359550561797,4.5,175000000.0,207062500.0,26.25,3616.5,0,0
36,0,1,0,0,0,0,1,0,0,0,0,0,0,0,0,0,0,0,0,0,1,0,0,0,0,10000,13000.0,30,3000.0,23.07692307692308,1.5,100000000.0,130000000.0,30.0,3611.0,0,0
34,0,1,0,0,0,0,0,1,0,0,0,0,0,0,0,0,0,0,0,0,1,0,0,0,0,100000000,130000000.0,30,30000000.0,23.07692307692308,1.0,100000000.0,130000000.0,30.0,3669.0,0,0
33,1,0,0,0,0,0,0,0,0,0,0,0,0,0,0,0,0,0,1,0,0,0,1,0,0,30000,34500.0,30,4500.0,13.043478260869565,6.5,215000000.0,246937500.0,25.0,3614.6666666666665,0,0
36,1,0,0,0,0,0,0,1,0,0,0,0,0,0,0,0,0,0,0,0,1,0,0,0,0,400000000,480000000.0,60,80000000.0,16.666666666666664,4.0,228571428.57142857,278571428.5714286,42.85714285714285,3619.857142857143,1,1
38,1,0,0,0,0,0,0,1,0,0,0,0,0,0,0,0,0,0,0,0,1,0,0,0,0,300000000,345000000.0,30,45000000.0,13.043478260869565,6.0,205454545.45454547,232545454.54545453,21.818181818181817,3621.4545454545455,0,0
39,0,1,0,0,0,0,1,0,0,0,0,0,0,0,0,0,0,0,0,0,1,0,0,0,0,10000,13000.0,30,3000.0,23.07692307692308,2.0,100000000.0,125000000.0,25.0,3610.6666666666665,0,0
31,1,0,1,0,0,0,0,0,0,0,0,0,0,0,0,0,0,0,0,0,1,0,0,0,0,400000000,440000000.0,30,40000000.0,9.090909090909092,8.0,226666666.66666663,271866666.6666667,37.0,3610.0666666666666,0,0
43,0,1,0,0,0,0,0,0,0,0,1,0,0,0,0,0,0,0,0,0,1,0,0,0,0,100000000,130000000.0,30,30000000.0,23.07692307692308,1.0,100000000.0,130000000.0,30.0,3668.0,0,0
33,1,0,0,0,0,0,0,0,0,0,0,1,0,0,0,0,0,0,0,0,1,0,0,0,0,500000000,525000000.0,30,25000000.0,4.761904761904762,7.5,267857142.85714287,304839285.71428573,27.857142857142858,3617.357142857143,0,0
37,1,0,0,0,1,0,0,0,0,0,0,0,0,0,0,0,0,0,0,0,1,0,0,0,0,300000000,345000000.0,30,45000000.0,13.043478260869565,4.0,200000000.0,228000000.0,21.428571428571427,3617.0,0,0
38,0,1,0,0,0,0,0,1,0,0,0,0,0,0,0,0,0,0,0,1,0,0,0,0,0,300000000,385002000.0,60,85002000.0,22.078326865834462,3.5,150000000.0,186333333.3333333,30.0,3617.0,1,1
30,0,1,0,0,0,0,0,1,0,0,0,0,0,0,0,0,0,0,0,0,1,0,0,0,0,100000000,115000000.0,15,15000000.0,13.043478260869565,1.0,100000000.0,115000000.0,15.0,3668.0,0,0
37,1,0,0,0,0,0,0,0,0,0,0,0,0,0,0,0,0,0,1,0,1,0,0,0,0,100000000,130000000.0,30,30000000.0,23.07692307692308,1.5,100000000.0,130000000.0,30.0,3608.5,0,0
33,0,1,0,0,0,0,0,1,0,0,0,0,0,0,0,0,0,0,0,1,0,0,0,0,0,20000,24500.0,30,4500.0,18.367346938775512,2.5,125000000.0,155000000.0,26.25,3623.0,0,0
38,1,0,0,0,0,0,0,0,0,0,0,0,0,0,1,0,0,0,0,0,1,0,0,0,0,10000,11500.0,15,1500.0,13.043478260869565,3.0,100000000.0,127000000.0,27.0,3621.0,0,0
42,0,1,0,0,0,0,0,1,0,0,0,0,0,0,0,0,0,0,0,1,0,0,0,0,0,100000000,130000000.0,30,30000000.0,23.07692307692308,1.0,100000000.0,130000000.0,30.0,3668.0,0,0
29,1,0,0,0,0,0,0,1,0,0,0,0,0,0,0,0,0,0,0,0,1,0,0,0,0,400000000,480000000.0,60,80000000.0,16.666666666666664,5.0,233333333.3333333,284222222.2222222,43.333333333333336,3610.0,1,1
34,0,1,1,0,0,0,0,0,0,0,0,0,0,0,0,0,0,0,0,0,1,0,0,0,0,100000000,130000000.0,30,30000000.0,23.07692307692308,1.0,100000000.0,130000000.0,30.0,3668.0,0,0
32,0,1,0,0,0,0,0,1,0,0,0,0,0,0,0,0,0,0,0,0,1,0,0,0,0,100000000,115000000.0,15,15000000.0,13.043478260869565,1.5,100000000.0,115000000.0,15.0,3610.5,0,0
42,1,0,0,0,0,0,0,1,0,0,0,0,0,0,0,0,0,0,0,0,1,0,0,0,0,100000000,130000000.0,30,30000000.0,23.07692307692308,2.5,100000000.0,130000000.0,30.0,3614.25,0,0
44,1,0,0,0,0,0,0,1,0,0,0,0,0,0,0,0,0,0,0,0,0,0,1,0,0,500000000,525000000.0,30,25000000.0,4.761904761904762,7.0,307692307.6923077,354230769.2307692,36.92307692307692,3609.6153846153848,0,0
42,0,1,0,0,0,0,0,0,0,0,0,0,0,0,0,0,0,0,0,0,1,0,0,0,0,100000000,130000000.0,30,30000000.0,23.07692307692308,1.0,100000000.0,115000000.0,15.0,3612.0,0,0
42,0,1,0,0,0,0,1,0,0,0,0,0,0,0,0,0,0,0,0,0,1,0,0,0,0,100000000,115000000.0,15,15000000.0,13.043478260869565,1.5,100000000.0,115000000.0,15.0,3607.5,0,0
34,0,1,0,0,0,0,0,0,0,0,0,1,0,0,0,0,0,0,0,0,1,0,0,0,0,400000000,480000000.0,60,80000000.0,16.666666666666664,6.0,209090909.0909091,239000000.0,23.181818181818183,3610.5454545454554,1,1
44,0,1,1,0,0,0,0,0,0,0,0,0,0,0,0,0,0,0,0,0,1,0,0,0,0,100000000,130000000.0,30,30000000.0,23.07692307692308,1.0,100000000.0,130000000.0,30.0,4357.0,0,0
38,0,1,0,0,0,0,0,1,0,0,0,0,0,0,0,0,0,0,0,0,1,0,0,0,0,100000000,130000000.0,30,30000000.0,23.07692307692308,1.0,100000000.0,130000000.0,30.0,3614.0,0,0
33,0,1,0,0,0,0,0,0,0,0,0,0,0,0,0,0,0,0,0,0,1,0,0,0,0,100000000,130000000.0,30,30000000.0,23.07692307692308,2.0,100000000.0,130000000.0,30.0,3606.3333333333335,0,0
31,1,0,0,0,0,0,0,0,0,0,0,0,0,0,0,0,0,0,0,0,1,0,0,0,0,500000000,575000000.0,90,75000000.0,13.043478260869565,6.0,227272727.27272728,269000000.0,35.45454545454545,3609.818181818182,1,1
43,1,0,0,0,0,0,0,0,0,0,0,1,0,0,0,0,0,0,0,0,1,0,0,0,0,400000000,440000000.0,30,40000000.0,9.090909090909092,4.0,214285714.2857143,249642857.14285716,27.857142857142858,3621.857142857143,0,0
33,1,0,0,0,0,0,0,1,0,0,0,0,0,0,0,0,0,0,0,0,0,0,1,0,0,40000,44000.0,30,4000.0,9.090909090909092,5.5,185000000.0,215350000.0,30.0,3811.3,0,0
34,0,1,0,0,0,0,0,1,0,0,0,0,0,0,0,0,0,0,0,0,1,0,0,0,0,100000000,115000000.0,15,15000000.0,13.043478260869565,1.0,100000000.0,130000000.0,30.0,3607.0,0,0
34,0,1,0,0,0,0,1,0,0,0,0,0,0,0,0,0,0,0,0,0,1,0,0,0,0,100000000,130000000.0,30,30000000.0,23.07692307692308,1.5,100000000.0,122500000.0,22.5,3607.5,0,0
48,0,1,0,0,0,0,0,0,0,0,0,0,0,0,0,0,0,0,0,0,0,0,1,0,0,400000000,440000000.0,30,40000000.0,9.090909090909092,6.5,241666666.66666663,280375000.0,31.25,3613.4166666666665,0,0
31,0,1,0,0,0,0,0,0,0,0,0,0,0,0,1,0,0,0,0,1,0,0,0,0,0,30000,34500.0,30,4500.0,13.043478260869565,2.0,133333333.33333331,166666666.66666666,30.0,3609.3333333333335,0,0
33,0,1,0,0,0,0,0,0,0,0,0,0,0,0,0,0,0,0,0,0,1,0,0,0,0,200000000,215000000.0,15,15000000.0,6.976744186046512,3.5,116666666.66666669,136979166.66666666,20.0,3617.3333333333335,0,0
37,0,1,0,0,0,0,1,0,0,0,0,0,0,0,0,0,0,0,0,1,0,0,0,0,0,200000000,222500000.0,15,22500000.0,10.112359550561797,3.0,140000000.0,162500000.0,18.0,3609.2,0,0
33,0,1,0,0,0,0,0,0,0,0,0,0,0,0,0,0,0,0,1,0,1,0,0,0,0,300000000,345000000.0,30,45000000.0,13.043478260869565,4.0,171428571.42857143,196642857.14285716,19.285714285714285,3611.285714285714,0,0
35,0,1,0,0,0,0,0,1,0,0,0,0,0,0,0,0,0,0,0,0,1,0,0,0,0,100000000,115000000.0,15,15000000.0,13.043478260869565,1.0,100000000.0,115000000.0,15.0,3668.0,0,0
38,0,1,0,0,0,0,0,0,0,0,0,0,0,0,0,0,0,0,0,0,1,0,0,0,0,10000,12250.0,30,2250.0,18.367346938775512,2.0,100000000.0,128333333.33333331,30.0,3608.3333333333335,0,0
38,0,1,0,0,0,0,0,1,0,0,0,0,0,0,0,0,0,0,0,0,1,0,0,0,0,100000000,130000000.0,30,30000000.0,23.07692307692308,1.0,100000000.0,115000000.0,15.0,3668.0,0,0
31,0,1,0,0,0,0,0,1,0,0,0,0,0,0,0,0,0,0,0,0,0,0,1,0,0,200000000,245000000.0,30,45000000.0,18.367346938775512,2.0,100000000.0,125000000.0,25.0,3628.6666666666665,0,0
42,1,0,0,0,0,0,0,1,0,0,0,0,0,0,0,0,0,0,0,0,0,0,1,0,0,100000000,115000000.0,15,15000000.0,13.043478260869565,4.5,112500000.0,140562500.0,28.125,3611.875,0,0
32,0,1,1,0,0,0,0,0,0,0,0,0,0,0,0,0,0,0,0,0,1,0,0,0,0,10000,11500.0,15,1500.0,13.043478260869565,1.5,100000000.0,122500000.0,22.5,3637.0,0,0
32,1,0,0,0,0,0,0,1,0,0,0,0,0,0,0,0,0,0,0,0,0,0,1,0,0,200000000,230000000.0,30,30000000.0,13.043478260869565,5.5,160000000.0,186600000.0,24.0,3619.8,0,0
31,0,1,1,0,0,0,0,0,0,0,0,0,0,0,0,0,0,0,0,0,0,0,0,1,0,100000000,130000000.0,30,30000000.0,23.07692307692308,2.0,100000000.0,130000000.0,30.0,3608.6666666666665,0,0
43,0,1,0,0,0,0,0,1,0,0,0,0,0,0,0,0,0,0,0,0,1,0,0,0,0,100000000,115000000.0,15,15000000.0,13.043478260869565,2.0,100000000.0,115000000.0,15.0,3611.6666666666665,0,0
30,0,1,0,0,0,0,0,0,0,0,1,0,0,0,0,0,0,0,0,0,0,0,0,1,0,300000000,345000000.0,30,45000000.0,13.043478260869565,3.5,150000000.0,186333333.3333333,30.0,3617.3333333333335,0,0
47,0,0,0,0,0,0,0,0,0,0,0,1,0,0,0,0,0,0,0,0,1,0,0,0,0,300000000,345000000.0,30,45000000.0,13.043478260869565,4.0,171428571.42857143,207000000.0,30.0,3610.714285714286,0,0
40,0,1,0,0,0,0,0,1,0,0,0,0,0,0,0,0,0,0,0,1,0,0,0,0,0,10000,11500.0,15,1500.0,13.043478260869565,1.0,100000000.0,115000000.0,15.0,3668.0,0,0
41,0,1,0,0,0,0,0,0,0,0,0,0,0,0,1,0,0,0,0,1,0,0,0,0,0,200000000,245000000.0,30,45000000.0,18.367346938775512,2.5,125000000.0,151250000.0,22.5,3621.25,0,0
50,1,0,0,0,0,0,0,1,0,0,0,0,0,0,0,0,0,0,0,0,1,0,0,0,0,40000,44000.0,30,4000.0,9.090909090909092,6.0,245454545.45454547,283090909.09090906,28.63636363636364,3617.363636363637,0,0
48,0,1,0,0,0,0,0,1,0,0,0,0,0,0,0,0,0,0,0,0,1,0,0,0,0,10000,13000.0,30,3000.0,23.07692307692308,1.0,100000000.0,115000000.0,15.0,3608.0,0,0
26,0,1,0,0,0,0,1,0,0,0,0,0,0,0,0,0,0,0,0,0,1,0,0,0,0,10000,13000.0,30,3000.0,23.07692307692308,2.0,100000000.0,130000000.0,30.0,3609.0,0,0
42,1,0,0,0,1,0,0,0,0,0,0,0,0,0,0,0,0,0,0,0,1,0,0,0,0,300000000,345000000.0,30,45000000.0,13.043478260869565,5.0,177777777.7777778,210444444.44444445,26.666666666666668,3617.444444444444,0,0
38,0,1,0,1,0,0,0,0,0,0,0,0,0,0,0,0,0,0,0,0,1,0,0,0,0,10000,13000.0,30,3000.0,23.07692307692308,1.0,100000000.0,115000000.0,15.0,3614.0,0,0
33,0,1,0,0,0,0,0,1,0,0,0,0,0,0,0,0,0,0,0,0,1,0,0,0,0,200000000,245000000.0,30,45000000.0,18.367346938775512,2.5,100000000.0,128125000.0,30.0,3622.75,0,0
39,0,1,0,0,0,0,0,1,0,0,0,0,0,0,0,0,0,0,0,1,0,0,0,0,0,100000000,130000000.0,30,30000000.0,23.07692307692308,1.0,100000000.0,130000000.0,30.0,3669.0,0,0
33,1,0,0,0,0,0,0,1,0,0,0,0,0,0,0,0,0,0,0,0,1,0,0,0,0,40000,44000.0,30,4000.0,9.090909090909092,7.0,188461538.4615385,207250000.0,18.46153846153846,3609.692307692308,0,0
28,1,0,0,0,0,0,0,0,0,0,0,0,0,0,0,0,0,0,0,0,0,0,1,0,0,400000000,480000000.0,60,80000000.0,16.666666666666664,3.5,200000000.0,228833333.3333333,22.5,3610.0,1,1
44,0,1,0,0,0,0,0,0,0,0,1,0,0,0,0,0,0,0,0,1,0,0,0,0,0,100000000,115000000.0,15,15000000.0,13.043478260869565,1.0,100000000.0,115000000.0,15.0,3668.0,0,0
47,1,0,0,0,0,0,1,0,0,0,0,0,0,0,0,0,0,0,0,0,1,0,0,0,0,10000,13000.0,30,3000.0,23.07692307692308,1.5,100000000.0,130000000.0,30.0,3609.5,0,0
40,1,0,0,0,0,0,1,0,0,0,0,0,0,0,0,0,0,0,0,0,0,0,1,0,0,200000000,245000000.0,30,45000000.0,18.367346938775512,6.5,133333333.33333331,167750000.0,30.0,3610.25,0,0
30,0,1,0,0,0,0,0,0,0,0,0,0,0,0,1,0,0,0,0,1,0,0,0,0,0,10000,11125.0,15,1125.0,10.112359550561797,2.0,100000000.0,120000000.0,20.0,3608.3333333333335,0,0
35,1,0,1,0,0,0,0,0,0,0,0,0,0,0,0,0,0,0,0,0,1,0,0,0,0,100000000,130000000.0,30,30000000.0,23.07692307692308,1.0,100000000.0,115000000.0,15.0,3611.0,0,0
32,0,1,0,0,0,0,0,1,0,0,0,0,0,0,0,0,0,0,0,0,1,0,0,0,0,100000000,115000000.0,15,15000000.0,13.043478260869565,2.5,95000000.0,116000000.0,22.5,3609.25,0,0
37,0,1,0,1,0,0,0,0,0,0,0,0,0,0,0,0,0,0,0,0,1,0,0,0,0,10000,13000.0,30,3000.0,23.07692307692308,1.0,100000000.0,115000000.0,15.0,3668.0,0,0
36,0,1,0,0,0,0,1,0,0,0,0,0,0,0,0,0,0,0,0,1,0,0,0,0,0,100000000,115000000.0,15,15000000.0,13.043478260869565,1.0,100000000.0,115000000.0,15.0,3670.0,0,0
36,0,1,0,0,0,0,0,1,0,0,0,0,0,0,0,0,0,0,0,0,1,0,0,0,0,10000,11500.0,15,1500.0,13.043478260869565,1.5,100000000.0,122500000.0,22.5,3637.0,0,0
29,0,1,0,0,0,0,0,0,0,0,0,0,0,0,0,0,0,0,0,0,1,0,0,0,0,100000000,130000000.0,30,30000000.0,23.07692307692308,1.0,100000000.0,130000000.0,30.0,3669.0,0,0
27,0,1,1,0,0,0,0,0,0,0,0,0,0,0,0,0,0,0,0,0,1,0,0,0,0,100000000,130000000.0,30,30000000.0,23.07692307692308,1.0,100000000.0,130000000.0,30.0,3611.0,0,0
35,0,1,0,0,0,0,0,0,0,0,0,0,0,0,1,0,0,0,0,0,1,0,0,0,0,100000000,130000000.0,30,30000000.0,23.07692307692308,1.5,100000000.0,115000000.0,15.0,7292.0,0,1
35,0,1,0,0,0,0,0,1,0,0,0,0,0,0,0,0,0,0,0,0,1,0,0,0,0,100000000,130000000.0,30,30000000.0,23.07692307692308,1.0,100000000.0,130000000.0,30.0,3671.0,0,0
31,1,0,0,0,0,0,0,1,0,0,0,0,0,0,0,0,0,0,0,0,1,0,0,0,0,100000000,107500000.0,15,7500000.0,6.976744186046512,4.0,100000000.0,113392857.14285716,15.0,3617.714285714286,0,0
31,1,0,0,0,0,0,0,0,0,0,0,0,0,0,0,0,0,0,0,0,1,0,0,0,0,20000,22250.0,15,2250.0,10.112359550561797,6.0,209090909.0909091,244500000.0,25.90909090909091,3682.4545454545455,0,0
34,0,1,0,0,0,0,1,0,0,0,0,0,0,0,0,0,0,0,0,1,0,0,0,0,0,100000000,115000000.0,15,15000000.0,13.043478260869565,1.5,100000000.0,115000000.0,15.0,3610.0,0,0
46,0,1,0,0,0,0,0,1,0,0,0,0,0,0,0,0,0,0,0,0,1,0,0,0,0,20000,24500.0,30,4500.0,18.367346938775512,2.0,100000000.0,115000000.0,15.0,3610.0,0,0
46,0,1,0,0,0,0,0,1,0,0,0,0,0,0,0,0,0,0,0,1,0,0,0,0,0,100000000,130000000.0,30,30000000.0,23.07692307692308,2.0,100000000.0,125000000.0,25.0,3608.6666666666665,0,0
32,0,1,0,0,0,0,0,0,0,0,0,0,0,0,1,0,0,0,0,0,1,0,0,0,0,100000000,115000000.0,15,15000000.0,13.043478260869565,1.0,100000000.0,115000000.0,15.0,3669.0,0,0
39,0,1,0,0,0,0,0,0,0,0,0,0,0,0,0,0,0,0,1,0,1,0,0,0,0,100000000,115000000.0,15,15000000.0,13.043478260869565,1.0,100000000.0,115000000.0,15.0,3668.0,0,0
43,0,1,1,0,0,0,0,0,0,0,0,0,0,0,0,0,0,0,0,0,0,0,1,0,0,100000000,130000000.0,30,30000000.0,23.07692307692308,1.5,100000000.0,122500000.0,22.5,3611.0,0,0
27,1,0,0,1,0,0,0,0,0,0,0,0,0,0,0,0,0,0,0,0,0,0,0,1,0,15000,17250.0,30,2250.0,13.043478260869565,6.5,175833333.33333334,209250000.0,28.75,3612.5,0,0
37,1,0,0,0,0,0,0,1,0,0,0,0,0,0,0,0,0,0,0,0,1,0,0,0,0,400000000,440000000.0,30,40000000.0,9.090909090909092,6.5,250000000.0,286250000.0,27.5,3609.1666666666665,0,0
27,0,1,0,0,0,0,0,0,0,0,0,0,0,0,1,0,0,0,0,0,1,0,0,0,0,200000000,245000000.0,30,45000000.0,18.367346938775512,2.0,100000000.0,120000000.0,20.0,3608.6666666666665,0,0
35,0,1,0,0,0,0,1,0,0,0,0,0,0,0,0,0,0,0,0,0,1,0,0,0,0,100000000,115000000.0,15,15000000.0,13.043478260869565,1.0,100000000.0,115000000.0,15.0,3607.0,0,0
31,0,1,0,0,0,0,0,1,0,0,0,0,0,0,0,0,0,0,0,1,0,0,0,0,0,200000000,245000000.0,30,45000000.0,18.367346938775512,2.0,100000000.0,130000000.0,30.0,3607.6666666666665,0,0
38,0,1,0,0,0,0,0,1,0,0,0,0,0,0,0,0,0,0,0,0,1,0,0,0,0,15000,16687.5,15,1687.5,10.112359550561797,3.5,100000000.0,115000000.0,15.0,3620.3333333333335,0,0
31,0,1,0,0,0,0,0,0,0,0,1,0,0,0,0,0,0,0,0,0,1,0,0,0,0,40000,44000.0,30,4000.0,9.090909090909092,6.5,166666666.66666666,190208333.3333333,21.25,3608.1666666666665,0,0
34,0,1,0,0,0,0,0,1,0,0,0,0,0,0,0,0,0,0,0,1,0,0,0,0,0,100000000,130000000.0,30,30000000.0,23.07692307692308,1.0,100000000.0,115000000.0,15.0,6927.0,0,1
45,0,1,0,0,0,0,0,1,0,0,0,0,0,0,0,0,0,0,0,0,0,0,1,0,0,10000,13000.0,30,3000.0,23.07692307692308,1.5,100000000.0,130000000.0,30.0,3608.5,0,0
33,0,1,1,0,0,0,0,0,0,0,0,0,0,0,0,0,0,0,0,0,1,0,0,0,0,100000000,115000000.0,15,15000000.0,13.043478260869565,1.0,100000000.0,130000000.0,30.0,3668.0,0,0
41,1,0,1,0,0,0,0,0,0,0,0,0,0,0,0,0,0,0,0,0,0,0,1,0,0,300000000,345000000.0,30,45000000.0,13.043478260869565,5.5,180000000.0,217600000.0,28.5,3619.6,0,0
36,0,1,0,0,0,0,1,0,0,0,0,0,0,0,0,0,0,0,0,0,1,0,0,0,0,200000000,245000000.0,30,45000000.0,18.367346938775512,2.5,112500000.0,143437500.0,30.0,3628.75,0,0
35,0,1,0,0,0,0,1,0,0,0,0,0,0,0,0,0,0,0,0,0,1,0,0,0,0,30000,34500.0,30,4500.0,13.043478260869565,3.5,150000000.0,186333333.3333333,30.0,3609.5,0,0
39,0,1,0,0,0,0,0,0,0,0,0,0,0,0,1,0,0,0,0,0,1,0,0,0,0,400000000,480000000.0,60,80000000.0,16.666666666666664,5.0,177777777.7777778,216083333.3333333,30.0,3607.8888888888887,1,1
45,0,1,0,0,0,0,0,0,0,0,0,0,0,0,1,0,0,0,0,1,0,0,0,0,0,100000000,115000000.0,15,15000000.0,13.043478260869565,1.0,100000000.0,115000000.0,15.0,3667.0,0,0
30,0,1,0,0,0,0,1,0,0,0,0,0,0,0,0,0,0,0,0,0,1,0,0,0,0,10000,11500.0,15,1500.0,13.043478260869565,1.0,100000000.0,115000000.0,15.0,3669.0,0,0
47,1,0,0,0,0,0,1,0,0,0,0,0,0,0,0,0,0,0,0,0,1,0,0,0,0,200000000,245000000.0,30,45000000.0,18.367346938775512,1.5,100000000.0,130000000.0,30.0,3607.0,0,0
46,0,1,0,0,0,0,1,0,0,0,0,0,0,0,0,0,0,0,0,1,0,0,0,0,0,10000,13000.0,30,3000.0,23.07692307692308,1.0,100000000.0,115000000.0,15.0,3611.0,0,0
41,0,1,0,0,0,0,1,0,0,0,0,0,0,0,0,0,0,0,0,0,1,0,0,0,0,100000000,130000000.0,30,30000000.0,23.07692307692308,1.5,100000000.0,130000000.0,30.0,3637.5,0,0
29,0,1,0,0,0,0,0,1,0,0,0,0,0,0,0,0,0,0,0,0,1,0,0,0,0,200000000,245000000.0,30,45000000.0,18.367346938775512,2.0,100000000.0,130000000.0,30.0,3609.3333333333335,0,0
39,0,1,0,0,0,0,0,1,0,0,0,0,0,0,0,0,0,0,0,0,1,0,0,0,0,100000000,130000000.0,30,30000000.0,23.07692307692308,1.0,100000000.0,130000000.0,30.0,3668.0,0,0
40,0,1,0,0,0,0,0,1,0,0,0,0,0,0,0,0,0,0,0,0,1,0,0,0,0,200000000,245000000.0,30,45000000.0,18.367346938775512,2.5,125000000.0,158750000.0,30.0,3625.25,0,0
32,0,1,0,0,0,0,0,0,0,0,0,0,0,0,0,0,0,0,1,0,1,0,0,0,0,20000,24500.0,30,4500.0,18.367346938775512,2.5,125000000.0,155000000.0,26.25,3608.0,0,0
38,0,1,0,0,0,0,0,1,0,0,0,0,0,0,0,0,0,0,0,0,1,0,0,0,0,100000000,130000000.0,30,30000000.0,23.07692307692308,1.0,100000000.0,130000000.0,30.0,3617.0,0,0
27,0,1,0,0,0,0,0,0,0,0,0,0,0,0,0,0,0,0,1,0,1,0,0,0,0,100000000,115000000.0,15,15000000.0,13.043478260869565,1.0,100000000.0,130000000.0,30.0,3669.0,0,0
44,0,1,0,0,0,0,0,1,0,0,0,0,0,0,0,0,0,0,0,0,1,0,0,0,0,100000000,130000000.0,30,30000000.0,23.07692307692308,1.0,100000000.0,130000000.0,30.0,3668.0,0,0
30,0,1,0,0,0,0,0,1,0,0,0,0,0,0,0,0,0,0,0,0,1,0,0,0,0,10000,13000.0,30,3000.0,23.07692307692308,2.0,100000000.0,125000000.0,25.0,3637.3333333333335,0,0
53,1,0,0,0,0,0,0,1,0,0,0,0,0,0,0,0,0,0,0,0,1,0,0,0,0,300000000,345000000.0,30,45000000.0,13.043478260869565,7.5,177142857.14285713,211678571.42857143,30.0,3614.214285714286,0,0
40,0,1,1,0,0,0,0,0,0,0,0,0,0,0,0,0,0,0,0,1,0,0,0,0,0,300000000,345000000.0,30,45000000.0,13.043478260869565,4.0,171428571.42857143,201428571.42857143,23.571428571428573,3608.857142857143,0,0
34,0,1,0,0,0,0,0,0,0,0,0,1,0,0,0,0,0,0,0,0,1,0,0,0,0,200000000,245000000.0,30,45000000.0,18.367346938775512,2.5,125000000.0,153750000.0,26.25,3611.75,0,0
33,1,0,0,0,0,0,0,1,0,0,0,0,0,0,0,0,0,0,0,0,1,0,0,0,0,300000000,345000000.0,30,45000000.0,13.043478260869565,4.5,212500000.0,244875000.0,24.375,3617.125,0,0
29,0,1,1,0,0,0,0,0,0,0,0,0,0,0,0,0,0,0,0,0,1,0,0,0,0,200000000,222500000.0,15,22500000.0,10.112359550561797,2.5,125000000.0,145625000.0,18.75,3623.25,0,0
42,0,1,0,0,0,0,1,0,0,0,0,0,0,0,0,0,0,0,0,1,0,0,0,0,0,300000000,339999000.0,30,39999000.0,11.764446366018722,3.0,140000000.0,169000000.0,24.0,3608.8,0,0
44,0,1,0,0,0,0,1,0,0,0,0,0,0,0,0,0,0,0,0,0,1,0,0,0,0,100000000,130000000.0,30,30000000.0,23.07692307692308,1.5,100000000.0,130000000.0,30.0,3607.0,0,0
35,0,1,0,0,0,0,0,1,0,0,0,0,0,0,0,0,0,0,0,0,1,0,0,0,0,100000000,130000000.0,30,30000000.0,23.07692307692308,1.0,100000000.0,130000000.0,30.0,3607.0,0,0
30,1,0,0,0,0,0,0,1,0,0,0,0,0,0,0,0,0,0,0,0,0,0,0,1,0,400000000,440000000.0,30,40000000.0,9.090909090909092,6.0,250000000.0,284863636.3636364,27.272727272727277,3611.818181818182,0,0
46,0,1,0,0,0,0,0,1,0,0,0,0,0,0,0,0,0,0,0,0,0,0,1,0,0,40000,48000.0,60,8000.0,16.666666666666664,5.5,250000000.0,302200000.0,42.0,3625.4,1,1
45,0,1,0,0,0,0,0,1,0,0,0,0,0,0,0,0,0,0,0,0,1,0,0,0,0,200000000,222500000.0,15,22500000.0,10.112359550561797,1.5,100000000.0,115000000.0,15.0,3609.5,0,0
44,0,1,0,0,0,0,0,1,0,0,0,0,0,0,0,0,0,0,0,0,1,0,0,0,0,100000000,130000000.0,30,30000000.0,23.07692307692308,1.0,100000000.0,115000000.0,15.0,3671.0,0,0
38,0,1,1,0,0,0,0,0,0,0,0,0,0,0,0,0,0,0,0,0,1,0,0,0,0,20000,24500.0,30,4500.0,18.367346938775512,2.5,125000000.0,153250000.0,26.25,3610.25,0,0
31,0,1,0,0,0,0,0,1,0,0,0,0,0,0,0,0,0,0,0,0,1,0,0,0,0,100000000,130000000.0,30,30000000.0,23.07692307692308,1.0,100000000.0,130000000.0,30.0,3669.0,0,0
30,0,1,0,0,0,0,1,0,0,0,0,0,0,0,0,0,0,0,0,0,1,0,0,0,0,200000000,245000000.0,30,45000000.0,18.367346938775512,2.0,100000000.0,120000000.0,20.0,3607.3333333333335,0,0
32,0,1,0,0,0,0,0,1,0,0,0,0,0,0,0,0,0,0,0,0,1,0,0,0,0,200000000,245000000.0,30,45000000.0,18.367346938775512,4.0,142857142.85714287,171857142.85714287,23.571428571428573,3627.0,0,0
44,0,1,0,0,1,0,0,0,0,0,0,0,0,0,0,0,0,0,0,0,1,0,0,0,0,300000000,345000000.0,30,45000000.0,13.043478260869565,3.5,150000000.0,171666666.66666666,17.5,3608.5,0,0
54,0,1,0,0,0,0,0,0,0,0,0,0,0,0,0,0,0,0,1,0,1,0,0,0,0,10000,11500.0,15,1500.0,13.043478260869565,1.0,100000000.0,115000000.0,15.0,3669.0,0,0
35,0,1,0,1,0,0,0,0,0,0,0,0,0,0,0,0,0,0,0,0,1,0,0,0,0,100000000,125000000.0,30,25000000.0,20.0,1.5,100000000.0,130000000.0,30.0,3637.5,0,0
34,0,1,0,0,0,0,0,0,0,0,0,0,0,0,0,0,0,0,0,0,1,0,0,0,0,300000000,345000000.0,30,45000000.0,13.043478260869565,3.5,183333333.3333333,209000000.0,20.0,3616.8333333333335,0,0
56,0,1,0,0,0,0,0,0,0,0,1,0,0,0,0,0,0,0,0,0,1,0,0,0,0,25000,28750.0,30,3750.0,13.043478260869565,3.5,150000000.0,183833333.3333333,27.5,3617.0,0,0
31,0,1,0,0,0,0,0,0,0,0,0,0,0,0,0,0,0,0,0,0,1,0,0,0,0,200000000,245000000.0,30,45000000.0,18.367346938775512,3.0,140000000.0,176000000.0,30.0,3619.6,0,0
41,0,1,0,0,0,0,0,0,0,0,0,0,0,0,0,0,0,0,1,0,1,0,0,0,0,100000000,130000000.0,30,30000000.0,23.07692307692308,1.5,100000000.0,130000000.0,30.0,3638.0,0,0
38,0,1,0,1,0,0,0,0,0,0,0,0,0,0,0,0,0,0,0,1,0,0,0,0,0,200000000,245000000.0,30,45000000.0,18.367346938775512,2.5,112500000.0,132187500.0,18.75,3608.0,0,0
40,1,0,0,0,0,0,0,0,0,0,0,0,0,0,0,0,0,0,0,0,1,0,0,0,0,400000000,440000000.0,30,40000000.0,9.090909090909092,6.0,263636363.63636363,311000000.0,38.18181818181818,3609.4545454545455,0,0
29,0,1,0,0,0,0,0,1,0,0,0,0,0,0,0,0,0,0,0,0,1,0,0,0,0,100000000,130000000.0,30,30000000.0,23.07692307692308,1.0,100000000.0,130000000.0,30.0,5556.0,0,1
38,0,1,0,0,0,0,0,0,0,0,0,0,0,0,1,0,0,0,0,0,1,0,0,0,0,15000,16687.5,15,1687.5,10.112359550561797,2.0,100000000.0,115000000.0,15.0,3609.3333333333335,0,0
31,0,1,0,0,0,0,0,0,0,0,0,0,0,0,0,0,0,0,0,0,1,0,0,0,0,100000000,130000000.0,30,30000000.0,23.07692307692308,1.0,100000000.0,130000000.0,30.0,3613.0,0,0
37,0,1,0,0,0,0,0,0,0,0,0,0,0,0,1,0,0,0,0,0,1,0,0,0,0,10000,13000.0,30,3000.0,23.07692307692308,1.0,100000000.0,115000000.0,15.0,3670.0,0,0
38,0,1,0,0,0,0,0,0,0,0,0,1,0,0,0,0,0,0,0,0,1,0,0,0,0,100000000,115000000.0,15,15000000.0,13.043478260869565,1.5,100000000.0,130000000.0,30.0,3637.5,0,0
33,0,1,0,0,0,0,0,1,0,0,0,0,0,0,0,0,0,0,0,0,1,0,0,0,0,10000,13000.0,30,3000.0,23.07692307692308,1.0,100000000.0,130000000.0,30.0,3668.0,0,0
32,1,0,0,0,0,0,0,1,0,0,0,0,0,0,0,0,0,0,0,0,1,0,0,0,0,10000,11500.0,15,1500.0,13.043478260869565,1.0,100000000.0,130000000.0,30.0,3611.0,0,0
41,0,1,0,0,0,0,1,0,0,0,0,0,0,0,0,0,0,0,0,0,1,0,0,0,0,200000000,245000000.0,30,45000000.0,18.367346938775512,2.0,100000000.0,125000000.0,25.0,3609.6666666666665,0,0
27,1,0,0,0,0,0,0,1,0,0,0,0,0,0,0,0,0,0,0,0,0,0,0,1,0,400000000,440000000.0,30,40000000.0,9.090909090909092,5.5,240000000.0,279000000.0,30.0,3609.5,0,0
46,0,1,0,0,0,0,0,0,0,0,1,0,0,0,0,0,0,0,0,0,1,0,0,0,0,100000000,130000000.0,30,30000000.0,23.07692307692308,1.0,100000000.0,130000000.0,30.0,3668.0,0,0
41,1,0,0,0,0,0,1,0,0,0,0,0,0,0,0,0,0,0,0,0,0,0,1,0,0,250000000,287500000.0,30,37500000.0,13.043478260869565,4.5,160000000.0,197875000.0,31.875,3610.375,0,0
30,0,1,0,0,1,0,0,0,0,0,0,0,0,0,0,0,0,0,0,0,1,0,0,0,0,100000000,115000000.0,15,15000000.0,13.043478260869565,1.0,100000000.0,115000000.0,15.0,3669.0,0,0
34,0,1,0,0,0,0,1,0,0,0,0,0,0,0,0,0,0,0,0,0,1,0,0,0,0,100000000,115000000.0,15,15000000.0,13.043478260869565,1.0,100000000.0,115000000.0,15.0,3616.0,0,0
30,1,0,1,0,0,0,0,0,0,0,0,0,0,0,0,0,0,0,0,0,1,0,0,0,0,100000000,130000000.0,30,30000000.0,23.07692307692308,1.0,100000000.0,115000000.0,15.0,3644.0,0,0
32,0,1,0,0,0,0,0,0,0,0,0,0,0,0,1,0,0,0,0,0,1,0,0,0,0,10000,13000.0,30,3000.0,23.07692307692308,1.0,100000000.0,130000000.0,30.0,3668.0,0,0
39,0,1,0,0,0,0,0,0,0,0,0,0,0,0,0,0,0,0,0,0,1,0,0,0,0,10000,13000.0,30,3000.0,23.07692307692308,1.0,100000000.0,130000000.0,30.0,3611.0,0,0
46,0,1,0,0,0,0,0,1,0,0,0,0,0,0,0,0,0,0,0,0,1,0,0,0,0,100000000,130000000.0,30,30000000.0,23.07692307692308,1.0,100000000.0,130000000.0,30.0,3668.0,0,0
29,0,1,0,0,0,0,0,0,0,0,0,0,0,0,0,0,0,0,1,0,1,0,0,0,0,100000000,130000000.0,30,30000000.0,23.07692307692308,1.0,100000000.0,130000000.0,30.0,3667.0,0,0
48,0,1,0,0,0,0,0,0,0,0,0,0,0,0,0,0,0,0,1,0,1,0,0,0,0,10000,11500.0,15,1500.0,13.043478260869565,1.0,100000000.0,115000000.0,15.0,3673.0,0,0
43,0,1,0,0,0,0,0,1,0,0,0,0,0,0,0,0,0,0,0,0,1,0,0,0,0,100000000,115000000.0,15,15000000.0,13.043478260869565,3.0,100000000.0,115000000.0,15.0,3619.0,0,0
49,0,1,0,0,0,0,1,0,0,0,0,0,0,0,0,0,0,0,0,0,1,0,0,0,0,10000,13000.0,30,3000.0,23.07692307692308,1.0,100000000.0,130000000.0,30.0,3608.0,0,0
31,0,1,0,0,0,0,0,1,0,0,0,0,0,0,0,0,0,0,0,0,1,0,0,0,0,200000000,245000000.0,30,45000000.0,18.367346938775512,3.0,140000000.0,173000000.0,27.0,4367.2,0,0
37,0,1,0,0,0,0,0,0,0,0,0,0,0,0,0,0,0,0,0,1,0,0,0,0,0,200000000,245000000.0,30,45000000.0,18.367346938775512,3.0,140000000.0,173000000.0,27.0,3619.0,0,0
47,0,1,0,0,0,0,0,1,0,0,0,0,0,0,0,0,0,0,0,1,0,0,0,0,0,100000000,115000000.0,15,15000000.0,13.043478260869565,1.0,100000000.0,115000000.0,15.0,3667.0,0,0
36,1,0,0,0,0,0,0,1,0,0,0,0,0,0,0,0,0,0,0,0,1,0,0,0,0,400000000,440000000.0,30,40000000.0,9.090909090909092,5.5,270000000.0,313500000.0,33.0,3610.8,0,0
36,0,1,0,0,0,0,0,0,0,0,0,0,0,0,0,0,0,0,1,0,1,0,0,0,0,100000000,130000000.0,30,30000000.0,23.07692307692308,1.5,100000000.0,122500000.0,22.5,3638.0,0,0
50,1,0,0,0,0,0,0,1,0,0,0,0,0,0,0,0,0,0,0,0,0,0,1,0,0,200000000,245000000.0,30,45000000.0,18.367346938775512,4.5,150000000.0,183750000.0,28.125,3609.25,0,0
51,0,1,0,0,0,0,1,0,0,0,0,0,0,0,0,0,0,0,0,0,1,0,0,0,0,10000,13000.0,30,3000.0,23.07692307692308,1.5,100000000.0,130000000.0,30.0,3606.5,0,0
42,0,1,0,0,0,0,0,0,0,0,1,0,0,0,0,0,0,0,0,0,1,0,0,0,0,10000,13000.0,30,3000.0,23.07692307692308,2.0,100000000.0,120000000.0,20.0,3608.6666666666665,0,0
32,1,0,0,0,0,0,0,1,0,0,0,0,0,0,0,0,0,0,0,0,0,0,0,1,0,300000000,390000000.0,60,90000000.0,23.07692307692308,5.0,233333333.3333333,285777777.7777778,43.333333333333336,3610.8888888888887,1,1
31,0,1,0,0,0,0,0,0,0,0,0,0,0,0,0,0,0,0,1,0,1,0,0,0,0,100000000,115000000.0,15,15000000.0,13.043478260869565,1.0,100000000.0,115000000.0,15.0,3669.0,0,0
39,0,1,0,0,0,0,0,0,0,0,0,0,0,0,1,0,0,0,0,0,1,0,0,0,0,100000000,130000000.0,30,30000000.0,23.07692307692308,1.0,100000000.0,130000000.0,30.0,3672.0,0,0
35,1,0,0,0,0,0,0,1,0,0,0,0,0,0,0,0,0,0,0,0,1,0,0,0,0,20000,24500.0,30,4500.0,18.367346938775512,5.5,140000000.0,173100000.0,28.5,3618.3,0,0
37,0,1,1,0,0,0,0,0,0,0,0,0,0,0,0,0,0,0,0,0,1,0,0,0,0,100000000,115000000.0,15,15000000.0,13.043478260869565,1.0,100000000.0,130000000.0,30.0,3671.0,0,0
46,0,1,0,0,0,0,0,0,0,0,0,1,0,0,0,0,0,0,0,0,1,0,0,0,0,100000000,115000000.0,15,15000000.0,13.043478260869565,1.0,100000000.0,115000000.0,15.0,3668.0,0,0
34,0,1,0,0,0,0,0,1,0,0,0,0,0,0,0,0,0,0,0,0,0,0,1,0,0,250000000,275000000.0,30,25000000.0,9.090909090909092,5.0,161111111.1111111,196944444.44444445,33.333333333333336,3611.777777777778,0,0
39,1,0,0,0,0,0,1,0,0,0,0,0,0,0,0,0,0,0,0,0,0,0,1,0,0,200000000,230000000.0,30,30000000.0,13.043478260869565,6.0,160000000.0,194590909.0909091,30.0,3609.727272727273,0,0
42,0,1,0,0,0,0,0,1,0,0,0,0,0,0,0,0,0,0,0,0,1,0,0,0,0,200000000,245000000.0,30,45000000.0,18.367346938775512,2.5,125000000.0,147500000.0,18.75,3625.25,0,0
32,0,1,0,1,0,0,0,0,0,0,0,0,0,0,0,0,0,0,0,0,1,0,0,0,0,100000000,115000000.0,15,15000000.0,13.043478260869565,1.0,100000000.0,115000000.0,15.0,3669.0,0,0
33,0,1,0,0,0,0,0,0,0,0,0,0,0,0,0,0,0,0,1,0,1,0,0,0,0,30000,34500.0,30,4500.0,13.043478260869565,3.5,150000000.0,168166666.66666666,15.0,3608.0,0,0
37,0,1,0,0,1,0,0,0,0,0,0,0,0,0,0,0,0,0,0,0,1,0,0,0,0,200000000,245000000.0,30,45000000.0,18.367346938775512,2.5,125000000.0,158750000.0,30.0,3697.75,0,0
28,0,1,0,0,0,0,1,0,0,0,0,0,0,0,0,0,0,0,0,0,1,0,0,0,0,100000000,130000000.0,30,30000000.0,23.07692307692308,1.5,100000000.0,130000000.0,30.0,3637.0,0,0
37,0,1,0,0,0,0,0,1,0,0,0,0,0,0,0,0,0,0,0,0,1,0,0,0,0,100000000,130000000.0,30,30000000.0,23.07692307692308,1.0,100000000.0,115000000.0,15.0,3613.0,0,0
32,1,0,0,0,0,0,0,0,0,0,0,0,0,0,0,0,0,0,1,0,1,0,0,0,0,20000,23000.0,30,3000.0,13.043478260869565,4.5,175000000.0,216500000.0,37.5,3609.875,0,0
39,0,1,1,0,0,0,0,0,0,0,0,0,0,0,0,0,0,0,0,1,0,0,0,0,0,100000000,122500000.0,30,22500000.0,18.367346938775512,3.0,120000000.0,151500000.0,30.0,3619.0,0,0
36,0,1,0,0,0,0,0,0,0,0,0,0,0,0,0,0,0,0,0,0,1,0,0,0,0,200000000,222500000.0,15,22500000.0,10.112359550561797,2.0,100000000.0,115000000.0,15.0,3606.6666666666665,0,0
34,1,0,0,0,0,0,0,1,0,0,0,0,0,0,0,0,0,0,0,0,0,0,1,0,0,300000000,345000000.0,30,45000000.0,13.043478260869565,6.0,200000000.0,231181818.1818182,24.545454545454547,3610.363636363637,0,0
55,1,0,0,1,0,0,0,0,0,0,0,0,0,0,0,0,0,0,0,0,0,0,1,0,0,100000000,115000000.0,15,15000000.0,13.043478260869565,1.0,100000000.0,130000000.0,30.0,3607.0,0,0
42,0,1,1,0,0,0,0,0,0,0,0,0,0,0,0,0,0,0,0,1,0,0,0,0,0,100000000,130000000.0,30,30000000.0,23.07692307692308,1.0,100000000.0,130000000.0,30.0,3669.0,0,0
35,0,1,0,0,0,0,0,0,0,0,0,0,0,0,1,0,0,0,0,0,1,0,0,0,0,100000000,130000000.0,30,30000000.0,23.07692307692308,1.0,100000000.0,130000000.0,30.0,5914.0,0,1
50,0,1,0,0,0,0,0,0,0,0,0,0,0,0,0,0,0,0,1,0,1,0,0,0,0,100000000,130000000.0,30,30000000.0,23.07692307692308,1.5,100000000.0,130000000.0,30.0,3637.0,0,0
43,0,1,0,0,0,0,0,1,0,0,0,0,0,0,0,0,0,0,0,0,1,0,0,0,0,100000000,130000000.0,30,30000000.0,23.07692307692308,1.0,100000000.0,130000000.0,30.0,3610.0,0,0
39,0,1,0,0,0,0,0,1,0,0,0,0,0,0,0,0,0,0,0,1,0,0,0,0,0,10000,11500.0,15,1500.0,13.043478260869565,1.5,100000000.0,115000000.0,15.0,3609.0,0,0
43,0,1,0,0,0,0,0,1,0,0,0,0,0,0,0,0,0,0,0,0,1,0,0,0,0,10000,13000.0,30,3000.0,23.07692307692308,1.0,100000000.0,130000000.0,30.0,3612.0,0,0
35,0,1,0,0,0,0,0,1,0,0,0,0,0,0,0,0,0,0,0,1,0,0,0,0,0,10000,13000.0,30,3000.0,23.07692307692308,1.0,100000000.0,130000000.0,30.0,3668.0,0,0
31,0,1,0,0,0,0,0,1,0,0,0,0,0,0,0,0,0,0,0,0,1,0,0,0,0,40000,48000.0,60,8000.0,16.666666666666664,6.0,245454545.45454547,293818181.8181818,38.18181818181818,3609.5454545454554,1,1
34,0,1,0,0,0,0,0,1,0,0,0,0,0,0,0,0,0,0,0,0,1,0,0,0,0,200000000,245000000.0,30,45000000.0,18.367346938775512,3.5,116666666.66666669,149166666.66666666,30.0,3613.5,0,0
33,0,1,0,0,0,0,1,0,0,0,0,0,0,0,0,0,0,0,0,0,1,0,0,0,0,10000,13000.0,30,3000.0,23.07692307692308,1.5,100000000.0,122500000.0,22.5,3637.5,0,0
36,0,1,0,0,0,0,1,0,0,0,0,0,0,0,0,0,0,0,0,0,1,0,0,0,0,100000000,115000000.0,15,15000000.0,13.043478260869565,1.0,100000000.0,115000000.0,15.0,3607.0,0,0
37,1,0,0,0,0,0,0,0,0,0,1,0,0,0,0,0,0,0,0,0,1,0,0,0,0,300000000,345000000.0,30,45000000.0,13.043478260869565,4.5,162500000.0,185062500.0,18.75,3609.5,0,0
34,1,0,0,0,0,0,0,1,0,0,0,0,0,0,0,0,0,0,0,0,1,0,0,0,0,300000000,390000000.0,60,90000000.0,23.07692307692308,5.0,150000000.0,186277777.7777778,30.0,3622.6666666666665,1,1
34,1,0,0,0,0,0,0,1,0,0,0,0,0,0,0,0,0,0,0,0,1,0,0,0,0,30000,34500.0,30,4500.0,13.043478260869565,5.0,188888888.8888889,222333333.3333333,26.666666666666668,3618.555555555556,0,0
47,0,1,0,0,0,0,1,0,0,0,0,0,0,0,0,0,0,0,0,0,1,0,0,0,0,200000000,245000000.0,30,45000000.0,18.367346938775512,3.5,116666666.66666669,139833333.33333334,22.5,3608.6666666666665,0,0
28,0,1,0,0,0,0,0,1,0,0,0,0,0,0,0,0,0,0,0,0,1,0,0,0,0,100000000,130000000.0,30,30000000.0,23.07692307692308,1.5,100000000.0,130000000.0,30.0,3612.5,0,0
37,0,1,0,0,0,0,0,1,0,0,0,0,0,0,0,0,0,0,0,0,1,0,0,0,0,100000000,130000000.0,30,30000000.0,23.07692307692308,1.5,100000000.0,122500000.0,22.5,3614.5,0,0
41,0,0,0,0,0,1,0,0,0,0,0,0,0,0,0,0,0,0,0,0,1,0,0,0,0,400000000,440000000.0,30,40000000.0,9.090909090909092,6.5,250000000.0,282166666.6666667,25.0,3608.0833333333335,0,0
40,0,1,0,1,0,0,0,0,0,0,0,0,0,0,0,0,0,0,0,0,0,0,1,0,0,100000000,115000000.0,15,15000000.0,13.043478260869565,3.5,100000000.0,117500000.0,17.5,3608.5,0,0
34,1,0,0,0,0,0,0,0,0,0,0,0,0,0,1,0,0,0,0,0,1,0,0,0,0,600000000,654000000.0,60,54000000.0,8.256880733944955,13.5,146153846.15384614,161932692.30769232,20.76923076923077,3613.3846153846152,1,1
43,0,1,0,0,0,0,0,0,0,0,0,1,0,0,0,0,0,0,0,0,1,0,0,0,0,10000,11500.0,15,1500.0,13.043478260869565,1.0,100000000.0,130000000.0,30.0,3668.0,0,0
31,0,1,0,0,0,1,0,0,0,0,0,0,0,0,0,0,0,0,0,0,1,0,0,0,0,100000000,130000000.0,30,30000000.0,23.07692307692308,1.0,100000000.0,130000000.0,30.0,3613.0,0,0
30,0,1,0,0,0,0,0,0,0,0,1,0,0,0,0,0,0,0,0,0,1,0,0,0,0,100000000,130000000.0,30,30000000.0,23.07692307692308,1.5,100000000.0,130000000.0,30.0,3694.5,0,0
40,0,1,0,0,0,0,0,0,0,0,0,1,0,0,0,0,0,0,0,0,1,0,0,0,0,100000000,115000000.0,15,15000000.0,13.043478260869565,1.0,100000000.0,115000000.0,15.0,6545.0,0,1
44,0,1,0,0,0,0,0,0,0,0,0,0,0,0,1,0,0,0,0,1,0,0,0,0,0,20000,22250.0,15,2250.0,10.112359550561797,3.0,100000000.0,118000000.0,18.0,3609.0,0,0
40,0,1,0,0,0,0,0,1,0,0,0,0,0,0,0,0,0,0,0,0,1,0,0,0,0,20000,24500.0,30,4500.0,18.367346938775512,2.0,133333333.33333331,168333333.33333334,30.0,3610.3333333333335,0,0
32,0,1,0,0,0,0,0,1,0,0,0,0,0,0,0,0,0,0,0,0,1,0,0,0,0,100000000,122500000.0,30,22500000.0,18.367346938775512,2.0,100000000.0,125000000.0,25.0,3609.0,0,0
31,0,1,0,0,0,0,1,0,0,0,0,0,0,0,0,0,0,0,0,1,0,0,0,0,0,10000,13000.0,30,3000.0,23.07692307692308,2.5,100000000.0,130000000.0,30.0,3610.0,0,0
27,0,1,0,0,1,0,0,0,0,0,0,0,0,0,0,0,0,0,0,1,0,0,0,0,0,100000000,130000000.0,30,30000000.0,23.07692307692308,1.0,100000000.0,115000000.0,15.0,3671.0,0,0
33,0,1,0,0,0,0,0,1,0,0,0,0,0,0,0,0,0,0,0,0,1,0,0,0,0,200000000,245000000.0,30,45000000.0,18.367346938775512,2.5,125000000.0,145500000.0,18.75,3614.0,0,0
54,0,1,0,0,0,0,0,1,0,0,0,0,0,0,0,0,0,0,0,0,0,0,1,0,0,400000000,440000000.0,30,40000000.0,9.090909090909092,6.0,186363636.3636364,213295454.54545453,27.272727272727277,3614.0,0,0
31,0,1,0,0,0,0,0,0,0,0,0,0,0,0,0,0,0,0,1,1,0,0,0,0,0,300000000,390000000.0,60,90000000.0,23.07692307692308,3.5,150000000.0,186333333.3333333,30.0,3610.5,1,1
33,0,1,0,0,0,0,0,1,0,0,0,0,0,0,0,0,0,0,0,0,1,0,0,0,0,10000,11500.0,15,1500.0,13.043478260869565,1.5,100000000.0,115000000.0,15.0,3636.0,0,0
39,0,1,0,0,0,0,0,0,0,0,0,1,0,0,0,0,0,0,0,0,1,0,0,0,0,40000,44000.0,30,4000.0,9.090909090909092,7.5,245714285.7142857,282321428.5714286,30.0,3614.928571428572,0,0
34,1,0,0,0,0,0,1,0,0,0,0,0,0,0,0,0,0,0,0,0,1,0,0,0,0,100000000,130000000.0,30,30000000.0,23.07692307692308,4.5,125000000.0,155937500.0,28.125,3614.875,0,0
41,0,1,1,0,0,0,0,0,0,0,0,0,0,0,0,0,0,0,0,1,0,0,0,0,0,20000,24500.0,30,4500.0,18.367346938775512,2.0,100000000.0,120000000.0,20.0,3627.6666666666665,0,0
49,0,1,0,0,0,0,0,1,0,0,0,0,0,0,0,0,0,0,0,0,1,0,0,0,0,100000000,130000000.0,30,30000000.0,23.07692307692308,1.0,100000000.0,130000000.0,30.0,3669.0,0,0
41,0,1,0,0,0,0,0,1,0,0,0,0,0,0,0,0,0,0,0,1,0,0,0,0,0,100000000,130000000.0,30,30000000.0,23.07692307692308,1.0,100000000.0,130000000.0,30.0,3668.0,0,0
35,1,0,0,0,0,0,0,0,0,0,0,0,0,0,1,0,0,0,0,0,1,0,0,0,0,20000,22000.0,30,2000.0,9.090909090909092,6.0,213636363.63636363,256409090.9090909,36.81818181818182,3610.090909090909,0,0
27,1,0,0,0,0,0,1,0,0,0,0,0,0,0,0,0,0,0,0,0,0,0,0,1,0,200000000,245000000.0,30,45000000.0,18.367346938775512,6.0,127272727.27272728,142863636.36363637,15.0,3613.5454545454554,0,0
45,1,0,1,0,0,0,0,0,0,0,0,0,0,0,0,0,0,0,0,0,1,0,0,0,0,400000000,480000000.0,60,80000000.0,16.666666666666664,5.0,216666666.66666663,257166666.66666663,36.66666666666666,3616.6666666666665,1,1
36,0,1,0,0,0,0,0,0,0,0,0,0,0,0,1,0,0,0,0,0,1,0,0,0,0,100000000,130000000.0,30,30000000.0,23.07692307692308,1.0,100000000.0,130000000.0,30.0,3614.0,0,0
33,0,1,0,0,0,0,0,0,0,0,0,0,0,0,0,0,0,0,0,0,1,0,0,0,0,100000000,130000000.0,30,30000000.0,23.07692307692308,3.5,166666666.66666666,200583333.3333333,27.5,3610.5,0,0
40,0,1,0,0,0,1,0,0,0,0,0,0,0,0,0,0,0,0,0,1,0,0,0,0,0,100000000,130000000.0,30,30000000.0,23.07692307692308,1.0,100000000.0,130000000.0,30.0,3609.0,0,0
29,0,1,0,0,0,0,1,0,0,0,0,0,0,0,0,0,0,0,0,0,1,0,0,0,0,100000000,115000000.0,15,15000000.0,13.043478260869565,2.5,100000000.0,115000000.0,15.0,3622.25,0,0
31,0,1,0,0,0,0,0,0,0,0,0,0,0,0,0,0,0,0,1,0,1,0,0,0,0,100000000,130000000.0,30,30000000.0,23.07692307692308,1.0,100000000.0,130000000.0,30.0,3668.0,0,0
45,0,1,0,0,0,0,0,1,0,0,0,0,0,0,0,0,0,0,0,0,1,0,0,0,0,100000000,130000000.0,30,30000000.0,23.07692307692308,1.5,100000000.0,130000000.0,30.0,3615.5,0,0
30,1,0,0,0,0,0,1,0,0,0,0,0,0,0,0,0,0,0,0,0,1,0,0,0,0,100000000,130000000.0,30,30000000.0,23.07692307692308,2.0,100000000.0,120000000.0,20.0,3613.3333333333335,0,0
34,0,1,0,0,0,0,0,0,0,0,0,0,0,0,0,0,0,0,1,0,1,0,0,0,0,200000000,245000000.0,30,45000000.0,18.367346938775512,2.0,100000000.0,125000000.0,25.0,3608.6666666666665,0,0
26,0,1,0,0,0,1,0,0,0,0,0,0,0,0,0,0,0,0,0,1,0,0,0,0,0,100000000,115000000.0,15,15000000.0,13.043478260869565,1.0,100000000.0,115000000.0,15.0,3669.0,0,0
33,0,1,0,0,0,0,0,1,0,0,0,0,0,0,0,0,0,0,0,0,1,0,0,0,0,10000,13000.0,30,3000.0,23.07692307692308,1.0,100000000.0,130000000.0,30.0,3613.0,0,0
33,0,1,0,0,0,0,0,0,0,0,0,0,0,0,0,0,0,0,0,0,1,0,0,0,0,10000,13000.0,30,3000.0,23.07692307692308,1.5,100000000.0,130000000.0,30.0,3638.0,0,0
44,1,0,1,0,0,0,0,0,0,0,0,0,0,0,0,0,0,0,0,0,1,0,0,0,0,200000000,210000000.0,30,10000000.0,4.761904761904762,7.0,164615384.6153846,187096153.84615383,21.923076923076923,3610.0,0,0
28,0,1,0,0,0,0,0,1,0,0,0,0,0,0,0,0,0,0,0,0,0,0,1,0,0,300000000,390000000.0,60,90000000.0,23.07692307692308,5.0,222222222.2222222,273111111.1111111,40.0,3616.3333333333335,1,1
33,1,0,0,0,0,0,0,1,0,0,0,0,0,0,0,0,0,0,0,0,1,0,0,0,0,40000,44000.0,30,4000.0,9.090909090909092,5.0,233333333.3333333,264666666.66666663,25.0,3607.777777777778,0,0
34,0,1,0,0,0,0,0,0,0,0,0,0,0,0,0,0,0,0,0,0,1,0,0,0,0,100000000,130000000.0,30,30000000.0,23.07692307692308,1.5,100000000.0,122500000.0,22.5,3614.5,0,0
37,0,1,0,0,0,0,0,0,0,0,0,0,0,0,0,0,0,0,0,0,1,0,0,0,0,400000000,440000000.0,30,40000000.0,9.090909090909092,5.5,200000000.0,230300000.0,25.5,3615.9,0,0
29,0,1,0,0,0,0,1,0,0,0,0,0,0,0,0,0,0,0,0,0,1,0,0,0,0,10000,11500.0,15,1500.0,13.043478260869565,1.0,100000000.0,130000000.0,30.0,3667.0,0,0
42,1,0,0,0,0,0,0,0,0,0,0,0,0,0,0,0,0,0,0,0,0,0,1,0,0,200000000,205000000.0,15,5000000.0,2.4390243902439024,9.5,177777777.7777778,194638888.8888889,15.0,6302.111111111111,0,1
33,1,0,0,0,0,0,1,0,0,0,0,0,0,0,0,0,0,0,0,0,1,0,0,0,0,200000000,245000000.0,30,45000000.0,18.367346938775512,3.0,140000000.0,173000000.0,27.0,3620.0,0,0
47,0,1,0,0,0,0,0,0,0,0,0,0,0,0,1,0,0,0,0,0,1,0,0,0,0,200000000,245000000.0,30,45000000.0,18.367346938775512,2.0,100000000.0,130000000.0,30.0,3607.3333333333335,0,0
33,0,1,0,0,0,0,0,1,0,0,0,0,0,0,0,0,0,0,0,0,1,0,0,0,0,100000000,130000000.0,30,30000000.0,23.07692307692308,2.0,100000000.0,115000000.0,15.0,3609.3333333333335,0,0
42,0,1,0,0,0,0,0,0,0,0,0,0,0,0,0,0,0,0,0,0,1,0,0,0,0,100000000,130000000.0,30,30000000.0,23.07692307692308,3.5,100000000.0,122500000.0,22.5,3609.8333333333335,0,0
36,0,1,0,0,0,0,0,1,0,0,0,0,0,0,0,0,0,0,0,0,1,0,0,0,0,100000000,115000000.0,15,15000000.0,13.043478260869565,1.0,100000000.0,115000000.0,15.0,3668.0,0,0
43,0,1,0,0,0,0,1,0,0,0,0,0,0,0,0,0,0,0,0,0,0,0,1,0,0,100000000,130000000.0,30,30000000.0,23.07692307692308,2.0,100000000.0,125000000.0,25.0,3607.6666666666665,0,0
49,0,1,0,0,0,0,0,0,0,0,0,1,0,0,0,0,0,0,0,0,1,0,0,0,0,20000,24500.0,30,4500.0,18.367346938775512,2.5,125000000.0,147500000.0,18.75,3637.25,0,0
33,0,1,0,0,0,0,1,0,0,0,0,0,0,0,0,0,0,0,0,0,1,0,0,0,0,100000000,130000000.0,30,30000000.0,23.07692307692308,1.0,100000000.0,115000000.0,15.0,3669.0,0,0
32,1,0,0,0,0,1,0,0,0,0,0,0,0,0,0,0,0,0,0,0,1,0,0,0,0,100000000,115000000.0,30,15000000.0,13.043478260869565,3.0,140000000.0,161800000.0,21.0,3620.6,0,0
36,0,1,0,0,0,0,1,0,0,0,0,0,0,0,0,0,0,0,0,0,1,0,0,0,0,100000000,115000000.0,15,15000000.0,13.043478260869565,1.0,100000000.0,115000000.0,15.0,3669.0,0,0
45,0,1,0,0,0,0,0,1,0,0,0,0,0,0,0,0,0,0,0,0,1,0,0,0,0,100000000,130000000.0,30,30000000.0,23.07692307692308,1.5,100000000.0,122500000.0,22.5,3610.5,0,0
33,0,1,0,0,0,0,0,0,0,0,0,0,0,0,1,0,0,0,0,0,1,0,0,0,0,150000000,183750000.0,30,33750000.0,18.367346938775512,1.5,100000000.0,130000000.0,30.0,3609.5,0,0
36,0,1,0,0,0,0,0,1,0,0,0,0,0,0,0,0,0,0,0,0,1,0,0,0,0,100000000,130000000.0,30,30000000.0,23.07692307692308,1.0,100000000.0,130000000.0,30.0,3613.0,0,0
27,0,1,0,0,0,0,0,1,0,0,0,0,0,0,0,0,0,0,0,0,0,0,0,1,0,100000000,115000000.0,30,15000000.0,13.043478260869565,3.0,120000000.0,135600000.0,15.0,3609.2,0,0
47,0,1,0,0,0,0,0,1,0,0,0,0,0,0,0,0,0,0,0,0,1,0,0,0,0,100000000,130000000.0,30,30000000.0,23.07692307692308,1.0,100000000.0,130000000.0,30.0,3669.0,0,0
40,0,1,0,0,0,0,0,0,0,0,0,0,0,0,1,0,0,0,0,0,1,0,0,0,0,300000000,345000000.0,30,45000000.0,13.043478260869565,4.0,171428571.42857143,202571428.57142857,23.571428571428573,3615.714285714286,0,0
41,0,1,0,0,0,0,0,0,0,0,0,0,0,0,0,0,0,0,0,0,1,0,0,0,0,150000000,183750000.0,30,33750000.0,18.367346938775512,2.0,100000000.0,130000000.0,30.0,3607.6666666666665,0,0
40,0,1,0,0,0,0,1,0,0,0,0,0,0,0,0,0,0,0,0,0,1,0,0,0,0,100000000,115000000.0,15,15000000.0,13.043478260869565,1.0,100000000.0,115000000.0,15.0,3670.0,0,0
42,0,1,0,0,0,0,0,1,0,0,0,0,0,0,0,0,0,0,0,1,0,0,0,0,0,100000000,115000000.0,15,15000000.0,13.043478260869565,1.0,100000000.0,115000000.0,15.0,3668.0,0,0
40,0,1,0,0,0,0,0,0,0,0,0,0,0,0,0,0,0,0,0,1,0,0,0,0,0,300000000,345000000.0,30,45000000.0,13.043478260869565,3.5,183333333.3333333,227333333.3333333,35.0,3745.5,0,0
38,1,0,0,0,0,0,0,1,0,0,0,0,0,0,0,0,0,0,0,0,1,0,0,0,0,400000000,440000000.0,60,40000000.0,9.090909090909092,5.5,265000000.0,314275000.0,40.5,3612.3,1,1
34,0,1,0,0,0,0,0,0,0,0,0,0,0,0,1,0,0,0,0,0,1,0,0,0,0,20000,24500.0,30,4500.0,18.367346938775512,2.5,125000000.0,141875000.0,15.0,3622.0,0,0
31,0,1,0,0,0,0,0,1,0,0,0,0,0,0,0,0,0,0,0,0,1,0,0,0,0,250000000,275000000.0,30,25000000.0,9.090909090909092,6.583333333333333,187500000.0,217427083.3333333,26.25,3616.5,0,0
45,1,0,0,0,0,0,1,0,0,0,0,0,0,0,0,0,0,0,0,0,1,0,0,0,0,200000000,245000000.0,30,45000000.0,18.367346938775512,4.5,125000000.0,144687500.0,16.875,3611.0,0,0
27,1,0,0,0,0,0,0,1,0,0,0,0,0,0,0,0,0,0,0,0,0,0,1,0,0,30000,39000.0,60,9000.0,23.07692307692308,3.5,150000000.0,178333333.33333334,25.0,3610.3333333333335,1,1
33,0,1,0,0,0,0,0,1,0,0,0,0,0,0,0,0,0,0,0,1,0,0,0,0,0,10000,13000.0,30,3000.0,23.07692307692308,1.5,100000000.0,130000000.0,30.0,3637.5,0,0
39,0,1,0,0,0,0,0,1,0,0,0,0,0,0,0,0,0,0,0,0,1,0,0,0,0,300000000,390000000.0,60,90000000.0,23.07692307692308,4.0,171428571.42857143,209142857.14285716,30.0,3617.857142857143,1,1
34,0,1,0,0,0,0,0,0,0,0,0,0,0,0,0,0,0,0,0,0,1,0,0,0,0,100000000,115000000.0,15,15000000.0,13.043478260869565,1.5,100000000.0,130000000.0,30.0,3609.0,0,0
30,0,1,0,0,0,0,0,1,0,0,0,0,0,0,0,0,0,0,0,0,1,0,0,0,0,100000000,130000000.0,30,30000000.0,23.07692307692308,1.0,100000000.0,130000000.0,30.0,3669.0,0,0
39,0,1,0,0,0,0,0,1,0,0,0,0,0,0,0,0,0,0,0,1,0,0,0,0,0,100000000,130000000.0,30,30000000.0,23.07692307692308,1.5,100000000.0,130000000.0,30.0,3608.5,0,0
39,0,1,0,0,0,0,0,0,0,0,0,0,0,0,1,0,0,0,0,0,1,0,0,0,0,300000000,390000000.0,60,90000000.0,23.07692307692308,4.5,187500000.0,232750000.0,37.5,3618.5,1,1
39,0,1,0,0,0,0,0,1,0,0,0,0,0,0,0,0,0,0,0,0,1,0,0,0,0,10000,13000.0,30,3000.0,23.07692307692308,3.5,108333333.33333331,133916666.66666669,25.0,3630.0,0,0
32,0,1,0,0,0,0,0,0,0,0,0,1,0,0,0,0,0,0,0,0,1,0,0,0,0,10000,11500.0,15,1500.0,13.043478260869565,1.0,100000000.0,115000000.0,15.0,3608.0,0,0
32,0,1,0,1,0,0,0,0,0,0,0,0,0,0,0,0,0,0,0,0,1,0,0,0,0,100000000,130000000.0,30,30000000.0,23.07692307692308,1.0,100000000.0,115000000.0,15.0,3614.0,0,0
44,1,0,0,0,0,0,0,1,0,0,0,0,0,0,0,0,0,0,0,0,1,0,0,0,0,300000000,390000000.0,60,90000000.0,23.07692307692308,4.5,150000000.0,189375000.0,33.75,5398.125,1,1
35,0,1,0,0,0,0,0,0,0,0,1,0,0,0,0,0,0,0,0,0,1,0,0,0,0,100000000,130000000.0,30,30000000.0,23.07692307692308,1.0,100000000.0,130000000.0,30.0,3669.0,0,0
39,0,0,0,0,0,0,0,0,0,0,0,0,0,0,0,0,0,0,1,0,1,0,0,0,0,100000000,130000000.0,30,30000000.0,23.07692307692308,1.5,100000000.0,130000000.0,30.0,3625.0,0,0
29,0,1,0,0,0,0,0,0,0,0,1,0,0,0,0,0,0,0,0,0,1,0,0,0,0,100000000,130000000.0,30,30000000.0,23.07692307692308,1.5,100000000.0,130000000.0,30.0,3611.0,0,0
37,1,0,0,0,0,0,0,0,0,0,0,0,0,0,0,0,0,0,1,0,0,0,1,0,0,300000000,345000000.0,30,45000000.0,13.043478260869565,5.0,144444444.44444445,178666666.66666666,28.33333333333333,3610.444444444444,0,0
36,0,1,0,0,0,0,1,0,0,0,0,0,0,0,0,0,0,0,0,0,1,0,0,0,0,300000000,345000000.0,30,45000000.0,13.043478260869565,4.0,185714285.7142857,218000000.0,25.714285714285715,3609.285714285714,0,0
34,0,1,0,0,0,0,0,0,0,0,0,0,0,0,0,0,0,0,1,0,1,0,0,0,0,100000000,130000000.0,30,30000000.0,23.07692307692308,1.0,100000000.0,130000000.0,30.0,3669.0,0,0
28,0,1,0,0,0,0,1,0,0,0,0,0,0,0,0,0,0,0,0,0,0,0,0,1,0,100000000,130000000.0,30,30000000.0,23.07692307692308,3.0,120000000.0,142600000.0,21.0,3608.6,0,0
49,0,1,0,0,0,0,0,0,0,0,1,0,0,0,0,0,0,0,0,0,1,0,0,0,0,20000,24500.0,30,4500.0,18.367346938775512,2.5,125000000.0,158750000.0,30.0,4180.5,0,0
37,0,1,0,0,0,0,0,1,0,0,0,0,0,0,0,0,0,0,0,1,0,0,0,0,0,10000,11500.0,15,1500.0,13.043478260869565,1.5,100000000.0,115000000.0,15.0,3639.5,0,0
56,0,0,0,0,0,0,0,1,0,0,0,0,0,0,0,0,0,0,0,0,0,0,1,0,0,300000000,345000000.0,30,45000000.0,13.043478260869565,4.0,142857142.85714287,178285714.2857143,30.0,3608.285714285714,0,0
32,0,1,0,0,0,0,0,0,0,0,0,0,0,0,1,0,0,0,0,0,1,0,0,0,0,100000000,130000000.0,30,30000000.0,23.07692307692308,1.0,100000000.0,130000000.0,30.0,3667.0,0,0
34,0,1,0,0,0,0,0,1,0,0,0,0,0,0,0,0,0,0,0,0,1,0,0,0,0,300000000,345000000.0,30,45000000.0,13.043478260869565,3.0,160000000.0,179500000.0,15.0,3608.6,0,0
32,0,1,0,0,0,0,0,1,0,0,0,0,0,0,0,0,0,0,0,0,1,0,0,0,0,20000,22250.0,15,2250.0,10.112359550561797,2.0,100000000.0,115000000.0,15.0,3609.3333333333335,0,0
36,0,1,0,0,0,0,0,1,0,0,0,0,0,0,0,0,0,0,0,0,1,0,0,0,0,200000000,245000000.0,30,45000000.0,18.367346938775512,3.0,140000000.0,176000000.0,30.0,3615.8,0,0
29,0,1,0,0,0,0,0,0,0,0,0,1,0,0,0,0,0,0,0,1,0,0,0,0,0,100000000,130000000.0,30,30000000.0,23.07692307692308,1.0,100000000.0,130000000.0,30.0,3667.0,0,0
44,0,1,0,0,0,0,1,0,0,0,0,0,0,0,0,0,0,0,0,1,0,0,0,0,0,10000,11500.0,15,1500.0,13.043478260869565,1.5,100000000.0,115000000.0,15.0,3668.0,0,0
47,0,1,0,0,0,0,0,0,0,0,0,0,0,0,0,0,0,0,1,0,1,0,0,0,0,100000000,130000000.0,30,30000000.0,23.07692307692308,1.0,100000000.0,130000000.0,30.0,3668.0,0,0
30,1,0,0,0,0,0,0,1,0,0,0,0,0,0,0,0,0,0,0,0,1,0,0,0,0,50000,52500.0,30,2500.0,4.761904761904762,6.0,263636363.63636363,311431818.1818182,38.18181818181818,3615.727272727273,0,0
39,0,1,0,0,0,0,0,1,0,0,0,0,0,0,0,0,0,0,0,0,1,0,0,0,0,10000,11500.0,15,1500.0,13.043478260869565,3.0,100000000.0,124000000.0,27.0,4888.2,0,1
45,0,1,0,0,0,0,0,1,0,0,0,0,0,0,0,0,0,0,0,0,1,0,0,0,0,20000,22250.0,15,2250.0,10.112359550561797,2.5,100000000.0,115000000.0,15.0,3609.75,0,0
33,1,0,0,0,0,0,0,1,0,0,0,0,0,0,0,0,0,0,0,0,1,0,0,0,0,400000000,440000000.0,30,40000000.0,9.090909090909092,4.0,200000000.0,230714285.7142857,23.571428571428573,3612.0,0,0
35,0,1,0,0,0,0,0,0,0,0,0,0,0,0,0,0,0,0,0,0,1,0,0,0,0,100000000,122500000.0,30,22500000.0,18.367346938775512,2.5,100000000.0,128125000.0,30.0,3625.5,0,0
35,0,1,0,0,0,0,0,0,0,0,0,0,0,0,1,0,0,0,0,0,1,0,0,0,0,100000000,130000000.0,30,30000000.0,23.07692307692308,1.0,100000000.0,115000000.0,15.0,3614.0,0,0
33,0,1,0,0,0,0,0,1,0,0,0,0,0,0,0,0,0,0,0,0,1,0,0,0,0,200000000,245000000.0,30,45000000.0,18.367346938775512,2.5,125000000.0,155000000.0,26.25,3606.75,0,0
28,0,1,0,0,0,0,1,0,0,0,0,0,0,0,0,0,0,0,0,0,0,0,0,1,0,100000000,130000000.0,30,30000000.0,23.07692307692308,1.0,100000000.0,130000000.0,30.0,3610.0,0,0
27,0,1,0,0,0,0,0,1,0,0,0,0,0,0,0,0,0,0,0,0,1,0,0,0,0,100000000,115000000.0,15,15000000.0,13.043478260869565,1.5,100000000.0,115000000.0,15.0,3637.0,0,0
40,0,1,0,0,0,0,0,1,0,0,0,0,0,0,0,0,0,0,0,1,0,0,0,0,0,100000000,115000000.0,15,15000000.0,13.043478260869565,1.0,100000000.0,130000000.0,30.0,3674.0,0,0
41,0,1,0,0,0,0,0,1,0,0,0,0,0,0,0,0,0,0,0,0,1,0,0,0,0,200000000,222500000.0,15,22500000.0,10.112359550561797,3.0,140000000.0,162500000.0,18.0,3609.2,0,0
41,0,1,0,0,0,0,0,0,0,0,0,0,0,0,1,0,0,0,0,0,1,0,0,0,0,100000000,130000000.0,30,30000000.0,23.07692307692308,1.5,100000000.0,130000000.0,30.0,3609.0,0,0
38,0,1,0,0,0,0,1,0,0,0,0,0,0,0,0,0,0,0,0,0,0,0,0,1,0,20000,24500.0,30,4500.0,18.367346938775512,4.0,128571428.57142857,157571428.57142857,25.714285714285715,5126.142857142857,0,1
37,1,0,0,0,0,0,0,1,0,0,0,0,0,0,0,0,0,0,0,0,1,0,0,0,0,10000,13000.0,30,3000.0,23.07692307692308,1.0,100000000.0,130000000.0,30.0,3608.0,0,0
38,1,0,0,0,0,0,0,0,0,0,0,0,0,0,0,0,0,0,0,0,1,0,0,0,0,60000,65400.0,60,5400.0,8.256880733944955,9.0,335294117.64705884,378235294.1176471,39.70588235294117,3611.8823529411766,1,1
28,1,0,0,0,0,0,0,1,0,0,0,0,0,0,0,0,0,0,0,0,1,0,0,0,0,100000000,130000000.0,30,30000000.0,23.07692307692308,3.5,100000000.0,130000000.0,30.0,3616.5,0,0
30,0,1,0,0,0,0,0,1,0,0,0,0,0,0,0,0,0,0,0,0,1,0,0,0,0,100000000,130000000.0,30,30000000.0,23.07692307692308,1.5,100000000.0,130000000.0,30.0,3609.0,0,0
37,0,1,0,0,0,0,1,0,0,0,0,0,0,0,0,0,0,0,0,1,0,0,0,0,0,100000000,115000000.0,15,15000000.0,13.043478260869565,1.0,100000000.0,115000000.0,15.0,3641.0,0,0
44,1,0,0,0,0,0,0,0,0,0,0,0,0,0,0,0,0,0,0,0,1,0,0,0,0,300000000,390000000.0,60,90000000.0,23.07692307692308,6.0,136363636.36363637,158659090.9090909,19.09090909090909,3619.636363636364,1,1
40,0,1,0,0,0,0,0,0,0,0,0,0,0,0,0,0,0,0,0,0,1,0,0,0,0,300000000,345000000.0,30,45000000.0,13.043478260869565,4.5,212500000.0,246937500.0,26.25,3616.125,0,0
41,0,1,0,0,0,0,0,1,0,0,0,0,0,0,0,0,0,0,0,0,1,0,0,0,0,300000000,345000000.0,30,45000000.0,13.043478260869565,2.0,133333333.33333331,150833333.33333334,15.0,3629.3333333333335,0,0
41,0,1,0,0,0,0,0,1,0,0,0,0,0,0,0,0,0,0,0,0,1,0,0,0,0,100000000,130000000.0,30,30000000.0,23.07692307692308,1.0,100000000.0,115000000.0,15.0,3668.0,0,0
36,0,1,0,0,0,0,0,1,0,0,0,0,0,0,0,0,0,0,0,1,0,0,0,0,0,100000000,115000000.0,15,15000000.0,13.043478260869565,1.5,100000000.0,115000000.0,15.0,3638.5,0,0
28,0,1,0,0,0,0,0,1,0,0,0,0,0,0,0,0,0,0,0,0,0,0,0,1,0,100000000,115000000.0,15,15000000.0,13.043478260869565,1.0,100000000.0,115000000.0,15.0,3667.0,0,0
34,1,0,0,0,0,0,0,1,0,0,0,0,0,0,0,0,0,0,0,0,1,0,0,0,0,10000,13000.0,30,3000.0,23.07692307692308,4.0,100000000.0,130000000.0,30.0,5072.714285714285,0,1
29,0,0,0,0,0,0,0,0,0,0,0,1,0,0,0,0,0,0,0,0,1,0,0,0,0,10000,11500.0,15,1500.0,13.043478260869565,2.0,100000000.0,115000000.0,15.0,3609.3333333333335,0,0
36,1,0,0,0,0,0,0,0,0,0,0,0,0,0,1,0,0,0,0,0,1,0,0,0,0,300000000,345000000.0,30,45000000.0,13.043478260869565,5.0,177777777.7777778,213777777.7777778,30.0,3616.0,0,0
32,1,0,1,0,0,0,0,0,0,0,0,0,0,0,0,0,0,0,0,0,1,0,0,0,0,300000000,390000000.0,60,90000000.0,23.07692307692308,6.5,208333333.3333333,241875000.0,27.5,3614.1666666666665,1,1
33,0,1,0,0,0,0,0,0,0,0,0,0,0,0,0,0,0,0,1,0,1,0,0,0,0,200000000,245000000.0,30,45000000.0,18.367346938775512,2.0,100000000.0,125000000.0,25.0,3607.6666666666665,0,0
43,0,1,0,0,0,0,0,0,0,0,0,0,0,0,0,0,0,0,0,0,1,0,0,0,0,10000,11500.0,15,1500.0,13.043478260869565,2.5,100000000.0,118750000.0,18.75,3631.0,0,0
32,0,1,0,0,0,0,1,0,0,0,0,0,0,0,0,0,0,0,0,0,1,0,0,0,0,100000000,115000000.0,15,15000000.0,13.043478260869565,1.5,100000000.0,122500000.0,22.5,3610.5,0,0
38,0,1,0,0,0,0,0,0,0,0,0,0,0,0,0,0,0,0,0,0,1,0,0,0,0,20000,24500.0,30,4500.0,18.367346938775512,5.0,111111111.1111111,137777777.7777778,25.0,3622.444444444444,0,0
35,0,1,0,0,0,0,0,1,0,0,0,0,0,0,0,0,0,0,0,0,1,0,0,0,0,40000,44000.0,30,4000.0,9.090909090909092,6.0,180000000.0,206886363.63636363,24.545454545454547,6975.363636363636,0,1
31,1,0,0,0,0,0,0,1,0,0,0,0,0,0,0,0,0,0,0,0,1,0,0,0,0,10000,11500.0,15,1500.0,13.043478260869565,1.5,100000000.0,122500000.0,22.5,3638.0,0,0
35,0,1,0,0,0,0,0,1,0,0,0,0,0,0,0,0,0,0,0,0,1,0,0,0,0,100000000,130000000.0,30,30000000.0,23.07692307692308,1.0,100000000.0,130000000.0,30.0,3668.0,0,0
43,0,1,0,0,0,0,0,1,0,0,0,0,0,0,0,0,0,0,0,0,1,0,0,0,0,10000,13000.0,30,3000.0,23.07692307692308,1.0,100000000.0,115000000.0,15.0,3668.0,0,0
33,0,1,0,0,0,0,0,1,0,0,0,0,0,0,0,0,0,0,0,0,1,0,0,0,0,100000000,130000000.0,30,30000000.0,23.07692307692308,1.0,100000000.0,130000000.0,30.0,3668.0,0,0
49,1,0,0,0,0,0,0,1,0,0,0,0,0,0,0,0,0,0,0,0,1,0,0,0,0,30000,39000.0,60,9000.0,23.07692307692308,3.5,150000000.0,186333333.3333333,30.0,3607.6666666666665,1,1
33,0,1,0,0,0,0,0,1,0,0,0,0,0,0,0,0,0,0,0,0,1,0,0,0,0,300000000,360000000.0,60,60000000.0,16.666666666666664,5.0,261111111.1111111,296722222.2222222,26.666666666666668,3608.8888888888887,1,1
37,0,1,0,0,0,0,0,1,0,0,0,0,0,0,0,0,0,0,0,1,0,0,0,0,0,300000000,345000000.0,30,45000000.0,13.043478260869565,3.0,160000000.0,179500000.0,15.0,3608.0,0,0
28,1,0,0,0,0,0,0,1,0,0,0,0,0,0,0,0,0,0,0,0,0,0,0,1,0,100000000,130000000.0,30,30000000.0,23.07692307692308,1.0,100000000.0,130000000.0,30.0,3608.0,0,0
29,0,1,0,0,0,0,0,0,0,0,0,0,0,0,0,0,0,0,0,0,1,0,0,0,0,100000000,130000000.0,30,30000000.0,23.07692307692308,1.0,100000000.0,130000000.0,30.0,3670.0,0,0
39,0,1,0,0,0,0,1,0,0,0,0,0,0,0,0,0,0,0,0,0,1,0,0,0,0,100000000,130000000.0,30,30000000.0,23.07692307692308,1.0,100000000.0,115000000.0,15.0,3607.0,0,0
28,0,1,0,1,0,0,0,0,0,0,0,0,0,0,0,0,0,0,0,0,0,0,0,1,0,10000,11500.0,15,1500.0,13.043478260869565,1.0,100000000.0,115000000.0,15.0,3669.0,0,0
45,1,0,0,0,0,0,1,0,0,0,0,0,0,0,0,0,0,0,0,0,1,0,0,0,0,200000000,245000000.0,30,45000000.0,18.367346938775512,3.0,120000000.0,150000000.0,27.0,3607.6,0,0
34,0,1,0,0,0,0,0,0,0,0,0,0,0,0,0,0,0,0,0,0,1,0,0,0,0,20000,24500.0,30,4500.0,18.367346938775512,2.0,100000000.0,125000000.0,25.0,3615.6666666666665,0,0
37,1,0,0,0,0,0,0,1,0,0,0,0,0,0,0,0,0,0,0,0,1,0,0,0,0,400000000,440000000.0,30,40000000.0,9.090909090909092,3.5,200000000.0,245333333.3333333,40.0,3612.5,0,0
39,0,1,0,0,0,0,0,1,0,0,0,0,0,0,0,0,0,0,0,0,1,0,0,0,0,300000000,345000000.0,30,45000000.0,13.043478260869565,5.0,183333333.3333333,209888888.8888889,21.666666666666668,3622.3333333333335,0,0
33,0,1,0,0,0,0,1,0,0,0,0,0,0,0,0,0,0,0,0,0,1,0,0,0,0,100000000,130000000.0,30,30000000.0,23.07692307692308,1.0,100000000.0,130000000.0,30.0,3669.0,0,0
41,0,1,0,0,0,0,0,1,0,0,0,0,0,0,0,0,0,0,0,0,1,0,0,0,0,100000000,115000000.0,15,15000000.0,13.043478260869565,1.0,100000000.0,115000000.0,15.0,3668.0,0,0
51,0,1,0,0,0,0,0,0,0,0,0,1,0,0,0,0,0,0,0,0,1,0,0,0,0,100000000,130000000.0,30,30000000.0,23.07692307692308,1.5,100000000.0,130000000.0,30.0,3613.0,0,0
43,0,1,0,0,0,0,1,0,0,0,0,0,0,0,0,0,0,0,0,0,1,0,0,0,0,200000000,220000000.0,30,20000000.0,9.090909090909092,4.0,192857142.85714287,228357142.85714287,30.0,4130.571428571428,0,0
31,0,1,0,0,0,0,0,0,0,0,0,0,0,0,0,0,0,0,1,1,0,0,0,0,0,200000000,245000000.0,30,45000000.0,18.367346938775512,2.0,100000000.0,113333333.33333331,15.0,3608.3333333333335,0,0
38,0,1,0,0,0,0,0,1,0,0,0,0,0,0,0,0,0,0,0,0,1,0,0,0,0,100000000,130000000.0,30,30000000.0,23.07692307692308,1.5,100000000.0,130000000.0,30.0,3611.5,0,0
39,0,1,0,0,0,0,0,1,0,0,0,0,0,0,0,0,0,0,0,0,1,0,0,0,0,200000000,245000000.0,30,45000000.0,18.367346938775512,2.0,100000000.0,130000000.0,30.0,3610.6666666666665,0,0
41,0,1,0,0,0,0,0,1,0,0,0,0,0,0,0,0,0,0,0,1,0,0,0,0,0,20000,24500.0,30,4500.0,18.367346938775512,2.5,125000000.0,158750000.0,30.0,3607.5,0,0
37,0,1,1,0,0,0,0,0,0,0,0,0,0,0,0,0,0,0,0,0,1,0,0,0,0,300000000,345000000.0,30,45000000.0,13.043478260869565,4.0,142857142.85714287,165357142.85714287,19.285714285714285,3607.285714285714,0,0
36,0,1,0,0,0,0,1,0,0,0,0,0,0,0,0,0,0,0,0,0,1,0,0,0,0,20000,24500.0,30,4500.0,18.367346938775512,2.0,133333333.33333331,168333333.33333334,30.0,3609.3333333333335,0,0
38,0,1,0,0,0,0,0,0,0,0,0,0,0,0,1,0,0,0,0,0,1,0,0,0,0,100000000,130000000.0,30,30000000.0,23.07692307692308,1.5,100000000.0,122500000.0,22.5,3641.0,0,0
35,0,1,0,0,0,0,0,0,0,0,1,0,0,0,0,0,0,0,0,0,1,0,0,0,0,100000000,130000000.0,30,30000000.0,23.07692307692308,1.0,100000000.0,130000000.0,30.0,3670.0,0,0
38,0,1,0,0,1,0,0,0,0,0,0,0,0,0,0,0,0,0,0,0,1,0,0,0,0,100000000,130000000.0,30,30000000.0,23.07692307692308,1.5,100000000.0,130000000.0,30.0,3637.5,0,0
37,1,0,0,0,0,0,0,1,0,0,0,0,0,0,0,0,0,0,0,0,0,0,0,1,0,10000,13000.0,30,3000.0,23.07692307692308,3.0,100000000.0,130000000.0,30.0,3609.2,0,0
44,0,1,0,0,0,0,0,1,0,0,0,0,0,0,0,0,0,0,0,0,1,0,0,0,0,100000000,130000000.0,30,30000000.0,23.07692307692308,1.5,100000000.0,130000000.0,30.0,3609.0,0,0
36,0,1,0,0,0,0,0,1,0,0,0,0,0,0,0,0,0,0,0,0,1,0,0,0,0,20000,24500.0,30,4500.0,18.367346938775512,4.0,157142857.14285713,193714285.7142857,30.0,3618.714285714286,0,0
40,0,1,0,0,0,0,1,0,0,0,0,0,0,0,0,0,0,0,0,0,1,0,0,0,0,100000000,130000000.0,30,30000000.0,23.07692307692308,1.0,100000000.0,130000000.0,30.0,3617.0,0,0
32,0,1,0,0,0,0,0,0,0,0,0,1,0,0,0,0,0,0,0,0,1,0,0,0,0,10000,11500.0,15,1500.0,13.043478260869565,1.0,100000000.0,115000000.0,15.0,3608.0,0,0
31,0,1,0,0,0,0,0,0,0,0,0,0,0,0,0,0,0,0,0,0,1,0,0,0,0,100000000,130000000.0,30,30000000.0,23.07692307692308,1.0,100000000.0,115000000.0,15.0,3676.0,0,0
44,0,1,0,0,0,0,0,1,0,0,0,0,0,0,0,0,0,0,0,0,1,0,0,0,0,10000,13000.0,30,3000.0,23.07692307692308,1.0,100000000.0,130000000.0,30.0,3624.0,0,0
37,0,1,0,0,0,0,0,1,0,0,0,0,0,0,0,0,0,0,0,0,1,0,0,0,0,400000000,440000000.0,30,40000000.0,9.090909090909092,8.0,233333333.3333333,272766666.6666667,31.0,3614.0666666666666,0,0
44,1,0,0,0,0,0,0,1,0,0,0,0,0,0,0,0,0,0,0,0,1,0,0,0,0,300000000,345000000.0,30,45000000.0,13.043478260869565,4.0,142857142.85714287,178285714.2857143,30.0,3625.142857142857,0,0
36,0,1,0,0,0,0,0,0,0,0,0,1,0,0,0,0,0,0,0,1,0,0,0,0,0,10000,13000.0,30,3000.0,23.07692307692308,1.0,100000000.0,130000000.0,30.0,3669.0,0,0
41,0,1,0,0,0,0,0,0,0,0,0,1,0,0,0,0,0,0,0,0,1,0,0,0,0,200000000,245000000.0,30,45000000.0,18.367346938775512,2.0,100000000.0,130000000.0,30.0,3608.6666666666665,0,0
32,0,1,0,0,0,0,0,1,0,0,0,0,0,0,0,0,0,0,0,0,1,0,0,0,0,200000000,245000000.0,30,45000000.0,18.367346938775512,2.0,100000000.0,130000000.0,30.0,3608.6666666666665,0,0
36,0,1,0,0,0,0,0,1,0,0,0,0,0,0,0,0,0,0,0,1,0,0,0,0,0,10000,11500.0,15,1500.0,13.043478260869565,1.0,100000000.0,115000000.0,15.0,3669.0,0,0
47,0,1,0,0,0,0,0,1,0,0,0,0,0,0,0,0,0,0,0,0,1,0,0,0,0,10000,13000.0,30,3000.0,23.07692307692308,1.5,100000000.0,122500000.0,22.5,3637.0,0,0
30,0,1,0,0,0,0,0,0,0,0,0,0,0,0,1,0,0,0,0,0,1,0,0,0,0,20000,22250.0,15,2250.0,10.112359550561797,4.0,128571428.57142857,148928571.42857143,17.142857142857142,3608.571428571429,0,0
44,1,0,0,0,0,0,0,1,0,0,0,0,0,0,0,0,0,0,0,0,0,0,1,0,0,400000000,435000000.0,30,35000000.0,8.045977011494253,11.0,233333333.3333333,263333333.3333333,22.142857142857142,3610.9523809523807,0,0
38,0,1,0,0,0,0,0,0,0,0,0,0,0,0,1,0,0,0,0,0,1,0,0,0,0,200000000,222500000.0,15,22500000.0,10.112359550561797,2.5,125000000.0,150000000.0,22.5,3607.75,0,0
41,0,1,0,0,0,0,1,0,0,0,0,0,0,0,0,0,0,0,0,0,1,0,0,0,0,100000000,130000000.0,30,30000000.0,23.07692307692308,1.0,100000000.0,130000000.0,30.0,3611.0,0,0
30,0,1,0,0,0,0,0,1,0,0,0,0,0,0,0,0,0,0,0,1,0,0,0,0,0,100000000,130000000.0,30,30000000.0,23.07692307692308,1.5,100000000.0,130000000.0,30.0,3637.5,0,0
53,1,0,0,0,0,0,1,0,0,0,0,0,0,0,0,0,0,0,0,0,1,0,0,0,0,300000000,345000000.0,30,45000000.0,13.043478260869565,4.5,162500000.0,192625000.0,24.375,3618.75,0,0
41,0,1,0,0,0,0,0,1,0,0,0,0,0,0,0,0,0,0,0,0,1,0,0,0,0,100000000,115000000.0,15,15000000.0,13.043478260869565,1.5,100000000.0,115000000.0,15.0,3609.5,0,0
41,0,1,0,0,0,0,0,1,0,0,0,0,0,0,0,0,0,0,0,1,0,0,0,0,0,100000000,130000000.0,30,30000000.0,23.07692307692308,1.0,100000000.0,130000000.0,30.0,3668.0,0,0
44,1,0,0,0,0,0,0,1,0,0,0,0,0,0,0,0,0,0,0,0,1,0,0,0,0,20000,24500.0,30,4500.0,18.367346938775512,3.5,116666666.66666669,146666666.66666666,27.5,3620.0,0,0
40,0,1,1,0,0,0,0,0,0,0,0,0,0,0,0,0,0,0,0,0,1,0,0,0,0,10000,11500.0,15,1500.0,13.043478260869565,2.0,100000000.0,115000000.0,15.0,3607.6666666666665,0,0
38,0,1,0,0,0,0,0,0,0,0,0,0,0,0,1,0,0,0,0,0,1,0,0,0,0,300000000,345000000.0,30,45000000.0,13.043478260869565,3.0,140000000.0,174600000.0,30.0,3608.6,0,0
27,1,0,1,0,0,0,0,0,0,0,0,0,0,0,0,0,0,0,0,0,0,0,0,1,0,400000000,440000000.0,30,40000000.0,9.090909090909092,4.5,218750000.0,257187500.0,31.875,3618.375,0,0
44,0,1,0,0,0,0,0,0,0,0,0,1,0,0,0,0,0,0,0,0,1,0,0,0,0,100000000,130000000.0,30,30000000.0,23.07692307692308,1.0,100000000.0,115000000.0,15.0,3608.0,0,0
36,0,1,0,0,0,0,0,0,0,0,0,1,0,0,0,0,0,0,0,0,1,0,0,0,0,100000000,130000000.0,30,30000000.0,23.07692307692308,1.0,100000000.0,130000000.0,30.0,3668.0,0,0
32,1,0,0,0,0,0,0,1,0,0,0,0,0,0,0,0,0,0,0,0,0,0,1,0,0,400000000,440000000.0,30,40000000.0,9.090909090909092,7.0,261538461.53846157,296182692.3076923,26.53846153846154,3610.6153846153848,0,0
33,0,1,0,0,0,0,0,0,0,0,0,0,0,0,0,0,0,0,0,0,1,0,0,0,0,30000,34500.0,30,4500.0,13.043478260869565,3.5,150000000.0,186333333.3333333,30.0,3612.8333333333335,0,0
48,0,1,0,0,0,0,0,1,0,0,0,0,0,0,0,0,0,0,0,0,1,0,0,0,0,100000000,130000000.0,30,30000000.0,23.07692307692308,1.0,100000000.0,130000000.0,30.0,3668.0,0,0
39,0,1,0,0,0,0,1,0,0,0,0,0,0,0,0,0,0,0,0,0,1,0,0,0,0,100000000,130000000.0,30,30000000.0,23.07692307692308,1.0,100000000.0,130000000.0,30.0,3612.0,0,0
30,0,1,0,1,0,0,0,0,0,0,0,0,0,0,0,0,0,0,0,0,1,0,0,0,0,100000000,115000000.0,15,15000000.0,13.043478260869565,3.0,100000000.0,115000000.0,15.0,3609.6,0,0
32,0,1,0,1,0,0,0,0,0,0,0,0,0,0,0,0,0,0,0,0,1,0,0,0,0,100000000,130000000.0,30,30000000.0,23.07692307692308,1.5,100000000.0,130000000.0,30.0,3607.0,0,0
37,0,1,0,1,0,0,0,0,0,0,0,0,0,0,0,0,0,0,0,0,1,0,0,0,0,30000,39000.0,60,9000.0,23.07692307692308,4.5,125000000.0,158750000.0,30.0,3609.625,1,1
36,0,1,0,0,0,0,0,1,0,0,0,0,0,0,0,0,0,0,0,0,1,0,0,0,0,100000000,115000000.0,15,15000000.0,13.043478260869565,1.0,100000000.0,130000000.0,30.0,3668.0,0,0
38,0,1,0,0,0,0,0,1,0,0,0,0,0,0,0,0,0,0,0,0,1,0,0,0,0,300000000,345000000.0,30,45000000.0,13.043478260869565,4.0,171428571.42857143,207000000.0,30.0,3611.714285714286,0,0
42,0,1,0,0,0,0,0,0,0,0,0,1,0,0,0,0,0,0,0,0,1,0,0,0,0,300000000,345000000.0,30,45000000.0,13.043478260869565,3.0,140000000.0,175000000.0,30.0,3607.8,0,0
38,0,1,0,0,0,0,1,0,0,0,0,0,0,0,0,0,0,0,0,0,1,0,0,0,0,20000,24500.0,30,4500.0,18.367346938775512,2.5,150000000.0,183750000.0,26.25,3608.25,0,0
39,0,1,0,0,0,0,0,0,0,0,0,0,0,0,0,0,0,0,0,0,1,0,0,0,0,10000,13000.0,30,3000.0,23.07692307692308,1.0,100000000.0,130000000.0,30.0,3669.0,0,0
50,1,0,0,0,0,0,0,0,0,0,1,0,0,0,0,0,0,0,0,0,1,0,0,0,0,20000,23000.0,30,3000.0,13.043478260869565,2.0,133333333.33333331,168333333.33333334,30.0,3612.3333333333335,0,0
36,0,1,0,0,0,0,0,1,0,0,0,0,0,0,0,0,0,0,0,1,0,0,0,0,0,100000000,130000000.0,30,30000000.0,23.07692307692308,2.0,100000000.0,130000000.0,30.0,3608.6666666666665,0,0
29,0,1,1,0,0,0,0,0,0,0,0,0,0,0,0,0,0,0,0,0,1,0,0,0,0,10000,13000.0,30,3000.0,23.07692307692308,1.5,100000000.0,122500000.0,22.5,3636.5,0,0
44,0,1,0,0,0,1,0,0,0,0,0,0,0,0,0,0,0,0,0,0,1,0,0,0,0,100000000,130000000.0,30,30000000.0,23.07692307692308,1.5,100000000.0,130000000.0,30.0,3607.0,0,0
36,0,1,0,1,0,0,0,0,0,0,0,0,0,0,0,0,0,0,0,0,1,0,0,0,0,10000,13000.0,30,3000.0,23.07692307692308,1.0,100000000.0,130000000.0,30.0,3667.0,0,0
34,0,1,0,0,0,0,1,0,0,0,0,0,0,0,0,0,0,0,0,1,0,0,0,0,0,10000,13000.0,30,3000.0,23.07692307692308,1.5,100000000.0,130000000.0,30.0,3611.0,0,0
34,0,1,0,0,0,1,0,0,0,0,0,0,0,0,0,0,0,0,0,0,1,0,0,0,0,100000000,130000000.0,30,30000000.0,23.07692307692308,1.5,100000000.0,122500000.0,22.5,3637.0,0,0
32,0,1,0,0,0,0,0,1,0,0,0,0,0,0,0,0,0,0,0,1,0,0,0,0,0,100000000,130000000.0,30,30000000.0,23.07692307692308,1.0,100000000.0,115000000.0,15.0,3668.0,0,0
38,0,1,0,0,0,0,0,1,0,0,0,0,0,0,0,0,0,0,0,0,1,0,0,0,0,10000,11000.0,15,1000.0,9.090909090909092,1.5,100000000.0,115000000.0,15.0,3610.0,0,0
28,0,1,0,0,0,0,0,1,0,0,0,0,0,0,0,0,0,0,0,0,1,0,0,0,0,100000000,115000000.0,15,15000000.0,13.043478260869565,1.0,100000000.0,115000000.0,15.0,3669.0,0,0
28,0,1,0,0,0,0,0,0,0,0,0,0,0,0,0,0,0,0,1,0,1,0,0,0,0,400000000,480000000.0,60,80000000.0,16.666666666666664,8.5,209375000.0,248312500.0,32.8125,5327.75,1,1
28,0,1,0,1,0,0,0,0,0,0,0,0,0,0,0,0,0,0,0,0,1,0,0,0,0,10000,13000.0,30,3000.0,23.07692307692308,3.5,100000000.0,130000000.0,30.0,3618.3333333333335,0,0
34,0,1,0,0,0,0,0,0,0,0,0,1,0,0,0,0,0,0,0,0,1,0,0,0,0,100000000,130000000.0,30,30000000.0,23.07692307692308,1.0,100000000.0,130000000.0,30.0,3611.0,0,0
44,0,1,0,0,0,0,0,1,0,0,0,0,0,0,0,0,0,0,0,0,1,0,0,0,0,100000000,107500000.0,15,7500000.0,6.976744186046512,3.5,150000000.0,180000000.0,30.0,3615.5,0,0
32,0,1,0,0,0,0,0,0,0,0,0,0,0,0,0,0,0,0,0,0,1,0,0,0,0,100000000,115000000.0,15,15000000.0,13.043478260869565,2.0,100000000.0,120000000.0,20.0,3609.3333333333335,0,0
30,0,1,0,0,0,0,0,1,0,0,0,0,0,0,0,0,0,0,0,0,1,0,0,0,0,100000000,130000000.0,30,30000000.0,23.07692307692308,1.5,100000000.0,130000000.0,30.0,3610.0,0,0
32,0,1,0,0,0,0,0,0,0,0,0,0,0,0,0,0,0,0,0,1,0,0,0,0,0,100000000,130000000.0,30,30000000.0,23.07692307692308,1.0,100000000.0,130000000.0,30.0,3670.0,0,0
31,0,1,1,0,0,0,0,0,0,0,0,0,0,0,0,0,0,0,0,1,0,0,0,0,0,100000000,130000000.0,30,30000000.0,23.07692307692308,1.5,100000000.0,130000000.0,30.0,3637.0,0,0
37,0,1,0,0,0,0,0,1,0,0,0,0,0,0,0,0,0,0,0,0,1,0,0,0,0,100000000,115000000.0,15,15000000.0,13.043478260869565,1.0,100000000.0,115000000.0,15.0,3668.0,0,0
40,0,1,0,0,0,0,0,1,0,0,0,0,0,0,0,0,0,0,0,0,1,0,0,0,0,100000000,130000000.0,30,30000000.0,23.07692307692308,1.5,100000000.0,130000000.0,30.0,3637.5,0,0
36,0,1,0,0,0,0,0,1,0,0,0,0,0,0,0,0,0,0,0,0,1,0,0,0,0,100000000,130000000.0,30,30000000.0,23.07692307692308,2.0,100000000.0,130000000.0,30.0,3608.6666666666665,0,0
34,0,1,0,0,0,0,0,0,0,0,0,0,0,0,1,0,0,0,0,0,1,0,0,0,0,200000000,245000000.0,30,45000000.0,18.367346938775512,2.0,100000000.0,130000000.0,30.0,3609.0,0,0
31,0,1,0,0,0,0,0,0,0,0,0,1,0,0,0,0,0,0,0,0,1,0,0,0,0,100000000,130000000.0,30,30000000.0,23.07692307692308,1.5,100000000.0,130000000.0,30.0,3615.0,0,0
49,0,1,0,0,0,0,0,0,0,0,0,0,0,0,0,0,0,0,1,0,1,0,0,0,0,100000000,115000000.0,15,15000000.0,13.043478260869565,1.0,100000000.0,115000000.0,15.0,3611.0,0,0
32,0,1,0,0,0,0,0,0,0,0,1,0,0,0,0,0,0,0,0,0,1,0,0,0,0,10000,13000.0,30,3000.0,23.07692307692308,1.0,100000000.0,115000000.0,15.0,3668.0,0,0
33,0,1,0,0,0,0,0,1,0,0,0,0,0,0,0,0,0,0,0,0,1,0,0,0,0,10000,13000.0,30,3000.0,23.07692307692308,1.0,100000000.0,130000000.0,30.0,3668.0,0,0
40,0,1,0,0,0,0,0,1,0,0,0,0,0,0,0,0,0,0,0,1,0,0,0,0,0,300000000,345000000.0,30,45000000.0,13.043478260869565,5.0,200000000.0,230444444.44444445,23.33333333333333,3613.6666666666665,0,0
30,0,1,0,0,0,0,0,0,0,0,0,0,0,0,1,0,0,0,0,1,0,0,0,0,0,100000000,130000000.0,30,30000000.0,23.07692307692308,1.0,100000000.0,130000000.0,30.0,3668.0,0,0
38,1,0,0,0,0,0,0,1,0,0,0,0,0,0,0,0,0,0,0,0,0,0,1,0,0,30000,34500.0,30,4500.0,13.043478260869565,8.0,198666666.66666663,223900000.0,20.0,3613.6666666666665,0,0
32,0,1,0,1,0,0,0,0,0,0,0,0,0,0,0,0,0,0,0,1,0,0,0,0,0,100000000,115000000.0,15,15000000.0,13.043478260869565,1.0,100000000.0,115000000.0,15.0,3670.0,0,0
35,0,1,1,0,0,0,0,0,0,0,0,0,0,0,0,0,0,0,0,1,0,0,0,0,0,10000,13000.0,30,3000.0,23.07692307692308,1.0,100000000.0,115000000.0,15.0,3609.0,0,0
33,0,1,0,0,0,0,0,0,0,0,0,0,0,0,1,0,0,0,0,1,0,0,0,0,0,200000000,245000000.0,30,45000000.0,18.367346938775512,2.0,100000000.0,115000000.0,15.0,3611.0,0,0
36,0,1,0,0,0,0,0,1,0,0,0,0,0,0,0,0,0,0,0,0,1,0,0,0,0,100000000,130000000.0,30,30000000.0,23.07692307692308,1.0,100000000.0,130000000.0,30.0,3668.0,0,0
34,0,1,0,0,0,0,0,1,0,0,0,0,0,0,0,0,0,0,0,0,1,0,0,0,0,100000000,130000000.0,30,30000000.0,23.07692307692308,1.0,100000000.0,130000000.0,30.0,3670.0,0,0
33,1,0,0,0,0,0,0,1,0,0,0,0,0,0,0,0,0,0,0,0,1,0,0,0,0,100000000,130000000.0,30,30000000.0,23.07692307692308,2.0,100000000.0,115000000.0,15.0,3609.3333333333335,0,0
40,1,0,0,0,0,0,1,0,0,0,0,0,0,0,0,0,0,0,0,0,1,0,0,0,0,300000000,330000000.0,30,30000000.0,9.090909090909092,6.0,240909090.9090909,283977272.72727275,32.72727272727273,3864.181818181818,0,0
36,0,1,0,0,0,0,0,1,0,0,0,0,0,0,0,0,0,0,0,0,1,0,0,0,0,20000,24500.0,30,4500.0,18.367346938775512,2.0,100000000.0,120000000.0,20.0,3616.0,0,0
36,0,1,0,0,1,0,0,0,0,0,0,0,0,0,0,0,0,0,0,0,1,0,0,0,0,100000000,130000000.0,30,30000000.0,23.07692307692308,1.5,100000000.0,130000000.0,30.0,3609.0,0,0
36,0,1,0,0,0,0,0,1,0,0,0,0,0,0,0,0,0,0,0,0,1,0,0,0,0,20000,24500.0,30,4500.0,18.367346938775512,2.0,100000000.0,115000000.0,15.0,3607.6666666666665,0,0
34,0,1,1,0,0,0,0,0,0,0,0,0,0,0,0,0,0,0,0,0,1,0,0,0,0,10000,13000.0,30,3000.0,23.07692307692308,1.0,100000000.0,130000000.0,30.0,3668.0,0,0
42,0,1,0,0,0,0,0,1,0,0,0,0,0,0,0,0,0,0,0,0,1,0,0,0,0,10000,11500.0,15,1500.0,13.043478260869565,1.0,100000000.0,115000000.0,15.0,3607.0,0,0
57,0,1,0,0,0,0,1,0,0,0,0,0,0,0,0,0,0,0,0,0,1,0,0,0,0,100000000,130000000.0,30,30000000.0,23.07692307692308,1.0,100000000.0,115000000.0,15.0,3668.0,0,0
37,0,1,1,0,0,0,0,0,0,0,0,0,0,0,0,0,0,0,0,0,1,0,0,0,0,100000000,130000000.0,30,30000000.0,23.07692307692308,1.5,100000000.0,130000000.0,30.0,3607.0,0,0
46,0,1,0,0,0,0,1,0,0,0,0,0,0,0,0,0,0,0,0,0,1,0,0,0,0,200000000,245000000.0,30,45000000.0,18.367346938775512,2.0,100000000.0,122500000.0,30.0,3669.0,0,0
33,1,0,0,0,0,0,0,1,0,0,0,0,0,0,0,0,0,0,0,0,0,0,1,0,0,500000000,550000000.0,60,50000000.0,9.090909090909092,5.5,260000000.0,305487500.0,40.5,3615.8,1,1
47,0,1,0,0,0,0,0,1,0,0,0,0,0,0,0,0,0,0,0,0,1,0,0,0,0,10000,11500.0,15,1500.0,13.043478260869565,1.0,100000000.0,115000000.0,15.0,3667.0,0,0
36,0,1,0,0,0,0,0,0,0,0,0,1,0,0,0,0,0,0,0,0,1,0,0,0,0,100000000,115000000.0,15,15000000.0,13.043478260869565,1.0,100000000.0,115000000.0,15.0,3668.0,0,0
38,1,0,0,0,0,0,0,0,0,0,1,0,0,0,0,0,0,0,0,0,1,0,0,0,0,30000,39000.0,60,9000.0,23.07692307692308,6.0,243636363.63636363,295636363.6363636,40.90909090909091,3617.727272727273,1,1
31,0,1,0,0,0,0,0,0,0,0,0,0,0,0,1,0,0,0,0,0,1,0,0,0,0,100000000,130000000.0,30,30000000.0,23.07692307692308,1.0,100000000.0,130000000.0,30.0,3668.0,0,0
39,1,0,0,0,0,0,1,0,0,0,0,0,0,0,0,0,0,0,0,0,0,0,1,0,0,100000000,130000000.0,30,30000000.0,23.07692307692308,1.5,100000000.0,130000000.0,30.0,3635.0,0,0
36,0,1,0,0,0,0,0,1,0,0,0,0,0,0,0,0,0,0,0,0,1,0,0,0,0,400000000,480000000.0,60,80000000.0,16.666666666666664,4.5,200000000.0,240500000.0,33.75,3615.5,1,1
28,0,1,1,0,0,0,0,0,0,0,0,0,0,0,0,0,0,0,0,0,1,0,0,0,0,100000000,130000000.0,30,30000000.0,23.07692307692308,1.5,100000000.0,130000000.0,30.0,3637.0,0,0
30,0,1,0,0,0,0,0,1,0,0,0,0,0,0,0,0,0,0,0,0,1,0,0,0,0,300000000,390000000.0,60,90000000.0,23.07692307692308,4.0,171428571.42857143,193928571.42857143,17.142857142857142,3607.714285714286,1,1
48,0,1,0,0,0,0,0,1,0,0,0,0,0,0,0,0,0,0,0,1,0,0,0,0,0,100000000,130000000.0,30,30000000.0,23.07692307692308,2.5,125000000.0,155000000.0,26.25,3607.0,0,0
34,0,1,0,0,0,0,0,1,0,0,0,0,0,0,0,0,0,0,0,1,0,0,0,0,0,100000000,115000000.0,15,15000000.0,13.043478260869565,1.0,100000000.0,130000000.0,30.0,3668.0,0,0
50,0,1,0,0,0,0,0,0,0,0,0,0,0,0,0,0,0,0,0,0,1,0,0,0,0,200000000,245000000.0,30,45000000.0,18.367346938775512,3.0,140000000.0,170200000.0,27.0,3621.6,0,0
41,1,0,0,0,0,0,0,1,0,0,0,0,0,0,0,0,0,0,0,0,1,0,0,0,0,300000000,390000000.0,60,90000000.0,23.07692307692308,3.5,183333333.3333333,213333333.3333333,22.5,3619.3333333333335,1,1
37,0,1,0,0,0,0,1,0,0,0,0,0,0,0,0,0,0,0,0,0,1,0,0,0,0,100000000,130000000.0,30,30000000.0,23.07692307692308,1.0,100000000.0,130000000.0,30.0,3670.0,0,0
26,0,1,0,0,0,0,0,1,0,0,0,0,0,0,0,0,0,0,0,0,0,0,0,1,0,100000000,130000000.0,30,30000000.0,23.07692307692308,1.0,100000000.0,130000000.0,30.0,3614.0,0,0
39,1,0,0,0,0,0,0,1,0,0,0,0,0,0,0,0,0,0,0,0,0,0,1,0,0,40000,44000.0,30,4000.0,9.090909090909092,5.0,227777777.7777778,260750000.0,26.666666666666668,3619.1111111111113,0,0
39,0,1,0,0,0,0,0,0,0,0,0,0,0,0,0,0,0,0,1,0,1,0,0,0,0,100000000,115000000.0,15,15000000.0,13.043478260869565,1.0,100000000.0,115000000.0,15.0,3667.0,0,0
40,0,1,0,0,0,0,0,1,0,0,0,0,0,0,0,0,0,0,0,0,1,0,0,0,0,10000,13000.0,30,3000.0,23.07692307692308,1.0,100000000.0,130000000.0,30.0,3607.0,0,0
50,0,1,0,0,0,0,0,0,0,0,0,0,0,0,0,0,0,0,1,0,1,0,0,0,0,200000000,222500000.0,15,22500000.0,10.112359550561797,3.5,116666666.66666669,132916666.66666669,15.0,3608.3333333333335,0,0
39,0,1,0,0,0,0,1,0,0,0,0,0,0,0,0,0,0,0,0,0,0,0,1,0,0,100000000,130000000.0,30,30000000.0,23.07692307692308,1.0,100000000.0,130000000.0,30.0,3610.0,0,0
35,0,1,1,0,0,0,0,0,0,0,0,0,0,0,0,0,0,0,0,0,1,0,0,0,0,200000000,245000000.0,30,45000000.0,18.367346938775512,2.0,100000000.0,125000000.0,25.0,3609.3333333333335,0,0
35,0,1,0,0,0,0,0,1,0,0,0,0,0,0,0,0,0,0,0,0,1,0,0,0,0,100000000,130000000.0,30,30000000.0,23.07692307692308,1.5,100000000.0,130000000.0,30.0,3608.5,0,0
48,1,0,0,0,0,0,0,0,0,0,0,0,0,0,0,0,0,0,1,0,1,0,0,0,0,200000000,222500000.0,15,22500000.0,10.112359550561797,1.5,100000000.0,115000000.0,15.0,3607.5,0,0
29,0,1,0,0,0,0,0,0,0,0,0,0,0,0,1,0,0,0,0,1,0,0,0,0,0,100000000,115000000.0,15,15000000.0,13.043478260869565,1.0,100000000.0,115000000.0,15.0,3667.0,0,0
40,0,1,0,0,0,1,0,0,0,0,0,0,0,0,0,0,0,0,0,1,0,0,0,0,0,100000000,115000000.0,15,15000000.0,13.043478260869565,1.0,100000000.0,115000000.0,15.0,3668.0,0,0
28,1,0,1,0,0,0,0,0,0,0,0,0,0,0,0,0,0,0,0,0,1,0,0,0,0,100000000,111250000.0,15,11250000.0,10.112359550561797,6.0,134545454.54545453,153727272.72727272,17.727272727272727,3615.272727272728,0,0
27,1,0,0,0,0,0,0,1,0,0,0,0,0,0,0,0,0,0,0,0,0,0,0,1,0,500000000,550000000.0,60,50000000.0,9.090909090909092,9.0,255882352.94117647,287375000.0,25.58823529411765,3610.941176470588,1,1
43,0,1,0,0,0,0,0,1,0,0,0,0,0,0,0,0,0,0,0,0,1,0,0,0,0,100000000,130000000.0,30,30000000.0,23.07692307692308,1.0,100000000.0,130000000.0,30.0,3618.0,0,0
46,0,1,0,0,0,1,0,0,0,0,0,0,0,0,0,0,0,0,0,0,1,0,0,0,0,100000000,115000000.0,15,15000000.0,13.043478260869565,1.0,100000000.0,115000000.0,30.0,3668.0,0,0
40,0,1,0,0,0,0,0,0,0,0,0,1,0,0,0,0,0,0,0,0,1,0,0,0,0,10000,11500.0,15,1500.0,13.043478260869565,1.0,100000000.0,130000000.0,30.0,3668.0,0,0
31,0,1,0,0,0,0,0,0,0,0,0,0,0,0,0,0,0,0,0,0,0,0,0,1,0,100000000,130000000.0,30,30000000.0,23.07692307692308,2.0,100000000.0,130000000.0,30.0,3618.0,0,0
32,0,1,0,0,0,0,1,0,0,0,0,0,0,0,0,0,0,0,0,0,1,0,0,0,0,100000000,115000000.0,15,15000000.0,13.043478260869565,1.5,100000000.0,122500000.0,22.5,3610.0,0,0
28,0,1,1,0,0,0,0,0,0,0,0,0,0,0,0,0,0,0,0,1,0,0,0,0,0,100000000,115000000.0,15,15000000.0,13.043478260869565,1.0,100000000.0,115000000.0,15.0,3669.0,0,0
49,0,1,0,0,0,0,0,1,0,0,0,0,0,0,0,0,0,0,0,1,0,0,0,0,0,200000000,245000000.0,30,45000000.0,18.367346938775512,2.0,100000000.0,125000000.0,25.0,3629.3333333333335,0,0
35,1,0,0,0,0,0,0,0,0,0,0,0,0,0,0,0,0,0,0,0,0,0,1,0,0,400000000,480000000.0,60,80000000.0,16.666666666666664,5.0,244444444.44444445,297444444.4444444,43.333333333333336,3611.0,1,1
29,0,1,0,0,0,0,0,0,0,0,0,0,0,0,0,0,0,0,0,1,0,0,0,0,0,200000000,245000000.0,30,45000000.0,18.367346938775512,2.5,125000000.0,158750000.0,30.0,3623.25,0,0
42,0,1,0,0,0,0,0,0,0,0,0,0,0,0,0,0,0,0,0,0,1,0,0,0,0,100000000,130000000.0,30,30000000.0,23.07692307692308,1.5,100000000.0,130000000.0,30.0,3637.5,0,0
30,0,1,0,1,0,0,0,0,0,0,0,0,0,0,0,0,0,0,0,0,1,0,0,0,0,100000000,130000000.0,30,30000000.0,23.07692307692308,1.0,100000000.0,115000000.0,15.0,3667.0,0,0
40,0,1,0,0,0,0,0,0,0,0,0,1,0,0,0,0,0,0,0,0,1,0,0,0,0,100000000,111250000.0,15,11250000.0,10.112359550561797,2.0,100000000.0,115000000.0,15.0,3628.3333333333335,0,0
41,1,0,0,0,0,0,0,0,0,0,0,0,0,0,0,0,0,0,1,0,1,0,0,0,0,100000000,122500000.0,30,22500000.0,18.367346938775512,4.5,100000000.0,129062500.0,30.0,3615.875,0,0
30,0,1,0,0,0,0,0,1,0,0,0,0,0,0,0,0,0,0,0,0,1,0,0,0,0,100000000,115000000.0,15,15000000.0,13.043478260869565,1.0,100000000.0,130000000.0,30.0,3668.0,0,0
35,0,1,0,0,0,0,0,0,0,0,0,1,0,0,0,0,0,0,0,0,1,0,0,0,0,200000000,245000000.0,30,45000000.0,18.367346938775512,2.0,100000000.0,125000000.0,25.0,3608.0,0,0
27,0,1,0,0,0,0,0,1,0,0,0,0,0,0,0,0,0,0,0,0,1,0,0,0,0,100000000,122500000.0,30,22500000.0,18.367346938775512,2.0,100000000.0,130000000.0,30.0,3607.3333333333335,0,0
42,0,1,0,0,0,0,0,1,0,0,0,0,0,0,0,0,0,0,0,0,1,0,0,0,0,200000000,245000000.0,30,45000000.0,18.367346938775512,2.0,100000000.0,123333333.33333331,25.0,3608.0,0,0
39,1,0,0,0,0,0,0,1,0,0,0,0,0,0,0,0,0,0,0,0,1,0,0,0,0,400000000,480000000.0,60,80000000.0,16.666666666666664,5.5,240000000.0,284850000.0,36.0,3611.1,1,1
42,0,1,0,0,0,0,0,0,0,0,0,0,0,0,0,0,0,0,0,0,1,0,0,0,0,100000000,130000000.0,30,30000000.0,23.07692307692308,1.0,100000000.0,115000000.0,15.0,3668.0,0,0
35,0,1,0,0,0,0,0,0,0,0,0,1,0,0,0,0,0,0,0,0,1,0,0,0,0,100000000,130000000.0,30,30000000.0,23.07692307692308,2.5,100000000.0,126250000.0,26.25,3623.25,0,0
42,0,1,0,0,0,0,0,0,0,0,0,0,0,0,0,0,0,0,1,1,0,0,0,0,0,100000000,130000000.0,30,30000000.0,23.07692307692308,1.0,100000000.0,115000000.0,15.0,3667.0,0,0
43,0,1,0,0,1,0,0,0,0,0,0,0,0,0,0,0,0,0,0,0,1,0,0,0,0,200000000,245000000.0,30,45000000.0,18.367346938775512,2.0,100000000.0,130000000.0,30.0,3614.3333333333335,0,0
46,0,1,0,0,0,0,1,0,0,0,0,0,0,0,0,0,0,0,0,0,1,0,0,0,0,100000000,130000000.0,30,30000000.0,23.07692307692308,1.5,100000000.0,120000000.0,22.5,3611.0,0,0
36,1,0,0,0,0,0,0,1,0,0,0,0,0,0,0,0,0,0,0,0,1,0,0,0,0,400000000,440000000.0,30,40000000.0,9.090909090909092,6.5,241666666.66666663,280166666.6666667,30.0,3609.0833333333335,0,0
38,0,1,0,0,0,0,0,0,0,0,0,0,0,0,1,0,0,0,0,0,1,0,0,0,0,100000000,130000000.0,30,30000000.0,23.07692307692308,1.0,100000000.0,115000000.0,15.0,3669.0,0,0
34,0,1,0,0,0,0,0,1,0,0,0,0,0,0,0,0,0,0,0,0,1,0,0,0,0,100000000,115000000.0,15,15000000.0,13.043478260869565,1.0,100000000.0,115000000.0,15.0,3668.0,0,0
43,0,1,0,0,0,0,0,1,0,0,0,0,0,0,0,0,0,0,0,0,1,0,0,0,0,200000000,245000000.0,30,45000000.0,18.367346938775512,2.5,125000000.0,158750000.0,30.0,3625.0,0,0
33,0,1,0,0,0,0,0,1,0,0,0,0,0,0,0,0,0,0,0,0,1,0,0,0,0,100000000,130000000.0,30,30000000.0,23.07692307692308,1.5,100000000.0,130000000.0,30.0,3609.0,0,0
33,0,1,0,0,0,0,0,1,0,0,0,0,0,0,0,0,0,0,0,0,0,0,1,0,0,200000000,245000000.0,30,45000000.0,18.367346938775512,3.5,100000000.0,130000000.0,30.0,3629.6666666666665,0,0
33,0,1,0,1,0,0,0,0,0,0,0,0,0,0,0,0,0,0,0,0,0,0,0,1,0,300000000,390000000.0,60,90000000.0,23.07692307692308,2.0,133333333.33333331,168333333.33333334,30.0,3609.3333333333335,1,1
47,1,0,0,0,0,0,0,0,0,0,0,0,0,0,0,0,0,0,0,0,1,0,0,0,0,100000000,130000000.0,30,30000000.0,23.07692307692308,1.0,100000000.0,130000000.0,30.0,3668.0,0,0
40,0,1,0,0,0,0,1,0,0,0,0,0,0,0,0,0,0,0,0,0,1,0,0,0,0,100000000,115000000.0,15,15000000.0,13.043478260869565,2.5,100000000.0,115000000.0,15.0,3607.5,0,0
36,0,1,0,0,0,0,0,1,0,0,0,0,0,0,0,0,0,0,0,0,1,0,0,0,0,100000000,130000000.0,30,30000000.0,23.07692307692308,1.5,100000000.0,130000000.0,30.0,3611.5,0,0
41,0,1,1,0,0,0,0,0,0,0,0,0,0,0,0,0,0,0,0,1,0,0,0,0,0,20000,24500.0,30,4500.0,18.367346938775512,2.0,100000000.0,130000000.0,30.0,3618.0,0,0
39,0,1,0,0,0,0,0,1,0,0,0,0,0,0,0,0,0,0,0,0,1,0,0,0,0,100000000,130000000.0,30,30000000.0,23.07692307692308,1.5,100000000.0,130000000.0,30.0,3610.0,0,0
39,0,1,0,0,0,0,0,1,0,0,0,0,0,0,0,0,0,0,0,0,1,0,0,0,0,20000,22250.0,15,2250.0,10.112359550561797,3.0,120000000.0,135750000.0,15.0,3631.6,0,0
41,0,1,0,0,0,0,0,1,0,0,0,0,0,0,0,0,0,0,0,1,0,0,0,0,0,100000000,130000000.0,30,30000000.0,23.07692307692308,1.0,100000000.0,130000000.0,30.0,3608.0,0,0
35,0,1,0,0,0,0,0,0,0,0,0,1,0,0,0,0,0,0,0,0,1,0,0,0,0,100000000,130000000.0,30,30000000.0,23.07692307692308,1.0,100000000.0,115000000.0,15.0,3612.0,0,0
42,1,0,0,0,0,0,1,0,0,0,0,0,0,0,0,0,0,0,0,0,1,0,0,0,0,400000000,440000000.0,30,40000000.0,9.090909090909092,6.0,218181818.1818182,258363636.3636364,30.0,3610.0,0,0
30,0,1,0,0,0,0,1,0,0,0,0,0,0,0,0,0,0,0,0,0,1,0,0,0,0,200000000,245000000.0,30,45000000.0,18.367346938775512,2.0,100000000.0,130000000.0,30.0,3608.3333333333335,0,0
35,0,1,0,0,0,0,0,1,0,0,0,0,0,0,0,0,0,0,0,0,1,0,0,0,0,100000000,115000000.0,15,15000000.0,13.043478260869565,2.0,100000000.0,115000000.0,15.0,3611.0,0,0
41,0,1,0,0,0,0,0,0,0,0,0,1,0,0,0,0,0,0,0,0,1,0,0,0,0,300000000,345000000.0,30,45000000.0,13.043478260869565,4.0,171428571.42857143,203714285.7142857,25.714285714285715,3619.428571428572,0,0
37,0,1,0,0,0,0,0,0,0,0,0,1,0,0,0,0,0,0,0,0,1,0,0,0,0,100000000,130000000.0,30,30000000.0,23.07692307692308,1.5,100000000.0,130000000.0,30.0,3609.5,0,0
35,0,1,0,0,0,1,0,0,0,0,0,0,0,0,0,0,0,0,0,0,1,0,0,0,0,10000,13000.0,30,3000.0,23.07692307692308,1.5,100000000.0,130000000.0,30.0,3606.5,0,0
56,0,1,0,0,0,0,0,1,0,0,0,0,0,0,0,0,0,0,0,0,1,0,0,0,0,100000000,130000000.0,30,30000000.0,23.07692307692308,1.0,100000000.0,130000000.0,30.0,3668.0,0,0
47,0,1,0,0,0,0,1,0,0,0,0,0,0,0,0,0,0,0,0,0,1,0,0,0,0,25000,28750.0,30,3750.0,13.043478260869565,2.5,162500000.0,198125000.0,30.0,3607.75,0,0
36,1,0,0,0,0,0,0,0,0,0,0,0,0,0,1,0,0,0,0,0,1,0,0,0,0,200000000,245000000.0,30,45000000.0,18.367346938775512,3.5,100000000.0,120000000.0,20.0,3620.8333333333335,0,0
30,0,1,0,0,0,0,0,0,0,0,0,0,0,0,0,0,0,0,0,0,1,0,0,0,0,20000,24500.0,30,4500.0,18.367346938775512,3.0,140000000.0,176000000.0,30.0,3610.2,0,0
36,0,1,0,0,0,0,0,1,0,0,0,0,0,0,0,0,0,0,0,0,1,0,0,0,0,200000000,215000000.0,15,15000000.0,6.976744186046512,5.0,177777777.7777778,203361111.1111111,21.666666666666668,3609.0,0,0
32,0,1,0,0,0,0,1,0,0,0,0,0,0,0,0,0,0,0,0,0,1,0,0,0,0,10000,13000.0,30,3000.0,23.07692307692308,1.0,100000000.0,130000000.0,30.0,3608.0,0,0
29,0,1,0,0,0,0,0,1,0,0,0,0,0,0,0,0,0,0,0,0,1,0,0,0,0,200000000,245000000.0,30,45000000.0,18.367346938775512,2.5,100000000.0,124375000.0,26.25,3625.0,0,0
34,0,1,1,0,0,0,0,0,0,0,0,0,0,0,0,0,0,0,0,0,1,0,0,0,0,20000,24500.0,30,4500.0,18.367346938775512,1.5,100000000.0,122500000.0,22.5,3606.0,0,0
48,0,1,0,0,0,0,0,1,0,0,0,0,0,0,0,0,0,0,0,0,1,0,0,0,0,200000000,245000000.0,30,45000000.0,18.367346938775512,3.0,140000000.0,176000000.0,30.0,3619.0,0,0
45,0,1,0,0,0,0,0,1,0,0,0,0,0,0,0,0,0,0,0,0,1,0,0,0,0,100000000,130000000.0,30,30000000.0,23.07692307692308,1.5,100000000.0,122500000.0,22.5,3637.5,0,0
41,0,1,0,1,0,0,0,0,0,0,0,0,0,0,0,0,0,0,0,0,1,0,0,0,0,200000000,245000000.0,30,45000000.0,18.367346938775512,5.0,122222222.22222222,154777777.7777778,30.0,3611.0,0,0
46,0,1,0,0,0,0,1,0,0,0,0,0,0,0,0,0,0,0,0,1,0,0,0,0,0,200000000,245000000.0,30,45000000.0,18.367346938775512,2.0,133333333.33333331,150833333.33333334,15.0,3629.6666666666665,0,0
38,0,1,0,0,0,1,0,0,0,0,0,0,0,0,0,0,0,0,0,0,1,0,0,0,0,200000000,245000000.0,30,45000000.0,18.367346938775512,3.0,140000000.0,173000000.0,27.0,3606.4,0,0
35,0,1,0,0,0,0,0,1,0,0,0,0,0,0,0,0,0,0,0,1,0,0,0,0,0,100000000,130000000.0,30,30000000.0,23.07692307692308,1.5,100000000.0,130000000.0,30.0,3612.5,0,0
33,0,1,0,0,0,0,0,0,0,0,0,0,0,0,0,0,0,0,1,0,1,0,0,0,0,300000000,345000000.0,30,45000000.0,13.043478260869565,4.0,214285714.2857143,250142857.14285716,27.857142857142858,3609.0,0,0
32,0,1,0,0,0,0,0,0,0,0,1,0,0,0,0,0,0,0,0,0,1,0,0,0,0,30000,34500.0,30,4500.0,13.043478260869565,5.0,155555555.55555555,172888888.8888889,16.666666666666668,3608.222222222222,0,0
37,1,0,0,0,0,0,0,0,0,0,0,0,0,0,0,0,0,0,1,0,1,0,0,0,0,300000000,345000000.0,30,45000000.0,13.043478260869565,5.0,222222222.2222222,255444444.44444445,23.33333333333333,3610.6666666666665,0,0
32,1,0,0,0,0,0,1,0,0,0,0,0,0,0,0,0,0,0,0,0,0,0,1,0,0,100000000,130000000.0,30,30000000.0,23.07692307692308,1.0,100000000.0,115000000.0,15.0,3610.0,0,0
48,0,1,0,0,0,0,0,0,0,0,0,0,0,0,0,0,0,0,0,0,1,0,0,0,0,300000000,345000000.0,30,45000000.0,13.043478260869565,4.0,171428571.42857143,196642857.14285716,19.285714285714285,3615.714285714286,0,0
30,0,1,0,0,0,0,0,0,0,0,0,0,0,0,0,0,0,0,1,1,0,0,0,0,0,100000000,115000000.0,15,15000000.0,13.043478260869565,1.0,100000000.0,130000000.0,30.0,3668.0,0,0
49,0,1,0,0,0,0,0,0,0,0,0,0,0,0,0,0,0,0,1,1,0,0,0,0,0,100000000,130000000.0,30,30000000.0,23.07692307692308,1.5,100000000.0,122500000.0,22.5,3667.5,0,0
32,0,1,0,0,0,0,0,1,0,0,0,0,0,0,0,0,0,0,0,0,1,0,0,0,0,100000000,115000000.0,15,15000000.0,13.043478260869565,1.0,100000000.0,115000000.0,15.0,3668.0,0,0
27,0,1,0,0,0,0,0,1,0,0,0,0,0,0,0,0,0,0,0,0,1,0,0,0,0,100000000,130000000.0,30,30000000.0,23.07692307692308,1.0,100000000.0,130000000.0,30.0,3671.0,0,0
32,0,1,0,0,0,0,0,1,0,0,0,0,0,0,0,0,0,0,0,0,1,0,0,0,0,200000000,245000000.0,30,45000000.0,18.367346938775512,2.5,125000000.0,155000000.0,26.25,3607.25,0,0
30,1,0,0,0,0,0,0,0,0,0,0,0,0,0,0,0,0,0,0,0,1,0,0,0,0,100000000,130000000.0,30,30000000.0,23.07692307692308,1.0,100000000.0,130000000.0,30.0,3668.0,0,0
32,0,1,0,0,0,0,1,0,0,0,0,0,0,0,0,0,0,0,0,1,0,0,0,0,0,100000000,125000000.0,30,25000000.0,20.0,1.5,100000000.0,115000000.0,15.0,3637.5,0,0
44,0,1,0,0,0,0,0,0,0,0,0,0,0,0,0,0,0,0,1,0,1,0,0,0,0,200000000,245000000.0,30,45000000.0,18.367346938775512,2.0,100000000.0,130000000.0,30.0,3608.0,0,0
37,0,1,1,0,0,0,0,0,0,0,0,0,0,0,0,0,0,0,0,0,1,0,0,0,0,20000,22250.0,15,2250.0,10.112359550561797,4.5,162500000.0,197375000.0,28.125,3617.0,0,0
36,0,1,0,0,0,0,1,0,0,0,0,0,0,0,0,0,0,0,0,0,0,0,1,0,0,400000000,440000000.0,30,40000000.0,9.090909090909092,6.5,262500000.0,304000000.0,31.25,3614.25,0,0
49,0,1,0,0,0,0,0,0,0,0,0,0,0,0,0,0,0,0,1,1,0,0,0,0,0,100000000,125000000.0,30,25000000.0,20.0,1.0,100000000.0,130000000.0,30.0,3667.0,0,0
33,0,1,0,0,0,0,0,0,0,0,0,0,0,0,1,0,0,0,0,1,0,0,0,0,0,300000000,345000000.0,30,45000000.0,13.043478260869565,3.5,100000000.0,115625000.0,17.5,3617.5,0,0
35,1,0,0,0,0,0,0,1,0,0,0,0,0,0,0,0,0,0,0,0,0,0,0,1,0,15000,18375.0,30,3375.0,18.367346938775512,6.0,101818181.8181818,127136363.63636364,27.272727272727277,3611.0,0,0
37,1,0,1,0,0,0,0,0,0,0,0,0,0,0,0,0,0,0,0,0,1,0,0,0,0,40000,44000.0,30,4000.0,9.090909090909092,6.5,200000000.0,228645833.3333333,23.75,3613.5833333333335,0,0
50,1,0,0,0,0,0,1,0,0,0,0,0,0,0,0,0,0,0,0,0,0,0,1,0,0,300000000,345000000.0,30,45000000.0,13.043478260869565,4.0,185714285.7142857,219000000.0,25.714285714285715,3609.285714285714,0,0
39,0,1,0,0,0,0,0,0,0,0,0,0,0,0,0,0,0,0,1,0,1,0,0,0,0,100000000,130000000.0,30,30000000.0,23.07692307692308,1.0,100000000.0,130000000.0,30.0,3668.0,0,0
32,0,1,0,0,0,0,1,0,0,0,0,0,0,0,0,0,0,0,0,0,1,0,0,0,0,300000000,345000000.0,30,45000000.0,13.043478260869565,4.0,157142857.14285713,183357142.85714287,21.428571428571427,3616.0,0,0
39,0,1,0,0,0,0,0,1,0,0,0,0,0,0,0,0,0,0,0,0,1,0,0,0,0,20000,24500.0,30,4500.0,18.367346938775512,2.0,100000000.0,125000000.0,25.0,3608.6666666666665,0,0
40,0,1,0,1,0,0,0,0,0,0,0,0,0,0,0,0,0,0,0,1,0,0,0,0,0,150000000,183750000.0,30,33750000.0,18.367346938775512,2.0,100000000.0,125000000.0,25.0,3607.3333333333335,0,0
38,0,1,0,0,0,0,1,0,0,0,0,0,0,0,0,0,0,0,0,1,0,0,0,0,0,30000,39000.0,60,9000.0,23.07692307692308,6.0,218181818.1818182,253818181.8181818,27.272727272727277,3609.0,1,1
26,0,1,0,0,0,0,1,0,0,0,0,0,0,0,0,0,0,0,0,0,0,0,0,1,0,300000000,345000000.0,30,45000000.0,13.043478260869565,4.0,171428571.42857143,208000000.0,30.0,3608.428571428572,0,0
31,0,1,0,0,0,0,0,1,0,0,0,0,0,0,0,0,0,0,0,1,0,0,0,0,0,100000000,115000000.0,15,15000000.0,13.043478260869565,1.0,100000000.0,115000000.0,15.0,3617.0,0,0
44,0,1,0,0,0,0,1,0,0,0,0,0,0,0,0,0,0,0,0,0,1,0,0,0,0,100000000,115000000.0,15,15000000.0,13.043478260869565,1.0,100000000.0,115000000.0,15.0,3611.0,0,0
47,0,1,0,0,0,0,1,0,0,0,0,0,0,0,0,0,0,0,0,0,1,0,0,0,0,100000000,130000000.0,30,30000000.0,23.07692307692308,1.5,100000000.0,122500000.0,22.5,3610.0,0,0
39,0,1,0,0,0,0,0,1,0,0,0,0,0,0,0,0,0,0,0,0,1,0,0,0,0,100000000,130000000.0,30,30000000.0,23.07692307692308,1.5,100000000.0,130000000.0,30.0,3610.5,0,0
35,1,0,0,0,0,0,0,1,0,0,0,0,0,0,0,0,0,0,0,0,0,0,1,0,0,40000,48000.0,60,8000.0,16.666666666666664,4.0,200000000.0,249428571.42857143,38.57142857142857,3621.714285714286,1,1
29,0,1,0,0,0,0,0,1,0,0,0,0,0,0,0,0,0,0,0,0,1,0,0,0,0,200000000,245000000.0,30,45000000.0,18.367346938775512,3.0,120000000.0,135750000.0,15.0,3609.8,0,0
34,1,0,0,0,0,0,0,1,0,0,0,0,0,0,0,0,0,0,0,0,1,0,0,0,0,300000000,345000000.0,30,45000000.0,13.043478260869565,6.0,170000000.0,192450000.0,18.0,3622.2,0,0
36,0,1,1,0,0,0,0,0,0,0,0,0,0,0,0,0,0,0,0,0,1,0,0,0,0,150000000,183750000.0,30,33750000.0,18.367346938775512,2.0,100000000.0,115000000.0,15.0,3627.3333333333335,0,0
35,0,1,0,0,0,0,1,0,0,0,0,0,0,0,0,0,0,0,0,0,1,0,0,0,0,10000,13000.0,30,3000.0,23.07692307692308,3.5,100000000.0,120000000.0,20.0,3611.8333333333335,0,0
40,1,0,0,0,0,0,0,1,0,0,0,0,0,0,0,0,0,0,0,0,0,0,1,0,0,40000,44000.0,30,4000.0,9.090909090909092,6.0,263636363.63636363,298818181.8181818,25.90909090909091,3609.272727272728,0,0
35,0,1,0,0,0,0,0,1,0,0,0,0,0,0,0,0,0,0,0,1,0,0,0,0,0,20000,24500.0,30,4500.0,18.367346938775512,2.5,125000000.0,151250000.0,22.5,3607.5,0,0
37,1,0,0,0,0,0,0,1,0,0,0,0,0,0,0,0,0,0,0,0,1,0,0,0,0,500000000,525000000.0,30,25000000.0,4.761904761904762,5.0,300000000.0,351222222.2222222,43.333333333333336,3616.777777777778,0,0
27,0,1,0,0,0,0,0,1,0,0,0,0,0,0,0,0,0,0,0,0,1,0,0,0,0,100000000,130000000.0,30,30000000.0,23.07692307692308,3.5,100000000.0,130000000.0,30.0,3608.6666666666665,0,0
49,1,0,0,0,0,0,0,0,0,0,0,0,0,0,0,0,0,0,0,0,0,0,1,0,0,300000000,345000000.0,30,45000000.0,13.043478260869565,4.5,175000000.0,213500000.0,30.0,3609.875,0,0
33,0,1,0,0,0,0,0,0,0,0,0,0,0,0,1,0,0,0,0,0,1,0,0,0,0,200000000,222500000.0,15,22500000.0,10.112359550561797,2.5,125000000.0,145625000.0,18.75,3622.75,0,0
35,0,1,0,0,0,0,0,1,0,0,0,0,0,0,0,0,0,0,0,0,1,0,0,0,0,20000,24500.0,30,4500.0,18.367346938775512,2.0,100000000.0,120000000.0,20.0,3608.3333333333335,0,0
36,0,1,0,0,0,0,0,0,0,0,0,0,0,0,0,0,0,0,0,0,1,0,0,0,0,15000,18375.0,30,3375.0,18.367346938775512,1.5,100000000.0,115000000.0,15.0,3642.5,0,0
46,0,1,0,0,0,0,1,0,0,0,0,0,0,0,0,0,0,0,0,0,1,0,0,0,0,300000000,345000000.0,30,45000000.0,13.043478260869565,6.0,200000000.0,236818181.8181818,28.63636363636364,3611.5454545454554,0,0
39,0,1,1,0,0,0,0,0,0,0,0,0,0,0,0,0,0,0,0,0,1,0,0,0,0,100000000,130000000.0,30,30000000.0,23.07692307692308,1.0,100000000.0,130000000.0,30.0,3668.0,0,0
30,0,1,0,0,0,0,0,0,0,0,0,0,0,0,1,0,0,0,0,0,1,0,0,0,0,10000,11500.0,15,1500.0,13.043478260869565,2.5,100000000.0,115000000.0,15.0,3608.5,0,0
46,0,1,0,0,0,0,1,0,0,0,0,0,0,0,0,0,0,0,0,1,0,0,0,0,0,200000000,245000000.0,30,45000000.0,18.367346938775512,2.5,125000000.0,155000000.0,26.25,4069.0,0,0
36,0,1,0,0,0,0,1,0,0,0,0,0,0,0,0,0,0,0,0,0,1,0,0,0,0,10000,11500.0,15,1500.0,13.043478260869565,1.0,100000000.0,115000000.0,15.0,3669.0,0,0
43,0,1,0,0,0,0,0,0,0,0,0,0,0,0,1,0,0,0,0,1,0,0,0,0,0,300000000,345000000.0,30,45000000.0,13.043478260869565,6.0,190909090.9090909,218636363.63636363,21.818181818181817,3614.181818181818,0,0
40,0,1,0,0,0,0,0,0,0,0,0,0,0,0,0,0,0,0,1,0,1,0,0,0,0,20000,24500.0,30,4500.0,18.367346938775512,4.0,171428571.42857143,195071428.57142857,19.285714285714285,3607.571428571429,0,0
52,0,1,0,0,0,0,0,1,0,0,0,0,0,0,0,0,0,0,0,0,1,0,0,0,0,100000000,130000000.0,30,30000000.0,23.07692307692308,1.5,100000000.0,122500000.0,22.5,3610.5,0,0
31,0,1,0,0,0,0,1,0,0,0,0,0,0,0,0,0,0,0,0,0,1,0,0,0,0,100000000,130000000.0,30,30000000.0,23.07692307692308,1.5,100000000.0,130000000.0,30.0,4281.5,0,0
35,0,1,1,0,0,0,0,0,0,0,0,0,0,0,0,0,0,0,0,0,1,0,0,0,0,100000000,130000000.0,30,30000000.0,23.07692307692308,1.0,100000000.0,130000000.0,30.0,3670.0,0,0
