age,Other,Savings,Diamond Bank,EcoBank,FCMB,Fidelity Bank,First Bank,GT Bank,Heritage Bank,Keystone Bank,Skye Bank,Stanbic IBTC,Standard Chartered,Sterling Bank,UBA,Union Bank,Unity Bank,Wema Bank,Zenith Bank,Not known,Permanent,Retired,Self-Employed,Student,Unemployed,loanamount,totaldue,termdays,totalamountreturn,interestrate,loannumberprevious,loanamountprevious,totaldueprevious,termdaysprevious,datediffsecondsprevious,Cluster
48,0,1,0,0,0,0,0,1,0,0,0,0,0,0,0,0,0,0,0,1,0,0,0,0,0,100000000,130000000.0,30,30000000.0,23.07692307692308,1.0,100000000.0,115000000.0,15.0,3667.0,1
35,0,1,0,0,0,1,0,0,0,0,0,0,0,0,0,0,0,0,0,1,0,0,0,0,0,100000000,130000000.0,30,30000000.0,23.07692307692308,2.0,100000000.0,120000000.0,20.0,3611.6666666666665,1
30,0,1,0,0,0,0,0,1,0,0,0,0,0,0,0,0,0,0,0,0,1,0,0,0,0,100000000,115000000.0,15,15000000.0,13.043478260869565,1.0,100000000.0,115000000.0,15.0,3668.0,0
39,0,1,0,0,0,0,0,1,0,0,0,0,0,0,0,0,0,0,0,0,1,0,0,0,0,20000,22250.0,15,2250.0,10.112359550561797,3.0,120000000.0,135750000.0,15.0,3631.6,0
43,0,1,0,0,0,0,0,1,0,0,0,0,0,0,0,0,0,0,0,0,1,0,0,0,0,10000,13000.0,30,3000.0,23.07692307692308,1.0,100000000.0,130000000.0,30.0,3612.0,1
31,0,1,0,0,0,0,0,0,0,0,0,0,0,0,0,0,0,0,0,0,1,0,0,0,0,200000000,245000000.0,30,45000000.0,18.367346938775512,3.0,140000000.0,176000000.0,30.0,3619.6,1
35,0,1,0,0,0,0,0,1,0,0,0,0,0,0,0,0,0,0,0,0,1,0,0,0,0,10000,13000.0,30,3000.0,23.07692307692308,1.0,100000000.0,130000000.0,30.0,3608.0,1
29,0,1,0,1,0,0,0,0,0,0,0,0,0,0,0,0,0,0,0,0,1,0,0,0,0,100000000,130000000.0,30,30000000.0,23.07692307692308,1.0,100000000.0,130000000.0,30.0,3613.0,1
57,0,1,0,1,0,0,0,0,0,0,0,0,0,0,0,0,0,0,0,0,1,0,0,0,0,20000,24500.0,30,4500.0,18.367346938775512,2.0,100000000.0,120000000.0,20.0,3628.0,1
27,0,1,0,0,1,0,0,0,0,0,0,0,0,0,0,0,0,0,0,1,0,0,0,0,0,100000000,130000000.0,30,30000000.0,23.07692307692308,1.0,100000000.0,115000000.0,15.0,3671.0,1
51,0,1,0,0,0,0,0,0,0,0,1,0,0,0,0,0,0,0,0,0,1,0,0,0,0,100000000,130000000.0,30,30000000.0,23.07692307692308,1.0,100000000.0,130000000.0,30.0,3668.0,1
27,1,0,0,0,0,0,0,0,0,0,0,0,0,0,1,0,0,0,0,0,0,0,0,1,0,300000000,345000000.0,30,45000000.0,13.043478260869565,3.5,150000000.0,177000000.0,22.5,3609.5,1
33,0,1,0,0,0,0,0,0,0,0,0,0,0,0,0,0,0,0,1,1,0,0,0,0,0,20000,24500.0,30,4500.0,18.367346938775512,2.5,125000000.0,149375000.0,22.5,3610.0,1
36,0,1,0,0,0,0,0,1,0,0,0,0,0,0,0,0,0,0,0,0,1,0,0,0,0,200000000,245000000.0,30,45000000.0,18.367346938775512,2.5,125000000.0,151250000.0,22.5,3609.0,1
33,0,1,0,1,0,0,0,0,0,0,0,0,0,0,0,0,0,0,0,0,1,0,0,0,0,100000000,130000000.0,30,30000000.0,23.07692307692308,2.0,100000000.0,130000000.0,30.0,3607.6666666666665,1
34,0,1,0,0,0,0,0,1,0,0,0,0,0,0,0,0,0,0,0,0,1,0,0,0,0,100000000,130000000.0,30,30000000.0,23.07692307692308,1.0,100000000.0,130000000.0,30.0,3668.0,1
33,0,1,0,0,0,0,0,0,0,0,0,0,0,0,0,0,0,0,0,0,1,0,0,0,0,100000000,130000000.0,30,30000000.0,23.07692307692308,3.5,166666666.66666666,200583333.3333333,27.5,3610.5,1
39,0,1,1,0,0,0,0,0,0,0,0,0,0,0,0,0,0,0,0,0,1,0,0,0,0,100000000,130000000.0,30,30000000.0,23.07692307692308,1.5,100000000.0,130000000.0,30.0,3638.0,1
35,0,1,0,0,0,0,0,1,0,0,0,0,0,0,0,0,0,0,0,0,0,0,1,0,0,10000,10500.0,15,500.0,4.761904761904762,6.0,236363636.3636364,269090909.09090906,24.545454545454547,3609.090909090909,0
31,1,0,0,0,0,0,0,0,0,0,0,0,0,0,0,0,0,0,1,0,0,0,1,0,0,250000000,275000000.0,30,25000000.0,9.090909090909092,4.0,178571428.57142857,205696428.57142857,23.571428571428573,3611.857142857143,1
34,0,1,0,0,0,0,0,0,0,0,0,0,0,0,0,0,0,0,1,0,1,0,0,0,0,300000000,390000000.0,60,90000000.0,23.07692307692308,3.5,210000000.0,252833333.3333333,37.5,3609.8333333333335,3
37,1,0,0,1,0,0,0,0,0,0,0,0,0,0,0,0,0,0,0,0,1,0,0,0,0,200000000,222500000.0,15,22500000.0,10.112359550561797,3.5,100000000.0,117500000.0,17.5,3610.1666666666665,0
36,0,1,0,0,0,0,0,0,0,0,0,0,0,0,1,0,0,0,0,1,0,0,0,0,0,10000,11500.0,15,1500.0,13.043478260869565,1.0,100000000.0,130000000.0,30.0,3669.0,0
34,0,1,0,0,0,0,0,1,0,0,0,0,0,0,0,0,0,0,0,0,1,0,0,0,0,200000000,240000000.0,30,40000000.0,16.666666666666664,3.0,140000000.0,176000000.0,30.0,3622.0,1
41,1,0,0,1,0,0,0,0,0,0,0,0,0,0,0,0,0,0,0,0,0,0,1,0,0,40000,44000.0,30,4000.0,9.090909090909092,5.0,244444444.44444445,286277777.7777778,33.333333333333336,3609.8888888888887,1
28,0,1,0,0,0,0,0,1,0,0,0,0,0,0,0,0,0,0,0,0,1,0,0,0,0,10000,13000.0,30,3000.0,23.07692307692308,1.0,100000000.0,130000000.0,30.0,3616.0,1
38,0,1,0,0,0,0,0,1,0,0,0,0,0,0,0,0,0,0,0,0,1,0,0,0,0,100000000,130000000.0,30,30000000.0,23.07692307692308,1.0,100000000.0,130000000.0,30.0,3619.0,1
39,0,1,0,0,0,0,0,0,0,0,0,0,0,0,0,0,0,0,0,0,1,0,0,0,0,300000000,345000000.0,30,45000000.0,13.043478260869565,3.5,150000000.0,185500000.0,30.0,3609.8333333333335,1
45,0,1,0,0,0,0,0,1,0,0,0,0,0,0,0,0,0,0,0,0,1,0,0,0,0,20000,24500.0,30,4500.0,18.367346938775512,2.5,125000000.0,158750000.0,30.0,3610.25,1
35,0,1,0,0,0,0,0,1,0,0,0,0,0,0,0,0,0,0,0,1,0,0,0,0,0,100000000,115000000.0,15,15000000.0,13.043478260869565,1.0,100000000.0,130000000.0,30.0,3669.0,0
44,0,0,0,0,0,0,0,1,0,0,0,0,0,0,0,0,0,0,0,0,1,0,0,0,0,100000000,115000000.0,15,15000000.0,13.043478260869565,1.0,100000000.0,115000000.0,15.0,3674.0,0
29,0,1,0,0,0,0,0,1,0,0,0,0,0,0,0,0,0,0,0,0,1,0,0,0,0,10000,11500.0,15,1500.0,13.043478260869565,1.0,100000000.0,130000000.0,30.0,3668.0,0
45,0,1,0,0,0,0,0,0,0,0,0,0,0,0,0,0,0,0,0,0,1,0,0,0,0,10000,11500.0,15,1500.0,13.043478260869565,1.5,100000000.0,122500000.0,22.5,3638.0,0
33,1,0,0,0,0,0,0,1,0,0,0,0,0,0,0,0,0,0,0,0,1,0,0,0,0,300000000,345000000.0,30,45000000.0,13.043478260869565,4.0,142857142.85714287,179285714.2857143,30.0,3607.428571428572,1
34,0,1,0,0,0,0,0,0,0,0,0,0,0,0,0,0,0,0,0,0,1,0,0,0,0,10000,11125.0,15,1125.0,10.112359550561797,2.0,100000000.0,125000000.0,25.0,3609.0,0
42,1,0,0,0,1,0,0,0,0,0,0,0,0,0,0,0,0,0,0,0,1,0,0,0,0,300000000,345000000.0,30,45000000.0,13.043478260869565,5.0,177777777.7777778,210444444.44444445,26.666666666666668,3617.444444444444,1
45,0,1,0,0,0,0,0,0,0,0,0,0,0,0,0,0,0,0,1,0,1,0,0,0,0,100000000,130000000.0,30,30000000.0,23.07692307692308,1.0,100000000.0,130000000.0,30.0,3669.0,1
37,0,1,0,0,0,0,0,1,0,0,0,0,0,0,0,0,0,0,0,0,1,0,0,0,0,10000,13000.0,30,3000.0,23.07692307692308,1.5,100000000.0,120000000.0,22.5,3611.5,1
39,1,0,0,0,0,0,0,0,0,0,0,0,0,0,0,0,0,0,1,0,0,0,1,0,0,500000000,525000000.0,30,25000000.0,4.761904761904762,6.0,304545454.54545456,355704545.45454544,45.0,3614.909090909091,1
49,0,1,0,0,0,0,0,0,0,0,1,0,0,0,0,0,0,0,0,0,1,0,0,0,0,100000000,130000000.0,30,30000000.0,23.07692307692308,1.0,100000000.0,130000000.0,30.0,3668.0,1
30,0,1,0,0,0,0,0,0,0,0,0,0,0,0,0,0,0,0,0,0,1,0,0,0,0,100000000,130000000.0,30,30000000.0,23.07692307692308,1.0,100000000.0,130000000.0,30.0,3668.0,1
33,1,0,0,0,0,0,0,0,0,0,0,0,0,0,0,0,0,0,0,0,1,0,0,0,0,100000000,130000000.0,30,30000000.0,23.07692307692308,1.5,100000000.0,130000000.0,30.0,3610.0,1
40,0,1,0,0,0,0,0,1,0,0,0,0,0,0,0,0,0,0,0,0,1,0,0,0,0,100000000,115000000.0,15,15000000.0,13.043478260869565,1.0,100000000.0,115000000.0,15.0,3607.0,0
33,0,1,0,0,0,0,1,0,0,0,0,0,0,0,0,0,0,0,0,0,1,0,0,0,0,100000000,115000000.0,15,15000000.0,13.043478260869565,2.0,100000000.0,125000000.0,25.0,3608.6666666666665,0
42,0,1,1,0,0,0,0,0,0,0,0,0,0,0,0,0,0,0,0,0,1,0,0,0,0,10000,13000.0,30,3000.0,23.07692307692308,1.0,100000000.0,130000000.0,30.0,3608.0,1
27,0,1,0,0,0,0,1,0,0,0,0,0,0,0,0,0,0,0,0,0,0,0,0,1,0,100000000,115000000.0,15,15000000.0,13.043478260869565,1.0,100000000.0,130000000.0,30.0,3611.0,0
47,1,0,0,0,0,0,1,0,0,0,0,0,0,0,0,0,0,0,0,0,1,0,0,0,0,100000000,130000000.0,30,30000000.0,23.07692307692308,1.0,100000000.0,130000000.0,30.0,3615.0,1
33,1,0,0,0,0,0,0,1,0,0,0,0,0,0,0,0,0,0,0,0,0,0,1,0,0,300000000,345000000.0,30,45000000.0,13.043478260869565,4.5,175000000.0,209750000.0,31.875,3608.0,1
32,0,1,0,0,0,0,0,0,0,0,0,0,0,0,0,0,0,0,1,0,1,0,0,0,0,200000000,245000000.0,30,45000000.0,18.367346938775512,2.0,100000000.0,130000000.0,30.0,3632.0,1
32,0,1,0,0,0,0,0,1,0,0,0,0,0,0,0,0,0,0,0,0,1,0,0,0,0,200000000,245000000.0,30,45000000.0,18.367346938775512,1.5,100000000.0,130000000.0,30.0,3607.5,1
32,0,1,0,0,0,0,0,1,0,0,0,0,0,0,0,0,0,0,0,0,1,0,0,0,0,100000000,130000000.0,30,30000000.0,23.07692307692308,1.0,100000000.0,130000000.0,30.0,3609.0,1
38,0,1,0,0,0,0,0,1,0,0,0,0,0,0,0,0,0,0,0,1,0,0,0,0,0,100000000,130000000.0,30,30000000.0,23.07692307692308,1.5,100000000.0,130000000.0,30.0,3609.0,1
38,0,1,0,0,0,0,0,0,0,0,0,1,0,0,0,0,0,0,0,0,1,0,0,0,0,100000000,130000000.0,30,30000000.0,23.07692307692308,1.5,100000000.0,130000000.0,30.0,3612.5,1
32,0,1,0,1,0,0,0,0,0,0,0,0,0,0,0,0,0,0,0,0,1,0,0,0,0,400000000,440000000.0,30,40000000.0,9.090909090909092,5.5,220000000.0,249900000.0,24.0,3608.1,1
34,0,1,0,0,0,0,0,1,0,0,0,0,0,0,0,0,0,0,0,0,1,0,0,0,0,100000000,115000000.0,15,15000000.0,13.043478260869565,2.0,100000000.0,115000000.0,15.0,3862.0,0
36,0,1,0,0,0,0,1,0,0,0,0,0,0,0,0,0,0,0,0,0,1,0,0,0,0,100000000,130000000.0,30,30000000.0,23.07692307692308,1.5,100000000.0,130000000.0,30.0,3639.5,1
36,0,1,0,0,0,0,0,1,0,0,0,0,0,0,0,0,0,0,0,0,1,0,0,0,0,100000000,130000000.0,30,30000000.0,23.07692307692308,1.0,100000000.0,130000000.0,30.0,3668.0,1
34,0,1,0,0,0,0,0,0,0,0,0,0,0,0,1,0,0,0,0,0,1,0,0,0,0,10000,13000.0,30,3000.0,23.07692307692308,1.0,100000000.0,130000000.0,30.0,3668.0,1
48,0,1,0,0,0,0,0,1,0,0,0,0,0,0,0,0,0,0,0,0,1,0,0,0,0,100000000,130000000.0,30,30000000.0,23.07692307692308,1.0,100000000.0,130000000.0,30.0,3668.0,1
34,0,1,0,0,0,0,1,0,0,0,0,0,0,0,0,0,0,0,0,1,0,0,0,0,0,200000000,245000000.0,30,45000000.0,18.367346938775512,2.5,100000000.0,126250000.0,26.25,3607.75,1
34,1,0,0,0,0,0,0,1,0,0,0,0,0,0,0,0,0,0,0,0,1,0,0,0,0,100000000,130000000.0,30,30000000.0,23.07692307692308,2.0,100000000.0,130000000.0,30.0,3608.0,1
29,1,0,0,0,0,0,0,1,0,0,0,0,0,0,0,0,0,0,0,0,1,0,0,0,0,400000000,480000000.0,60,80000000.0,16.666666666666664,6.5,185833333.3333333,217406250.0,27.5,3617.0,3
31,0,1,0,0,0,0,0,1,0,0,0,0,0,0,0,0,0,0,0,0,1,0,0,0,0,100000000,115000000.0,15,15000000.0,13.043478260869565,2.5,100000000.0,115000000.0,15.0,3607.5,0
56,0,1,0,0,0,0,1,0,0,0,0,0,0,0,0,0,0,0,0,1,0,0,0,0,0,100000000,130000000.0,30,30000000.0,23.07692307692308,1.0,100000000.0,130000000.0,30.0,3668.0,1
44,1,0,0,0,0,0,0,0,0,0,0,0,0,0,0,0,0,0,0,0,1,0,0,0,0,100000000,115000000.0,30,15000000.0,13.043478260869565,3.5,100000000.0,128125000.0,30.0,3608.25,1
42,1,0,0,0,0,0,0,0,0,0,0,0,0,0,0,0,0,0,1,0,1,0,0,0,0,100000000,130000000.0,30,30000000.0,23.07692307692308,1.5,100000000.0,130000000.0,30.0,3637.5,1
39,0,1,0,0,0,0,0,1,0,0,0,0,0,0,0,0,0,0,0,0,1,0,0,0,0,200000000,245000000.0,30,45000000.0,18.367346938775512,2.0,100000000.0,130000000.0,30.0,3610.6666666666665,1
37,0,1,0,0,0,1,0,0,0,0,0,0,0,0,0,0,0,0,0,0,1,0,0,0,0,100000000,130000000.0,30,30000000.0,23.07692307692308,1.0,100000000.0,130000000.0,30.0,3628.0,1
36,0,1,0,0,0,0,0,1,0,0,0,0,0,0,0,0,0,0,0,1,0,0,0,0,0,200000000,245000000.0,30,45000000.0,18.367346938775512,2.0,100000000.0,115000000.0,15.0,3614.6666666666665,1
46,0,1,0,0,0,0,0,0,0,0,0,0,0,0,0,0,0,0,0,0,1,0,0,0,0,200000000,245000000.0,30,45000000.0,18.367346938775512,2.5,125000000.0,158750000.0,30.0,3608.0,1
35,0,1,0,0,0,0,0,1,0,0,0,0,0,0,0,0,0,0,0,1,0,0,0,0,0,100000000,130000000.0,30,30000000.0,23.07692307692308,2.0,100000000.0,115000000.0,15.0,3609.6666666666665,1
36,1,0,0,0,0,0,0,1,0,0,0,0,0,0,0,0,0,0,0,0,0,0,0,1,0,100000000,130000000.0,30,30000000.0,23.07692307692308,2.5,100000000.0,130000000.0,30.0,3609.75,1
37,0,1,0,0,0,0,1,0,0,0,0,0,0,0,0,0,0,0,0,0,1,0,0,0,0,100000000,115000000.0,15,15000000.0,13.043478260869565,1.0,100000000.0,130000000.0,30.0,3613.0,0
35,1,0,0,1,0,0,0,0,0,0,0,0,0,0,0,0,0,0,0,0,0,0,1,0,0,30000,34500.0,30,4500.0,13.043478260869565,3.5,183333333.3333333,221000000.0,30.0,3619.1666666666665,1
34,0,1,0,0,0,0,1,0,0,0,0,0,0,0,0,0,0,0,0,0,1,0,0,0,0,200000000,245000000.0,30,45000000.0,18.367346938775512,3.0,140000000.0,170000000.0,24.0,3607.2,1
31,0,1,1,0,0,0,0,0,0,0,0,0,0,0,0,0,0,0,0,1,0,0,0,0,0,100000000,115000000.0,15,15000000.0,13.043478260869565,1.0,100000000.0,115000000.0,15.0,3668.0,0
31,0,1,0,0,0,0,0,0,0,0,0,0,0,0,1,0,0,0,0,1,0,0,0,0,0,10000,13000.0,30,3000.0,23.07692307692308,1.0,100000000.0,115000000.0,15.0,3668.0,1
34,0,1,0,0,0,0,0,1,0,0,0,0,0,0,0,0,0,0,0,0,1,0,0,0,0,100000000,115000000.0,15,15000000.0,13.043478260869565,1.0,100000000.0,130000000.0,30.0,3611.0,0
31,0,1,0,0,0,0,1,0,0,0,0,0,0,0,0,0,0,0,0,0,1,0,0,0,0,10000,12250.0,30,2250.0,18.367346938775512,2.5,100000000.0,125312500.0,26.25,3623.25,1
49,0,1,0,0,0,0,0,1,0,0,0,0,0,0,0,0,0,0,0,1,0,0,0,0,0,200000000,245000000.0,30,45000000.0,18.367346938775512,2.0,100000000.0,125000000.0,25.0,3629.3333333333335,1
30,1,0,0,0,0,0,0,1,0,0,0,0,0,0,0,0,0,0,0,0,1,0,0,0,0,200000000,222500000.0,15,22500000.0,10.112359550561797,3.0,140000000.0,165600000.0,21.0,3621.2,0
32,0,1,0,0,0,0,0,1,0,0,0,0,0,0,0,0,0,0,0,0,1,0,0,0,0,100000000,130000000.0,30,30000000.0,23.07692307692308,1.5,100000000.0,130000000.0,30.0,3610.0,1
39,0,1,0,0,0,0,0,1,0,0,0,0,0,0,0,0,0,0,0,0,1,0,0,0,0,100000000,130000000.0,30,30000000.0,23.07692307692308,1.5,100000000.0,122500000.0,22.5,3609.0,1
30,0,1,0,0,0,0,0,1,0,0,0,0,0,0,0,0,0,0,0,0,1,0,0,0,0,100000000,130000000.0,30,30000000.0,23.07692307692308,1.5,100000000.0,130000000.0,30.0,3610.0,1
36,0,1,0,0,0,0,0,1,0,0,0,0,0,0,0,0,0,0,0,0,1,0,0,0,0,150000000,183750000.0,30,33750000.0,18.367346938775512,3.5,100000000.0,127500000.0,27.5,3607.1666666666665,1
34,0,1,0,0,0,0,0,1,0,0,0,0,0,0,0,0,0,0,0,0,1,0,0,0,0,40000,48000.0,60,8000.0,16.666666666666664,4.5,225000000.0,274250000.0,41.25,3610.25,3
26,1,0,0,0,0,0,0,0,0,0,0,0,0,0,1,0,0,0,0,0,0,0,1,0,0,150000000,161250000.0,15,11250000.0,6.976744186046512,5.0,122222222.22222222,149444444.44444445,30.0,3616.222222222222,0
29,0,1,0,0,0,0,0,1,0,0,0,0,0,0,0,0,0,0,0,0,0,0,0,1,0,300000000,390000000.0,60,90000000.0,23.07692307692308,2.0,300000000.0,390000000.0,60.0,3669.0,3
27,0,1,0,0,0,0,0,0,0,0,0,0,0,0,0,0,0,0,0,0,1,0,0,0,0,100000000,130000000.0,30,30000000.0,23.07692307692308,1.0,100000000.0,130000000.0,30.0,3668.0,1
29,0,1,0,0,0,0,0,1,0,0,0,0,0,0,0,0,0,0,0,0,1,0,0,0,0,10000,12250.0,30,2250.0,18.367346938775512,2.5,125000000.0,153125000.0,26.25,3612.25,1
40,0,1,0,0,0,0,1,0,0,0,0,0,0,0,0,0,0,0,0,0,1,0,0,0,0,10000,13000.0,30,3000.0,23.07692307692308,1.0,100000000.0,130000000.0,30.0,3669.0,1
35,0,0,0,0,0,0,0,1,0,0,0,0,0,0,0,0,0,0,0,0,1,0,0,0,0,100000000,115000000.0,15,15000000.0,13.043478260869565,1.5,100000000.0,115000000.0,15.0,3612.0,0
30,1,0,0,0,0,0,0,1,0,0,0,0,0,0,0,0,0,0,0,0,1,0,0,0,0,300000000,345000000.0,30,45000000.0,13.043478260869565,4.0,142857142.85714287,177285714.2857143,30.0,3610.714285714286,1
30,0,1,0,0,0,0,0,1,0,0,0,0,0,0,0,0,0,0,0,0,1,0,0,0,0,100000000,115000000.0,15,15000000.0,13.043478260869565,1.0,100000000.0,115000000.0,15.0,3613.0,0
36,0,0,0,0,0,0,0,0,0,0,0,1,0,0,0,0,0,0,0,0,1,0,0,0,0,200000000,245000000.0,30,45000000.0,18.367346938775512,2.5,125000000.0,151250000.0,22.5,3610.75,1
42,0,1,0,0,0,0,1,0,0,0,0,0,0,0,0,0,0,0,0,0,1,0,0,0,0,100000000,130000000.0,30,30000000.0,23.07692307692308,1.5,100000000.0,122500000.0,22.5,3637.0,1
44,1,0,0,0,0,0,0,1,0,0,0,0,0,0,0,0,0,0,0,0,1,0,0,0,0,200000000,230000000.0,30,30000000.0,13.043478260869565,5.0,177777777.7777778,214555555.55555555,31.666666666666668,5698.777777777777,4
32,0,1,0,0,0,0,0,0,0,0,0,0,0,0,0,0,0,0,1,0,1,0,0,0,0,100000000,115000000.0,15,15000000.0,13.043478260869565,1.0,100000000.0,115000000.0,15.0,3668.0,0
32,0,1,0,0,0,0,0,0,0,0,0,0,0,0,1,0,0,0,0,0,1,0,0,0,0,100000000,130000000.0,30,30000000.0,23.07692307692308,1.0,100000000.0,130000000.0,30.0,3667.0,1
33,0,1,0,0,0,0,0,1,0,0,0,0,0,0,0,0,0,0,0,0,1,0,0,0,0,10000,13000.0,30,3000.0,23.07692307692308,1.5,100000000.0,130000000.0,30.0,3637.5,1
37,0,1,0,0,0,0,0,1,0,0,0,0,0,0,0,0,0,0,0,0,1,0,0,0,0,200000000,245000000.0,30,45000000.0,18.367346938775512,3.0,140000000.0,176000000.0,30.0,3607.4,1
45,0,1,0,0,0,0,1,0,0,0,0,0,0,0,0,0,0,0,0,0,1,0,0,0,0,200000000,245000000.0,30,45000000.0,18.367346938775512,2.5,125000000.0,158750000.0,30.0,3607.0,1
32,0,1,0,0,0,0,0,1,0,0,0,0,0,0,0,0,0,0,0,0,1,0,0,0,0,100000000,115000000.0,15,15000000.0,13.043478260869565,2.5,95000000.0,116000000.0,22.5,3609.25,0
41,0,1,1,0,0,0,0,0,0,0,0,0,0,0,0,0,0,0,0,0,1,0,0,0,0,400000000,440000000.0,30,40000000.0,9.090909090909092,7.5,242857142.85714287,284428571.4285714,32.142857142857146,3609.714285714286,1
45,1,0,0,0,0,0,0,0,0,0,0,0,0,0,0,0,0,0,1,0,1,0,0,0,0,30000,34500.0,30,4500.0,13.043478260869565,4.5,162500000.0,186500000.0,20.625,3616.875,1
33,0,1,0,0,0,0,0,1,0,0,0,0,0,0,0,0,0,0,0,1,0,0,0,0,0,10000,11500.0,15,1500.0,13.043478260869565,1.5,100000000.0,122500000.0,22.5,3611.5,0
28,0,1,0,1,0,0,0,0,0,0,0,0,0,0,0,0,0,0,0,1,0,0,0,0,0,100000000,115000000.0,30,15000000.0,13.043478260869565,3.5,100000000.0,128416666.66666669,30.0,3610.0,1
41,1,0,0,0,0,0,0,1,0,0,0,0,0,0,0,0,0,0,0,0,1,0,0,0,0,300000000,390000000.0,60,90000000.0,23.07692307692308,3.5,183333333.3333333,213333333.3333333,22.5,3619.3333333333335,3
37,1,0,0,0,0,0,0,1,0,0,0,0,0,0,0,0,0,0,0,0,0,0,1,0,0,500000000,525000000.0,30,25000000.0,4.761904761904762,11.0,304761904.7619048,338797619.04761904,25.0,3611.571428571429,1
27,1,0,1,0,0,0,0,0,0,0,0,0,0,0,0,0,0,0,0,0,0,0,0,1,0,100000000,122500000.0,30,22500000.0,18.367346938775512,2.5,112500000.0,143437500.0,30.0,3622.0,1
34,0,1,0,0,0,1,0,0,0,0,0,0,0,0,0,0,0,0,0,0,1,0,0,0,0,100000000,130000000.0,30,30000000.0,23.07692307692308,2.5,100000000.0,130000000.0,30.0,3608.0,1
34,0,1,0,0,0,0,0,1,0,0,0,0,0,0,0,0,0,0,0,1,0,0,0,0,0,10000,13000.0,30,3000.0,23.07692307692308,1.0,100000000.0,115000000.0,15.0,3608.0,1
41,0,1,0,0,0,0,0,1,0,0,0,0,0,0,0,0,0,0,0,0,1,0,0,0,0,100000000,130000000.0,30,30000000.0,23.07692307692308,1.0,100000000.0,130000000.0,30.0,3609.0,1
30,0,1,0,0,0,0,0,0,0,0,0,0,0,0,0,0,0,0,0,1,0,0,0,0,0,100000000,130000000.0,30,30000000.0,23.07692307692308,1.0,100000000.0,130000000.0,30.0,3671.0,1
36,0,1,0,0,0,0,0,0,0,0,0,0,0,0,0,0,0,0,0,0,1,0,0,0,0,100000000,115000000.0,15,15000000.0,13.043478260869565,1.0,100000000.0,115000000.0,15.0,3673.0,0
54,1,0,1,0,0,0,0,0,0,0,0,0,0,0,0,0,0,0,0,0,0,0,1,0,0,300000000,345000000.0,30,45000000.0,13.043478260869565,3.5,116666666.66666669,140958333.33333334,25.0,3612.8333333333335,1
44,0,1,0,0,0,0,0,1,0,0,0,0,0,0,0,0,0,0,0,1,0,0,0,0,0,10000,13000.0,30,3000.0,23.07692307692308,1.0,100000000.0,130000000.0,30.0,3668.0,1
27,0,1,0,0,0,0,0,0,0,0,0,0,0,0,1,0,0,0,0,0,1,0,0,0,0,100000000,130000000.0,30,30000000.0,23.07692307692308,1.0,100000000.0,130000000.0,30.0,3667.0,1
36,0,1,0,0,0,0,1,0,0,0,0,0,0,0,0,0,0,0,0,0,1,0,0,0,0,300000000,345000000.0,30,45000000.0,13.043478260869565,3.0,200000000.0,231500000.0,24.0,3609.0,1
31,0,1,0,0,0,0,0,1,0,0,0,0,0,0,0,0,0,0,0,0,1,0,0,0,0,100000000,107500000.0,15,7500000.0,6.976744186046512,3.5,116666666.66666669,131666666.66666669,15.0,3626.5,0
39,0,1,0,0,0,0,0,0,0,0,1,0,0,0,0,0,0,0,0,0,1,0,0,0,0,100000000,130000000.0,30,30000000.0,23.07692307692308,1.5,100000000.0,130000000.0,30.0,3637.5,1
46,0,1,0,0,0,0,1,0,0,0,0,0,0,0,0,0,0,0,0,1,0,0,0,0,0,10000,13000.0,30,3000.0,23.07692307692308,1.0,100000000.0,115000000.0,15.0,3611.0,1
36,0,1,0,0,0,0,0,0,0,0,0,1,0,0,0,0,0,0,0,0,1,0,0,0,0,10000,11500.0,15,1500.0,13.043478260869565,1.0,100000000.0,115000000.0,15.0,3616.0,0
36,0,1,0,0,0,0,0,1,0,0,0,0,0,0,0,0,0,0,0,1,0,0,0,0,0,200000000,245000000.0,30,45000000.0,18.367346938775512,2.5,125000000.0,158750000.0,30.0,3621.75,1
41,0,1,0,0,0,0,0,1,0,0,0,0,0,0,0,0,0,0,0,1,0,0,0,0,0,100000000,115000000.0,15,15000000.0,13.043478260869565,1.0,100000000.0,115000000.0,15.0,3613.0,0
42,1,0,0,0,0,0,0,0,0,0,0,0,0,0,1,0,0,0,0,0,1,0,0,0,0,100000000,130000000.0,30,30000000.0,23.07692307692308,4.0,100000000.0,127857142.85714284,27.857142857142858,3619.285714285714,1
41,0,1,0,0,0,0,0,1,0,0,0,0,0,0,0,0,0,0,0,0,1,0,0,0,0,10000,13000.0,30,3000.0,23.07692307692308,1.5,100000000.0,130000000.0,30.0,3638.0,1
39,1,0,0,0,0,0,1,0,0,0,0,0,0,0,0,0,0,0,0,0,1,0,0,0,0,30000,34500.0,30,4500.0,13.043478260869565,5.5,190000000.0,223000000.0,27.0,3613.7,1
45,0,1,0,0,0,0,0,1,0,0,0,0,0,0,0,0,0,0,0,0,1,0,0,0,0,200000000,245000000.0,30,45000000.0,18.367346938775512,3.0,130000000.0,163750000.0,30.0,3611.4,1
33,0,1,0,0,0,0,0,0,0,0,0,0,0,0,0,0,0,0,1,0,1,0,0,0,0,400000000,440000000.0,30,40000000.0,9.090909090909092,5.5,210000000.0,242500000.0,24.0,3608.0,1
29,0,1,0,0,0,0,0,0,0,0,0,0,0,0,0,0,0,0,0,0,1,0,0,0,0,100000000,115000000.0,15,15000000.0,13.043478260869565,2.0,100000000.0,125000000.0,25.0,3614.0,0
32,0,1,1,0,0,0,0,0,0,0,0,0,0,0,0,0,0,0,0,0,1,0,0,0,0,10000,11500.0,15,1500.0,13.043478260869565,1.5,100000000.0,122500000.0,22.5,3637.0,0
44,0,1,0,0,0,0,0,1,0,0,0,0,0,0,0,0,0,0,0,0,1,0,0,0,0,100000000,107500000.0,15,7500000.0,6.976744186046512,3.5,150000000.0,180000000.0,30.0,3615.5,0
30,0,1,0,0,0,0,0,1,0,0,0,0,0,0,0,0,0,0,0,1,0,0,0,0,0,10000,13000.0,30,3000.0,23.07692307692308,1.0,100000000.0,130000000.0,30.0,3612.0,1
31,1,0,0,0,0,0,0,0,0,0,0,0,0,0,0,0,0,0,1,0,0,0,1,0,0,200000000,210000000.0,15,10000000.0,4.761904761904762,5.0,251111111.1111111,292777777.7777778,35.0,3610.444444444444,0
28,1,0,0,0,0,0,0,1,0,0,0,0,0,0,0,0,0,0,0,0,0,0,0,1,0,100000000,130000000.0,30,30000000.0,23.07692307692308,1.0,100000000.0,130000000.0,30.0,3608.0,1
33,0,1,0,0,0,0,0,1,0,0,0,0,0,0,0,0,0,0,0,0,1,0,0,0,0,100000000,115000000.0,15,15000000.0,13.043478260869565,1.5,100000000.0,115000000.0,15.0,3607.0,0
38,0,1,0,0,0,0,0,1,0,0,0,0,0,0,0,0,0,0,0,1,0,0,0,0,0,100000000,130000000.0,30,30000000.0,23.07692307692308,1.5,100000000.0,130000000.0,30.0,3609.5,1
43,0,1,0,0,0,0,0,1,0,0,0,0,0,0,0,0,0,0,0,0,1,0,0,0,0,100000000,130000000.0,30,30000000.0,23.07692307692308,1.0,100000000.0,130000000.0,30.0,3618.0,1
33,0,1,0,0,0,0,0,1,0,0,0,0,0,0,0,0,0,0,0,0,1,0,0,0,0,200000000,245000000.0,30,45000000.0,18.367346938775512,2.5,125000000.0,147500000.0,18.75,3608.0,1
39,0,1,0,0,0,0,0,0,0,0,0,0,0,0,1,0,0,0,0,0,1,0,0,0,0,20000,24500.0,30,4500.0,18.367346938775512,2.5,125000000.0,145750000.0,18.75,3609.5,1
50,0,1,0,0,0,0,0,0,0,0,1,0,0,0,0,0,0,0,0,0,1,0,0,0,0,10000,13000.0,30,3000.0,23.07692307692308,1.0,100000000.0,130000000.0,30.0,3612.0,1
38,0,1,0,0,0,0,1,0,0,0,0,0,0,0,0,0,0,0,0,0,0,0,0,1,0,20000,24500.0,30,4500.0,18.367346938775512,4.0,128571428.57142857,157571428.57142857,25.714285714285715,5126.142857142857,4
38,0,1,0,0,0,0,0,0,0,0,0,0,0,0,0,0,0,0,1,0,1,0,0,0,0,15000,16687.5,15,1687.5,10.112359550561797,2.5,125000000.0,141875000.0,15.0,3614.75,0
41,0,1,0,0,0,0,0,1,0,0,0,0,0,0,0,0,0,0,0,0,1,0,0,0,0,10000,13000.0,30,3000.0,23.07692307692308,1.5,100000000.0,130000000.0,30.0,3638.0,1
41,0,1,0,0,0,0,0,0,0,0,0,0,0,0,0,0,0,0,0,0,1,0,0,0,0,300000000,345000000.0,30,45000000.0,13.043478260869565,4.0,164285714.2857143,198107142.85714287,27.857142857142858,3608.285714285714,1
38,0,1,0,0,0,0,0,1,0,0,0,0,0,0,0,0,0,0,0,0,1,0,0,0,0,10000,13000.0,30,3000.0,23.07692307692308,1.0,100000000.0,130000000.0,30.0,3677.0,1
44,0,1,0,0,0,0,1,0,0,0,0,0,0,0,0,0,0,0,0,0,1,0,0,0,0,100000000,115000000.0,15,15000000.0,13.043478260869565,1.5,100000000.0,122500000.0,22.5,3607.0,0
37,1,0,0,0,0,0,0,1,0,0,0,0,0,0,0,0,0,0,0,0,1,0,0,0,0,300000000,390000000.0,60,90000000.0,23.07692307692308,4.0,178571428.57142857,220035714.2857143,38.57142857142857,3618.714285714286,3
30,0,1,0,0,0,0,0,1,0,0,0,0,0,0,0,0,0,0,0,0,1,0,0,0,0,100000000,130000000.0,30,30000000.0,23.07692307692308,1.5,100000000.0,130000000.0,30.0,3637.5,1
47,0,1,1,0,0,0,0,0,0,0,0,0,0,0,0,0,0,0,0,1,0,0,0,0,0,300000000,390000000.0,60,90000000.0,23.07692307692308,4.0,171428571.42857143,211285714.2857143,32.142857142857146,3608.571428571429,3
41,0,1,0,1,0,0,0,0,0,0,0,0,0,0,0,0,0,0,0,0,1,0,0,0,0,100000000,130000000.0,30,30000000.0,23.07692307692308,1.5,100000000.0,130000000.0,30.0,3608.5,1
37,0,1,0,0,0,0,0,0,0,0,0,0,0,0,1,0,0,0,0,0,1,0,0,0,0,400000000,440000000.0,30,40000000.0,9.090909090909092,6.0,254545454.54545453,298909090.90909094,32.72727272727273,3608.272727272728,1
31,0,1,0,0,0,0,0,1,0,0,0,0,0,0,0,0,0,0,0,0,1,0,0,0,0,100000000,130000000.0,30,30000000.0,23.07692307692308,1.5,100000000.0,122500000.0,22.5,3619.0,1
36,0,1,0,0,0,0,0,1,0,0,0,0,0,0,0,0,0,0,0,0,0,0,1,0,0,500000000,525000000.0,30,25000000.0,4.761904761904762,5.5,234000000.0,273525000.0,37.5,3616.3,1
44,0,0,0,0,1,0,0,0,0,0,0,0,0,0,0,0,0,0,0,0,1,0,0,0,0,200000000,245000000.0,30,45000000.0,18.367346938775512,2.0,133333333.33333331,168333333.33333334,30.0,3610.6666666666665,1
35,0,1,0,0,0,0,0,1,0,0,0,0,0,0,0,0,0,0,0,0,1,0,0,0,0,400000000,440000000.0,30,40000000.0,9.090909090909092,5.0,166666666.66666666,200888888.8888889,28.33333333333333,3614.6666666666665,1
33,1,0,0,0,0,0,0,0,0,0,0,0,0,0,1,0,0,0,0,0,1,0,0,0,0,400000000,440000000.0,30,40000000.0,9.090909090909092,8.5,284375000.0,323046875.0,30.0,3609.5,1
41,0,1,0,0,0,0,1,0,0,0,0,0,0,0,0,0,0,0,0,0,1,0,0,0,0,200000000,245000000.0,30,45000000.0,18.367346938775512,4.5,137500000.0,160500000.0,18.75,3609.125,1
38,0,1,0,0,0,0,0,0,0,0,0,0,0,0,0,0,0,0,1,1,0,0,0,0,0,100000000,125000000.0,30,25000000.0,20.0,1.5,100000000.0,122500000.0,22.5,3638.0,1
30,0,1,0,0,0,0,0,0,0,0,0,0,0,0,0,0,0,0,0,0,0,0,0,1,0,400000000,440000000.0,30,40000000.0,9.090909090909092,4.5,187500000.0,225250000.0,31.875,3608.375,1
33,0,1,1,0,0,0,0,0,0,0,0,0,0,0,0,0,0,0,0,1,0,0,0,0,0,100000000,130000000.0,30,30000000.0,23.07692307692308,1.5,100000000.0,122500000.0,22.5,3637.5,1
30,1,0,0,0,0,0,0,0,0,0,0,1,0,0,0,0,0,0,0,0,1,0,0,0,0,50000,52500.0,30,2500.0,4.761904761904762,8.5,256250000.0,295937500.0,30.9375,3614.125,1
38,0,1,0,0,0,0,0,1,0,0,0,0,0,0,0,0,0,0,0,1,0,0,0,0,0,100000000,115000000.0,15,15000000.0,13.043478260869565,1.0,100000000.0,130000000.0,30.0,3668.0,0
36,0,1,0,0,0,0,0,0,0,0,0,0,0,0,0,0,0,0,1,0,1,0,0,0,0,100000000,115000000.0,15,15000000.0,13.043478260869565,1.0,100000000.0,130000000.0,30.0,3670.0,0
33,0,1,0,0,0,0,0,1,0,0,0,0,0,0,0,0,0,0,0,0,1,0,0,0,0,100000000,130000000.0,30,30000000.0,23.07692307692308,1.5,100000000.0,130000000.0,30.0,3612.0,1
31,0,1,0,0,0,0,0,0,0,0,1,0,0,0,0,0,0,0,0,0,1,0,0,0,0,100000000,130000000.0,30,30000000.0,23.07692307692308,1.0,100000000.0,130000000.0,30.0,3669.0,1
36,0,1,0,0,0,0,0,1,0,0,0,0,0,0,0,0,0,0,0,0,1,0,0,0,0,100000000,115000000.0,15,15000000.0,13.043478260869565,1.0,100000000.0,130000000.0,30.0,3668.0,0
38,0,1,0,0,0,0,0,1,0,0,0,0,0,0,0,0,0,0,0,0,1,0,0,0,0,10000,11000.0,15,1000.0,9.090909090909092,1.5,100000000.0,115000000.0,15.0,3610.0,0
33,0,1,0,0,0,0,0,1,0,0,0,0,0,0,0,0,0,0,0,0,1,0,0,0,0,200000000,222500000.0,15,22500000.0,10.112359550561797,3.0,130000000.0,156250000.0,24.0,3620.4,0
37,0,1,0,0,0,0,0,0,0,0,0,0,0,0,0,0,0,0,1,0,1,0,0,0,0,20000,24500.0,30,4500.0,18.367346938775512,2.0,100000000.0,120000000.0,20.0,3618.0,1
28,1,0,1,0,0,0,0,0,0,0,0,0,0,0,0,0,0,0,0,0,1,0,0,0,0,100000000,111250000.0,15,11250000.0,10.112359550561797,6.0,134545454.54545453,153727272.72727272,17.727272727272727,3615.272727272728,0
38,0,1,0,0,0,0,0,0,0,0,0,0,0,0,0,0,0,0,1,0,1,0,0,0,0,300000000,345000000.0,30,45000000.0,13.043478260869565,3.5,141666666.66666666,161041666.66666666,17.5,3617.8333333333335,1
48,0,1,0,0,0,0,1,0,0,0,0,0,0,0,0,0,0,0,0,0,1,0,0,0,0,100000000,130000000.0,30,30000000.0,23.07692307692308,1.5,100000000.0,130000000.0,30.0,3639.0,1
31,0,1,0,0,0,0,0,1,0,0,0,0,0,0,0,0,0,0,0,0,1,0,0,0,0,100000000,130000000.0,30,30000000.0,23.07692307692308,1.0,100000000.0,130000000.0,30.0,3668.0,1
39,0,1,0,0,0,0,0,0,0,0,0,0,0,0,0,0,0,0,1,0,1,0,0,0,0,100000000,115000000.0,15,15000000.0,13.043478260869565,1.0,100000000.0,115000000.0,15.0,3672.0,0
44,0,1,0,0,0,0,1,0,0,0,0,0,0,0,0,0,0,0,0,1,0,0,0,0,0,10000,11500.0,15,1500.0,13.043478260869565,1.5,100000000.0,115000000.0,15.0,3607.0,0
45,1,0,0,0,0,0,0,1,0,0,0,0,0,0,0,0,0,0,0,0,1,0,0,0,0,10000,11500.0,15,1500.0,13.043478260869565,1.5,100000000.0,115000000.0,15.0,3608.5,0
43,0,1,1,0,0,0,0,0,0,0,0,0,0,0,0,0,0,0,0,0,1,0,0,0,0,100000000,130000000.0,30,30000000.0,23.07692307692308,2.0,100000000.0,130000000.0,30.0,3609.6666666666665,1
46,0,1,0,0,0,0,0,0,0,0,0,0,0,0,1,0,0,0,0,1,0,0,0,0,0,200000000,245000000.0,30,45000000.0,18.367346938775512,2.0,100000000.0,130000000.0,30.0,4740.0,4
34,0,1,0,0,0,0,1,0,0,0,0,0,0,0,0,0,0,0,0,0,1,0,0,0,0,200000000,220000000.0,30,20000000.0,9.090909090909092,4.5,181250000.0,224062500.0,35.625,3610.875,1
39,0,1,0,0,0,0,0,1,0,0,0,0,0,0,0,0,0,0,0,0,1,0,0,0,0,200000000,245000000.0,30,45000000.0,18.367346938775512,2.0,100000000.0,130000000.0,30.0,3607.6666666666665,1
32,0,1,0,0,0,0,0,1,0,0,0,0,0,0,0,0,0,0,0,0,1,0,0,0,0,100000000,130000000.0,30,30000000.0,23.07692307692308,1.0,100000000.0,115000000.0,15.0,3671.0,1
46,0,1,0,0,0,0,0,1,0,0,0,0,0,0,0,0,0,0,0,1,0,0,0,0,0,100000000,130000000.0,30,30000000.0,23.07692307692308,1.5,100000000.0,130000000.0,30.0,3611.5,1
46,0,1,0,0,0,0,0,1,0,0,0,0,0,0,0,0,0,0,0,0,1,0,0,0,0,300000000,390000000.0,60,90000000.0,23.07692307692308,5.0,127777777.77777778,154638888.8888889,23.33333333333333,5932.333333333333,5
33,0,1,0,0,0,0,0,1,0,0,0,0,0,0,0,0,0,0,0,0,1,0,0,0,0,100000000,115000000.0,15,15000000.0,13.043478260869565,1.5,100000000.0,115000000.0,15.0,3637.5,0
30,0,1,0,0,0,0,1,0,0,0,0,0,0,0,0,0,0,0,0,0,1,0,0,0,0,100000000,130000000.0,30,30000000.0,23.07692307692308,1.0,100000000.0,130000000.0,30.0,3612.0,1
52,0,1,0,0,0,0,0,1,0,0,0,0,0,0,0,0,0,0,0,0,1,0,0,0,0,20000,24500.0,30,4500.0,18.367346938775512,1.5,100000000.0,130000000.0,30.0,3605.5,1
28,0,1,0,0,0,0,0,1,0,0,0,0,0,0,0,0,0,0,0,0,1,0,0,0,0,100000000,115000000.0,15,15000000.0,13.043478260869565,1.5,100000000.0,122500000.0,22.5,3608.5,0
30,1,0,0,0,0,0,0,1,0,0,0,0,0,0,0,0,0,0,0,0,1,0,0,0,0,200000000,245000000.0,30,45000000.0,18.367346938775512,5.0,122222222.22222222,151444444.44444445,26.666666666666668,3610.8888888888887,1
33,0,1,0,0,0,0,0,1,0,0,0,0,0,0,0,0,0,0,0,0,1,0,0,0,0,100000000,130000000.0,30,30000000.0,23.07692307692308,1.0,100000000.0,115000000.0,15.0,3669.0,1
44,0,1,0,0,0,0,1,0,0,0,0,0,0,0,0,0,0,0,0,0,0,0,1,0,0,10000,12250.0,30,2250.0,18.367346938775512,2.5,125000000.0,155125000.0,30.0,3609.75,1
31,0,1,0,1,0,0,0,0,0,0,0,0,0,0,0,0,0,0,0,0,1,0,0,0,0,100000000,115000000.0,15,15000000.0,13.043478260869565,1.0,100000000.0,115000000.0,15.0,3668.0,0
41,0,1,0,0,0,0,0,0,0,0,0,0,0,0,1,0,0,0,0,0,1,0,0,0,0,40000,44000.0,30,4000.0,9.090909090909092,6.5,250000000.0,286625000.0,27.5,4443.833333333333,4
35,0,1,0,0,0,0,1,0,0,0,0,0,0,0,0,0,0,0,0,1,0,0,0,0,0,100000000,130000000.0,30,30000000.0,23.07692307692308,1.0,100000000.0,130000000.0,30.0,3607.0,1
32,0,1,0,0,0,0,0,1,0,0,0,0,0,0,0,0,0,0,0,1,0,0,0,0,0,10000,13000.0,30,3000.0,23.07692307692308,1.0,100000000.0,115000000.0,15.0,3668.0,1
37,0,1,0,0,0,0,0,0,0,0,0,0,0,0,0,0,0,0,0,0,1,0,0,0,0,200000000,245000000.0,30,45000000.0,18.367346938775512,4.5,131250000.0,156062500.0,20.625,3607.875,1
47,0,1,0,0,0,0,0,1,0,0,0,0,0,0,0,0,0,0,0,0,1,0,0,0,0,200000000,245000000.0,30,45000000.0,18.367346938775512,3.0,140000000.0,176000000.0,30.0,3631.2,1
29,1,0,0,0,0,0,0,1,0,0,0,0,0,0,0,0,0,0,0,0,0,0,0,1,0,500000000,550000000.0,60,50000000.0,9.090909090909092,6.0,254545454.54545453,306818181.8181818,40.90909090909091,3610.727272727273,3
37,0,1,0,0,0,0,0,1,0,0,0,0,0,0,0,0,0,0,0,0,1,0,0,0,0,100000000,130000000.0,30,30000000.0,23.07692307692308,1.0,100000000.0,130000000.0,30.0,3608.0,1
37,0,1,1,0,0,0,0,0,0,0,0,0,0,0,0,0,0,0,0,0,1,0,0,0,0,100000000,115000000.0,15,15000000.0,13.043478260869565,1.5,100000000.0,130000000.0,30.0,3637.5,0
29,0,1,0,0,0,0,0,0,0,0,0,0,0,0,0,0,0,0,0,0,1,0,0,0,0,300000000,345000000.0,30,45000000.0,13.043478260869565,3.5,150000000.0,177583333.33333334,22.5,3619.8333333333335,1
42,0,1,0,0,0,0,0,1,0,0,0,0,0,0,0,0,0,0,0,0,1,0,0,0,0,200000000,222500000.0,15,22500000.0,10.112359550561797,2.0,100000000.0,125000000.0,25.0,3608.3333333333335,0
40,0,1,0,0,0,0,0,1,0,0,0,0,0,0,0,0,0,0,0,1,0,0,0,0,0,100000000,130000000.0,30,30000000.0,23.07692307692308,1.0,100000000.0,130000000.0,30.0,3612.0,1
42,0,1,0,0,0,0,0,0,0,0,0,0,0,0,1,0,0,0,0,0,1,0,0,0,0,200000000,245000000.0,30,45000000.0,18.367346938775512,3.5,100000000.0,130000000.0,30.0,3608.1666666666665,1
42,0,1,0,0,1,0,0,0,0,0,0,0,0,0,0,0,0,0,0,0,1,0,0,0,0,100000000,130000000.0,30,30000000.0,23.07692307692308,1.0,100000000.0,130000000.0,30.0,3667.0,1
37,0,1,0,0,0,0,0,0,0,0,0,0,0,0,1,0,0,0,0,0,1,0,0,0,0,10000,13000.0,30,3000.0,23.07692307692308,1.0,100000000.0,130000000.0,30.0,3668.0,1
28,1,0,0,0,0,0,0,1,0,0,0,0,0,0,0,0,0,0,0,0,1,0,0,0,0,150000000,165000000.0,30,15000000.0,9.090909090909092,5.0,200000000.0,237388888.8888889,35.0,3610.8888888888887,1
29,0,1,0,0,0,0,0,1,0,0,0,0,0,0,0,0,0,0,0,0,0,0,1,0,0,10000,11500.0,15,1500.0,13.043478260869565,1.0,100000000.0,115000000.0,15.0,3610.0,0
39,0,1,1,0,0,0,0,0,0,0,0,0,0,0,0,0,0,0,0,0,1,0,0,0,0,100000000,115000000.0,15,15000000.0,13.043478260869565,1.0,100000000.0,115000000.0,15.0,3668.0,0
47,0,0,0,0,0,0,0,0,0,0,0,1,0,0,0,0,0,0,0,0,1,0,0,0,0,300000000,345000000.0,30,45000000.0,13.043478260869565,4.0,171428571.42857143,207000000.0,30.0,3610.714285714286,1
37,1,0,1,0,0,0,0,0,0,0,0,0,0,0,0,0,0,0,0,0,1,0,0,0,0,500000000,575000000.0,90,75000000.0,13.043478260869565,6.0,240909090.9090909,293727272.72727275,43.63636363636363,3615.5454545454554,2
32,0,1,0,0,0,1,0,0,0,0,0,0,0,0,0,0,0,0,0,0,1,0,0,0,0,500000000,550000000.0,60,50000000.0,9.090909090909092,6.5,266666666.66666663,309583333.3333333,36.25,3609.75,3
40,0,1,0,0,0,0,0,1,0,0,0,0,0,0,0,0,0,0,0,1,0,0,0,0,0,200000000,245000000.0,30,45000000.0,18.367346938775512,3.0,140000000.0,167000000.0,21.0,4272.6,4
32,1,0,0,0,0,0,0,1,0,0,0,0,0,0,0,0,0,0,0,0,0,0,0,1,0,300000000,345000000.0,30,45000000.0,13.043478260869565,6.0,227272727.27272728,267454545.45454547,30.0,3620.5454545454554,1
31,0,1,0,0,0,0,1,0,0,0,0,0,0,0,0,0,0,0,0,0,0,0,0,1,0,300000000,345000000.0,30,45000000.0,13.043478260869565,2.5,150000000.0,187500000.0,30.0,3622.25,1
41,1,0,0,0,0,1,0,0,0,0,0,0,0,0,0,0,0,0,0,0,0,0,1,0,0,400000000,440000000.0,30,40000000.0,9.090909090909092,5.0,244444444.44444445,280722222.2222222,28.33333333333333,3609.1111111111113,1
32,1,0,0,0,0,0,0,1,0,0,0,0,0,0,0,0,0,0,0,0,1,0,0,0,0,300000000,360000000.0,60,60000000.0,16.666666666666664,4.0,200000000.0,243071428.57142857,40.71428571428572,3609.714285714286,3
49,1,0,0,0,0,0,0,0,0,0,0,0,0,0,0,0,0,0,0,0,0,0,1,0,0,300000000,345000000.0,30,45000000.0,13.043478260869565,4.5,175000000.0,213500000.0,30.0,3609.875,1
50,0,1,0,0,0,0,0,1,0,0,0,0,0,0,0,0,0,0,0,0,1,0,0,0,0,100000000,130000000.0,30,30000000.0,23.07692307692308,1.0,100000000.0,130000000.0,30.0,3668.0,1
27,0,1,0,0,0,0,0,0,0,0,0,0,0,0,1,0,0,0,0,0,1,0,0,0,0,200000000,222500000.0,15,22500000.0,10.112359550561797,2.5,125000000.0,141875000.0,15.0,3622.0,0
29,0,1,0,1,0,0,0,0,0,0,0,0,0,0,0,0,0,0,0,0,1,0,0,0,0,100000000,130000000.0,30,30000000.0,23.07692307692308,1.5,100000000.0,130000000.0,30.0,3637.0,1
34,0,1,0,0,0,0,0,1,0,0,0,0,0,0,0,0,0,0,0,0,0,0,1,0,0,400000000,440000000.0,30,40000000.0,9.090909090909092,6.5,258333333.3333333,286416666.6666667,20.0,3616.75,1
29,0,1,0,0,0,0,0,1,0,0,0,0,0,0,0,0,0,0,0,0,1,0,0,0,0,200000000,220000000.0,30,20000000.0,9.090909090909092,5.0,172222222.2222222,209555555.55555555,33.333333333333336,3609.555555555556,1
39,0,1,0,0,0,0,0,1,0,0,0,0,0,0,0,0,0,0,0,1,0,0,0,0,0,200000000,245000000.0,30,45000000.0,18.367346938775512,2.0,100000000.0,125000000.0,25.0,3609.3333333333335,1
49,0,1,0,0,0,0,0,0,0,0,0,0,0,0,1,0,0,0,0,0,1,0,0,0,0,100000000,130000000.0,30,30000000.0,23.07692307692308,1.5,100000000.0,130000000.0,30.0,3640.0,1
41,0,1,0,0,0,0,0,0,0,0,0,0,0,0,0,0,0,0,0,0,0,0,1,0,0,400000000,440000000.0,30,40000000.0,9.090909090909092,4.5,225000000.0,256062500.0,22.5,3612.25,1
38,0,1,0,0,0,0,0,0,0,0,0,0,0,0,1,0,0,0,0,0,1,0,0,0,0,300000000,345000000.0,30,45000000.0,13.043478260869565,6.0,190909090.9090909,215818181.8181818,19.09090909090909,3614.181818181818,1
32,0,1,0,1,0,0,0,0,0,0,0,0,0,0,0,0,0,0,0,0,1,0,0,0,0,100000000,115000000.0,15,15000000.0,13.043478260869565,1.0,100000000.0,115000000.0,15.0,3673.0,0
27,0,1,0,0,0,0,1,0,0,0,0,0,0,0,0,0,0,0,0,0,1,0,0,0,0,400000000,440000000.0,30,40000000.0,9.090909090909092,7.0,253846153.84615383,290307692.3076923,27.692307692307693,3613.846153846154,1
34,0,1,0,0,0,0,0,0,0,0,0,0,0,0,0,0,0,0,1,0,1,0,0,0,0,10000,13000.0,30,3000.0,23.07692307692308,1.5,100000000.0,130000000.0,30.0,3639.0,1
33,0,1,0,0,0,0,0,0,0,0,0,0,0,0,1,0,0,0,0,0,1,0,0,0,0,100000000,115000000.0,15,15000000.0,13.043478260869565,2.0,100000000.0,125000000.0,25.0,3628.0,0
35,0,1,0,0,0,0,0,0,0,0,0,0,0,0,1,0,0,0,0,0,1,0,0,0,0,100000000,130000000.0,30,30000000.0,23.07692307692308,1.0,100000000.0,130000000.0,30.0,3670.0,1
48,0,1,0,0,0,0,0,0,0,0,0,0,0,0,0,0,0,0,1,0,1,0,0,0,0,100000000,130000000.0,30,30000000.0,23.07692307692308,1.0,100000000.0,130000000.0,30.0,3668.0,1
42,1,0,0,0,0,0,0,1,0,0,0,0,0,0,0,0,0,0,0,0,1,0,0,0,0,300000000,345000000.0,30,45000000.0,13.043478260869565,3.5,150000000.0,168750000.0,15.0,3609.8333333333335,1
44,0,1,0,0,0,0,0,0,0,0,0,0,0,0,1,0,0,0,0,0,1,0,0,0,0,100000000,130000000.0,30,30000000.0,23.07692307692308,1.0,100000000.0,130000000.0,30.0,3669.0,1
27,0,1,0,0,1,0,0,0,0,0,0,0,0,0,0,0,0,0,0,0,1,0,0,0,0,500000000,575000000.0,90,75000000.0,13.043478260869565,6.5,266666666.66666663,318354166.6666667,46.25,3611.1666666666665,2
43,0,1,1,0,0,0,0,0,0,0,0,0,0,0,0,0,0,0,0,0,1,0,0,0,0,100000000,115000000.0,15,15000000.0,13.043478260869565,1.5,100000000.0,122500000.0,22.5,3637.5,0
45,0,1,0,0,0,0,0,0,0,0,0,1,0,0,0,0,0,0,0,1,0,0,0,0,0,100000000,115000000.0,15,15000000.0,13.043478260869565,1.0,100000000.0,115000000.0,15.0,3668.0,0
43,0,1,0,0,0,0,0,1,0,0,0,0,0,0,0,0,0,0,0,0,1,0,0,0,0,100000000,115000000.0,15,15000000.0,13.043478260869565,1.0,100000000.0,130000000.0,30.0,3608.0,0
33,0,1,0,0,0,0,0,0,0,0,0,1,0,0,0,0,0,0,0,1,0,0,0,0,0,300000000,345000000.0,30,45000000.0,13.043478260869565,6.0,200000000.0,226681818.1818182,20.454545454545453,3607.636363636364,1
33,1,0,0,0,0,0,0,1,0,0,0,0,0,0,0,0,0,0,0,0,1,0,0,0,0,40000,44000.0,30,4000.0,9.090909090909092,8.0,253333333.3333333,291200000.0,29.0,3616.133333333333,1
36,0,1,1,0,0,0,0,0,0,0,0,0,0,0,0,0,0,0,0,1,0,0,0,0,0,100000000,130000000.0,30,30000000.0,23.07692307692308,1.0,100000000.0,130000000.0,30.0,3669.0,1
41,0,1,0,1,0,0,0,0,0,0,0,0,0,0,0,0,0,0,0,0,1,0,0,0,0,10000,13000.0,30,3000.0,23.07692307692308,1.5,100000000.0,130000000.0,30.0,3636.5,1
34,1,0,0,0,0,0,1,0,0,0,0,0,0,0,0,0,0,0,0,0,1,0,0,0,0,300000000,345000000.0,30,45000000.0,13.043478260869565,4.5,162500000.0,188406250.0,22.5,3616.5,1
48,1,0,0,0,0,0,0,0,0,0,0,0,0,0,0,0,0,0,1,0,1,0,0,0,0,200000000,222500000.0,15,22500000.0,10.112359550561797,1.5,100000000.0,115000000.0,15.0,3607.5,0
40,0,1,0,0,0,0,0,1,0,0,0,0,0,0,0,0,0,0,0,0,0,0,1,0,0,100000000,122500000.0,30,22500000.0,18.367346938775512,3.0,120000000.0,153000000.0,30.0,3611.0,1
42,0,1,0,0,0,0,0,1,0,0,0,0,0,0,0,0,0,0,0,0,1,0,0,0,0,100000000,130000000.0,30,30000000.0,23.07692307692308,1.0,100000000.0,130000000.0,30.0,3669.0,1
53,1,0,0,0,0,0,0,1,0,0,0,0,0,0,0,0,0,0,0,0,1,0,0,0,0,300000000,345000000.0,30,45000000.0,13.043478260869565,7.5,177142857.14285713,211678571.42857143,30.0,3614.214285714286,1
39,0,1,0,0,0,0,0,0,0,0,1,0,0,0,0,0,0,0,0,0,1,0,0,0,0,100000000,130000000.0,30,30000000.0,23.07692307692308,1.0,100000000.0,130000000.0,30.0,3668.0,1
40,0,1,0,0,0,0,1,0,0,0,0,0,0,0,0,0,0,0,0,0,1,0,0,0,0,300000000,345000000.0,30,45000000.0,13.043478260869565,3.5,150000000.0,178833333.33333334,22.5,3608.3333333333335,1
30,0,1,0,0,0,0,1,0,0,0,0,0,0,0,0,0,0,0,0,0,1,0,0,0,0,15000,16125.0,15,1125.0,6.976744186046512,4.0,128571428.57142857,143571428.57142857,15.0,3608.714285714286,0
34,1,0,0,0,0,0,1,0,0,0,0,0,0,0,0,0,0,0,0,0,1,0,0,0,0,30000,34500.0,30,4500.0,13.043478260869565,5.0,177777777.7777778,208333333.3333333,25.0,3609.222222222222,1
31,0,1,0,0,1,0,0,0,0,0,0,0,0,0,0,0,0,0,0,0,1,0,0,0,0,40000,44000.0,30,4000.0,9.090909090909092,5.0,166666666.66666666,192833333.3333333,21.666666666666668,3607.777777777778,1
34,0,1,0,0,0,0,0,0,0,0,0,1,0,0,0,0,0,0,0,1,0,0,0,0,0,100000000,115000000.0,15,15000000.0,13.043478260869565,1.0,100000000.0,115000000.0,15.0,3670.0,0
39,0,1,0,0,0,0,0,1,0,0,0,0,0,0,0,0,0,0,0,0,1,0,0,0,0,100000000,130000000.0,30,30000000.0,23.07692307692308,1.5,100000000.0,130000000.0,30.0,3610.0,1
39,0,1,0,0,0,0,0,1,0,0,0,0,0,0,0,0,0,0,0,0,1,0,0,0,0,15000,16687.5,15,1687.5,10.112359550561797,2.5,125000000.0,158750000.0,30.0,3608.0,0
33,0,1,0,0,0,0,0,1,0,0,0,0,0,0,0,0,0,0,0,0,1,0,0,0,0,100000000,115000000.0,15,15000000.0,13.043478260869565,1.0,100000000.0,115000000.0,15.0,3675.0,0
38,0,1,0,0,0,0,0,1,0,0,0,0,0,0,0,0,0,0,0,0,1,0,0,0,0,100000000,130000000.0,30,30000000.0,23.07692307692308,2.5,100000000.0,130000000.0,30.0,3636.75,1
51,0,1,0,0,0,0,0,0,0,0,0,0,0,0,0,0,0,0,0,0,1,0,0,0,0,10000,11500.0,15,1500.0,13.043478260869565,3.0,100000000.0,118000000.0,18.0,3609.2,0
39,0,1,0,0,0,0,0,0,0,0,0,0,0,0,0,0,0,0,1,0,1,0,0,0,0,200000000,245000000.0,30,45000000.0,18.367346938775512,3.5,133333333.33333331,162166666.66666666,25.0,3607.8333333333335,1
28,0,1,0,1,0,0,0,0,0,0,0,0,0,0,0,0,0,0,0,1,0,0,0,0,0,100000000,130000000.0,30,30000000.0,23.07692307692308,2.5,100000000.0,126250000.0,26.25,3636.5,1
46,0,1,0,0,0,0,0,1,0,0,0,0,0,0,0,0,0,0,0,1,0,0,0,0,0,100000000,130000000.0,30,30000000.0,23.07692307692308,2.0,100000000.0,125000000.0,25.0,3608.6666666666665,1
30,0,1,0,0,0,0,0,0,0,0,0,0,0,0,1,0,0,0,0,0,1,0,0,0,0,40000,44000.0,30,4000.0,9.090909090909092,8.0,263333333.3333333,294066666.6666667,24.0,3610.733333333333,1
35,0,1,0,1,0,0,0,0,0,0,0,0,0,0,0,0,0,0,0,0,1,0,0,0,0,300000000,390000000.0,60,90000000.0,23.07692307692308,3.5,150000000.0,186333333.3333333,30.0,3610.3333333333335,3
30,0,1,0,0,0,0,1,0,0,0,0,0,0,0,0,0,0,0,0,0,1,0,0,0,0,300000000,390000000.0,60,90000000.0,23.07692307692308,2.5,125000000.0,158750000.0,30.0,3608.0,3
36,0,1,0,0,0,0,1,0,0,0,0,0,0,0,0,0,0,0,0,1,0,0,0,0,0,40000,44000.0,30,4000.0,9.090909090909092,5.5,220000000.0,246550000.0,21.0,3614.0,1
35,0,1,0,0,0,0,0,1,0,0,0,0,0,0,0,0,0,0,0,0,1,0,0,0,0,100000000,130000000.0,30,30000000.0,23.07692307692308,1.0,100000000.0,115000000.0,15.0,3668.0,1
37,1,0,0,0,0,0,0,1,0,0,0,0,0,0,0,0,0,0,0,0,1,0,0,0,0,400000000,480000000.0,60,80000000.0,16.666666666666664,3.0,200000000.0,246800000.0,42.0,3611.4,3
40,0,1,0,0,0,0,0,1,0,0,0,0,0,0,0,0,0,0,0,0,1,0,0,0,0,100000000,130000000.0,30,30000000.0,23.07692307692308,1.5,100000000.0,130000000.0,30.0,3637.5,1
35,1,0,0,0,0,0,0,0,0,0,0,0,0,0,1,0,0,0,0,0,1,0,0,0,0,40000,44000.0,30,4000.0,9.090909090909092,5.0,222222222.2222222,257500000.0,28.33333333333333,3615.555555555556,1
35,1,0,0,0,0,0,0,0,0,0,0,0,0,0,0,0,0,0,0,0,1,0,0,0,0,100000000,130000000.0,30,30000000.0,23.07692307692308,3.5,100000000.0,120000000.0,20.0,3617.1666666666665,1
32,0,1,0,0,0,0,0,1,0,0,0,0,0,0,0,0,0,0,0,0,1,0,0,0,0,300000000,390000000.0,60,90000000.0,23.07692307692308,3.5,183333333.3333333,216583333.3333333,25.0,3618.1666666666665,3
35,0,1,1,0,0,0,0,0,0,0,0,0,0,0,0,0,0,0,0,0,1,0,0,0,0,100000000,130000000.0,30,30000000.0,23.07692307692308,1.0,100000000.0,115000000.0,15.0,3668.0,1
38,0,1,0,0,0,0,0,1,0,0,0,0,0,0,0,0,0,0,0,0,1,0,0,0,0,20000,24500.0,30,4500.0,18.367346938775512,2.0,100000000.0,125000000.0,25.0,3608.3333333333335,1
41,0,1,0,0,0,0,0,0,0,0,0,0,0,0,0,0,0,0,0,0,1,0,0,0,0,10000,13000.0,30,3000.0,23.07692307692308,1.0,100000000.0,130000000.0,30.0,3668.0,1
44,1,0,0,0,0,0,0,1,0,0,0,0,0,0,0,0,0,0,0,0,1,0,0,0,0,300000000,390000000.0,60,90000000.0,23.07692307692308,4.5,150000000.0,189375000.0,33.75,5398.125,5
34,0,1,0,0,0,0,0,1,0,0,0,0,0,0,0,0,0,0,0,1,0,0,0,0,0,200000000,245000000.0,30,45000000.0,18.367346938775512,2.0,100000000.0,120000000.0,20.0,3609.3333333333335,1
38,0,1,0,0,0,0,0,0,0,0,0,1,0,0,0,0,0,0,0,1,0,0,0,0,0,10000,11500.0,15,1500.0,13.043478260869565,1.0,100000000.0,115000000.0,15.0,3669.0,0
35,0,1,0,0,0,0,0,0,0,0,0,1,0,0,0,0,0,0,0,0,1,0,0,0,0,400000000,440000000.0,30,40000000.0,9.090909090909092,5.5,265000000.0,296250000.0,24.0,3609.1,1
34,1,0,0,0,0,0,0,1,0,0,0,0,0,0,0,0,0,0,0,0,0,0,1,0,0,200000000,222500000.0,15,22500000.0,10.112359550561797,4.5,193750000.0,219609375.0,20.625,3611.125,0
41,0,1,0,0,0,0,0,0,0,0,0,0,0,0,1,0,0,0,0,0,1,0,0,0,0,100000000,115000000.0,15,15000000.0,13.043478260869565,1.5,100000000.0,122500000.0,22.5,3607.0,0
47,1,0,0,0,0,0,0,0,0,0,0,0,0,0,1,0,0,0,0,0,0,0,1,0,0,200000000,220000000.0,30,20000000.0,9.090909090909092,6.0,190909090.9090909,227227272.72727272,30.0,3619.909090909091,1
29,0,1,0,0,0,0,0,0,0,0,0,0,0,0,1,0,0,0,0,0,0,0,0,1,0,100000000,130000000.0,30,30000000.0,23.07692307692308,2.5,125000000.0,155000000.0,26.25,3623.25,1
35,1,0,0,0,0,0,0,1,0,0,0,0,0,0,0,0,0,0,0,0,0,0,1,0,0,30000,34500.0,30,4500.0,13.043478260869565,4.0,171428571.42857143,204571428.57142857,27.857142857142858,3609.571428571429,1
48,1,0,0,0,0,0,0,0,0,0,0,1,0,0,0,0,0,0,0,0,1,0,0,0,0,40000,44000.0,30,4000.0,9.090909090909092,7.0,230769230.7692308,269192307.6923077,32.30769230769231,3612.846153846154,1
35,0,1,0,1,0,0,0,0,0,0,0,0,0,0,0,0,0,0,0,0,1,0,0,0,0,300000000,345000000.0,30,45000000.0,13.043478260869565,4.0,200000000.0,245142857.14285716,34.285714285714285,3607.0,1
35,1,0,0,0,0,0,0,0,0,0,0,1,0,0,0,0,0,0,0,0,1,0,0,0,0,100000000,130000000.0,30,30000000.0,23.07692307692308,2.5,100000000.0,130000000.0,30.0,3610.0,1
40,0,1,0,0,0,0,0,1,0,0,0,0,0,0,0,0,0,0,0,1,0,0,0,0,0,300000000,345000000.0,30,45000000.0,13.043478260869565,4.5,187500000.0,220312500.0,24.375,4040.25,1
50,0,1,0,1,0,0,0,0,0,0,0,0,0,0,0,0,0,0,0,0,1,0,0,0,0,100000000,130000000.0,30,30000000.0,23.07692307692308,1.0,100000000.0,130000000.0,30.0,3668.0,1
31,0,1,0,0,0,0,0,0,0,0,0,1,0,0,0,0,0,0,0,0,1,0,0,0,0,200000000,245000000.0,30,45000000.0,18.367346938775512,2.0,100000000.0,115000000.0,15.0,3679.6666666666665,1
39,1,0,0,0,0,0,0,1,0,0,0,0,0,0,0,0,0,0,0,0,0,0,1,0,0,40000,44000.0,30,4000.0,9.090909090909092,7.0,253846153.84615383,292846153.84615386,28.846153846153847,3618.076923076923,1
39,0,1,0,0,0,0,0,1,0,0,0,0,0,0,0,0,0,0,0,1,0,0,0,0,0,20000,24500.0,30,4500.0,18.367346938775512,1.5,100000000.0,130000000.0,30.0,3609.5,1
39,1,0,0,0,0,0,0,0,0,0,0,0,0,0,0,0,0,0,0,0,1,0,0,0,0,40000,48000.0,60,8000.0,16.666666666666664,5.5,250000000.0,302300000.0,42.0,3610.0,3
34,0,1,0,0,0,0,0,1,0,0,0,0,0,0,0,0,0,0,0,0,1,0,0,0,0,100000000,115000000.0,15,15000000.0,13.043478260869565,1.0,100000000.0,115000000.0,15.0,3645.0,0
43,1,0,0,0,0,0,0,1,0,0,0,0,0,0,0,0,0,0,0,0,0,0,1,0,0,400000000,440000000.0,30,40000000.0,9.090909090909092,7.0,213846153.84615383,241980769.2307692,21.923076923076923,3612.923076923077,1
48,0,1,0,0,0,0,0,0,0,0,0,0,0,0,0,0,0,0,1,0,1,0,0,0,0,100000000,130000000.0,30,30000000.0,23.07692307692308,2.0,133333333.33333331,158333333.33333334,20.0,3610.0,1
34,0,1,0,0,0,0,1,0,0,0,0,0,0,0,0,0,0,0,0,1,0,0,0,0,0,300000000,390000000.0,60,90000000.0,23.07692307692308,3.0,160000000.0,190200000.0,24.0,3610.8,3
29,0,1,0,0,0,0,0,0,0,0,0,0,0,0,1,0,0,0,0,0,0,0,0,1,0,100000000,130000000.0,30,30000000.0,23.07692307692308,1.0,100000000.0,130000000.0,30.0,3611.0,1
35,0,1,0,0,0,0,0,1,0,0,0,0,0,0,0,0,0,0,0,0,1,0,0,0,0,100000000,130000000.0,30,30000000.0,23.07692307692308,1.5,100000000.0,130000000.0,30.0,3636.5,1
35,0,1,0,0,0,0,0,0,0,0,1,0,0,0,0,0,0,0,0,1,0,0,0,0,0,100000000,115000000.0,15,15000000.0,13.043478260869565,1.0,100000000.0,115000000.0,15.0,3667.0,0
39,0,1,0,0,0,0,0,1,0,0,0,0,0,0,0,0,0,0,0,0,1,0,0,0,0,300000000,390000000.0,60,90000000.0,23.07692307692308,3.5,150000000.0,186333333.3333333,30.0,3609.1666666666665,3
32,0,1,0,0,0,0,0,0,0,0,0,0,0,0,0,0,0,0,1,0,1,0,0,0,0,200000000,245000000.0,30,45000000.0,18.367346938775512,3.0,120000000.0,138800000.0,18.0,3621.8,1
39,0,1,0,0,0,0,0,1,0,0,0,0,0,0,0,0,0,0,0,1,0,0,0,0,0,100000000,130000000.0,30,30000000.0,23.07692307692308,1.0,100000000.0,130000000.0,30.0,3667.0,1
42,0,1,0,0,0,0,1,0,0,0,0,0,0,0,0,0,0,0,0,0,1,0,0,0,0,10000,13000.0,30,3000.0,23.07692307692308,1.5,100000000.0,130000000.0,30.0,3609.0,1
32,0,1,0,0,0,0,0,0,0,0,0,0,0,0,0,0,0,0,0,0,1,0,0,0,0,100000000,130000000.0,30,30000000.0,23.07692307692308,1.0,100000000.0,115000000.0,15.0,3669.0,1
32,0,1,1,0,0,0,0,0,0,0,0,0,0,0,0,0,0,0,0,0,1,0,0,0,0,200000000,245000000.0,30,45000000.0,18.367346938775512,3.5,100000000.0,130000000.0,30.0,3609.1666666666665,1
33,0,1,0,0,0,0,0,0,0,0,0,0,0,0,1,0,0,0,0,0,1,0,0,0,0,100000000,115000000.0,15,15000000.0,13.043478260869565,1.0,100000000.0,115000000.0,15.0,3615.0,0
34,0,1,1,0,0,0,0,0,0,0,0,0,0,0,0,0,0,0,0,0,1,0,0,0,0,10000,13000.0,30,3000.0,23.07692307692308,1.0,100000000.0,115000000.0,15.0,3668.0,1
26,0,1,0,0,0,0,0,1,0,0,0,0,0,0,0,0,0,0,0,0,1,0,0,0,0,200000000,245000000.0,30,45000000.0,18.367346938775512,2.5,125000000.0,155000000.0,26.25,3608.75,1
44,1,0,0,0,0,0,1,0,0,0,0,0,0,0,0,0,0,0,0,0,1,0,0,0,0,500000000,525000000.0,30,25000000.0,4.761904761904762,8.0,223333333.3333333,259666666.66666663,28.0,3610.733333333333,1
38,0,1,0,0,0,0,0,1,0,0,0,0,0,0,0,0,0,0,0,0,1,0,0,0,0,200000000,222500000.0,15,22500000.0,10.112359550561797,3.0,100000000.0,120000000.0,21.0,3612.2,0
39,0,1,0,0,0,0,0,0,0,0,0,0,0,0,0,0,0,0,1,0,1,0,0,0,0,10000,13000.0,30,3000.0,23.07692307692308,1.0,100000000.0,115000000.0,15.0,3668.0,1
32,0,1,0,0,0,0,0,1,0,0,0,0,0,0,0,0,0,0,0,0,1,0,0,0,0,100000000,115000000.0,15,15000000.0,13.043478260869565,1.0,100000000.0,115000000.0,15.0,3639.0,0
53,0,1,0,0,0,0,0,1,0,0,0,0,0,0,0,0,0,0,0,0,1,0,0,0,0,10000,11500.0,15,1500.0,13.043478260869565,1.0,100000000.0,115000000.0,15.0,3675.0,0
49,1,0,0,0,0,0,0,1,0,0,0,0,0,0,0,0,0,0,0,0,0,0,1,0,0,40000,44000.0,30,4000.0,9.090909090909092,6.5,283333333.3333333,327000000.0,32.5,3616.6666666666665,1
47,0,1,0,0,0,0,0,1,0,0,0,0,0,0,0,0,0,0,0,0,1,0,0,0,0,10000,11500.0,15,1500.0,13.043478260869565,2.0,100000000.0,115000000.0,15.0,3627.3333333333335,0
40,0,1,0,0,0,0,0,0,0,0,0,0,0,0,0,0,0,0,1,0,1,0,0,0,0,100000000,130000000.0,30,30000000.0,23.07692307692308,1.5,100000000.0,122500000.0,22.5,3608.5,1
44,1,0,0,0,0,0,1,0,0,0,0,0,0,0,0,0,0,0,0,0,1,0,0,0,0,300000000,330000000.0,30,30000000.0,9.090909090909092,5.0,205555555.55555555,241666666.66666663,28.33333333333333,3609.555555555556,1
39,0,1,0,0,0,0,0,0,0,0,0,0,0,0,0,0,0,0,1,0,1,0,0,0,0,100000000,130000000.0,30,30000000.0,23.07692307692308,1.0,100000000.0,130000000.0,30.0,3668.0,1
53,0,1,0,0,0,0,1,0,0,0,0,0,0,0,0,0,0,0,0,0,1,0,0,0,0,300000000,345000000.0,30,45000000.0,13.043478260869565,3.5,150000000.0,175083333.33333334,20.0,3628.3333333333335,1
40,0,1,0,0,0,0,0,1,0,0,0,0,0,0,0,0,0,0,0,0,1,0,0,0,0,100000000,130000000.0,30,30000000.0,23.07692307692308,1.5,100000000.0,122500000.0,22.5,3610.0,1
40,1,0,0,0,0,0,0,1,0,0,0,0,0,0,0,0,0,0,0,0,1,0,0,0,0,500000000,575000000.0,90,75000000.0,13.043478260869565,7.5,300000000.0,342000000.0,35.357142857142854,3610.571428571429,2
31,0,1,0,0,0,0,0,0,0,0,0,0,0,0,1,0,0,0,0,0,1,0,0,0,0,100000000,115000000.0,15,15000000.0,13.043478260869565,1.0,100000000.0,115000000.0,15.0,3667.0,0
39,0,1,0,1,0,0,0,0,0,0,0,0,0,0,0,0,0,0,0,0,1,0,0,0,0,200000000,245000000.0,30,45000000.0,18.367346938775512,1.5,100000000.0,130000000.0,30.0,3609.0,1
37,0,1,0,0,0,0,0,1,0,0,0,0,0,0,0,0,0,0,0,0,1,0,0,0,0,300000000,390000000.0,60,90000000.0,23.07692307692308,3.5,150000000.0,177500000.0,22.5,3610.3333333333335,3
42,0,1,1,0,0,0,0,0,0,0,0,0,0,0,0,0,0,0,0,0,1,0,0,0,0,20000,24500.0,30,4500.0,18.367346938775512,2.0,100000000.0,130000000.0,30.0,3608.6666666666665,1
43,0,1,0,0,0,0,0,1,0,0,0,0,0,0,0,0,0,0,0,0,1,0,0,0,0,200000000,245000000.0,30,45000000.0,18.367346938775512,3.5,125000000.0,158750000.0,30.0,3611.75,1
36,0,1,0,0,0,0,0,1,0,0,0,0,0,0,0,0,0,0,0,0,1,0,0,0,0,150000000,166875000.0,15,16875000.0,10.112359550561797,2.0,100000000.0,120000000.0,20.0,3607.6666666666665,0
35,0,1,1,0,0,0,0,0,0,0,0,0,0,0,0,0,0,0,0,0,1,0,0,0,0,10000,13000.0,30,3000.0,23.07692307692308,1.0,100000000.0,130000000.0,30.0,3669.0,1
28,0,1,0,0,0,0,0,1,0,0,0,0,0,0,0,0,0,0,0,0,1,0,0,0,0,100000000,130000000.0,30,30000000.0,23.07692307692308,1.5,100000000.0,130000000.0,30.0,3609.5,1
32,0,1,0,0,0,0,0,0,0,0,1,0,0,0,0,0,0,0,0,0,1,0,0,0,0,100000000,130000000.0,30,30000000.0,23.07692307692308,2.0,100000000.0,125000000.0,25.0,3608.0,1
34,0,1,0,0,0,0,0,1,0,0,0,0,0,0,0,0,0,0,0,0,1,0,0,0,0,300000000,390000000.0,60,90000000.0,23.07692307692308,4.0,171428571.42857143,208000000.0,30.0,3610.571428571429,3
34,0,1,0,0,0,0,0,0,0,0,0,0,0,0,0,0,0,0,0,0,0,0,1,0,0,100000000,130000000.0,30,30000000.0,23.07692307692308,3.0,100000000.0,130000000.0,30.0,3610.8,1
51,0,1,0,0,0,0,0,1,0,0,0,0,0,0,0,0,0,0,0,1,0,0,0,0,0,100000000,130000000.0,30,30000000.0,23.07692307692308,1.0,100000000.0,115000000.0,15.0,3667.0,1
42,0,1,0,0,0,1,0,0,0,0,0,0,0,0,0,0,0,0,0,0,1,0,0,0,0,200000000,245000000.0,30,45000000.0,18.367346938775512,2.5,125000000.0,158750000.0,30.0,3609.5,1
40,0,1,0,0,0,0,0,1,0,0,0,0,0,0,0,0,0,0,0,0,1,0,0,0,0,300000000,390000000.0,60,90000000.0,23.07692307692308,4.0,171428571.42857143,198357142.85714287,21.428571428571427,3615.857142857143,3
45,1,0,0,0,0,0,0,1,0,0,0,0,0,0,0,0,0,0,0,0,1,0,0,0,0,300000000,345000000.0,30,45000000.0,13.043478260869565,4.0,142857142.85714287,166500000.0,19.285714285714285,3609.142857142857,1
40,0,1,0,0,0,0,0,0,0,0,0,0,0,0,0,0,0,0,0,0,1,0,0,0,0,10000,13000.0,30,3000.0,23.07692307692308,1.0,100000000.0,130000000.0,30.0,5829.0,5
30,1,0,0,0,0,0,0,1,0,0,0,0,0,0,0,0,0,0,0,0,1,0,0,0,0,350000000,385000000.0,30,35000000.0,9.090909090909092,8.5,218750000.0,256437500.0,31.875,3610.6875,1
52,1,0,1,0,0,0,0,0,0,0,0,0,0,0,0,0,0,0,0,0,0,0,1,0,0,400000000,480000000.0,60,80000000.0,16.666666666666664,5.0,222222222.2222222,261166666.66666663,31.666666666666668,3616.222222222222,3
34,0,1,0,0,0,0,0,1,0,0,0,0,0,0,0,0,0,0,0,0,1,0,0,0,0,100000000,130000000.0,30,30000000.0,23.07692307692308,3.0,100000000.0,121000000.0,21.0,3619.4,1
32,0,1,0,0,0,0,0,0,0,0,0,0,0,0,1,0,0,0,0,0,1,0,0,0,0,25000,28750.0,30,3750.0,13.043478260869565,2.5,120000000.0,144500000.0,26.25,3608.25,1
42,0,1,1,0,0,0,0,0,0,0,0,0,0,0,0,0,0,0,0,0,1,0,0,0,0,100000000,130000000.0,30,30000000.0,23.07692307692308,1.0,100000000.0,130000000.0,30.0,3668.0,1
46,0,1,0,0,0,0,0,0,0,0,0,0,0,0,0,0,0,0,0,0,1,0,0,0,0,200000000,245000000.0,30,45000000.0,18.367346938775512,3.0,120000000.0,150000000.0,27.0,3607.0,1
41,1,0,0,0,0,0,0,1,0,0,0,0,0,0,0,0,0,0,0,0,1,0,0,0,0,40000,44000.0,30,4000.0,9.090909090909092,8.0,236666666.66666663,272866666.6666667,29.0,3850.866666666667,1
35,0,1,0,0,0,0,0,0,0,0,1,0,0,0,0,0,0,0,0,0,1,0,0,0,0,100000000,130000000.0,30,30000000.0,23.07692307692308,1.0,100000000.0,130000000.0,30.0,3669.0,1
45,1,0,0,0,0,0,0,1,0,0,0,0,0,0,0,0,0,0,0,0,0,0,1,0,0,400000000,440000000.0,30,40000000.0,9.090909090909092,5.5,250000000.0,286000000.0,28.5,3614.0,1
33,0,1,0,0,0,0,1,0,0,0,0,0,0,0,0,0,0,0,0,1,0,0,0,0,0,100000000,115000000.0,15,15000000.0,13.043478260869565,1.5,100000000.0,115000000.0,15.0,3637.0,0
41,0,1,0,0,0,0,0,1,0,0,0,0,0,0,0,0,0,0,0,1,0,0,0,0,0,10000,13000.0,30,3000.0,23.07692307692308,2.5,100000000.0,118750000.0,18.75,3608.5,1
41,0,1,0,0,0,0,0,1,0,0,0,0,0,0,0,0,0,0,0,0,1,0,0,0,0,100000000,115000000.0,15,15000000.0,13.043478260869565,1.5,100000000.0,115000000.0,15.0,3637.5,0
41,0,1,0,0,0,0,0,0,0,0,0,0,0,0,0,0,0,0,0,0,1,0,0,0,0,200000000,245000000.0,30,45000000.0,18.367346938775512,3.0,140000000.0,168600000.0,24.0,3619.8,1
46,0,1,0,0,0,0,0,0,0,0,0,0,0,0,1,0,0,0,0,0,1,0,0,0,0,100000000,130000000.0,30,30000000.0,23.07692307692308,2.0,100000000.0,130000000.0,30.0,3608.6666666666665,1
33,0,1,0,0,0,0,1,0,0,0,0,0,0,0,0,0,0,0,0,0,1,0,0,0,0,100000000,130000000.0,30,30000000.0,23.07692307692308,1.0,100000000.0,130000000.0,30.0,3669.0,1
52,0,1,0,0,0,0,1,0,0,0,0,0,0,0,0,0,0,0,0,0,1,0,0,0,0,100000000,130000000.0,30,30000000.0,23.07692307692308,1.0,100000000.0,130000000.0,30.0,3667.0,1
47,0,1,0,0,0,0,0,0,0,0,0,0,0,0,0,0,0,0,0,0,1,0,0,0,0,200000000,245000000.0,30,45000000.0,18.367346938775512,2.0,100000000.0,130000000.0,30.0,4640.0,4
36,0,1,0,0,0,0,0,0,0,0,0,0,0,0,1,0,0,0,0,0,1,0,0,0,0,100000000,130000000.0,30,30000000.0,23.07692307692308,1.5,100000000.0,130000000.0,30.0,3610.5,1
28,0,1,0,0,0,0,0,1,0,0,0,0,0,0,0,0,0,0,0,0,1,0,0,0,0,300000000,390000000.0,60,90000000.0,23.07692307692308,3.0,160000000.0,196000000.0,27.0,3608.4,3
47,0,1,0,0,0,0,0,0,0,0,0,0,0,0,0,0,0,0,0,0,0,0,1,0,0,10000,13000.0,30,3000.0,23.07692307692308,1.0,100000000.0,130000000.0,30.0,3608.0,1
31,0,1,0,0,0,0,0,1,0,0,0,0,0,0,0,0,0,0,0,1,0,0,0,0,0,100000000,115000000.0,15,15000000.0,13.043478260869565,1.0,100000000.0,130000000.0,30.0,3610.0,0
31,0,1,0,0,0,0,1,0,0,0,0,0,0,0,0,0,0,0,0,0,1,0,0,0,0,20000,23000.0,30,3000.0,13.043478260869565,3.5,150000000.0,186333333.3333333,30.0,3618.0,1
32,0,1,0,0,0,0,0,1,0,0,0,0,0,0,0,0,0,0,0,0,0,0,1,0,0,10000,13000.0,30,3000.0,23.07692307692308,2.0,100000000.0,130000000.0,30.0,3612.3333333333335,1
39,0,1,0,0,0,0,0,1,0,0,0,0,0,0,0,0,0,0,0,0,1,0,0,0,0,300000000,345000000.0,30,45000000.0,13.043478260869565,4.0,171428571.42857143,193428571.42857143,17.142857142857142,3607.857142857143,1
34,0,1,0,0,0,0,0,1,0,0,0,0,0,0,0,0,0,0,0,0,1,0,0,0,0,20000,24500.0,30,4500.0,18.367346938775512,4.0,171428571.42857143,193428571.42857143,17.142857142857142,3608.428571428572,1
35,0,1,0,0,0,0,0,0,0,0,0,1,0,0,0,0,0,0,0,0,1,0,0,0,0,100000000,130000000.0,30,30000000.0,23.07692307692308,2.5,100000000.0,126250000.0,26.25,3623.25,1
42,0,1,0,0,0,0,0,0,0,0,0,1,0,0,0,0,0,0,0,0,1,0,0,0,0,400000000,440000000.0,30,40000000.0,9.090909090909092,6.0,220909090.9090909,248340909.0909091,21.818181818181817,3614.181818181818,1
36,0,1,0,0,0,0,1,0,0,0,0,0,0,0,0,0,0,0,0,0,1,0,0,0,0,100000000,115000000.0,15,15000000.0,13.043478260869565,1.5,100000000.0,122500000.0,22.5,3627.0,0
40,0,1,0,0,0,0,0,0,0,0,0,0,0,0,0,0,0,0,0,1,0,0,0,0,0,10000,11500.0,15,1500.0,13.043478260869565,1.0,100000000.0,130000000.0,30.0,3668.0,0
48,0,1,0,0,0,0,0,1,0,0,0,0,0,0,0,0,0,0,0,0,1,0,0,0,0,100000000,130000000.0,30,30000000.0,23.07692307692308,1.0,100000000.0,130000000.0,30.0,3668.0,1
37,0,1,0,0,0,0,0,1,0,0,0,0,0,0,0,0,0,0,0,0,1,0,0,0,0,400000000,440000000.0,30,40000000.0,9.090909090909092,5.5,260000000.0,306000000.0,36.0,3611.7,1
37,1,0,0,0,0,0,0,1,0,0,0,0,0,0,0,0,0,0,0,0,1,0,0,0,0,200000000,245000000.0,30,45000000.0,18.367346938775512,2.0,100000000.0,125000000.0,25.0,3608.0,1
38,1,0,0,0,0,0,0,0,0,0,0,0,0,0,0,0,0,0,0,0,1,0,0,0,0,300000000,345000000.0,30,45000000.0,13.043478260869565,7.0,200000000.0,225788461.53846157,19.615384615384617,3610.076923076923,1
39,0,1,0,0,0,0,0,0,0,0,0,0,0,0,0,0,0,0,0,0,1,0,0,0,0,10000,13000.0,30,3000.0,23.07692307692308,1.0,100000000.0,130000000.0,30.0,3668.0,1
52,0,1,1,0,0,0,0,0,0,0,0,0,0,0,0,0,0,0,0,0,1,0,0,0,0,300000000,345000000.0,30,45000000.0,13.043478260869565,4.5,175000000.0,196312375.0,18.75,3621.75,1
46,0,1,0,0,0,0,0,1,0,0,0,0,0,0,0,0,0,0,0,1,0,0,0,0,0,100000000,130000000.0,30,30000000.0,23.07692307692308,1.0,100000000.0,115000000.0,15.0,3669.0,1
33,0,1,0,0,0,0,0,1,0,0,0,0,0,0,0,0,0,0,0,0,1,0,0,0,0,100000000,130000000.0,30,30000000.0,23.07692307692308,1.0,100000000.0,130000000.0,30.0,3607.0,1
48,0,1,0,0,0,0,0,0,0,0,1,0,0,0,0,0,0,0,0,0,1,0,0,0,0,300000000,345000000.0,30,45000000.0,13.043478260869565,4.0,171428571.42857143,193375000.0,17.142857142857142,3608.142857142857,1
28,0,1,0,0,0,0,1,0,0,0,0,0,0,0,0,0,0,0,0,0,1,0,0,0,0,10000,11500.0,15,1500.0,13.043478260869565,1.0,100000000.0,115000000.0,15.0,3668.0,0
38,1,0,0,0,0,0,1,0,0,0,0,0,0,0,0,0,0,0,0,0,0,0,1,0,0,10000,13000.0,30,3000.0,23.07692307692308,2.5,150000000.0,180125000.0,26.25,3625.5,1
34,0,1,0,0,0,0,0,0,0,0,1,0,0,0,0,0,0,0,0,0,1,0,0,0,0,300000000,345000000.0,30,45000000.0,13.043478260869565,4.5,187500000.0,222375000.0,30.0,3608.75,1
37,0,1,0,0,0,0,0,1,0,0,0,0,0,0,0,0,0,0,0,0,1,0,0,0,0,100000000,130000000.0,30,30000000.0,23.07692307692308,1.0,100000000.0,130000000.0,30.0,6877.0,5
38,0,1,0,0,0,0,0,0,0,0,0,0,0,0,0,0,0,0,0,0,1,0,0,0,0,100000000,130000000.0,30,30000000.0,23.07692307692308,1.0,100000000.0,130000000.0,30.0,3668.0,1
33,1,0,0,0,0,0,0,1,0,0,0,0,0,0,0,0,0,0,0,0,1,0,0,0,0,40000,44000.0,30,4000.0,9.090909090909092,6.0,272727272.72727275,320363636.3636364,35.45454545454545,4002.090909090909,1
41,0,1,0,0,0,0,0,0,0,0,0,0,0,0,0,0,0,0,1,1,0,0,0,0,0,100000000,115000000.0,15,15000000.0,13.043478260869565,1.0,100000000.0,115000000.0,15.0,3612.0,0
36,1,0,0,0,0,0,0,0,0,0,0,0,0,0,1,0,0,0,0,0,1,0,0,0,0,300000000,345000000.0,30,45000000.0,13.043478260869565,5.0,177777777.7777778,213777777.7777778,30.0,3616.0,1
33,1,0,0,0,0,0,1,0,0,0,0,0,0,0,0,0,0,0,0,0,1,0,0,0,0,300000000,345000000.0,30,45000000.0,13.043478260869565,4.5,206250000.0,238984375.0,26.25,3624.25,1
44,0,1,1,0,0,0,0,0,0,0,0,0,0,0,0,0,0,0,0,1,0,0,0,0,0,10000,11500.0,15,1500.0,13.043478260869565,2.0,100000000.0,125000000.0,25.0,3606.0,0
34,0,1,0,0,0,0,0,1,0,0,0,0,0,0,0,0,0,0,0,0,1,0,0,0,0,100000000,130000000.0,30,30000000.0,23.07692307692308,1.0,100000000.0,130000000.0,30.0,3618.0,1
32,0,1,0,0,0,0,1,0,0,0,0,0,0,0,0,0,0,0,0,0,1,0,0,0,0,100000000,130000000.0,30,30000000.0,23.07692307692308,1.5,100000000.0,130000000.0,30.0,3608.0,1
51,0,1,0,0,0,0,1,0,0,0,0,0,0,0,0,0,0,0,0,0,1,0,0,0,0,10000,13000.0,30,3000.0,23.07692307692308,1.5,100000000.0,130000000.0,30.0,3606.5,1
37,0,1,0,0,0,0,1,0,0,0,0,0,0,0,0,0,0,0,0,0,1,0,0,0,0,10000,11500.0,15,1500.0,13.043478260869565,2.5,100000000.0,115000000.0,15.0,3608.0,0
42,0,1,0,0,0,0,1,0,0,0,0,0,0,0,0,0,0,0,0,0,1,0,0,0,0,100000000,130000000.0,30,30000000.0,23.07692307692308,1.5,100000000.0,122500000.0,22.5,3637.5,1
36,0,1,0,0,0,0,1,0,0,0,0,0,0,0,0,0,0,0,0,0,1,0,0,0,0,300000000,345000000.0,30,45000000.0,13.043478260869565,3.0,140000000.0,176000000.0,30.0,3620.0,1
36,0,1,0,0,0,0,1,0,0,0,0,0,0,0,0,0,0,0,0,0,1,0,0,0,0,200000000,245000000.0,30,45000000.0,18.367346938775512,2.5,125000000.0,155000000.0,26.25,4477.0,4
43,0,1,0,0,0,0,0,0,0,0,0,0,0,0,0,0,0,0,0,0,1,0,0,0,0,100000000,115000000.0,15,15000000.0,13.043478260869565,1.0,100000000.0,130000000.0,30.0,3608.0,0
31,0,1,0,0,0,0,0,1,0,0,0,0,0,0,0,0,0,0,0,1,0,0,0,0,0,15000,18375.0,30,3375.0,18.367346938775512,3.0,110000000.0,139250000.0,30.0,3619.2,1
31,1,0,0,1,0,0,0,0,0,0,0,0,0,0,0,0,0,0,0,0,1,0,0,0,0,200000000,222500000.0,15,22500000.0,10.112359550561797,5.0,144444444.44444445,161944444.44444445,16.666666666666668,3610.6666666666665,0
50,1,0,0,0,0,0,0,0,0,0,0,0,0,0,1,0,0,0,0,0,0,0,1,0,0,300000000,390000000.0,60,90000000.0,23.07692307692308,3.5,150000000.0,182000000.0,27.5,3609.3333333333335,3
34,0,1,0,0,0,0,0,1,0,0,0,0,0,0,0,0,0,0,0,0,1,0,0,0,0,10000,13000.0,30,3000.0,23.07692307692308,2.0,100000000.0,130000000.0,30.0,3614.3333333333335,1
34,0,1,0,0,0,0,0,1,0,0,0,0,0,0,0,0,0,0,0,1,0,0,0,0,0,100000000,115000000.0,15,15000000.0,13.043478260869565,1.5,100000000.0,122500000.0,22.5,3637.0,0
33,1,0,0,0,0,0,0,1,0,0,0,0,0,0,0,0,0,0,0,0,1,0,0,0,0,500000000,525000000.0,30,25000000.0,4.761904761904762,6.5,283333333.3333333,326125000.0,35.0,3613.5,1
41,1,0,0,1,0,0,0,0,0,0,0,0,0,0,0,0,0,0,0,0,0,0,1,0,0,40000,44000.0,30,4000.0,9.090909090909092,7.0,246153846.1538461,277346153.84615386,23.07692307692308,3609.4615384615386,1
35,0,1,0,0,0,0,1,0,0,0,0,0,0,0,0,0,0,0,0,1,0,0,0,0,0,10000,13000.0,30,3000.0,23.07692307692308,1.0,100000000.0,130000000.0,30.0,3609.0,1
31,1,0,0,0,0,0,0,1,0,0,0,0,0,0,0,0,0,0,0,0,0,0,0,1,0,200000000,220000000.0,30,20000000.0,9.090909090909092,5.5,275000000.0,313350000.0,28.5,3617.9,1
47,0,1,0,0,0,0,0,1,0,0,0,0,0,0,0,0,0,0,0,1,0,0,0,0,0,100000000,130000000.0,30,30000000.0,23.07692307692308,1.0,100000000.0,130000000.0,30.0,3668.0,1
41,0,1,0,0,0,0,0,1,0,0,0,0,0,0,0,0,0,0,0,0,1,0,0,0,0,200000000,222500000.0,15,22500000.0,10.112359550561797,3.0,140000000.0,158000000.0,15.0,3607.2,0
36,0,1,0,0,0,0,0,1,0,0,0,0,0,0,0,0,0,0,0,0,1,0,0,0,0,100000000,130000000.0,30,30000000.0,23.07692307692308,1.0,100000000.0,130000000.0,30.0,3610.0,1
36,0,1,0,0,0,0,0,1,0,0,0,0,0,0,0,0,0,0,0,0,1,0,0,0,0,10000,11500.0,15,1500.0,13.043478260869565,1.0,100000000.0,130000000.0,30.0,3669.0,0
34,0,1,0,0,0,0,1,0,0,0,0,0,0,0,0,0,0,0,0,0,1,0,0,0,0,100000000,130000000.0,30,30000000.0,23.07692307692308,1.5,100000000.0,120000000.0,22.5,3638.0,1
30,0,1,0,0,0,0,0,0,0,0,0,0,0,0,1,0,0,0,0,0,1,0,0,0,0,10000,11500.0,15,1500.0,13.043478260869565,1.0,100000000.0,115000000.0,15.0,3668.0,0
56,0,1,0,0,0,0,0,0,0,0,0,0,0,0,1,0,0,0,0,0,0,0,1,0,0,300000000,345000000.0,30,45000000.0,13.043478260869565,4.5,192500000.0,235437500.0,37.5,3621.375,1
27,1,0,1,0,0,0,0,0,0,0,0,0,0,0,0,0,0,0,0,0,0,0,0,1,0,10000,13000.0,30,3000.0,23.07692307692308,1.0,100000000.0,130000000.0,30.0,3612.0,1
31,0,1,0,0,0,0,0,1,0,0,0,0,0,0,0,0,0,0,0,1,0,0,0,0,0,100000000,115000000.0,15,15000000.0,13.043478260869565,1.0,100000000.0,115000000.0,15.0,3617.0,0
36,0,1,0,1,0,0,0,0,0,0,0,0,0,0,0,0,0,0,0,0,1,0,0,0,0,10000,13000.0,30,3000.0,23.07692307692308,1.0,100000000.0,130000000.0,30.0,3667.0,1
30,0,1,0,0,0,0,0,0,0,0,0,0,0,0,0,0,0,0,0,0,1,0,0,0,0,10000,13000.0,30,3000.0,23.07692307692308,1.0,100000000.0,130000000.0,30.0,3669.0,1
36,0,1,0,0,0,0,0,1,0,0,0,0,0,0,0,0,0,0,0,0,1,0,0,0,0,10000,13000.0,30,3000.0,23.07692307692308,2.5,125000000.0,158750000.0,30.0,3609.25,1
38,0,1,0,0,0,0,0,1,0,0,0,0,0,0,0,0,0,0,0,0,1,0,0,0,0,100000000,130000000.0,30,30000000.0,23.07692307692308,1.0,100000000.0,130000000.0,30.0,3617.0,1
45,0,1,0,0,0,0,0,1,0,0,0,0,0,0,0,0,0,0,0,1,0,0,0,0,0,30000,39000.0,60,9000.0,23.07692307692308,6.0,172727272.72727272,196409090.9090909,19.09090909090909,3607.181818181818,3
41,1,0,0,0,0,0,0,0,0,0,1,0,0,0,0,0,0,0,0,0,1,0,0,0,0,100000000,130000000.0,30,30000000.0,23.07692307692308,1.0,100000000.0,130000000.0,30.0,3669.0,1
33,0,1,0,0,0,0,0,0,0,0,0,0,0,0,0,0,0,0,0,0,1,0,0,0,0,200000000,245000000.0,30,45000000.0,18.367346938775512,2.5,100000000.0,120625000.0,22.5,3612.25,1
36,0,1,0,0,0,0,0,1,0,0,0,0,0,0,0,0,0,0,0,0,1,0,0,0,0,20000,24500.0,30,4500.0,18.367346938775512,4.0,157142857.14285713,193714285.7142857,30.0,3618.714285714286,1
34,1,0,0,0,0,0,0,0,0,0,0,0,0,0,1,0,0,0,0,0,0,0,0,1,0,400000000,480000000.0,60,80000000.0,16.666666666666664,5.0,211111111.1111111,256833333.3333333,38.333333333333336,4030.3333333333335,3
46,0,1,0,0,0,0,0,0,0,0,0,0,0,0,0,0,0,0,0,1,0,0,0,0,0,10000,13000.0,30,3000.0,23.07692307692308,1.0,100000000.0,130000000.0,30.0,3668.0,1
43,1,0,0,0,0,0,0,0,0,0,0,0,0,0,1,0,0,0,0,0,0,0,1,0,0,400000000,440000000.0,30,40000000.0,9.090909090909092,7.5,285714285.71428573,324250000.0,26.785714285714285,3613.428571428572,1
37,0,1,1,0,0,0,0,0,0,0,0,0,0,0,0,0,0,0,0,1,0,0,0,0,0,100000000,130000000.0,30,30000000.0,23.07692307692308,1.0,100000000.0,130000000.0,30.0,3615.0,1
31,0,1,1,0,0,0,0,0,0,0,0,0,0,0,0,0,0,0,0,0,1,0,0,0,0,300000000,345000000.0,30,45000000.0,13.043478260869565,3.0,120000000.0,150500000.0,30.0,3619.8,1
35,0,1,1,0,0,0,0,0,0,0,0,0,0,0,0,0,0,0,0,0,1,0,0,0,0,100000000,130000000.0,30,30000000.0,23.07692307692308,1.5,100000000.0,130000000.0,30.0,3639.5,1
37,0,1,0,0,0,0,0,0,0,0,0,1,0,0,0,0,0,0,0,0,1,0,0,0,0,100000000,130000000.0,30,30000000.0,23.07692307692308,1.0,100000000.0,130000000.0,30.0,3669.0,1
34,1,0,0,0,0,0,0,0,0,0,0,0,0,0,0,0,0,0,1,0,1,0,0,0,0,200000000,245000000.0,30,45000000.0,18.367346938775512,4.0,142857142.85714287,177285714.2857143,30.0,3618.142857142857,1
46,0,1,1,0,0,0,0,0,0,0,0,0,0,0,0,0,0,0,0,0,1,0,0,0,0,400000000,440000000.0,30,40000000.0,9.090909090909092,7.5,264285714.2857143,297178571.4285714,23.571428571428573,3617.428571428572,1
34,0,1,0,0,0,0,0,0,0,0,0,1,0,0,0,0,0,0,0,0,1,0,0,0,0,100000000,130000000.0,30,30000000.0,23.07692307692308,1.0,100000000.0,130000000.0,30.0,3669.0,1
50,0,1,0,1,0,0,0,0,0,0,0,0,0,0,0,0,0,0,0,0,1,0,0,0,0,20000,24500.0,30,4500.0,18.367346938775512,3.0,140000000.0,158000000.0,15.0,3606.2,1
42,0,1,0,0,0,0,0,0,0,0,1,0,0,0,0,0,0,0,0,0,1,0,0,0,0,400000000,440000000.0,30,40000000.0,9.090909090909092,3.5,150000000.0,168750000.0,17.5,3608.6666666666665,1
29,0,1,0,0,0,0,0,1,0,0,0,0,0,0,0,0,0,0,0,0,1,0,0,0,0,100000000,130000000.0,30,30000000.0,23.07692307692308,1.0,100000000.0,130000000.0,30.0,3671.0,1
39,0,1,0,0,0,0,0,0,0,0,0,0,0,0,0,0,0,0,0,0,1,0,0,0,0,200000000,230000000.0,30,30000000.0,13.043478260869565,4.0,185714285.7142857,227714285.7142857,34.285714285714285,3612.428571428572,1
32,0,1,0,0,0,0,0,1,0,0,0,0,0,0,0,0,0,0,0,0,1,0,0,0,0,200000000,245000000.0,30,45000000.0,18.367346938775512,2.0,100000000.0,125000000.0,25.0,3613.3333333333335,1
49,1,0,0,0,0,0,0,1,0,0,0,0,0,0,0,0,0,0,0,0,1,0,0,0,0,30000,39000.0,60,9000.0,23.07692307692308,3.5,150000000.0,186333333.3333333,30.0,3607.6666666666665,3
40,0,0,0,0,0,0,1,0,0,0,0,0,0,0,0,0,0,0,0,0,1,0,0,0,0,200000000,222500000.0,15,22500000.0,10.112359550561797,3.0,140000000.0,158000000.0,15.0,3610.6,0
35,0,1,0,0,0,0,0,1,0,0,0,0,0,0,0,0,0,0,0,0,1,0,0,0,0,100000000,115000000.0,15,15000000.0,13.043478260869565,1.0,100000000.0,115000000.0,15.0,3708.0,0
26,0,1,0,0,0,0,0,1,0,0,0,0,0,0,0,0,0,0,0,0,0,0,0,1,0,10000,13000.0,30,3000.0,23.07692307692308,1.5,100000000.0,115000000.0,15.0,3606.5,1
41,0,1,0,0,0,0,0,0,0,0,0,0,0,0,0,0,0,0,1,0,1,0,0,0,0,100000000,130000000.0,30,30000000.0,23.07692307692308,1.0,100000000.0,130000000.0,30.0,3608.0,1
33,0,1,0,0,0,0,0,1,0,0,0,0,0,0,0,0,0,0,0,0,1,0,0,0,0,100000000,130000000.0,30,30000000.0,23.07692307692308,1.0,100000000.0,130000000.0,30.0,3667.0,1
31,0,1,0,0,0,0,0,0,0,0,0,0,0,0,0,0,0,0,0,0,1,0,0,0,0,100000000,130000000.0,30,30000000.0,23.07692307692308,1.0,100000000.0,130000000.0,30.0,3671.0,1
45,1,0,0,0,0,0,1,0,0,0,0,0,0,0,0,0,0,0,0,0,1,0,0,0,0,200000000,245000000.0,30,45000000.0,18.367346938775512,3.0,120000000.0,150000000.0,27.0,3607.6,1
40,1,0,0,0,0,0,0,1,0,0,0,0,0,0,0,0,0,0,0,0,1,0,0,0,0,400000000,480000000.0,60,80000000.0,16.666666666666664,5.5,230000000.0,285700000.0,43.5,3609.8,3
41,0,0,1,0,0,0,0,0,0,0,0,0,0,0,0,0,0,0,0,0,1,0,0,0,0,100000000,115000000.0,15,15000000.0,13.043478260869565,1.5,100000000.0,115000000.0,15.0,3610.5,0
33,0,1,0,0,0,0,0,1,0,0,0,0,0,0,0,0,0,0,0,0,0,0,0,1,0,150000000,165000000.0,30,15000000.0,9.090909090909092,3.5,216666666.66666663,257833333.3333333,37.5,3618.8333333333335,1
32,1,0,0,0,0,0,0,0,0,0,0,0,0,0,0,0,0,0,1,0,1,0,0,0,0,200000000,245000000.0,30,45000000.0,18.367346938775512,3.0,90000000.0,115500000.0,27.0,3753.0,1
32,0,1,0,0,0,0,0,1,0,0,0,0,0,0,0,0,0,0,0,0,1,0,0,0,0,100000000,115000000.0,15,15000000.0,13.043478260869565,1.0,100000000.0,130000000.0,30.0,3668.0,0
34,0,1,1,0,0,0,0,0,0,0,0,0,0,0,0,0,0,0,0,0,1,0,0,0,0,100000000,130000000.0,30,30000000.0,23.07692307692308,1.0,100000000.0,130000000.0,30.0,3668.0,1
39,0,1,0,0,0,0,0,1,0,0,0,0,0,0,0,0,0,0,0,1,0,0,0,0,0,200000000,245000000.0,30,45000000.0,18.367346938775512,2.5,100000000.0,114062500.0,15.0,3608.75,1
44,0,1,0,0,0,1,0,0,0,0,0,0,0,0,0,0,0,0,0,0,1,0,0,0,0,100000000,130000000.0,30,30000000.0,23.07692307692308,1.5,100000000.0,130000000.0,30.0,3607.0,1
44,0,1,0,0,0,0,1,0,0,0,0,0,0,0,0,0,0,0,0,0,1,0,0,0,0,200000000,222500000.0,15,22500000.0,10.112359550561797,2.5,125000000.0,141875000.0,15.0,3620.25,0
35,0,1,0,0,0,0,0,1,0,0,0,0,0,0,0,0,0,0,0,0,1,0,0,0,0,200000000,245000000.0,30,45000000.0,18.367346938775512,2.0,100000000.0,120000000.0,20.0,3608.0,1
40,0,1,0,0,0,0,0,1,0,0,0,0,0,0,0,0,0,0,0,1,0,0,0,0,0,100000000,115000000.0,15,15000000.0,13.043478260869565,1.0,100000000.0,115000000.0,15.0,3616.0,0
35,0,1,0,0,0,0,0,1,0,0,0,0,0,0,0,0,0,0,0,0,1,0,0,0,0,40000,44000.0,30,4000.0,9.090909090909092,5.5,220000000.0,249900000.0,24.0,3608.3,1
35,0,1,0,0,0,0,0,0,0,0,0,1,0,0,0,0,0,0,0,0,0,0,1,0,0,200000000,210000000.0,15,10000000.0,4.761904761904762,8.0,200000000.0,225850000.0,20.0,3608.8,0
37,1,0,0,0,0,0,0,1,0,0,0,0,0,0,0,0,0,0,0,0,0,0,1,0,0,100000000,115000000.0,15,15000000.0,13.043478260869565,1.5,100000000.0,115000000.0,15.0,3609.0,0
30,0,1,0,0,0,0,0,1,0,0,0,0,0,0,0,0,0,0,0,1,0,0,0,0,0,300000000,345000000.0,30,45000000.0,13.043478260869565,4.0,171428571.42857143,199285714.2857143,21.428571428571427,3607.285714285714,1
42,0,1,0,0,0,0,0,1,0,0,0,0,0,0,0,0,0,0,0,0,1,0,0,0,0,100000000,130000000.0,30,30000000.0,23.07692307692308,1.0,100000000.0,130000000.0,30.0,3668.0,1
34,0,1,0,0,0,0,0,0,0,0,0,0,0,0,0,0,0,0,1,0,1,0,0,0,0,300000000,315000000.0,30,15000000.0,4.761904761904762,7.0,250000000.0,293596153.84615386,38.07692307692308,3611.0,1
40,0,1,0,0,0,0,0,1,0,0,0,0,0,0,0,0,0,0,0,1,0,0,0,0,0,200000000,245000000.0,30,45000000.0,18.367346938775512,3.0,100000000.0,118000000.0,21.0,3609.6,1
31,0,1,0,0,0,0,0,1,0,0,0,0,0,0,0,0,0,0,0,1,0,0,0,0,0,100000000,130000000.0,30,30000000.0,23.07692307692308,1.5,100000000.0,130000000.0,30.0,3609.0,1
34,0,1,1,0,0,0,0,0,0,0,0,0,0,0,0,0,0,0,0,1,0,0,0,0,0,200000000,217500000.0,15,17500000.0,8.045977011494253,2.5,125000000.0,146250000.0,18.75,3608.5,0
39,0,1,0,1,0,0,0,0,0,0,0,0,0,0,0,0,0,0,0,0,1,0,0,0,0,100000000,130000000.0,30,30000000.0,23.07692307692308,1.0,100000000.0,115000000.0,15.0,3672.0,1
33,0,1,0,0,0,0,0,1,0,0,0,0,0,0,0,0,0,0,0,0,1,0,0,0,0,10000,13000.0,30,3000.0,23.07692307692308,1.0,100000000.0,130000000.0,30.0,3668.0,1
33,0,1,0,0,0,0,1,0,0,0,0,0,0,0,0,0,0,0,0,0,1,0,0,0,0,100000000,115000000.0,15,15000000.0,13.043478260869565,1.0,100000000.0,115000000.0,15.0,3608.0,0
33,1,0,0,0,0,0,1,0,0,0,0,0,0,0,0,0,0,0,0,1,0,0,0,0,0,100000000,130000000.0,30,30000000.0,23.07692307692308,1.0,100000000.0,130000000.0,30.0,3612.0,1
51,0,1,1,0,0,0,0,0,0,0,0,0,0,0,0,0,0,0,0,0,1,0,0,0,0,100000000,115000000.0,15,15000000.0,13.043478260869565,1.0,100000000.0,115000000.0,15.0,3617.0,0
34,1,0,0,0,0,0,0,1,0,0,0,0,0,0,0,0,0,0,0,0,1,0,0,0,0,400000000,480000000.0,60,80000000.0,16.666666666666664,5.0,205555555.55555555,248541666.66666663,36.66666666666666,3616.444444444444,3
34,0,1,0,0,0,0,0,0,0,0,1,0,0,0,0,0,0,0,0,0,1,0,0,0,0,200000000,222500000.0,15,22500000.0,10.112359550561797,6.0,109090909.0909091,124409090.9090909,15.0,3619.5454545454554,0
43,0,1,0,0,0,0,0,0,0,0,0,0,0,0,1,0,0,0,0,0,1,0,0,0,0,10000,13000.0,30,3000.0,23.07692307692308,1.0,100000000.0,130000000.0,30.0,3674.0,1
41,0,1,0,0,0,0,0,1,0,0,0,0,0,0,0,0,0,0,0,0,1,0,0,0,0,100000000,115000000.0,15,15000000.0,13.043478260869565,1.0,100000000.0,115000000.0,15.0,3670.0,0
36,1,0,0,0,0,0,0,0,0,0,0,0,0,0,0,0,0,0,0,0,1,0,0,0,0,500000000,575000000.0,90,75000000.0,13.043478260869565,4.5,262500000.0,319250000.0,46.875,3616.75,2
34,0,1,0,0,0,0,0,1,0,0,0,0,0,0,0,0,0,0,0,0,1,0,0,0,0,300000000,345000000.0,30,45000000.0,13.043478260869565,3.5,150000000.0,180166666.66666663,25.0,3608.8333333333335,1
36,1,0,0,0,0,0,0,0,0,0,0,0,0,0,0,0,0,0,0,0,0,0,0,1,0,200000000,230000000.0,30,30000000.0,13.043478260869565,3.5,166666666.66666666,206833333.3333333,32.5,3610.8333333333335,1
37,0,1,0,0,0,0,0,0,0,0,0,0,0,0,1,0,0,0,0,0,1,0,0,0,0,100000000,130000000.0,30,30000000.0,23.07692307692308,1.0,100000000.0,130000000.0,30.0,3617.0,1
34,1,0,0,0,0,0,1,0,0,0,0,0,0,0,0,0,0,0,0,0,1,0,0,0,0,30000,34500.0,30,4500.0,13.043478260869565,5.0,177777777.7777778,208333333.3333333,25.0,3609.222222222222,1
37,1,0,0,0,0,0,0,0,0,0,1,0,0,0,0,0,0,0,0,0,1,0,0,0,0,30000,34500.0,30,4500.0,13.043478260869565,4.5,200000000.0,232687500.0,24.375,3616.875,1
34,1,0,1,0,0,0,0,0,0,0,0,0,0,0,0,0,0,0,0,0,1,0,0,0,0,100000000,130000000.0,30,30000000.0,23.07692307692308,1.0,100000000.0,130000000.0,30.0,3668.0,1
37,1,0,0,0,0,0,1,0,0,0,0,0,0,0,0,0,0,0,0,0,1,0,0,0,0,10000,13000.0,30,3000.0,23.07692307692308,3.5,91666666.66666669,107916666.66666669,17.5,3608.6666666666665,1
47,1,0,0,0,0,0,0,0,0,0,0,0,0,0,0,0,0,0,0,0,0,0,1,0,0,200000000,245000000.0,30,45000000.0,18.367346938775512,6.5,150000000.0,181333333.3333333,25.0,3613.4166666666665,1
47,0,1,0,0,0,0,0,0,0,0,0,0,0,0,0,0,0,0,0,1,0,0,0,0,0,400000000,440000000.0,30,40000000.0,9.090909090909092,6.5,237500000.0,267229166.66666663,22.5,3611.9166666666665,1
34,0,1,1,0,0,0,0,0,0,0,0,0,0,0,0,0,0,0,0,0,1,0,0,0,0,200000000,245000000.0,30,45000000.0,18.367346938775512,3.5,133333333.33333331,154583333.33333334,17.5,3617.8333333333335,1
39,0,1,0,0,1,0,0,0,0,0,0,0,0,0,0,0,0,0,0,0,1,0,0,0,0,100000000,130000000.0,30,30000000.0,23.07692307692308,1.5,100000000.0,130000000.0,30.0,3637.0,1
43,1,0,0,0,0,0,0,1,0,0,0,0,0,0,0,0,0,0,0,0,1,0,0,0,0,500000000,575000000.0,90,75000000.0,13.043478260869565,6.5,220833333.3333333,270250000.0,42.5,3612.9166666666665,2
39,0,1,0,0,0,0,0,1,0,0,0,0,0,0,0,0,0,0,0,0,1,0,0,0,0,300000000,345000000.0,30,45000000.0,13.043478260869565,5.0,183333333.3333333,209888888.8888889,21.666666666666668,3622.3333333333335,1
38,0,1,0,0,0,0,0,0,0,0,0,0,0,0,0,0,0,0,0,0,1,0,0,0,0,100000000,130000000.0,30,30000000.0,23.07692307692308,1.0,100000000.0,130000000.0,30.0,3607.0,1
34,0,1,0,0,0,0,0,0,0,0,0,0,0,0,0,0,0,0,1,0,1,0,0,0,0,300000000,330000000.0,30,30000000.0,9.090909090909092,7.0,216153846.1538461,259096153.84615383,38.07692307692308,3609.692307692308,1
44,0,1,0,0,0,0,0,1,0,0,0,0,0,0,0,0,0,0,0,0,1,0,0,0,0,200000000,245000000.0,30,45000000.0,18.367346938775512,2.0,100000000.0,115000000.0,15.0,3607.0,1
34,0,1,0,0,0,0,0,1,0,0,0,0,0,0,0,0,0,0,0,1,0,0,0,0,0,10000,13000.0,30,3000.0,23.07692307692308,1.5,100000000.0,130000000.0,30.0,3618.0,1
39,0,1,0,0,0,0,0,0,0,0,0,0,0,0,0,0,0,0,0,0,1,0,0,0,0,200000000,222500000.0,15,22500000.0,10.112359550561797,2.5,125000000.0,152875000.0,26.25,3624.0,0
32,0,1,1,0,0,0,0,0,0,0,0,0,0,0,0,0,0,0,0,0,1,0,0,0,0,100000000,130000000.0,30,30000000.0,23.07692307692308,2.5,100000000.0,130000000.0,30.0,3607.5,1
35,0,1,0,0,0,0,0,0,0,0,0,0,0,0,0,0,0,0,0,0,1,0,0,0,0,10000,13000.0,30,3000.0,23.07692307692308,1.0,100000000.0,130000000.0,30.0,3607.0,1
34,1,0,0,0,0,0,0,1,0,0,0,0,0,0,0,0,0,0,0,0,0,0,1,0,0,200000000,245000000.0,30,45000000.0,18.367346938775512,6.5,116666666.66666669,144833333.33333334,27.5,3616.5833333333335,1
29,0,1,0,1,0,0,0,0,0,0,0,0,0,0,0,0,0,0,0,0,0,0,0,1,0,15000,17250.0,30,2250.0,13.043478260869565,4.0,114285714.28571428,134000000.0,19.285714285714285,3615.857142857143,1
47,0,1,0,0,0,0,0,1,0,0,0,0,0,0,0,0,0,0,0,0,1,0,0,0,0,100000000,130000000.0,30,30000000.0,23.07692307692308,1.5,100000000.0,130000000.0,30.0,3639.5,1
30,0,1,0,0,0,0,0,1,0,0,0,0,0,0,0,0,0,0,0,1,0,0,0,0,0,200000000,222500000.0,15,22500000.0,10.112359550561797,1.5,100000000.0,115000000.0,15.0,3636.5,0
39,0,1,0,0,0,0,0,1,0,0,0,0,0,0,0,0,0,0,0,0,1,0,0,0,0,100000000,115000000.0,15,15000000.0,13.043478260869565,1.0,100000000.0,115000000.0,15.0,3668.0,0
40,0,1,0,0,0,0,0,1,0,0,0,0,0,0,0,0,0,0,0,0,1,0,0,0,0,10000,13000.0,30,3000.0,23.07692307692308,1.0,100000000.0,130000000.0,30.0,3668.0,1
44,0,1,0,0,0,0,0,0,0,0,0,0,0,0,0,0,0,0,1,0,1,0,0,0,0,10000,11500.0,15,1500.0,13.043478260869565,1.0,100000000.0,115000000.0,15.0,3668.0,0
44,1,0,0,0,0,0,0,1,0,0,0,0,0,0,0,0,0,0,0,0,1,0,0,0,0,20000,24500.0,30,4500.0,18.367346938775512,3.5,116666666.66666669,146666666.66666666,27.5,3620.0,1
37,0,1,0,0,0,0,0,1,0,0,0,0,0,0,0,0,0,0,0,0,1,0,0,0,0,100000000,115000000.0,15,15000000.0,13.043478260869565,2.5,100000000.0,115000000.0,15.0,3610.5,0
28,0,1,0,0,0,0,0,0,0,0,0,1,0,0,0,0,0,0,0,0,0,0,0,1,0,100000000,115000000.0,15,15000000.0,13.043478260869565,1.0,100000000.0,115000000.0,15.0,3670.0,0
35,1,0,0,0,0,0,0,1,0,0,0,0,0,0,0,0,0,0,0,0,1,0,0,0,0,200000000,245000000.0,30,45000000.0,18.367346938775512,2.5,125000000.0,155000000.0,26.25,3623.0,1
35,0,1,0,0,0,0,0,0,0,0,0,0,0,0,1,0,0,0,0,0,1,0,0,0,0,100000000,115000000.0,15,15000000.0,13.043478260869565,1.0,100000000.0,130000000.0,30.0,3667.0,0
27,1,0,1,0,0,0,0,0,0,0,0,0,0,0,0,0,0,0,0,0,1,0,0,0,0,400000000,440000000.0,30,40000000.0,9.090909090909092,4.5,200000000.0,230843750.0,24.375,3616.375,1
36,0,1,0,0,0,0,0,0,0,0,0,0,0,0,1,0,0,0,0,0,1,0,0,0,0,100000000,125000000.0,30,25000000.0,20.0,1.0,100000000.0,130000000.0,30.0,3670.0,1
37,0,1,0,0,0,0,0,0,0,0,0,0,0,0,0,0,0,0,1,0,1,0,0,0,0,100000000,115000000.0,15,15000000.0,13.043478260869565,1.0,100000000.0,115000000.0,15.0,3606.0,0
37,1,0,1,0,0,0,0,0,0,0,0,0,0,0,0,0,0,0,0,0,1,0,0,0,0,100000000,115000000.0,15,15000000.0,13.043478260869565,1.0,100000000.0,115000000.0,15.0,3670.0,0
37,0,1,0,0,1,0,0,0,0,0,0,0,0,0,0,0,0,0,0,0,1,0,0,0,0,300000000,345000000.0,30,45000000.0,13.043478260869565,5.0,200000000.0,234222222.2222222,26.666666666666668,3620.8888888888887,1
42,1,0,0,0,0,0,0,1,0,0,0,0,0,0,0,0,0,0,0,0,0,0,1,0,0,300000000,345000000.0,30,45000000.0,13.043478260869565,6.0,190909090.9090909,222363636.3636364,24.545454545454547,3609.5454545454554,1
44,0,1,0,0,0,0,1,0,0,0,0,0,0,0,0,0,0,0,0,1,0,0,0,0,0,10000,11500.0,15,1500.0,13.043478260869565,1.5,100000000.0,115000000.0,15.0,3668.0,0
32,0,1,0,0,0,0,0,1,0,0,0,0,0,0,0,0,0,0,0,0,1,0,0,0,0,10000,13000.0,30,3000.0,23.07692307692308,1.0,100000000.0,130000000.0,30.0,3607.0,1
31,0,1,0,0,0,0,0,0,0,0,0,0,0,0,0,0,0,0,1,0,1,0,0,0,0,100000000,130000000.0,30,30000000.0,23.07692307692308,1.0,100000000.0,130000000.0,30.0,3612.0,1
42,0,1,0,0,0,0,0,0,0,0,0,1,0,0,0,0,0,0,0,0,1,0,0,0,0,400000000,480000000.0,60,80000000.0,16.666666666666664,4.5,275000000.0,334125000.0,48.75,3610.0,3
46,0,1,0,0,0,0,0,1,0,0,0,0,0,0,0,0,0,0,0,0,1,0,0,0,0,10000,13000.0,30,3000.0,23.07692307692308,2.5,125000000.0,153125000.0,26.25,3608.5,1
39,0,1,0,0,0,0,1,0,0,0,0,0,0,0,0,0,0,0,0,0,1,0,0,0,0,100000000,130000000.0,30,30000000.0,23.07692307692308,2.0,100000000.0,125000000.0,25.0,3609.6666666666665,1
41,1,0,0,0,0,0,0,0,0,0,0,0,0,0,0,0,0,0,0,0,1,0,0,0,0,500000000,525000000.0,30,25000000.0,4.761904761904762,7.5,300000000.0,337428571.4285714,25.714285714285715,3938.571428571429,1
30,0,1,0,0,1,0,0,0,0,0,0,0,0,0,0,0,0,0,0,0,1,0,0,0,0,100000000,130000000.0,30,30000000.0,23.07692307692308,1.5,100000000.0,130000000.0,30.0,3607.0,1
46,0,1,0,0,0,0,0,1,0,0,0,0,0,0,0,0,0,0,0,0,0,0,1,0,0,400000000,440000000.0,30,40000000.0,9.090909090909092,6.0,272727272.72727275,324090909.09090906,40.90909090909091,3778.181818181818,1
35,0,1,0,0,0,0,0,1,0,0,0,0,0,0,0,0,0,0,0,0,0,0,1,0,0,400000000,440000000.0,30,40000000.0,9.090909090909092,5.5,240000000.0,271900000.0,24.0,3608.7,1
41,1,0,0,0,0,0,0,1,0,0,0,0,0,0,0,0,0,0,0,0,1,0,0,0,0,10000,13000.0,30,3000.0,23.07692307692308,1.0,100000000.0,130000000.0,30.0,3667.0,1
44,0,1,0,0,0,0,0,0,0,0,0,0,0,0,1,0,0,0,0,0,1,0,0,0,0,20000,24500.0,30,4500.0,18.367346938775512,2.0,100000000.0,130000000.0,30.0,3607.6666666666665,1
37,0,1,1,0,0,0,0,0,0,0,0,0,0,0,0,0,0,0,0,0,1,0,0,0,0,100000000,115000000.0,15,15000000.0,13.043478260869565,1.5,100000000.0,122500000.0,22.5,3609.5,0
38,0,1,0,0,0,0,0,0,0,0,0,1,0,0,0,0,0,0,0,1,0,0,0,0,0,100000000,130000000.0,30,30000000.0,23.07692307692308,1.0,100000000.0,130000000.0,30.0,3671.0,1
29,0,1,0,0,0,0,0,0,0,0,0,0,0,0,1,0,0,0,0,0,1,0,0,0,0,100000000,115000000.0,15,15000000.0,13.043478260869565,1.0,100000000.0,130000000.0,30.0,3668.0,0
43,0,1,0,0,0,0,0,1,0,0,0,0,0,0,0,0,0,0,0,0,1,0,0,0,0,200000000,245000000.0,30,45000000.0,18.367346938775512,2.5,125000000.0,151250000.0,22.5,5096.75,4
33,0,1,0,0,0,0,0,0,0,0,0,0,0,0,0,0,0,0,0,0,1,0,0,0,0,30000,34500.0,30,4500.0,13.043478260869565,3.5,150000000.0,186333333.3333333,30.0,3612.8333333333335,1
33,0,1,1,0,0,0,0,0,0,0,0,0,0,0,0,0,0,0,0,0,1,0,0,0,0,100000000,115000000.0,15,15000000.0,13.043478260869565,1.5,100000000.0,115000000.0,15.0,3609.5,0
37,0,1,0,0,0,0,0,0,0,0,0,0,0,0,1,0,0,0,0,0,1,0,0,0,0,200000000,245000000.0,30,45000000.0,18.367346938775512,2.5,100000000.0,116875000.0,18.75,3608.5,1
45,0,1,0,0,0,0,1,0,0,0,0,0,0,0,0,0,0,0,0,0,1,0,0,0,0,100000000,130000000.0,30,30000000.0,23.07692307692308,1.0,100000000.0,115000000.0,15.0,3612.0,1
29,0,1,0,0,0,0,0,0,0,0,0,0,0,0,1,0,0,0,0,0,1,0,0,0,0,100000000,130000000.0,30,30000000.0,23.07692307692308,2.0,100000000.0,130000000.0,30.0,3610.6666666666665,1
37,0,1,0,0,0,0,0,1,0,0,0,0,0,0,0,0,0,0,0,1,0,0,0,0,0,100000000,115000000.0,15,15000000.0,13.043478260869565,1.0,100000000.0,115000000.0,15.0,3668.0,0
43,0,1,0,0,0,0,0,1,0,0,0,0,0,0,0,0,0,0,0,0,0,0,1,0,0,100000000,130000000.0,30,30000000.0,23.07692307692308,2.0,100000000.0,120000000.0,20.0,3628.6666666666665,1
41,1,0,0,0,0,0,0,1,0,0,0,0,0,0,0,0,0,0,0,0,1,0,0,0,0,300000000,390000000.0,60,90000000.0,23.07692307692308,4.5,187500000.0,227875000.0,31.875,3609.875,3
29,0,1,0,0,0,0,0,1,0,0,0,0,0,0,0,0,0,0,0,0,1,0,0,0,0,100000000,130000000.0,30,30000000.0,23.07692307692308,1.0,100000000.0,130000000.0,30.0,5556.0,4
40,0,1,0,0,1,0,0,0,0,0,0,0,0,0,0,0,0,0,0,0,1,0,0,0,0,10000,13000.0,30,3000.0,23.07692307692308,1.5,100000000.0,130000000.0,30.0,3638.0,1
36,0,1,0,0,0,0,0,0,0,0,0,0,0,0,0,0,0,0,0,0,1,0,0,0,0,300000000,390000000.0,60,90000000.0,23.07692307692308,3.5,183333333.3333333,217666666.66666663,30.0,3618.5,3
36,1,0,0,0,0,0,0,1,0,0,0,0,0,0,0,0,0,0,0,0,0,0,1,0,0,300000000,390000000.0,60,90000000.0,23.07692307692308,6.0,154545454.54545453,191545454.54545453,31.363636363636363,3609.727272727273,3
34,0,1,0,0,0,0,0,1,0,0,0,0,0,0,0,0,0,0,0,0,1,0,0,0,0,100000000,115000000.0,15,15000000.0,13.043478260869565,1.0,100000000.0,115000000.0,15.0,3669.0,0
32,0,1,0,0,0,0,0,1,0,0,0,0,0,0,0,0,0,0,0,0,1,0,0,0,0,20000,22250.0,15,2250.0,10.112359550561797,2.0,100000000.0,115000000.0,15.0,3609.3333333333335,0
34,0,1,0,0,0,0,0,0,0,0,0,0,0,0,0,0,0,0,0,0,1,0,0,0,0,10000,13000.0,30,3000.0,23.07692307692308,1.0,100000000.0,130000000.0,30.0,3670.0,1
46,0,1,0,0,0,0,0,1,0,0,0,0,0,0,0,0,0,0,0,0,1,0,0,0,0,100000000,130000000.0,30,30000000.0,23.07692307692308,1.0,100000000.0,130000000.0,30.0,3614.0,1
36,0,1,0,0,0,0,0,1,0,0,0,0,0,0,0,0,0,0,0,0,1,0,0,0,0,200000000,230000000.0,30,30000000.0,13.043478260869565,2.5,150000000.0,187500000.0,30.0,3607.25,1
39,0,1,0,0,0,0,0,0,0,0,0,0,0,0,1,0,0,0,0,0,1,0,0,0,0,100000000,130000000.0,30,30000000.0,23.07692307692308,1.5,100000000.0,130000000.0,30.0,3610.5,1
33,0,1,0,0,0,0,0,0,0,0,0,0,0,0,0,0,0,0,1,0,1,0,0,0,0,100000000,130000000.0,30,30000000.0,23.07692307692308,2.0,100000000.0,128333333.33333331,30.0,3608.6666666666665,1
33,0,1,0,0,0,0,0,1,0,0,0,0,0,0,0,0,0,0,0,1,0,0,0,0,0,300000000,390000000.0,60,90000000.0,23.07692307692308,3.0,140000000.0,162500000.0,18.0,3607.6,3
39,0,1,0,0,0,0,0,1,0,0,0,0,0,0,0,0,0,0,0,1,0,0,0,0,0,100000000,115000000.0,15,15000000.0,13.043478260869565,1.5,100000000.0,115000000.0,15.0,3610.0,0
47,0,1,0,0,0,0,0,1,0,0,0,0,0,0,0,0,0,0,0,0,0,0,1,0,0,100000000,130000000.0,30,30000000.0,23.07692307692308,1.0,100000000.0,130000000.0,30.0,3668.0,1
45,1,0,0,0,0,0,0,0,0,0,0,0,0,0,0,0,0,0,1,0,1,0,0,0,0,300000000,390000000.0,60,90000000.0,23.07692307692308,5.0,138888888.8888889,171083333.33333334,30.0,3616.1111111111113,3
36,0,1,0,0,0,0,0,1,0,0,0,0,0,0,0,0,0,0,0,0,1,0,0,0,0,20000,24500.0,30,4500.0,18.367346938775512,2.0,100000000.0,120000000.0,20.0,3616.0,1
32,0,1,0,0,0,0,0,1,0,0,0,0,0,0,0,0,0,0,0,0,1,0,0,0,0,200000000,245000000.0,30,45000000.0,18.367346938775512,2.0,100000000.0,130000000.0,30.0,3609.3333333333335,1
30,0,1,0,0,0,0,0,0,0,0,1,0,0,0,0,0,0,0,0,0,1,0,0,0,0,100000000,130000000.0,30,30000000.0,23.07692307692308,1.5,100000000.0,130000000.0,30.0,3694.5,1
43,0,1,0,0,0,0,0,0,0,0,0,0,0,0,0,0,0,0,1,0,1,0,0,0,0,100000000,130000000.0,30,30000000.0,23.07692307692308,1.5,100000000.0,130000000.0,30.0,3610.5,1
31,1,0,0,0,0,0,0,1,0,0,0,0,0,0,0,0,0,0,0,0,1,0,0,0,0,100000000,130000000.0,30,30000000.0,23.07692307692308,3.0,100000000.0,127000000.0,27.0,3613.0,1
51,0,1,0,0,0,0,0,0,0,0,0,0,0,0,0,0,0,0,1,0,1,0,0,0,0,200000000,245000000.0,30,45000000.0,18.367346938775512,4.0,150000000.0,185928571.42857143,30.0,3607.857142857143,1
38,0,1,0,0,0,0,0,1,0,0,0,0,0,0,0,0,0,0,0,1,0,0,0,0,0,10000,13000.0,30,3000.0,23.07692307692308,1.0,100000000.0,130000000.0,30.0,3668.0,1
33,0,1,0,0,0,0,0,1,0,0,0,0,0,0,0,0,0,0,0,0,1,0,0,0,0,300000000,390000000.0,60,90000000.0,23.07692307692308,4.0,157142857.14285713,188142857.14285716,25.714285714285715,3628.0,3
36,0,1,0,0,0,0,0,1,0,0,0,0,0,0,0,0,0,0,0,0,1,0,0,0,0,30000,34500.0,30,4500.0,13.043478260869565,4.0,171428571.42857143,201142857.14285716,25.714285714285715,3615.142857142857,1
33,0,1,0,0,0,0,0,0,0,0,0,0,0,0,1,0,0,0,0,0,1,0,0,0,0,300000000,345000000.0,30,45000000.0,13.043478260869565,3.5,150000000.0,187500000.0,30.0,3626.6666666666665,1
31,1,0,0,0,0,0,1,0,0,0,0,0,0,0,0,0,0,0,0,0,1,0,0,0,0,100000000,107500000.0,15,7500000.0,6.976744186046512,4.0,171428571.42857143,195928571.42857143,19.285714285714285,3616.428571428572,0
31,0,1,0,0,0,0,1,0,0,0,0,0,0,0,0,0,0,0,0,0,1,0,0,0,0,10000,13000.0,30,3000.0,23.07692307692308,1.5,100000000.0,115000000.0,15.0,3613.5,1
34,0,1,0,0,0,0,0,0,0,0,0,0,0,0,0,0,0,0,0,0,1,0,0,0,0,100000000,130000000.0,30,30000000.0,23.07692307692308,2.0,100000000.0,130000000.0,30.0,3607.0,1
34,0,1,0,0,0,0,0,0,0,0,0,0,0,0,0,0,0,0,1,0,1,0,0,0,0,10000,13000.0,30,3000.0,23.07692307692308,1.5,100000000.0,122500000.0,22.5,3610.0,1
36,0,1,0,0,0,0,0,0,0,0,0,1,0,0,0,0,0,0,0,0,1,0,0,0,0,100000000,130000000.0,30,30000000.0,23.07692307692308,1.0,100000000.0,130000000.0,30.0,3668.0,1
55,1,0,0,0,0,0,0,0,0,0,0,0,0,0,0,0,0,0,0,0,1,0,0,0,0,400000000,480000000.0,60,80000000.0,16.666666666666664,5.0,244444444.44444445,285444444.4444444,30.0,3614.444444444444,3
44,0,1,0,0,0,0,0,0,0,0,0,0,0,0,0,0,0,0,1,0,1,0,0,0,0,100000000,115000000.0,15,15000000.0,13.043478260869565,1.0,100000000.0,115000000.0,15.0,3668.0,0
30,0,1,0,0,0,0,1,0,0,0,0,0,0,0,0,0,0,0,0,0,1,0,0,0,0,10000,13000.0,30,3000.0,23.07692307692308,1.0,100000000.0,130000000.0,30.0,3668.0,1
40,0,1,0,0,0,0,1,0,0,0,0,0,0,0,0,0,0,0,0,0,1,0,0,0,0,100000000,115000000.0,15,15000000.0,13.043478260869565,1.0,100000000.0,115000000.0,15.0,3669.0,0
36,0,1,1,0,0,0,0,0,0,0,0,0,0,0,0,0,0,0,0,0,1,0,0,0,0,200000000,245000000.0,30,45000000.0,18.367346938775512,2.0,100000000.0,125000000.0,25.0,3607.6666666666665,1
33,0,1,0,0,0,0,0,1,0,0,0,0,0,0,0,0,0,0,0,0,1,0,0,0,0,100000000,130000000.0,30,30000000.0,23.07692307692308,1.5,100000000.0,130000000.0,30.0,3609.0,1
41,0,1,0,0,0,0,0,0,0,0,0,0,0,0,1,0,0,0,0,0,1,0,0,0,0,100000000,130000000.0,30,30000000.0,23.07692307692308,1.0,100000000.0,130000000.0,30.0,3668.0,1
34,0,1,0,0,0,0,0,0,0,0,0,0,0,0,0,0,0,0,1,0,1,0,0,0,0,200000000,245000000.0,30,45000000.0,18.367346938775512,2.0,133333333.33333331,163333333.33333334,25.0,3617.3333333333335,1
33,1,0,0,0,0,0,0,1,0,0,0,0,0,0,0,0,0,0,0,0,1,0,0,0,0,100000000,115000000.0,15,15000000.0,13.043478260869565,1.0,100000000.0,115000000.0,15.0,3668.0,0
39,0,1,0,0,0,0,0,1,0,0,0,0,0,0,0,0,0,0,0,1,0,0,0,0,0,100000000,130000000.0,30,30000000.0,23.07692307692308,1.0,100000000.0,115000000.0,15.0,3668.0,1
45,0,1,0,0,0,0,0,1,0,0,0,0,0,0,0,0,0,0,0,0,1,0,0,0,0,100000000,130000000.0,30,30000000.0,23.07692307692308,1.5,100000000.0,130000000.0,30.0,3610.5,1
31,0,1,0,0,0,0,0,1,0,0,0,0,0,0,0,0,0,0,0,0,1,0,0,0,0,200000000,222500000.0,15,22500000.0,10.112359550561797,6.5,133333333.33333331,150520833.33333334,16.25,3608.4166666666665,0
35,1,0,0,0,0,0,0,1,0,0,0,0,0,0,0,0,0,0,0,0,0,0,1,0,0,500000000,575000000.0,90,75000000.0,13.043478260869565,6.0,272727272.72727275,328090909.09090906,49.09090909090909,3609.818181818182,2
38,0,1,0,0,0,0,0,0,0,0,0,0,0,0,0,0,0,0,0,0,0,0,0,1,0,10000,11500.0,15,1500.0,13.043478260869565,1.0,100000000.0,115000000.0,15.0,3668.0,0
43,1,0,0,0,0,0,0,1,0,0,0,0,0,0,0,0,0,0,0,0,1,0,0,0,0,40000,44000.0,30,4000.0,9.090909090909092,6.0,172727272.72727272,204636363.63636363,27.272727272727277,3618.909090909091,1
27,0,1,0,0,0,0,0,1,0,0,0,0,0,0,0,0,0,0,0,0,1,0,0,0,0,100000000,130000000.0,30,30000000.0,23.07692307692308,3.5,100000000.0,130000000.0,30.0,3608.6666666666665,1
35,0,1,0,0,0,0,0,1,0,0,0,0,0,0,0,0,0,0,0,1,0,0,0,0,0,100000000,115000000.0,15,15000000.0,13.043478260869565,1.5,100000000.0,115000000.0,15.0,3612.5,0
31,1,0,0,0,0,0,0,1,0,0,0,0,0,0,0,0,0,0,0,0,1,0,0,0,0,30000,39000.0,60,9000.0,23.07692307692308,5.0,155555555.55555555,193222222.2222222,31.666666666666668,3611.444444444444,3
37,0,1,0,0,0,0,0,1,0,0,0,0,0,0,0,0,0,0,0,0,1,0,0,0,0,10000,10750.0,15,750.0,6.976744186046512,5.0,122222222.22222222,136180555.55555555,15.0,3614.8888888888887,0
34,0,1,0,0,0,0,0,1,0,0,0,0,0,0,0,0,0,0,0,1,0,0,0,0,0,10000,13000.0,30,3000.0,23.07692307692308,1.5,100000000.0,130000000.0,30.0,3640.0,1
40,0,1,0,0,0,0,0,1,0,0,0,0,0,0,0,0,0,0,0,0,1,0,0,0,0,100000000,130000000.0,30,30000000.0,23.07692307692308,3.0,120000000.0,145600000.0,24.0,3611.4,1
35,0,1,0,0,0,0,1,0,0,0,0,0,0,0,0,0,0,0,0,0,1,0,0,0,0,300000000,345000000.0,30,45000000.0,13.043478260869565,4.0,157142857.14285713,177000000.0,17.142857142857142,3609.571428571429,1
33,0,1,0,0,0,0,0,0,0,0,0,0,0,0,1,0,0,0,0,1,0,0,0,0,0,100000000,130000000.0,30,30000000.0,23.07692307692308,1.0,100000000.0,130000000.0,30.0,3611.0,1
48,0,1,0,0,0,0,0,0,0,0,0,0,0,0,0,0,0,0,1,0,1,0,0,0,0,20000,22250.0,15,2250.0,10.112359550561797,3.0,100000000.0,113500000.0,15.0,3608.0,0
39,0,1,0,0,0,0,0,1,0,0,0,0,0,0,0,0,0,0,0,0,1,0,0,0,0,100000000,115000000.0,15,15000000.0,13.043478260869565,2.0,100000000.0,120000000.0,20.0,3607.6666666666665,0
40,0,1,0,1,0,0,0,0,0,0,0,0,0,0,0,0,0,0,0,0,1,0,0,0,0,300000000,345000000.0,30,45000000.0,13.043478260869565,3.0,190000000.0,223700000.0,27.0,5303.6,4
49,0,0,0,0,0,0,0,1,0,0,0,0,0,0,0,0,0,0,0,0,1,0,0,0,0,200000000,245000000.0,30,45000000.0,18.367346938775512,4.5,162500000.0,196375000.0,28.125,3608.375,1
35,0,1,0,0,0,0,0,1,0,0,0,0,0,0,0,0,0,0,0,0,1,0,0,0,0,20000,24500.0,30,4500.0,18.367346938775512,1.5,100000000.0,115000000.0,15.0,3637.0,1
44,0,1,0,0,1,0,0,0,0,0,0,0,0,0,0,0,0,0,0,1,0,0,0,0,0,100000000,130000000.0,30,30000000.0,23.07692307692308,1.0,100000000.0,115000000.0,15.0,3667.0,1
33,0,1,0,0,0,0,0,1,0,0,0,0,0,0,0,0,0,0,0,0,1,0,0,0,0,100000000,130000000.0,30,30000000.0,23.07692307692308,1.0,100000000.0,130000000.0,30.0,3668.0,1
37,0,1,0,0,0,0,0,0,0,0,1,0,0,0,0,0,0,0,0,0,1,0,0,0,0,10000,13000.0,30,3000.0,23.07692307692308,2.5,100000000.0,130000000.0,30.0,3625.0,1
39,0,1,0,1,0,0,0,0,0,0,0,0,0,0,0,0,0,0,0,0,1,0,0,0,0,10000,13000.0,30,3000.0,23.07692307692308,1.0,100000000.0,115000000.0,15.0,3670.0,1
29,0,1,0,0,0,0,0,1,0,0,0,0,0,0,0,0,0,0,0,1,0,0,0,0,0,100000000,115000000.0,15,15000000.0,13.043478260869565,1.5,100000000.0,115000000.0,15.0,3611.0,0
38,0,1,0,0,0,0,0,1,0,0,0,0,0,0,0,0,0,0,0,0,1,0,0,0,0,100000000,130000000.0,30,30000000.0,23.07692307692308,1.0,100000000.0,130000000.0,30.0,3667.0,1
36,0,1,0,0,0,0,0,1,0,0,0,0,0,0,0,0,0,0,0,0,1,0,0,0,0,200000000,245000000.0,30,45000000.0,18.367346938775512,2.0,100000000.0,125000000.0,25.0,3611.3333333333335,1
38,1,0,0,0,0,0,0,1,0,0,0,0,0,0,0,0,0,0,0,0,0,0,1,0,0,100000000,122500000.0,30,22500000.0,18.367346938775512,2.5,100000000.0,118750000.0,22.5,3608.25,1
44,0,1,0,0,0,0,0,1,0,0,0,0,0,0,0,0,0,0,0,0,1,0,0,0,0,100000000,130000000.0,30,30000000.0,23.07692307692308,1.5,100000000.0,130000000.0,30.0,3637.5,1
49,0,1,0,0,0,0,1,0,0,0,0,0,0,0,0,0,0,0,0,0,1,0,0,0,0,300000000,345000000.0,30,45000000.0,13.043478260869565,4.5,187500000.0,225250000.0,31.875,3607.875,1
49,0,1,0,0,0,0,0,0,0,0,0,1,0,0,0,0,0,0,0,0,1,0,0,0,0,20000,24500.0,30,4500.0,18.367346938775512,2.5,125000000.0,147500000.0,18.75,3637.25,1
39,0,0,0,0,0,0,0,0,0,0,0,0,0,0,0,0,0,0,0,0,1,0,0,0,0,100000000,130000000.0,30,30000000.0,23.07692307692308,1.0,100000000.0,130000000.0,30.0,3608.0,1
39,0,1,0,0,0,0,0,1,0,0,0,0,0,0,0,0,0,0,0,0,1,0,0,0,0,300000000,345000000.0,30,45000000.0,13.043478260869565,5.0,172222222.2222222,204986111.1111111,26.666666666666668,3609.3333333333335,1
39,0,1,0,0,0,0,1,0,0,0,0,0,0,0,0,0,0,0,0,0,1,0,0,0,0,10000,13000.0,30,3000.0,23.07692307692308,1.0,100000000.0,130000000.0,30.0,3607.0,1
30,0,1,0,0,0,0,0,1,0,0,0,0,0,0,0,0,0,0,0,0,1,0,0,0,0,100000000,130000000.0,30,30000000.0,23.07692307692308,1.5,100000000.0,122500000.0,22.5,3615.5,1
40,1,0,0,0,0,0,0,0,0,0,0,0,0,0,0,0,0,0,1,0,1,0,0,0,0,300000000,345000000.0,30,45000000.0,13.043478260869565,4.0,142857142.85714287,178285714.2857143,30.0,4620.714285714285,4
30,0,1,0,0,0,0,0,0,0,0,0,0,0,0,0,0,0,0,1,0,1,0,0,0,0,100000000,122500000.0,30,22500000.0,18.367346938775512,2.0,100000000.0,130000000.0,30.0,3609.3333333333335,1
56,0,1,0,0,0,0,0,0,0,0,0,1,0,0,0,0,0,0,0,0,1,0,0,0,0,100000000,130000000.0,30,30000000.0,23.07692307692308,2.0,100000000.0,125000000.0,25.0,3609.0,1
35,0,1,0,0,0,0,0,0,0,0,0,0,0,0,1,0,0,0,0,0,1,0,0,0,0,100000000,111250000.0,15,11250000.0,10.112359550561797,1.5,100000000.0,115000000.0,15.0,3640.5,0
47,0,1,0,0,0,0,1,0,0,0,0,0,0,0,0,0,0,0,0,1,0,0,0,0,0,200000000,245000000.0,30,45000000.0,18.367346938775512,2.5,125000000.0,151250000.0,22.5,3608.75,1
33,0,1,0,0,0,0,0,1,0,0,0,0,0,0,0,0,0,0,0,0,1,0,0,0,0,100000000,130000000.0,30,30000000.0,23.07692307692308,2.0,100000000.0,115000000.0,15.0,3609.3333333333335,1
33,1,0,1,0,0,0,0,0,0,0,0,0,0,0,0,0,0,0,0,0,1,0,0,0,0,100000000,130000000.0,30,30000000.0,23.07692307692308,5.0,100000000.0,130000000.0,30.0,3629.8888888888887,1
37,0,1,0,0,0,0,0,0,0,0,0,0,0,0,1,0,0,0,0,0,0,0,1,0,0,400000000,480000000.0,60,80000000.0,16.666666666666664,5.5,240000000.0,277800000.0,30.0,3610.0,3
37,1,0,0,0,0,0,0,1,0,0,0,0,0,0,0,0,0,0,0,0,0,0,1,0,0,400000000,480000000.0,60,80000000.0,16.666666666666664,3.5,216666666.66666663,270666666.6666667,45.0,3608.6666666666665,3
42,0,1,0,0,0,0,1,0,0,0,0,0,0,0,0,0,0,0,0,0,1,0,0,0,0,200000000,245000000.0,30,45000000.0,18.367346938775512,3.0,140000000.0,165500000.0,21.0,3619.4,1
36,0,1,0,0,0,0,1,0,0,0,0,0,0,0,0,0,0,0,0,0,1,0,0,0,0,100000000,130000000.0,30,30000000.0,23.07692307692308,1.0,100000000.0,115000000.0,15.0,3669.0,1
45,1,0,0,0,0,0,0,0,0,0,0,0,0,0,0,0,0,0,1,0,0,0,1,0,0,300000000,345000000.0,30,45000000.0,13.043478260869565,5.0,194444444.44444445,229833333.3333333,28.33333333333333,3617.444444444444,1
28,0,1,1,0,0,0,0,0,0,0,0,0,0,0,0,0,0,0,0,0,1,0,0,0,0,40000,48000.0,60,8000.0,16.666666666666664,4.5,181250000.0,220750000.0,37.5,3618.875,3
30,1,0,0,0,0,0,0,1,0,0,0,0,0,0,0,0,0,0,0,0,1,0,0,0,0,400000000,480000000.0,60,80000000.0,16.666666666666664,7.0,171538461.53846154,209711538.4615385,32.30769230769231,7243.846153846154,5
34,1,0,0,0,0,0,0,0,0,0,0,0,0,0,1,0,0,0,0,0,1,0,0,0,0,10000,13000.0,30,3000.0,23.07692307692308,1.0,100000000.0,130000000.0,30.0,3615.0,1
38,0,1,1,0,0,0,0,0,0,0,0,0,0,0,0,0,0,0,0,0,1,0,0,0,0,150000000,166875000.0,15,16875000.0,10.112359550561797,2.0,100000000.0,115000000.0,15.0,3609.6666666666665,0
33,0,1,0,0,0,0,0,1,0,0,0,0,0,0,0,0,0,0,0,0,1,0,0,0,0,100000000,130000000.0,30,30000000.0,23.07692307692308,1.5,100000000.0,130000000.0,30.0,3638.0,1
33,0,1,0,0,0,0,0,0,0,0,0,0,0,0,0,0,0,0,0,0,1,0,0,0,0,100000000,130000000.0,30,30000000.0,23.07692307692308,1.5,100000000.0,130000000.0,30.0,4779.0,4
45,0,1,0,0,0,0,0,1,0,0,0,0,0,0,0,0,0,0,0,0,1,0,0,0,0,100000000,115000000.0,15,15000000.0,13.043478260869565,1.5,100000000.0,115000000.0,15.0,3637.0,0
31,0,1,0,0,0,0,0,1,0,0,0,0,0,0,0,0,0,0,0,0,0,0,0,1,0,10000,13000.0,30,3000.0,23.07692307692308,1.0,100000000.0,130000000.0,30.0,3607.0,1
42,1,0,0,0,0,0,0,1,0,0,0,0,0,0,0,0,0,0,0,0,1,0,0,0,0,400000000,440000000.0,30,40000000.0,9.090909090909092,6.0,272727272.72727275,313272727.27272725,30.0,3617.090909090909,1
48,1,0,0,0,0,0,0,0,0,0,0,0,0,0,0,0,0,0,1,0,1,0,0,0,0,300000000,390000000.0,60,90000000.0,23.07692307692308,5.0,177777777.7777778,212111111.1111111,28.33333333333333,5438.888888888889,5
40,0,1,0,0,0,0,1,0,0,0,0,0,0,0,0,0,0,0,0,0,1,0,0,0,0,100000000,115000000.0,15,15000000.0,13.043478260869565,1.5,100000000.0,130000000.0,30.0,3612.5,0
38,0,1,0,0,0,0,0,1,0,0,0,0,0,0,0,0,0,0,0,1,0,0,0,0,0,100000000,130000000.0,30,30000000.0,23.07692307692308,3.5,116666666.66666669,145500000.0,27.5,4221.166666666667,4
33,0,1,0,0,0,0,0,0,0,0,0,0,0,0,0,0,0,0,0,0,1,0,0,0,0,100000000,115000000.0,15,15000000.0,13.043478260869565,3.0,100000000.0,115000000.0,15.0,3607.4,0
39,0,1,0,1,0,0,0,0,0,0,0,0,0,0,0,0,0,0,0,0,1,0,0,0,0,100000000,130000000.0,30,30000000.0,23.07692307692308,1.0,100000000.0,130000000.0,30.0,3608.0,1
35,0,1,0,0,0,0,0,0,0,0,0,0,0,0,1,0,0,0,0,0,1,0,0,0,0,100000000,115000000.0,15,15000000.0,13.043478260869565,1.5,100000000.0,115000000.0,15.0,3609.0,0
40,1,0,0,0,0,0,0,1,0,0,0,0,0,0,0,0,0,0,0,0,1,0,0,0,0,100000000,130000000.0,30,30000000.0,23.07692307692308,2.5,95000000.0,123500000.0,30.0,3607.0,1
45,0,1,0,0,0,0,0,0,0,0,0,0,0,0,0,0,0,0,0,0,1,0,0,0,0,300000000,345000000.0,30,45000000.0,13.043478260869565,5.0,211111111.1111111,243666666.66666663,25.0,3607.8888888888887,1
40,0,1,1,0,0,0,0,0,0,0,0,0,0,0,0,0,0,0,0,0,0,0,1,0,0,40000,48000.0,60,8000.0,16.666666666666664,4.5,193750000.0,233875000.0,35.625,3611.125,3
32,0,1,0,0,0,0,0,0,0,0,0,0,0,0,1,0,0,0,0,0,1,0,0,0,0,100000000,115000000.0,15,15000000.0,13.043478260869565,1.5,100000000.0,115000000.0,15.0,3614.5,0
47,1,0,0,0,0,0,0,1,0,0,0,0,0,0,0,0,0,0,0,0,1,0,0,0,0,100000000,130000000.0,30,30000000.0,23.07692307692308,1.5,100000000.0,130000000.0,30.0,3608.5,1
45,0,1,0,0,0,0,0,1,0,0,0,0,0,0,0,0,0,0,0,0,1,0,0,0,0,10000,13000.0,30,3000.0,23.07692307692308,1.5,100000000.0,130000000.0,30.0,3609.5,1
34,0,1,0,0,0,0,0,1,0,0,0,0,0,0,0,0,0,0,0,0,0,0,0,1,0,10000,13000.0,30,3000.0,23.07692307692308,2.0,100000000.0,120000000.0,20.0,3628.3333333333335,1
39,0,1,0,0,0,0,0,0,0,0,0,0,0,0,1,0,0,0,0,0,1,0,0,0,0,10000,13000.0,30,3000.0,23.07692307692308,1.0,100000000.0,130000000.0,30.0,3612.0,1
36,0,1,0,0,0,0,0,1,0,0,0,0,0,0,0,0,0,0,0,1,0,0,0,0,0,100000000,115000000.0,15,15000000.0,13.043478260869565,1.0,100000000.0,115000000.0,15.0,3668.0,0
38,0,1,0,0,0,0,0,1,0,0,0,0,0,0,0,0,0,0,0,0,1,0,0,0,0,100000000,130000000.0,30,30000000.0,23.07692307692308,1.0,100000000.0,130000000.0,30.0,3667.0,1
36,1,0,0,0,0,0,0,1,0,0,0,0,0,0,0,0,0,0,0,0,1,0,0,0,0,400000000,440000000.0,30,40000000.0,9.090909090909092,6.5,241666666.66666663,280166666.6666667,30.0,3609.0833333333335,1
35,0,1,0,0,0,0,1,0,0,0,0,0,0,0,0,0,0,0,0,1,0,0,0,0,0,10000,11500.0,15,1500.0,13.043478260869565,1.0,100000000.0,115000000.0,15.0,3607.0,0
41,0,1,0,0,0,0,0,1,0,0,0,0,0,0,0,0,0,0,0,0,1,0,0,0,0,100000000,130000000.0,30,30000000.0,23.07692307692308,3.5,100000000.0,130000000.0,30.0,3619.3333333333335,1
40,0,1,0,0,0,0,0,1,0,0,0,0,0,0,0,0,0,0,0,0,1,0,0,0,0,30000,34500.0,30,4500.0,13.043478260869565,5.0,200000000.0,237555555.55555555,30.0,3617.8888888888887,1
37,0,1,0,0,0,0,0,1,0,0,0,0,0,0,0,0,0,0,0,0,1,0,0,0,0,10000,12500.0,30,2500.0,20.0,1.0,100000000.0,130000000.0,30.0,3673.0,1
41,0,1,0,0,0,0,0,0,0,0,0,1,0,0,0,0,0,0,0,0,1,0,0,0,0,20000,24500.0,30,4500.0,18.367346938775512,2.5,125000000.0,147500000.0,18.75,3608.0,1
37,0,1,0,0,0,0,0,1,0,0,0,0,0,0,0,0,0,0,0,1,0,0,0,0,0,100000000,130000000.0,30,30000000.0,23.07692307692308,1.0,100000000.0,130000000.0,30.0,3669.0,1
43,1,0,0,0,1,0,0,0,0,0,0,0,0,0,0,0,0,0,0,0,0,0,1,0,0,300000000,345000000.0,30,45000000.0,13.043478260869565,4.0,171428571.42857143,208000000.0,30.0,3617.142857142857,1
40,0,1,0,1,0,0,0,0,0,0,0,0,0,0,0,0,0,0,0,1,0,0,0,0,0,150000000,183750000.0,30,33750000.0,18.367346938775512,2.0,100000000.0,125000000.0,25.0,3607.3333333333335,1
39,0,1,0,0,0,0,1,0,0,0,0,0,0,0,0,0,0,0,0,0,1,0,0,0,0,10000,11125.0,15,1125.0,10.112359550561797,2.0,100000000.0,120000000.0,20.0,3628.0,0
36,0,1,0,0,0,0,0,1,0,0,0,0,0,0,0,0,0,0,0,0,1,0,0,0,0,100000000,130000000.0,30,30000000.0,23.07692307692308,2.5,100000000.0,130000000.0,30.0,3636.5,1
41,0,1,0,0,0,0,1,0,0,0,0,0,0,0,0,0,0,0,0,0,1,0,0,0,0,100000000,130000000.0,30,30000000.0,23.07692307692308,1.0,100000000.0,130000000.0,30.0,3668.0,1
42,0,1,0,0,0,0,0,0,0,0,0,0,0,0,0,0,0,0,0,0,1,0,0,0,0,100000000,130000000.0,30,30000000.0,23.07692307692308,1.0,100000000.0,130000000.0,30.0,3669.0,1
32,0,1,0,0,0,0,0,0,0,0,0,0,0,0,0,0,0,0,0,0,0,0,0,1,0,10000,13000.0,30,3000.0,23.07692307692308,1.5,100000000.0,130000000.0,30.0,3609.5,1
30,0,1,0,0,0,0,0,0,0,0,0,0,0,0,0,0,0,0,0,0,1,0,0,0,0,100000000,130000000.0,30,30000000.0,23.07692307692308,3.0,100000000.0,130000000.0,30.0,3609.6,1
37,0,1,0,1,0,0,0,0,0,0,0,0,0,0,0,0,0,0,0,0,1,0,0,0,0,10000,13000.0,30,3000.0,23.07692307692308,1.0,100000000.0,130000000.0,30.0,3668.0,1
51,0,1,0,0,0,0,0,1,0,0,0,0,0,0,0,0,0,0,0,0,1,0,0,0,0,200000000,245000000.0,30,45000000.0,18.367346938775512,1.5,100000000.0,115000000.0,15.0,3611.0,1
36,0,1,0,0,0,0,0,1,0,0,0,0,0,0,0,0,0,0,0,0,0,0,1,0,0,500000000,550000000.0,60,50000000.0,9.090909090909092,8.5,325000000.0,362281250.0,27.1875,4156.125,3
57,0,1,0,0,0,0,0,1,0,0,0,0,0,0,0,0,0,0,0,0,1,0,0,0,0,200000000,222500000.0,15,22500000.0,10.112359550561797,3.5,150000000.0,168750000.0,15.0,3608.1666666666665,0
38,1,0,0,0,0,0,0,1,0,0,0,0,0,0,0,0,0,0,0,0,1,0,0,0,0,300000000,345000000.0,30,45000000.0,13.043478260869565,5.0,177777777.7777778,207111111.1111111,23.33333333333333,3615.6666666666665,1
39,0,1,0,0,0,0,0,1,0,0,0,0,0,0,0,0,0,0,0,0,1,0,0,0,0,100000000,130000000.0,30,30000000.0,23.07692307692308,1.5,100000000.0,122500000.0,30.0,3609.5,1
31,0,1,0,0,0,1,0,0,0,0,0,0,0,0,0,0,0,0,0,1,0,0,0,0,0,100000000,115000000.0,15,15000000.0,13.043478260869565,1.5,100000000.0,112500000.0,15.0,3608.5,0
43,0,1,0,0,0,0,1,0,0,0,0,0,0,0,0,0,0,0,0,0,1,0,0,0,0,200000000,220000000.0,30,20000000.0,9.090909090909092,4.0,192857142.85714287,228357142.85714287,30.0,4130.571428571428,1
35,0,1,0,0,0,0,0,0,0,0,0,1,0,0,0,0,0,0,0,0,1,0,0,0,0,300000000,330000000.0,30,30000000.0,9.090909090909092,6.0,222727272.72727272,262863636.3636364,32.72727272727273,3609.818181818182,1
40,0,1,0,0,0,0,0,1,0,0,0,0,0,0,0,0,0,0,0,0,1,0,0,0,0,100000000,130000000.0,30,30000000.0,23.07692307692308,1.0,100000000.0,115000000.0,15.0,3669.0,1
31,0,1,0,0,0,0,1,0,0,0,0,0,0,0,0,0,0,0,0,1,0,0,0,0,0,100000000,130000000.0,30,30000000.0,23.07692307692308,1.0,100000000.0,130000000.0,30.0,3611.0,1
40,0,1,0,0,0,0,0,0,0,0,0,0,0,0,0,0,0,0,1,0,1,0,0,0,0,100000000,130000000.0,30,30000000.0,23.07692307692308,1.0,100000000.0,130000000.0,30.0,3669.0,1
31,1,0,0,0,0,0,0,1,0,0,0,0,0,0,0,0,0,0,0,0,1,0,0,0,0,350000000,385000000.0,30,35000000.0,9.090909090909092,4.5,181250000.0,215562500.0,30.0,3614.875,1
43,0,1,0,0,0,0,0,0,0,0,0,0,0,0,0,0,0,0,1,0,1,0,0,0,0,100000000,130000000.0,30,30000000.0,23.07692307692308,1.5,100000000.0,130000000.0,30.0,3610.0,1
44,1,0,0,0,0,0,0,1,0,0,0,0,0,0,0,0,0,0,0,0,1,0,0,0,0,300000000,345000000.0,30,45000000.0,13.043478260869565,4.0,142857142.85714287,178285714.2857143,30.0,3625.142857142857,1
38,1,0,0,1,0,0,0,0,0,0,0,0,0,0,0,0,0,0,0,0,1,0,0,0,0,400000000,440000000.0,30,40000000.0,9.090909090909092,7.5,225000000.0,258500000.0,28.928571428571427,3610.571428571429,1
34,0,1,0,0,0,0,1,0,0,0,0,0,0,0,0,0,0,0,0,0,1,0,0,0,0,300000000,390000000.0,60,90000000.0,23.07692307692308,3.5,141666666.66666666,177291666.66666666,30.0,3610.3333333333335,3
30,0,1,0,1,0,0,0,0,0,0,0,0,0,0,0,0,0,0,0,0,1,0,0,0,0,200000000,245000000.0,30,45000000.0,18.367346938775512,3.5,116666666.66666669,137291666.66666666,20.0,3627.6666666666665,1
38,0,1,0,0,0,0,0,0,0,0,0,0,0,0,1,0,0,0,0,0,1,0,0,0,0,20000,24500.0,30,4500.0,18.367346938775512,2.0,100000000.0,130000000.0,30.0,3607.0,1
48,0,1,0,0,0,0,0,1,0,0,0,0,0,0,0,0,0,0,0,1,0,0,0,0,0,100000000,130000000.0,30,30000000.0,23.07692307692308,1.0,100000000.0,115000000.0,15.0,3610.0,1
33,0,1,0,0,0,0,0,1,0,0,0,0,0,0,0,0,0,0,0,0,1,0,0,0,0,300000000,345000000.0,30,45000000.0,13.043478260869565,5.0,200000000.0,237555555.55555555,30.0,3614.222222222222,1
41,0,1,0,0,0,0,1,0,0,0,0,0,0,0,0,0,0,0,0,0,1,0,0,0,0,10000,13000.0,30,3000.0,23.07692307692308,1.5,100000000.0,130000000.0,30.0,3612.0,1
28,0,1,0,0,0,0,0,1,0,0,0,0,0,0,0,0,0,0,0,0,1,0,0,0,0,100000000,130000000.0,30,30000000.0,23.07692307692308,1.0,100000000.0,130000000.0,30.0,3670.0,1
45,0,1,0,0,1,0,0,0,0,0,0,0,0,0,0,0,0,0,0,0,1,0,0,0,0,100000000,130000000.0,30,30000000.0,23.07692307692308,1.5,100000000.0,130000000.0,30.0,3638.5,1
33,1,0,0,0,0,0,1,0,0,0,0,0,0,0,0,0,0,0,0,0,1,0,0,0,0,200000000,245000000.0,30,45000000.0,18.367346938775512,2.5,100000000.0,126250000.0,26.25,3608.5,1
45,1,0,0,0,0,0,0,1,0,0,0,0,0,0,0,0,0,0,0,0,0,0,1,0,0,400000000,440000000.0,30,40000000.0,9.090909090909092,8.0,306666666.6666667,349600000.0,31.0,3610.0,1
44,0,1,0,0,0,0,0,0,0,0,0,0,0,0,1,0,0,0,0,0,1,0,0,0,0,200000000,245000000.0,30,45000000.0,18.367346938775512,2.0,100000000.0,125000000.0,25.0,3627.3333333333335,1
37,0,1,0,1,0,0,0,0,0,0,0,0,0,0,0,0,0,0,0,0,1,0,0,0,0,100000000,115000000.0,15,15000000.0,13.043478260869565,1.5,100000000.0,115000000.0,15.0,3606.5,0
48,0,1,0,0,0,0,0,0,0,0,0,1,0,0,0,0,0,0,0,0,1,0,0,0,0,20000,24500.0,30,4500.0,18.367346938775512,2.0,100000000.0,130000000.0,30.0,3608.6666666666665,1
28,0,1,0,1,0,0,0,0,0,0,0,0,0,0,0,0,0,0,0,0,1,0,0,0,0,300000000,390000000.0,60,90000000.0,23.07692307692308,5.0,172222222.2222222,195777777.7777778,20.0,7767.555555555556,5
33,1,0,0,0,0,0,0,0,0,0,0,0,0,0,0,0,0,0,1,0,1,0,0,0,0,10000,13000.0,30,3000.0,23.07692307692308,1.0,100000000.0,130000000.0,30.0,3611.0,1
31,0,1,1,0,0,0,0,0,0,0,0,0,0,0,0,0,0,0,0,0,1,0,0,0,0,100000000,115000000.0,15,15000000.0,13.043478260869565,1.0,100000000.0,115000000.0,15.0,3607.0,0
40,0,1,0,0,0,0,1,0,0,0,0,0,0,0,0,0,0,0,0,0,1,0,0,0,0,20000,24500.0,30,4500.0,18.367346938775512,3.5,133333333.33333331,168333333.33333334,30.0,3618.0,1
38,1,0,1,0,0,0,0,0,0,0,0,0,0,0,0,0,0,0,0,0,1,0,0,0,0,400000000,440000000.0,30,40000000.0,9.090909090909092,6.0,272727272.72727275,313363636.3636364,30.0,3615.5454545454554,1
29,0,1,0,0,0,0,0,0,0,0,0,0,0,0,0,0,0,0,0,0,1,0,0,0,0,100000000,130000000.0,30,30000000.0,23.07692307692308,1.0,100000000.0,130000000.0,30.0,3612.0,1
35,0,1,0,1,0,0,0,0,0,0,0,0,0,0,0,0,0,0,0,0,1,0,0,0,0,100000000,130000000.0,30,30000000.0,23.07692307692308,1.5,100000000.0,130000000.0,30.0,3637.5,1
36,0,1,1,0,0,0,0,0,0,0,0,0,0,0,0,0,0,0,0,0,1,0,0,0,0,100000000,130000000.0,30,30000000.0,23.07692307692308,1.0,100000000.0,130000000.0,30.0,3669.0,1
35,0,1,0,0,1,0,0,0,0,0,0,0,0,0,0,0,0,0,0,0,1,0,0,0,0,100000000,130000000.0,30,30000000.0,23.07692307692308,1.0,100000000.0,130000000.0,30.0,3608.0,1
29,0,1,0,0,0,0,1,0,0,0,0,0,0,0,0,0,0,0,0,0,1,0,0,0,0,100000000,130000000.0,30,30000000.0,23.07692307692308,1.0,100000000.0,115000000.0,15.0,3668.0,1
31,0,1,0,0,0,0,0,1,0,0,0,0,0,0,0,0,0,0,0,0,0,0,1,0,0,200000000,245000000.0,30,45000000.0,18.367346938775512,2.0,100000000.0,125000000.0,25.0,3628.6666666666665,1
40,1,0,0,0,0,0,0,1,0,0,0,0,0,0,0,0,0,0,0,0,1,0,0,0,0,100000000,130000000.0,30,30000000.0,23.07692307692308,1.0,100000000.0,130000000.0,30.0,3669.0,1
34,0,1,0,0,0,0,0,1,0,0,0,0,0,0,0,0,0,0,0,0,1,0,0,0,0,200000000,245000000.0,30,45000000.0,18.367346938775512,2.5,125000000.0,158750000.0,30.0,3609.5,1
44,0,1,0,0,0,0,0,0,0,0,0,1,0,0,0,0,0,0,0,0,1,0,0,0,0,300000000,390000000.0,60,90000000.0,23.07692307692308,3.0,140000000.0,166000000.0,21.0,3608.8,3
42,0,1,0,0,0,0,1,0,0,0,0,0,0,0,0,0,0,0,0,0,1,0,0,0,0,20000,24500.0,30,4500.0,18.367346938775512,3.0,130000000.0,151375000.0,18.0,3607.8,1
48,1,0,0,0,0,0,0,0,0,0,0,0,0,0,1,0,0,0,0,0,0,0,1,0,0,100000000,130000000.0,30,30000000.0,23.07692307692308,1.5,100000000.0,130000000.0,30.0,3638.5,1
27,0,1,0,0,1,0,0,0,0,0,0,0,0,0,0,0,0,0,0,0,0,0,1,0,0,200000000,230000000.0,30,30000000.0,13.043478260869565,5.5,115000000.0,144600000.0,28.5,3614.8,1
42,0,1,0,0,0,0,0,1,0,0,0,0,0,0,0,0,0,0,0,1,0,0,0,0,0,100000000,115000000.0,15,15000000.0,13.043478260869565,1.0,100000000.0,115000000.0,15.0,3608.0,0
49,0,1,0,1,0,0,0,0,0,0,0,0,0,0,0,0,0,0,0,0,1,0,0,0,0,300000000,345000000.0,30,45000000.0,13.043478260869565,3.5,150000000.0,182500000.0,25.0,3617.6666666666665,1
35,0,1,0,0,0,0,0,0,0,0,0,0,0,0,1,0,0,0,0,0,1,0,0,0,0,30000,34500.0,30,4500.0,13.043478260869565,3.0,160000000.0,193100000.0,27.0,3621.2,1
37,0,0,0,0,0,0,1,0,0,0,0,0,0,0,0,0,0,0,0,0,1,0,0,0,0,100000000,130000000.0,30,30000000.0,23.07692307692308,1.5,100000000.0,130000000.0,30.0,3609.0,1
48,0,0,0,0,0,0,0,0,0,0,0,0,0,0,0,0,0,0,0,0,1,0,0,0,0,100000000,115000000.0,15,15000000.0,13.043478260869565,1.0,100000000.0,130000000.0,30.0,3669.0,0
40,1,0,0,0,0,0,0,0,0,0,0,0,0,0,1,0,0,0,0,0,1,0,0,0,0,100000000,110000000.0,30,10000000.0,9.090909090909092,7.0,176923076.92307693,203192307.69230768,23.07692307692308,3618.153846153846,1
48,0,1,0,0,0,0,0,0,0,0,0,1,0,0,0,0,0,0,0,0,1,0,0,0,0,20000,24500.0,30,4500.0,18.367346938775512,2.0,100000000.0,130000000.0,30.0,3608.6666666666665,1
33,0,1,0,0,0,0,0,1,0,0,0,0,0,0,0,0,0,0,0,0,1,0,0,0,0,200000000,245000000.0,30,45000000.0,18.367346938775512,2.5,125000000.0,155000000.0,26.25,3606.75,1
31,0,1,0,0,0,0,0,0,0,0,0,0,0,0,0,0,0,0,1,1,0,0,0,0,0,300000000,390000000.0,60,90000000.0,23.07692307692308,3.5,150000000.0,186333333.3333333,30.0,3610.5,3
41,0,1,0,0,0,0,1,0,0,0,0,0,0,0,0,0,0,0,0,0,1,0,0,0,0,10000,11500.0,15,1500.0,13.043478260869565,1.5,100000000.0,115000000.0,15.0,3637.5,0
31,1,0,0,0,0,0,1,0,0,0,0,0,0,0,0,0,0,0,0,0,1,0,0,0,0,30000,34500.0,30,4500.0,13.043478260869565,8.0,160000000.0,179566666.66666666,17.0,3609.533333333333,1
39,1,0,0,0,0,0,0,0,0,0,0,0,0,0,1,0,0,0,0,0,1,0,0,0,0,200000000,245000000.0,30,45000000.0,18.367346938775512,5.0,166666666.66666666,201000000.0,28.33333333333333,3609.555555555556,1
50,0,1,0,0,0,0,0,0,0,0,0,0,0,0,0,0,0,0,1,0,1,0,0,0,0,200000000,222500000.0,15,22500000.0,10.112359550561797,3.5,116666666.66666669,132916666.66666669,15.0,3608.3333333333335,0
27,0,1,0,0,0,0,0,0,0,0,0,0,0,0,0,0,0,0,1,0,1,0,0,0,0,100000000,130000000.0,30,30000000.0,23.07692307692308,1.0,100000000.0,115000000.0,15.0,3670.0,1
32,0,1,1,0,0,0,0,0,0,0,0,0,0,0,0,0,0,0,0,1,0,0,0,0,0,100000000,115000000.0,15,15000000.0,13.043478260869565,2.5,125000000.0,151250000.0,22.5,3609.25,0
41,0,1,0,0,0,0,0,1,0,0,0,0,0,0,0,0,0,0,0,0,1,0,0,0,0,100000000,130000000.0,30,30000000.0,23.07692307692308,1.5,100000000.0,130000000.0,30.0,3610.0,1
35,0,1,0,0,0,0,0,1,0,0,0,0,0,0,0,0,0,0,0,0,1,0,0,0,0,100000000,130000000.0,30,30000000.0,23.07692307692308,1.5,100000000.0,122500000.0,22.5,3606.5,1
42,0,1,0,0,0,0,1,0,0,0,0,0,0,0,0,0,0,0,0,0,1,0,0,0,0,100000000,130000000.0,30,30000000.0,23.07692307692308,1.0,100000000.0,130000000.0,30.0,3671.0,1
41,1,0,0,0,0,0,1,0,0,0,0,0,0,0,0,0,0,0,0,0,1,0,0,0,0,20000,24500.0,30,4500.0,18.367346938775512,5.0,111111111.1111111,126944444.44444443,15.0,3615.3333333333335,1
30,0,1,0,0,0,0,0,0,0,0,0,0,0,0,1,0,0,0,0,0,1,0,0,0,0,100000000,115000000.0,15,15000000.0,13.043478260869565,1.5,100000000.0,130000000.0,30.0,3637.0,0
47,0,1,0,0,0,0,0,1,0,0,0,0,0,0,0,0,0,0,0,0,1,0,0,0,0,10000,11500.0,15,1500.0,13.043478260869565,1.0,100000000.0,115000000.0,15.0,3667.0,0
38,0,1,0,0,0,0,0,0,0,0,0,0,0,0,0,0,0,0,1,0,1,0,0,0,0,100000000,130000000.0,30,30000000.0,23.07692307692308,1.5,100000000.0,130000000.0,30.0,3610.5,1
39,0,1,0,0,0,0,1,0,0,0,0,0,0,0,0,0,0,0,0,0,1,0,0,0,0,100000000,130000000.0,30,30000000.0,23.07692307692308,1.0,100000000.0,130000000.0,30.0,3612.0,1
32,1,0,0,0,0,0,0,0,0,0,0,0,0,0,1,0,0,0,0,0,1,0,0,0,0,300000000,390000000.0,60,90000000.0,23.07692307692308,5.0,150000000.0,189611111.1111111,33.333333333333336,3616.222222222222,3
43,0,1,0,0,0,0,0,1,0,0,0,0,0,0,0,0,0,0,0,0,1,0,0,0,0,300000000,390000000.0,60,90000000.0,23.07692307692308,3.5,133333333.33333331,157083333.33333334,22.5,3619.5,3
36,0,1,0,0,0,0,0,1,0,0,0,0,0,0,0,0,0,0,0,0,1,0,0,0,0,400000000,480000000.0,60,80000000.0,16.666666666666664,4.5,200000000.0,240500000.0,33.75,3615.5,3
46,0,1,0,0,0,0,0,1,0,0,0,0,0,0,0,0,0,0,0,0,1,0,0,0,0,100000000,115000000.0,15,15000000.0,13.043478260869565,1.0,100000000.0,115000000.0,15.0,3667.0,0
38,0,1,0,0,0,0,0,0,0,0,0,0,0,0,0,0,0,0,0,0,1,0,0,0,0,30000,34500.0,30,4500.0,13.043478260869565,4.0,142857142.85714287,172000000.0,25.714285714285715,3609.571428571429,1
38,0,1,0,0,0,0,0,0,0,0,0,0,0,0,0,0,0,0,1,0,1,0,0,0,0,10000,11500.0,15,1500.0,13.043478260869565,2.0,83333333.33333333,95833333.33333331,15.0,3648.0,0
32,0,1,0,0,0,0,1,0,0,0,0,0,0,0,0,0,0,0,0,0,1,0,0,0,0,200000000,245000000.0,30,45000000.0,18.367346938775512,2.0,100000000.0,130000000.0,30.0,3607.6666666666665,1
40,1,0,0,0,0,0,0,1,0,0,0,0,0,0,0,0,0,0,0,0,1,0,0,0,0,300000000,345000000.0,30,45000000.0,13.043478260869565,2.5,162500000.0,189218750.0,22.5,3623.25,1
33,0,1,0,1,0,0,0,0,0,0,0,0,0,0,0,0,0,0,0,1,0,0,0,0,0,10000,13000.0,30,3000.0,23.07692307692308,1.0,100000000.0,115000000.0,15.0,3668.0,1
42,0,1,0,0,1,0,0,0,0,0,0,0,0,0,0,0,0,0,0,0,1,0,0,0,0,100000000,130000000.0,30,30000000.0,23.07692307692308,1.0,100000000.0,130000000.0,30.0,3670.0,1
29,0,1,0,0,0,0,1,0,0,0,0,0,0,0,0,0,0,0,0,0,1,0,0,0,0,100000000,130000000.0,30,30000000.0,23.07692307692308,1.0,100000000.0,130000000.0,30.0,3668.0,1
40,1,0,0,0,0,0,0,0,0,0,0,0,0,0,1,0,0,0,0,0,1,0,0,0,0,30000,39000.0,60,9000.0,23.07692307692308,2.0,116666666.66666669,147916666.66666666,30.0,3628.6666666666665,3
41,0,1,0,0,0,0,0,0,0,0,0,0,0,0,0,0,0,0,0,0,1,0,0,0,0,100000000,130000000.0,30,30000000.0,23.07692307692308,1.0,100000000.0,130000000.0,30.0,3669.0,1
29,0,1,0,0,0,0,0,0,0,0,0,0,0,0,0,0,0,0,1,0,1,0,0,0,0,100000000,130000000.0,30,30000000.0,23.07692307692308,1.0,100000000.0,115000000.0,15.0,3673.0,1
47,0,1,0,0,0,0,0,0,0,0,0,0,0,0,0,0,0,0,1,1,0,0,0,0,0,300000000,345000000.0,30,45000000.0,13.043478260869565,4.0,171428571.42857143,193928571.42857143,17.142857142857142,3608.428571428572,1
39,0,1,0,0,0,0,0,1,0,0,0,0,0,0,0,0,0,0,0,0,1,0,0,0,0,300000000,390000000.0,60,90000000.0,23.07692307692308,4.0,171428571.42857143,209142857.14285716,30.0,3617.857142857143,3
37,0,1,0,0,0,0,0,0,0,0,0,0,0,0,0,0,0,0,0,0,1,0,0,0,0,20000,24500.0,30,4500.0,18.367346938775512,2.5,125000000.0,158750000.0,30.0,3607.25,1
34,0,1,0,0,0,0,0,1,0,0,0,0,0,0,0,0,0,0,0,0,1,0,0,0,0,200000000,222500000.0,15,22500000.0,10.112359550561797,3.5,100000000.0,115000000.0,15.0,3608.3333333333335,0
33,0,1,0,1,0,0,0,0,0,0,0,0,0,0,0,0,0,0,0,0,1,0,0,0,0,10000,13000.0,30,3000.0,23.07692307692308,1.0,100000000.0,130000000.0,30.0,3669.0,1
42,1,0,0,0,0,0,0,1,0,0,0,0,0,0,0,0,0,0,0,0,1,0,0,0,0,300000000,345000000.0,30,45000000.0,13.043478260869565,4.0,150000000.0,184214285.7142857,30.0,3608.0,1
41,1,0,0,0,0,0,0,0,0,0,0,1,0,0,0,0,0,0,0,0,1,0,0,0,0,300000000,390000000.0,60,90000000.0,23.07692307692308,3.5,183333333.3333333,224583333.3333333,30.0,3618.8333333333335,3
40,0,1,0,0,0,0,0,1,0,0,0,0,0,0,0,0,0,0,0,1,0,0,0,0,0,200000000,240000000.0,30,40000000.0,16.666666666666664,1.5,100000000.0,130000000.0,30.0,3637.5,1
41,0,1,0,0,0,0,0,0,0,0,0,1,0,0,0,0,0,0,0,0,1,0,0,0,0,100000000,130000000.0,30,30000000.0,23.07692307692308,1.0,100000000.0,130000000.0,30.0,3671.0,1
39,0,1,0,0,0,0,0,1,0,0,0,0,0,0,0,0,0,0,0,0,1,0,0,0,0,300000000,345000000.0,30,45000000.0,13.043478260869565,5.0,200000000.0,233444444.44444445,26.666666666666668,3614.555555555556,1
33,0,1,0,0,0,0,0,0,0,0,0,0,0,0,1,0,0,0,0,1,0,0,0,0,0,250000000,287500000.0,30,37500000.0,13.043478260869565,3.5,166666666.66666666,198166666.66666663,27.5,3746.6666666666665,1
37,0,1,1,0,0,0,0,0,0,0,0,0,0,0,0,0,0,0,0,0,1,0,0,0,0,100000000,130000000.0,30,30000000.0,23.07692307692308,1.5,100000000.0,130000000.0,30.0,3612.5,1
41,0,1,0,0,0,0,1,0,0,0,0,0,0,0,0,0,0,0,0,0,1,0,0,0,0,100000000,130000000.0,30,30000000.0,23.07692307692308,1.5,100000000.0,130000000.0,30.0,3613.5,1
40,0,1,0,0,0,0,0,1,0,0,0,0,0,0,0,0,0,0,0,0,1,0,0,0,0,10000,11500.0,15,1500.0,13.043478260869565,2.5,100000000.0,130000000.0,30.0,3638.0,0
40,0,1,0,0,0,0,0,0,0,0,0,0,0,0,0,0,0,0,0,0,1,0,0,0,0,20000,24500.0,30,4500.0,18.367346938775512,3.0,140000000.0,162500000.0,18.0,3619.8,1
40,0,1,0,0,0,0,0,1,0,0,0,0,0,0,0,0,0,0,0,0,1,0,0,0,0,100000000,130000000.0,30,30000000.0,23.07692307692308,1.5,100000000.0,130000000.0,30.0,3609.5,1
36,0,1,0,0,0,0,0,1,0,0,0,0,0,0,0,0,0,0,0,0,1,0,0,0,0,200000000,245000000.0,30,45000000.0,18.367346938775512,3.0,140000000.0,176000000.0,30.0,3615.8,1
31,0,1,0,0,0,0,0,0,0,0,0,0,0,0,0,0,0,0,1,0,1,0,0,0,0,400000000,440000000.0,30,40000000.0,9.090909090909092,7.0,253846153.84615383,285076923.0769231,23.07692307692308,3618.076923076923,1
41,0,1,0,0,0,1,0,0,0,0,0,0,0,0,0,0,0,0,0,0,1,0,0,0,0,10000,13000.0,30,3000.0,23.07692307692308,1.0,100000000.0,130000000.0,30.0,3609.0,1
29,0,1,0,0,0,0,0,1,0,0,0,0,0,0,0,0,0,0,0,0,0,0,0,1,0,100000000,115000000.0,15,15000000.0,13.043478260869565,1.5,100000000.0,122500000.0,22.5,3634.5,0
39,1,0,1,0,0,0,0,0,0,0,0,0,0,0,0,0,0,0,0,0,1,0,0,0,0,500000000,575000000.0,90,75000000.0,13.043478260869565,6.5,277500000.0,317333333.3333333,33.75,3619.5,2
36,0,1,0,0,0,0,0,1,0,0,0,0,0,0,0,0,0,0,0,0,1,0,0,0,0,100000000,130000000.0,30,30000000.0,23.07692307692308,1.0,100000000.0,130000000.0,30.0,3609.0,1
39,0,1,0,0,0,0,0,1,0,0,0,0,0,0,0,0,0,0,0,0,1,0,0,0,0,100000000,130000000.0,30,30000000.0,23.07692307692308,1.0,100000000.0,130000000.0,30.0,3608.0,1
53,0,1,0,0,0,0,1,0,0,0,0,0,0,0,0,0,0,0,0,0,0,0,1,0,0,300000000,345000000.0,30,45000000.0,13.043478260869565,4.0,200000000.0,240857142.85714287,34.285714285714285,3613.0,1
31,0,1,0,0,0,0,0,0,0,0,0,0,0,0,0,0,0,0,0,0,1,0,0,0,0,200000000,222500000.0,15,22500000.0,10.112359550561797,2.0,100000000.0,125000000.0,25.0,3606.6666666666665,0
32,0,1,0,0,1,0,0,0,0,0,0,0,0,0,0,0,0,0,0,0,1,0,0,0,0,100000000,130000000.0,30,30000000.0,23.07692307692308,1.0,100000000.0,130000000.0,30.0,3606.0,1
40,1,0,0,0,0,0,0,1,0,0,0,0,0,0,0,0,0,0,0,0,0,0,1,0,0,400000000,440000000.0,30,40000000.0,9.090909090909092,5.5,240000000.0,279150000.0,28.5,3610.9,1
35,0,1,0,0,0,0,1,0,0,0,0,0,0,0,0,0,0,0,0,0,1,0,0,0,0,100000000,130000000.0,30,30000000.0,23.07692307692308,1.0,100000000.0,115000000.0,15.0,3668.0,1
35,0,1,0,0,0,0,0,1,0,0,0,0,0,0,0,0,0,0,0,0,1,0,0,0,0,100000000,130000000.0,30,30000000.0,23.07692307692308,1.0,100000000.0,130000000.0,30.0,3671.0,1
36,0,0,0,0,0,0,0,1,0,0,0,0,0,0,0,0,0,0,0,0,1,0,0,0,0,100000000,130000000.0,30,30000000.0,23.07692307692308,1.0,100000000.0,130000000.0,30.0,3673.0,1
35,0,1,0,0,0,0,1,0,0,0,0,0,0,0,0,0,0,0,0,0,1,0,0,0,0,300000000,345000000.0,30,45000000.0,13.043478260869565,5.0,155555555.55555555,191444444.44444445,30.0,3616.777777777778,1
37,0,1,0,1,0,0,0,0,0,0,0,0,0,0,0,0,0,0,0,0,1,0,0,0,0,10000,11500.0,15,1500.0,13.043478260869565,1.5,100000000.0,115000000.0,15.0,3636.5,0
34,0,1,0,0,0,0,0,0,0,0,0,0,0,0,0,0,0,0,0,0,1,0,0,0,0,100000000,130000000.0,30,30000000.0,23.07692307692308,1.5,100000000.0,122500000.0,22.5,3614.5,1
35,1,0,0,0,0,0,0,1,0,0,0,0,0,0,0,0,0,0,0,0,1,0,0,0,0,10000,11500.0,15,1500.0,13.043478260869565,1.0,100000000.0,115000000.0,15.0,3609.0,0
30,1,0,0,0,0,0,0,1,0,0,0,0,0,0,0,0,0,0,0,0,1,0,0,0,0,10000,13000.0,30,3000.0,23.07692307692308,1.5,100000000.0,130000000.0,30.0,3607.5,1
57,0,1,0,0,0,0,0,0,0,0,0,0,0,0,1,0,0,0,0,0,1,0,0,0,0,200000000,245000000.0,30,45000000.0,18.367346938775512,4.0,121428571.42857143,144267857.14285713,21.428571428571427,3609.571428571429,1
34,0,1,0,0,0,0,1,0,0,0,0,0,0,0,0,0,0,0,0,0,1,0,0,0,0,100000000,115000000.0,15,15000000.0,13.043478260869565,1.0,100000000.0,115000000.0,15.0,8308.0,5
30,0,1,0,0,0,0,1,0,0,0,0,0,0,0,0,0,0,0,0,0,1,0,0,0,0,100000000,115000000.0,15,15000000.0,13.043478260869565,1.0,100000000.0,115000000.0,15.0,3613.0,0
37,0,1,0,0,0,0,0,1,0,0,0,0,0,0,0,0,0,0,0,0,1,0,0,0,0,20000,24500.0,30,4500.0,18.367346938775512,2.0,100000000.0,125000000.0,25.0,3608.6666666666665,1
36,0,1,0,0,0,1,0,0,0,0,0,0,0,0,0,0,0,0,0,0,1,0,0,0,0,20000,22250.0,15,2250.0,10.112359550561797,2.5,125000000.0,144375000.0,18.75,3608.5,0
40,0,1,0,0,0,0,0,1,0,0,0,0,0,0,0,0,0,0,0,0,1,0,0,0,0,100000000,130000000.0,30,30000000.0,23.07692307692308,2.0,100000000.0,125000000.0,25.0,3610.0,1
50,1,0,0,0,0,0,0,0,0,0,1,0,0,0,0,0,0,0,0,0,1,0,0,0,0,20000,23000.0,30,3000.0,13.043478260869565,2.0,133333333.33333331,168333333.33333334,30.0,3612.3333333333335,1
34,0,1,0,0,0,0,0,1,0,0,0,0,0,0,0,0,0,0,0,0,1,0,0,0,0,300000000,345000000.0,30,45000000.0,13.043478260869565,3.0,160000000.0,179500000.0,15.0,3608.6,1
36,0,1,0,0,0,1,0,0,0,0,0,0,0,0,0,0,0,0,0,0,1,0,0,0,0,400000000,440000000.0,30,40000000.0,9.090909090909092,6.0,227272727.27272728,257636363.63636363,23.181818181818183,5884.0,5
31,0,1,0,0,0,0,0,0,0,0,0,0,0,0,0,0,0,0,0,0,1,0,0,0,0,100000000,115000000.0,15,15000000.0,13.043478260869565,1.0,100000000.0,115000000.0,15.0,3668.0,0
36,0,1,0,0,0,0,1,0,0,0,0,0,0,0,0,0,0,0,0,1,0,0,0,0,0,200000000,245000000.0,30,45000000.0,18.367346938775512,3.0,140000000.0,175000000.0,30.0,3615.6,1
33,0,1,0,0,0,0,0,0,0,0,0,0,0,0,0,0,0,0,1,0,1,0,0,0,0,10000,11500.0,15,1500.0,13.043478260869565,1.5,100000000.0,115000000.0,15.0,3636.0,0
34,1,0,0,0,0,0,1,0,0,0,0,0,0,0,0,0,0,0,0,0,1,0,0,0,0,100000000,130000000.0,30,30000000.0,23.07692307692308,4.5,125000000.0,155937500.0,28.125,3614.875,1
29,1,0,0,0,0,0,0,0,0,0,0,1,0,0,0,0,0,0,0,0,1,0,0,0,0,200000000,220000000.0,30,20000000.0,9.090909090909092,5.5,220000000.0,257050000.0,31.5,3612.6,1
38,0,1,0,0,0,0,0,0,0,0,0,1,0,0,0,0,0,0,0,1,0,0,0,0,0,100000000,130000000.0,30,30000000.0,23.07692307692308,1.0,100000000.0,130000000.0,30.0,3610.0,1
48,0,1,0,0,0,0,0,1,0,0,0,0,0,0,0,0,0,0,0,0,1,0,0,0,0,10000,13000.0,30,3000.0,23.07692307692308,1.0,100000000.0,130000000.0,30.0,3608.0,1
34,0,1,0,0,0,0,0,0,0,0,0,0,0,0,0,0,0,0,0,0,1,0,0,0,0,10000,13000.0,30,3000.0,23.07692307692308,1.5,100000000.0,130000000.0,30.0,3611.0,1
42,1,0,1,0,0,0,0,0,0,0,0,0,0,0,0,0,0,0,0,0,1,0,0,0,0,300000000,390000000.0,60,90000000.0,23.07692307692308,3.0,180000000.0,208500000.0,21.0,3609.0,3
34,0,1,0,0,0,0,0,0,0,0,0,0,0,0,0,0,0,0,0,0,1,0,0,0,0,200000000,245000000.0,30,45000000.0,18.367346938775512,1.5,100000000.0,127500000.0,30.0,3609.0,1
42,0,1,0,0,0,0,1,0,0,0,0,0,0,0,0,0,0,0,0,0,1,0,0,0,0,100000000,115000000.0,15,15000000.0,13.043478260869565,2.0,100000000.0,115000000.0,15.0,3609.6666666666665,0
55,0,1,0,0,0,0,1,0,0,0,0,0,0,0,0,0,0,0,0,0,1,0,0,0,0,100000000,130000000.0,30,30000000.0,23.07692307692308,1.0,100000000.0,130000000.0,30.0,3608.0,1
33,0,1,0,0,0,0,0,1,0,0,0,0,0,0,0,0,0,0,0,0,1,0,0,0,0,100000000,130000000.0,30,30000000.0,23.07692307692308,1.0,100000000.0,130000000.0,30.0,3607.0,1
35,0,1,0,0,0,0,0,0,0,0,0,0,0,0,1,0,0,0,0,0,1,0,0,0,0,100000000,130000000.0,30,30000000.0,23.07692307692308,1.0,100000000.0,130000000.0,30.0,3668.0,1
42,0,1,0,0,0,0,0,0,0,0,0,0,0,0,1,0,0,0,0,0,1,0,0,0,0,200000000,222500000.0,15,22500000.0,10.112359550561797,2.0,100000000.0,115000000.0,15.0,4295.0,0
35,0,1,0,0,0,0,0,1,0,0,0,0,0,0,0,0,0,0,0,0,1,0,0,0,0,10000,13000.0,30,3000.0,23.07692307692308,1.0,100000000.0,130000000.0,30.0,3607.0,1
39,0,1,0,0,0,0,0,0,0,0,0,0,0,0,0,0,0,0,0,0,1,0,0,0,0,10000,13000.0,30,3000.0,23.07692307692308,1.0,100000000.0,130000000.0,30.0,3611.0,1
37,0,1,0,0,0,0,0,0,0,0,0,0,0,0,0,0,0,0,1,0,1,0,0,0,0,100000000,115000000.0,15,15000000.0,13.043478260869565,1.0,100000000.0,115000000.0,15.0,3607.0,0
46,0,1,0,0,0,0,0,0,0,0,0,0,0,0,0,0,0,0,0,0,1,0,0,0,0,10000,11500.0,15,1500.0,13.043478260869565,1.0,100000000.0,115000000.0,15.0,3673.0,0
42,0,1,0,0,0,0,0,1,0,0,0,0,0,0,0,0,0,0,0,1,0,0,0,0,0,10000,11500.0,15,1500.0,13.043478260869565,1.0,100000000.0,115000000.0,15.0,3614.0,0
31,0,1,0,0,0,0,0,0,0,0,0,0,0,0,1,0,0,0,0,0,1,0,0,0,0,10000,13000.0,30,3000.0,23.07692307692308,1.0,100000000.0,130000000.0,30.0,3668.0,1
37,0,1,0,1,0,0,0,0,0,0,0,0,0,0,0,0,0,0,0,0,1,0,0,0,0,100000000,130000000.0,30,30000000.0,23.07692307692308,1.0,100000000.0,130000000.0,30.0,3670.0,1
50,1,0,0,0,0,0,0,1,0,0,0,0,0,0,0,0,0,0,0,0,0,0,1,0,0,300000000,345000000.0,30,45000000.0,13.043478260869565,4.5,162500000.0,186875000.0,18.75,3607.375,1
42,0,1,0,0,0,0,0,0,0,0,1,0,0,0,0,0,0,0,0,0,1,0,0,0,0,300000000,390000000.0,60,90000000.0,23.07692307692308,4.5,162500000.0,189750000.0,22.5,3608.75,3
33,0,1,0,0,0,0,0,0,0,0,0,0,0,0,1,0,0,0,0,0,1,0,0,0,0,100000000,115000000.0,15,15000000.0,13.043478260869565,1.0,100000000.0,115000000.0,15.0,3668.0,0
32,0,1,0,0,0,0,0,1,0,0,0,0,0,0,0,0,0,0,0,0,1,0,0,0,0,100000000,130000000.0,30,30000000.0,23.07692307692308,1.5,100000000.0,130000000.0,30.0,3637.0,1
40,0,1,1,0,0,0,0,0,0,0,0,0,0,0,0,0,0,0,0,0,1,0,0,0,0,100000000,115000000.0,15,15000000.0,13.043478260869565,1.0,100000000.0,115000000.0,15.0,3607.0,0
34,0,1,0,0,0,0,0,1,0,0,0,0,0,0,0,0,0,0,0,0,0,0,1,0,0,100000000,130000000.0,30,30000000.0,23.07692307692308,1.0,100000000.0,130000000.0,30.0,3606.0,1
54,0,1,0,0,0,0,1,0,0,0,0,0,0,0,0,0,0,0,0,0,1,0,0,0,0,200000000,245000000.0,30,45000000.0,18.367346938775512,2.0,100000000.0,130000000.0,30.0,3612.0,1
39,0,1,0,0,0,0,0,1,0,0,0,0,0,0,0,0,0,0,0,1,0,0,0,0,0,10000,11500.0,15,1500.0,13.043478260869565,2.0,100000000.0,125000000.0,25.0,3608.6666666666665,0
32,0,1,0,0,0,0,1,0,0,0,0,0,0,0,0,0,0,0,0,0,1,0,0,0,0,100000000,130000000.0,30,30000000.0,23.07692307692308,1.0,100000000.0,130000000.0,30.0,3619.0,1
42,0,1,0,0,0,0,0,0,0,0,0,0,0,0,0,0,0,0,0,0,0,0,1,0,0,300000000,345000000.0,30,45000000.0,13.043478260869565,3.5,191666666.66666663,216708333.3333333,20.0,3617.3333333333335,1
38,0,1,0,1,0,0,0,0,0,0,0,0,0,0,0,0,0,0,0,0,1,0,0,0,0,100000000,130000000.0,30,30000000.0,23.07692307692308,1.0,100000000.0,115000000.0,15.0,3670.0,1
35,0,1,0,0,0,0,0,0,0,0,0,0,0,0,1,0,0,0,0,0,0,0,1,0,0,200000000,245000000.0,30,45000000.0,18.367346938775512,1.5,100000000.0,130000000.0,30.0,3613.5,1
31,1,0,0,0,0,0,0,1,0,0,0,0,0,0,0,0,0,0,0,0,1,0,0,0,0,10000,11500.0,15,1500.0,13.043478260869565,3.0,120000000.0,138800000.0,18.0,3613.0,0
27,0,1,0,0,0,0,0,1,0,0,0,0,0,0,0,0,0,0,0,0,0,0,0,1,0,400000000,440000000.0,30,40000000.0,9.090909090909092,6.5,258333333.3333333,307625000.0,40.0,3611.6666666666665,1
30,0,1,0,0,0,0,0,1,0,0,0,0,0,0,0,0,0,0,0,0,1,0,0,0,0,20000,24500.0,30,4500.0,18.367346938775512,3.0,140000000.0,170000000.0,24.0,3612.6,1
47,0,1,0,0,0,0,1,0,0,0,0,0,0,0,0,0,0,0,0,0,1,0,0,0,0,100000000,130000000.0,30,30000000.0,23.07692307692308,1.5,100000000.0,122500000.0,22.5,3610.0,1
37,1,0,0,0,0,0,0,1,0,0,0,0,0,0,0,0,0,0,0,0,1,0,0,0,0,400000000,440000000.0,30,40000000.0,9.090909090909092,5.0,233333333.3333333,276000000.0,33.333333333333336,3617.3333333333335,1
48,1,0,0,0,0,0,0,1,0,0,0,0,0,0,0,0,0,0,0,0,1,0,0,0,0,15000,17250.0,30,2250.0,13.043478260869565,4.0,100000000.0,125285714.28571428,30.0,3615.571428571429,1
27,0,1,0,0,0,0,0,0,0,0,0,0,0,0,1,0,0,0,0,0,0,0,0,1,0,400000000,480000000.0,60,80000000.0,16.666666666666664,4.5,231250000.0,276062500.0,37.5,3617.375,3
37,1,0,0,0,0,0,0,1,0,0,0,0,0,0,0,0,0,0,0,0,1,0,0,0,0,300000000,390000000.0,60,90000000.0,23.07692307692308,3.0,160000000.0,203600000.0,36.0,3611.2,3
37,0,1,0,0,0,0,0,1,0,0,0,0,0,0,0,0,0,0,0,0,1,0,0,0,0,10000,11500.0,15,1500.0,13.043478260869565,1.0,100000000.0,115000000.0,15.0,3668.0,0
37,1,0,0,0,0,0,0,0,0,0,0,0,0,0,0,0,0,0,0,0,1,0,0,0,0,150000000,172500000.0,30,22500000.0,13.043478260869565,3.5,191666666.66666663,222125000.0,22.5,3614.0,1
39,0,1,0,1,0,0,0,0,0,0,0,0,0,0,0,0,0,0,0,0,1,0,0,0,0,200000000,245000000.0,30,45000000.0,18.367346938775512,2.0,133333333.33333331,163333333.33333334,25.0,3608.3333333333335,1
46,0,1,0,0,0,0,1,0,0,0,0,0,0,0,0,0,0,0,0,1,0,0,0,0,0,200000000,245000000.0,30,45000000.0,18.367346938775512,2.5,125000000.0,155000000.0,26.25,4069.0,1
28,1,0,0,0,0,0,0,1,0,0,0,0,0,0,0,0,0,0,0,0,1,0,0,0,0,400000000,480000000.0,60,80000000.0,16.666666666666664,4.5,175000000.0,219187500.0,37.5,3610.375,3
33,0,1,0,0,0,0,1,0,0,0,0,0,0,0,0,0,0,0,0,0,1,0,0,0,0,100000000,115000000.0,15,15000000.0,13.043478260869565,4.0,114285714.28571428,129857142.85714284,15.0,3617.142857142857,0
46,0,1,0,0,0,0,0,1,0,0,0,0,0,0,0,0,0,0,0,0,1,0,0,0,0,20000,24500.0,30,4500.0,18.367346938775512,2.0,100000000.0,115000000.0,15.0,3610.0,1
34,0,1,0,0,0,0,0,0,0,0,0,0,0,0,0,0,0,0,0,0,1,0,0,0,0,100000000,115000000.0,15,15000000.0,13.043478260869565,1.5,100000000.0,130000000.0,30.0,3609.0,0
29,0,1,0,0,0,0,1,0,0,0,0,0,0,0,0,0,0,0,0,0,0,0,0,1,0,100000000,130000000.0,30,30000000.0,23.07692307692308,1.0,100000000.0,130000000.0,30.0,3610.0,1
40,0,1,0,0,0,0,0,1,0,0,0,0,0,0,0,0,0,0,0,0,1,0,0,0,0,100000000,130000000.0,30,30000000.0,23.07692307692308,1.0,100000000.0,130000000.0,30.0,3608.0,1
32,0,1,0,0,0,0,0,1,0,0,0,0,0,0,0,0,0,0,0,0,1,0,0,0,0,100000000,115000000.0,15,15000000.0,13.043478260869565,1.0,100000000.0,130000000.0,30.0,3615.0,0
40,0,1,0,0,0,0,0,0,0,0,0,0,0,0,1,0,0,0,0,0,1,0,0,0,0,10000,13000.0,30,3000.0,23.07692307692308,1.0,100000000.0,130000000.0,30.0,3607.0,1
48,0,1,0,0,0,0,0,0,0,0,0,0,0,0,0,0,0,0,0,0,1,0,0,0,0,300000000,345000000.0,30,45000000.0,13.043478260869565,4.0,171428571.42857143,196642857.14285716,19.285714285714285,3615.714285714286,1
40,0,1,0,0,0,0,0,1,0,0,0,0,0,0,0,0,0,0,0,1,0,0,0,0,0,100000000,115000000.0,15,15000000.0,13.043478260869565,1.0,100000000.0,130000000.0,30.0,3674.0,0
39,0,1,0,0,0,0,0,1,0,0,0,0,0,0,0,0,0,0,0,0,1,0,0,0,0,10000,13000.0,30,3000.0,23.07692307692308,1.5,100000000.0,130000000.0,30.0,4447.0,4
37,0,1,0,0,0,1,0,0,0,0,0,0,0,0,0,0,0,0,0,0,1,0,0,0,0,100000000,130000000.0,30,30000000.0,23.07692307692308,1.5,100000000.0,130000000.0,30.0,3608.5,1
33,0,1,0,0,0,0,0,0,0,0,0,0,0,0,0,0,0,0,0,0,1,0,0,0,0,100000000,130000000.0,30,30000000.0,23.07692307692308,1.0,100000000.0,115000000.0,15.0,3668.0,1
38,1,0,0,0,0,0,0,0,0,0,0,1,0,0,0,0,0,0,0,0,0,0,1,0,0,400000000,440000000.0,30,40000000.0,9.090909090909092,5.0,177777777.7777778,206666666.66666663,25.0,3616.222222222222,1
39,0,1,1,0,0,0,0,0,0,0,0,0,0,0,0,0,0,0,0,0,1,0,0,0,0,300000000,345000000.0,30,45000000.0,13.043478260869565,3.0,160000000.0,191600000.0,24.0,3607.4,1
38,0,1,0,0,0,0,0,1,0,0,0,0,0,0,0,0,0,0,0,0,1,0,0,0,0,100000000,130000000.0,30,30000000.0,23.07692307692308,1.0,100000000.0,130000000.0,30.0,3614.0,1
26,0,1,0,0,0,0,0,1,0,0,0,0,0,0,0,0,0,0,0,1,0,0,0,0,0,200000000,240000000.0,30,40000000.0,16.666666666666664,2.0,133333333.33333331,166666666.66666666,30.0,3608.0,1
29,0,1,0,0,0,0,0,1,0,0,0,0,0,0,0,0,0,0,0,1,0,0,0,0,0,100000000,115000000.0,15,15000000.0,13.043478260869565,1.0,100000000.0,115000000.0,15.0,3668.0,0
37,1,0,1,0,0,0,0,0,0,0,0,0,0,0,0,0,0,0,0,0,1,0,0,0,0,100000000,130000000.0,30,30000000.0,23.07692307692308,1.0,100000000.0,130000000.0,30.0,3668.0,1
41,0,1,0,1,0,0,0,0,0,0,0,0,0,0,0,0,0,0,0,0,1,0,0,0,0,10000,11500.0,15,1500.0,13.043478260869565,1.0,100000000.0,115000000.0,15.0,3610.0,0
29,0,1,0,0,0,0,1,0,0,0,0,0,0,0,0,0,0,0,0,1,0,0,0,0,0,100000000,130000000.0,30,30000000.0,23.07692307692308,1.5,100000000.0,127500000.0,30.0,3637.0,1
36,1,0,0,0,0,0,0,1,0,0,0,0,0,0,0,0,0,0,0,0,1,0,0,0,0,300000000,330000000.0,30,30000000.0,9.090909090909092,6.5,250000000.0,299500000.0,40.0,3716.1666666666665,1
32,0,1,0,0,0,0,1,0,0,0,0,0,0,0,0,0,0,0,0,0,1,0,0,0,0,100000000,115000000.0,15,15000000.0,13.043478260869565,1.5,100000000.0,115000000.0,15.0,3609.0,0
41,0,1,0,0,0,0,0,1,0,0,0,0,0,0,0,0,0,0,0,0,1,0,0,0,0,100000000,130000000.0,30,30000000.0,23.07692307692308,1.0,100000000.0,115000000.0,15.0,3668.0,1
40,0,1,0,0,0,0,0,1,0,0,0,0,0,0,0,0,0,0,0,1,0,0,0,0,0,20000,24500.0,30,4500.0,18.367346938775512,2.0,100000000.0,130000000.0,30.0,3608.0,1
40,0,1,0,0,1,0,0,0,0,0,0,0,0,0,0,0,0,0,0,0,1,0,0,0,0,20000,22250.0,15,2250.0,10.112359550561797,2.5,150000000.0,180000000.0,22.5,3623.5,0
46,0,1,1,0,0,0,0,0,0,0,0,0,0,0,0,0,0,0,0,0,1,0,0,0,0,400000000,440000000.0,30,40000000.0,9.090909090909092,8.0,196666666.66666663,228566666.66666663,26.0,3609.4,1
37,1,0,0,0,0,0,0,1,0,0,0,0,0,0,0,0,0,0,0,0,1,0,0,0,0,10000,13000.0,30,3000.0,23.07692307692308,1.0,100000000.0,130000000.0,30.0,3608.0,1
36,0,1,0,0,0,0,0,0,0,0,0,0,0,0,0,0,0,0,1,1,0,0,0,0,0,100000000,115000000.0,15,15000000.0,13.043478260869565,1.0,100000000.0,115000000.0,15.0,3608.0,0
43,0,1,0,0,0,0,1,0,0,0,0,0,0,0,0,0,0,0,0,0,1,0,0,0,0,100000000,130000000.0,30,30000000.0,23.07692307692308,1.5,100000000.0,122500000.0,22.5,3606.5,1
38,0,1,0,0,0,0,0,0,0,0,0,0,0,0,0,0,0,0,0,0,1,0,0,0,0,30000,34500.0,30,4500.0,13.043478260869565,3.5,150000000.0,173750000.0,20.0,3617.5,1
38,0,1,0,0,0,0,0,1,0,0,0,0,0,0,0,0,0,0,0,0,1,0,0,0,0,100000000,130000000.0,30,30000000.0,23.07692307692308,1.0,100000000.0,115000000.0,15.0,3667.0,1
36,0,1,0,0,0,0,1,0,0,0,0,0,0,0,0,0,0,0,0,0,1,0,0,0,0,100000000,130000000.0,30,30000000.0,23.07692307692308,1.5,100000000.0,130000000.0,30.0,3637.5,1
44,0,1,0,0,0,0,0,1,0,0,0,0,0,0,0,0,0,0,0,1,0,0,0,0,0,100000000,130000000.0,30,30000000.0,23.07692307692308,1.0,100000000.0,130000000.0,30.0,3669.0,1
34,0,1,0,1,0,0,0,0,0,0,0,0,0,0,0,0,0,0,0,0,1,0,0,0,0,100000000,115000000.0,15,15000000.0,13.043478260869565,2.0,100000000.0,115000000.0,15.0,3610.0,0
37,0,1,0,0,0,0,0,1,0,0,0,0,0,0,0,0,0,0,0,0,1,0,0,0,0,200000000,222500000.0,15,22500000.0,10.112359550561797,2.5,125000000.0,151250000.0,22.5,3828.5,0
35,1,0,0,0,0,0,1,0,0,0,0,0,0,0,0,0,0,0,0,0,1,0,0,0,0,300000000,345000000.0,30,45000000.0,13.043478260869565,4.0,185714285.7142857,220750000.0,30.0,3618.571428571429,1
32,0,1,0,0,0,0,0,0,0,0,0,0,0,0,0,0,0,0,0,0,1,0,0,0,0,300000000,345000000.0,30,45000000.0,13.043478260869565,4.5,137500000.0,157000000.0,18.75,3610.625,1
34,0,1,0,0,0,0,0,0,0,0,0,0,0,0,0,0,0,0,0,1,0,0,0,0,0,30000,34500.0,30,4500.0,13.043478260869565,5.0,188888888.8888889,222222222.2222222,26.666666666666668,3616.777777777778,1
40,0,1,0,0,0,0,0,0,0,0,0,0,0,0,1,0,0,0,0,0,1,0,0,0,0,300000000,345000000.0,30,45000000.0,13.043478260869565,3.5,150000000.0,182500000.0,25.0,3611.8333333333335,1
43,0,1,0,0,0,1,0,0,0,0,0,0,0,0,0,0,0,0,0,1,0,0,0,0,0,200000000,245000000.0,30,45000000.0,18.367346938775512,2.0,100000000.0,130000000.0,30.0,3610.3333333333335,1
30,0,1,0,0,0,0,1,0,0,0,0,0,0,0,0,0,0,0,0,0,1,0,0,0,0,100000000,130000000.0,30,30000000.0,23.07692307692308,1.0,100000000.0,115000000.0,15.0,3668.0,1
40,0,1,0,0,0,0,0,1,0,0,0,0,0,0,0,0,0,0,0,0,1,0,0,0,0,100000000,115000000.0,15,15000000.0,13.043478260869565,3.0,120000000.0,141000000.0,18.0,3607.8,0
27,0,1,0,0,0,0,0,1,0,0,0,0,0,0,0,0,0,0,0,0,1,0,0,0,0,100000000,130000000.0,30,30000000.0,23.07692307692308,1.0,100000000.0,130000000.0,30.0,3668.0,1
33,0,1,0,0,0,0,0,1,0,0,0,0,0,0,0,0,0,0,0,0,1,0,0,0,0,300000000,345000000.0,30,45000000.0,13.043478260869565,4.0,185714285.7142857,213642857.14285716,21.428571428571427,3618.0,1
41,1,0,0,0,0,0,0,0,0,0,0,0,0,0,1,0,0,0,0,0,1,0,0,0,0,400000000,440000000.0,30,40000000.0,9.090909090909092,7.5,264285714.2857143,303428571.4285714,28.928571428571427,3610.0,1
42,0,1,0,0,0,0,0,1,0,0,0,0,0,0,0,0,0,0,0,0,1,0,0,0,0,40000,44000.0,30,4000.0,9.090909090909092,7.0,292307692.3076923,330653846.15384614,26.53846153846154,3619.3846153846152,1
37,1,0,0,0,0,0,0,1,0,0,0,0,0,0,0,0,0,0,0,0,0,0,1,0,0,400000000,440000000.0,30,40000000.0,9.090909090909092,6.0,236363636.3636364,266636363.63636363,23.181818181818183,3610.0,1
39,0,1,0,0,0,0,0,1,0,0,0,0,0,0,0,0,0,0,0,0,1,0,0,0,0,200000000,245000000.0,30,45000000.0,18.367346938775512,2.5,125000000.0,155000000.0,26.25,3609.5,1
36,0,1,0,0,0,0,0,1,0,0,0,0,0,0,0,0,0,0,0,0,1,0,0,0,0,100000000,115000000.0,15,15000000.0,13.043478260869565,1.5,100000000.0,115000000.0,15.0,3636.5,0
36,0,1,0,0,0,0,0,0,0,0,0,0,0,0,0,0,0,0,0,1,0,0,0,0,0,200000000,245000000.0,30,45000000.0,18.367346938775512,3.0,120000000.0,145500000.0,24.0,3606.4,1
40,1,0,0,0,1,0,0,0,0,0,0,0,0,0,0,0,0,0,0,0,1,0,0,0,0,500000000,575000000.0,90,75000000.0,13.043478260869565,7.0,269230769.2307692,320307692.3076923,45.0,3611.0,2
32,0,1,1,0,0,0,0,0,0,0,0,0,0,0,0,0,0,0,0,0,1,0,0,0,0,100000000,130000000.0,30,30000000.0,23.07692307692308,1.0,100000000.0,130000000.0,30.0,3613.0,1
44,0,1,0,0,0,0,0,1,0,0,0,0,0,0,0,0,0,0,0,0,1,0,0,0,0,200000000,245000000.0,30,45000000.0,18.367346938775512,2.0,100000000.0,125000000.0,25.0,4821.0,4
30,1,0,0,0,0,0,0,0,0,0,0,0,0,0,0,0,0,0,0,0,1,0,0,0,0,100000000,130000000.0,30,30000000.0,23.07692307692308,4.0,100000000.0,130000000.0,30.0,3610.428571428572,1
34,0,1,0,0,0,0,0,0,0,0,0,1,0,0,0,0,0,0,0,0,1,0,0,0,0,400000000,480000000.0,60,80000000.0,16.666666666666664,6.0,209090909.0909091,239000000.0,23.181818181818183,3610.5454545454554,3
50,0,1,0,0,0,0,0,1,0,0,0,0,0,0,0,0,0,0,0,0,1,0,0,0,0,10000,12500.0,30,2500.0,20.0,1.0,100000000.0,130000000.0,30.0,3669.0,1
42,0,1,0,0,0,0,0,1,0,0,0,0,0,0,0,0,0,0,0,0,1,0,0,0,0,200000000,245000000.0,30,45000000.0,18.367346938775512,2.0,100000000.0,130000000.0,30.0,3628.6666666666665,1
32,0,1,0,0,0,0,1,0,0,0,0,0,0,0,0,0,0,0,0,0,1,0,0,0,0,20000,24500.0,30,4500.0,18.367346938775512,2.0,100000000.0,130000000.0,30.0,3607.6666666666665,1
42,0,1,0,0,0,0,0,0,0,0,1,0,0,0,0,0,0,0,0,0,1,0,0,0,0,10000,13000.0,30,3000.0,23.07692307692308,2.0,100000000.0,120000000.0,20.0,3608.6666666666665,1
37,0,1,0,0,0,0,1,0,0,0,0,0,0,0,0,0,0,0,0,0,1,0,0,0,0,100000000,115000000.0,15,15000000.0,13.043478260869565,2.0,100000000.0,120000000.0,20.0,3609.3333333333335,0
32,1,0,0,0,0,0,0,1,0,0,0,0,0,0,0,0,0,0,0,0,0,0,1,0,0,400000000,440000000.0,30,40000000.0,9.090909090909092,7.0,261538461.53846157,296182692.3076923,26.53846153846154,3610.6153846153848,1
29,1,0,1,0,0,0,0,0,0,0,0,0,0,0,0,0,0,0,0,0,1,0,0,0,0,300000000,345000000.0,30,45000000.0,13.043478260869565,4.0,142857142.85714287,163214285.7142857,17.142857142857142,3998.428571428572,1
34,0,1,0,0,0,0,0,1,0,0,0,0,0,0,0,0,0,0,0,0,0,0,1,0,0,250000000,275000000.0,30,25000000.0,9.090909090909092,5.0,161111111.1111111,196944444.44444445,33.333333333333336,3611.777777777778,1
47,0,1,0,0,0,0,0,0,0,0,0,0,0,0,0,0,0,0,0,0,1,0,0,0,0,400000000,480000000.0,60,80000000.0,16.666666666666664,6.0,227272727.27272728,267818181.8181818,31.363636363636363,3609.818181818182,3
42,0,1,0,0,0,0,0,0,0,0,0,0,0,0,0,0,0,0,1,0,1,0,0,0,0,200000000,222500000.0,15,22500000.0,10.112359550561797,4.0,128571428.57142857,155642857.14285713,25.714285714285715,3608.285714285714,0
38,0,1,0,0,0,0,0,0,0,0,0,1,0,0,0,0,0,0,0,1,0,0,0,0,0,300000000,345000000.0,30,45000000.0,13.043478260869565,5.0,200000000.0,226222222.2222222,20.0,3614.222222222222,1
46,0,1,0,0,0,0,0,0,0,0,1,0,0,0,0,0,0,0,0,0,1,0,0,0,0,100000000,130000000.0,30,30000000.0,23.07692307692308,1.0,100000000.0,130000000.0,30.0,3668.0,1
32,0,1,0,0,0,0,0,0,0,0,0,0,0,0,0,0,0,0,0,0,1,0,0,0,0,100000000,130000000.0,30,30000000.0,23.07692307692308,1.5,100000000.0,122500000.0,22.5,3610.5,1
28,0,1,0,0,0,0,0,1,0,0,0,0,0,0,0,0,0,0,0,0,0,0,0,1,0,300000000,390000000.0,60,90000000.0,23.07692307692308,4.0,185714285.7142857,226714285.7142857,34.285714285714285,3609.714285714286,3
45,0,1,0,0,0,0,0,0,0,0,0,0,0,0,1,0,0,0,0,1,0,0,0,0,0,100000000,115000000.0,15,15000000.0,13.043478260869565,1.0,100000000.0,115000000.0,15.0,3667.0,0
33,1,0,0,0,0,0,0,1,0,0,0,0,0,0,0,0,0,0,0,0,0,0,1,0,0,500000000,550000000.0,60,50000000.0,9.090909090909092,5.5,260000000.0,305487500.0,40.5,3615.8,3
34,0,1,0,0,0,0,0,0,0,0,0,1,0,0,0,0,0,0,0,1,0,0,0,0,0,200000000,245000000.0,30,45000000.0,18.367346938775512,2.0,100000000.0,125000000.0,25.0,3608.0,1
26,0,1,0,1,0,0,0,0,0,0,0,0,0,0,0,0,0,0,0,1,0,0,0,0,0,100000000,130000000.0,30,30000000.0,23.07692307692308,1.0,100000000.0,115000000.0,15.0,3668.0,1
41,0,1,0,0,0,0,0,1,0,0,0,0,0,0,0,0,0,0,0,0,1,0,0,0,0,100000000,130000000.0,30,30000000.0,23.07692307692308,1.0,100000000.0,130000000.0,30.0,3668.0,1
41,0,1,0,0,0,0,0,1,0,0,0,0,0,0,0,0,0,0,0,1,0,0,0,0,0,300000000,390000000.0,60,90000000.0,23.07692307692308,3.5,150000000.0,182666666.66666663,27.5,3607.8333333333335,3
40,0,1,0,0,0,0,0,1,0,0,0,0,0,0,0,0,0,0,0,0,0,0,1,0,0,100000000,130000000.0,30,30000000.0,23.07692307692308,2.0,100000000.0,125000000.0,25.0,3607.6666666666665,1
37,0,1,0,0,0,0,1,0,0,0,0,0,0,0,0,0,0,0,0,0,1,0,0,0,0,100000000,115000000.0,15,15000000.0,13.043478260869565,1.0,100000000.0,115000000.0,15.0,3608.0,0
46,0,1,0,0,0,0,0,0,0,0,0,0,0,0,1,0,0,0,0,1,0,0,0,0,0,20000,24500.0,30,4500.0,18.367346938775512,2.0,100000000.0,130000000.0,30.0,4217.333333333333,4
35,0,1,0,1,0,0,0,0,0,0,0,0,0,0,0,0,0,0,0,0,1,0,0,0,0,400000000,440000000.0,30,40000000.0,9.090909090909092,4.5,200000000.0,232500000.0,26.25,3608.25,1
39,0,1,0,0,0,0,0,1,0,0,0,0,0,0,0,0,0,0,0,0,1,0,0,0,0,10000,11500.0,15,1500.0,13.043478260869565,2.5,100000000.0,122500000.0,22.5,3637.5,0
36,0,1,0,0,0,0,0,1,0,0,0,0,0,0,0,0,0,0,0,0,1,0,0,0,0,100000000,115000000.0,15,15000000.0,13.043478260869565,1.0,100000000.0,130000000.0,30.0,3669.0,0
32,0,1,0,0,0,0,0,0,0,0,0,0,0,0,0,0,0,0,1,1,0,0,0,0,0,10000,13000.0,30,3000.0,23.07692307692308,1.0,100000000.0,130000000.0,30.0,3668.0,1
40,1,0,0,0,0,0,0,1,0,0,0,0,0,0,0,0,0,0,0,0,0,0,0,1,0,40000,44000.0,30,4000.0,9.090909090909092,6.0,245454545.45454547,276545454.54545456,24.545454545454547,3615.181818181818,1
43,0,1,0,0,0,0,0,1,0,0,0,0,0,0,0,0,0,0,0,0,1,0,0,0,0,100000000,115000000.0,15,15000000.0,13.043478260869565,1.0,100000000.0,115000000.0,15.0,3670.0,0
35,0,1,0,0,0,0,0,1,0,0,0,0,0,0,0,0,0,0,0,0,1,0,0,0,0,100000000,115000000.0,15,15000000.0,13.043478260869565,1.0,100000000.0,115000000.0,15.0,3671.0,0
37,1,0,0,0,0,0,0,1,0,0,0,0,0,0,0,0,0,0,0,0,0,0,1,0,0,300000000,345000000.0,30,45000000.0,13.043478260869565,3.0,150000000.0,174750000.0,24.0,3611.4,1
31,0,1,0,0,0,0,0,1,0,0,0,0,0,0,0,0,0,0,0,0,1,0,0,0,0,100000000,130000000.0,30,30000000.0,23.07692307692308,1.0,100000000.0,130000000.0,30.0,3614.0,1
29,0,1,0,0,0,0,0,1,0,0,0,0,0,0,0,0,0,0,0,0,1,0,0,0,0,10000,11500.0,15,1500.0,13.043478260869565,1.5,100000000.0,122500000.0,22.5,3636.5,0
49,0,1,0,0,0,0,0,1,0,0,0,0,0,0,0,0,0,0,0,1,0,0,0,0,0,100000000,130000000.0,30,30000000.0,23.07692307692308,1.0,100000000.0,115000000.0,15.0,3668.0,1
39,1,0,1,0,0,0,0,0,0,0,0,0,0,0,0,0,0,0,0,0,1,0,0,0,0,300000000,345000000.0,30,45000000.0,13.043478260869565,6.0,245454545.45454547,286818181.8181818,34.09090909090909,3608.727272727273,1
32,0,1,0,0,0,0,0,1,0,0,0,0,0,0,0,0,0,0,0,0,1,0,0,0,0,100000000,115000000.0,15,15000000.0,13.043478260869565,1.0,100000000.0,115000000.0,15.0,3668.0,0
30,0,1,0,0,0,0,0,1,0,0,0,0,0,0,0,0,0,0,0,0,0,0,0,1,0,100000000,130000000.0,30,30000000.0,23.07692307692308,1.0,100000000.0,130000000.0,30.0,3615.0,1
33,0,1,0,0,0,0,0,0,0,0,1,0,0,0,0,0,0,0,0,0,1,0,0,0,0,100000000,130000000.0,30,30000000.0,23.07692307692308,1.0,100000000.0,130000000.0,30.0,3671.0,1
31,0,1,0,0,0,0,0,0,0,0,0,0,0,0,1,0,0,0,0,0,1,0,0,0,0,100000000,130000000.0,30,30000000.0,23.07692307692308,1.5,100000000.0,122500000.0,22.5,3623.5,1
38,0,1,0,0,0,0,0,1,0,0,0,0,0,0,0,0,0,0,0,0,1,0,0,0,0,200000000,245000000.0,30,45000000.0,18.367346938775512,3.0,110000000.0,124625000.0,15.0,3607.4,1
43,0,1,0,0,0,0,0,1,0,0,0,0,0,0,0,0,0,0,0,0,1,0,0,0,0,100000000,115000000.0,15,15000000.0,13.043478260869565,1.0,100000000.0,130000000.0,30.0,3668.0,0
35,0,1,0,0,0,0,0,0,0,0,0,0,0,0,1,0,0,0,0,0,1,0,0,0,0,20000,24500.0,30,4500.0,18.367346938775512,3.0,120000000.0,143900000.0,21.0,3625.0,1
29,0,1,0,0,0,0,0,1,0,0,0,0,0,0,0,0,0,0,0,0,1,0,0,0,0,10000,13000.0,30,3000.0,23.07692307692308,1.0,100000000.0,130000000.0,30.0,3620.0,1
49,1,0,0,0,0,0,0,1,0,0,0,0,0,0,0,0,0,0,0,0,0,0,1,0,0,500000000,525000000.0,30,25000000.0,4.761904761904762,10.0,276315789.4736842,311894736.84210527,28.42105263157895,3699.7894736842095,1
33,0,1,0,0,0,0,0,1,0,0,0,0,0,0,0,0,0,0,0,0,1,0,0,0,0,100000000,115000000.0,15,15000000.0,13.043478260869565,1.0,100000000.0,130000000.0,30.0,3670.0,0
39,0,1,0,0,0,0,0,0,0,0,0,0,0,0,1,0,0,0,0,0,1,0,0,0,0,400000000,480000000.0,60,80000000.0,16.666666666666664,5.0,177777777.7777778,216083333.3333333,30.0,3607.8888888888887,3
39,0,1,0,0,0,0,0,0,0,0,0,0,0,0,0,0,0,0,1,0,0,0,1,0,0,300000000,345000000.0,30,45000000.0,13.043478260869565,3.5,150000000.0,176250000.0,20.0,3618.6666666666665,1
43,0,1,0,0,0,0,0,1,0,0,0,0,0,0,0,0,0,0,0,0,1,0,0,0,0,100000000,130000000.0,30,30000000.0,23.07692307692308,1.0,100000000.0,130000000.0,30.0,3668.0,1
32,0,1,0,1,0,0,0,0,0,0,0,0,0,0,0,0,0,0,0,1,0,0,0,0,0,100000000,130000000.0,30,30000000.0,23.07692307692308,1.5,100000000.0,130000000.0,30.0,3636.5,1
35,0,1,1,0,0,0,0,0,0,0,0,0,0,0,0,0,0,0,0,0,1,0,0,0,0,200000000,245000000.0,30,45000000.0,18.367346938775512,2.0,100000000.0,120000000.0,20.0,3627.0,1
39,0,1,0,0,0,0,0,0,0,0,0,0,0,0,1,0,0,0,0,0,1,0,0,0,0,400000000,480000000.0,60,80000000.0,16.666666666666664,5.0,177777777.7777778,216083333.3333333,30.0,3607.8888888888887,3
31,0,1,1,0,0,0,0,0,0,0,0,0,0,0,0,0,0,0,0,0,1,0,0,0,0,100000000,130000000.0,30,30000000.0,23.07692307692308,1.0,100000000.0,130000000.0,30.0,3668.0,1
44,0,1,0,0,0,0,0,1,0,0,0,0,0,0,0,0,0,0,0,0,1,0,0,0,0,100000000,130000000.0,30,30000000.0,23.07692307692308,1.0,100000000.0,130000000.0,30.0,3668.0,1
34,1,0,0,0,0,0,0,1,0,0,0,0,0,0,0,0,0,0,0,0,1,0,0,0,0,300000000,390000000.0,60,90000000.0,23.07692307692308,5.0,177777777.7777778,212166666.66666663,28.33333333333333,3608.8888888888887,3
38,0,1,0,0,0,0,0,1,0,0,0,0,0,0,0,0,0,0,0,0,1,0,0,0,0,10000,12250.0,30,2250.0,18.367346938775512,3.0,100000000.0,127000000.0,30.0,3619.6,1
29,0,1,0,0,0,0,0,0,0,0,0,0,0,0,0,0,0,0,1,0,1,0,0,0,0,100000000,115000000.0,15,15000000.0,13.043478260869565,2.5,100000000.0,125312500.0,26.25,3608.0,0
42,0,1,0,0,0,0,0,1,0,0,0,0,0,0,0,0,0,0,0,0,1,0,0,0,0,100000000,130000000.0,30,30000000.0,23.07692307692308,1.5,100000000.0,130000000.0,30.0,3608.5,1
39,1,0,0,0,0,0,1,0,0,0,0,0,0,0,0,0,0,0,0,0,0,0,1,0,0,100000000,130000000.0,30,30000000.0,23.07692307692308,1.5,100000000.0,130000000.0,30.0,3635.0,1
39,0,1,0,0,0,0,0,0,0,0,0,0,0,0,0,0,0,0,0,1,0,0,0,0,0,200000000,245000000.0,30,45000000.0,18.367346938775512,3.0,120000000.0,140250000.0,18.0,3607.4,1
39,0,1,0,0,0,0,0,0,0,0,0,0,0,0,0,0,0,0,1,0,1,0,0,0,0,100000000,115000000.0,15,15000000.0,13.043478260869565,1.0,100000000.0,115000000.0,15.0,3667.0,0
37,0,1,0,0,0,0,0,1,0,0,0,0,0,0,0,0,0,0,0,0,1,0,0,0,0,100000000,115000000.0,15,15000000.0,13.043478260869565,1.0,100000000.0,115000000.0,15.0,3668.0,0
32,0,1,0,0,0,0,1,0,0,0,0,0,0,0,0,0,0,0,0,0,1,0,0,0,0,40000,44000.0,30,4000.0,9.090909090909092,7.0,273076923.0769231,314673076.9230769,30.0,3614.538461538461,1
50,1,0,1,0,0,0,0,0,0,0,0,0,0,0,0,0,0,0,0,0,1,0,0,0,0,300000000,345000000.0,30,45000000.0,13.043478260869565,6.0,181818181.8181818,220818181.8181818,30.0,5903.818181818182,5
43,0,1,0,0,0,0,0,1,0,0,0,0,0,0,0,0,0,0,0,0,1,0,0,0,0,200000000,245000000.0,30,45000000.0,18.367346938775512,4.0,128571428.57142857,152142857.14285713,19.285714285714285,3618.571428571429,1
57,1,0,0,0,0,0,1,0,0,0,0,0,0,0,0,0,0,0,0,0,0,0,1,0,0,400000000,480000000.0,60,80000000.0,16.666666666666664,5.5,230000000.0,279600000.0,42.0,3615.6,3
33,1,0,0,0,0,0,1,0,0,0,0,0,0,0,0,0,0,0,0,0,0,0,1,0,0,400000000,440000000.0,30,40000000.0,9.090909090909092,6.5,275000000.0,313250000.0,28.75,3614.1666666666665,1
46,0,1,0,0,0,0,1,0,0,0,0,0,0,0,0,0,0,0,0,0,1,0,0,0,0,400000000,480000000.0,60,80000000.0,16.666666666666664,5.0,238888888.8888889,287416666.6666667,40.0,3612.8888888888887,3
34,0,1,0,0,0,0,0,1,0,0,0,0,0,0,0,0,0,0,0,1,0,0,0,0,0,300000000,345000000.0,30,45000000.0,13.043478260869565,4.0,171428571.42857143,195571428.57142857,19.285714285714285,3624.285714285714,1
36,0,1,0,0,0,0,0,0,0,0,0,1,0,0,0,0,0,0,0,0,1,0,0,0,0,100000000,115000000.0,15,15000000.0,13.043478260869565,1.5,100000000.0,115000000.0,15.0,3608.0,0
35,0,1,0,0,0,0,0,0,0,0,0,0,0,0,0,0,0,0,1,0,1,0,0,0,0,100000000,130000000.0,30,30000000.0,23.07692307692308,1.0,100000000.0,115000000.0,15.0,3668.0,1
36,0,1,0,1,0,0,0,0,0,0,0,0,0,0,0,0,0,0,0,1,0,0,0,0,0,100000000,130000000.0,30,30000000.0,23.07692307692308,1.0,100000000.0,130000000.0,30.0,3668.0,1
47,1,0,1,0,0,0,0,0,0,0,0,0,0,0,0,0,0,0,0,0,0,0,1,0,0,200000000,215000000.0,15,15000000.0,6.976744186046512,4.5,162500000.0,179812500.0,15.0,3616.125,0
33,0,1,0,0,0,0,0,0,0,0,1,0,0,0,0,0,0,0,0,1,0,0,0,0,0,300000000,345000000.0,30,45000000.0,13.043478260869565,4.5,187500000.0,226625000.0,31.875,3612.125,1
36,0,1,0,0,0,0,0,1,0,0,0,0,0,0,0,0,0,0,0,0,1,0,0,0,0,100000000,115000000.0,15,15000000.0,13.043478260869565,1.0,100000000.0,115000000.0,15.0,3668.0,0
40,0,1,0,0,0,0,0,0,0,0,0,0,0,0,1,0,0,0,0,0,1,0,0,0,0,100000000,115000000.0,15,15000000.0,13.043478260869565,1.0,100000000.0,130000000.0,30.0,3669.0,0
28,0,1,0,0,0,0,0,0,0,0,0,0,0,0,0,0,0,0,1,0,0,0,0,1,0,300000000,390000000.0,60,90000000.0,23.07692307692308,4.5,187500000.0,232750000.0,37.5,3608.875,3
33,1,0,0,0,0,0,0,0,0,0,0,0,0,0,1,0,0,0,0,0,1,0,0,0,0,300000000,390000000.0,60,90000000.0,23.07692307692308,5.0,233333333.3333333,280111111.1111111,38.333333333333336,3617.444444444444,3
39,0,1,0,0,0,0,1,0,0,0,0,0,0,0,0,0,0,0,0,0,1,0,0,0,0,100000000,130000000.0,30,30000000.0,23.07692307692308,1.0,100000000.0,115000000.0,15.0,3613.0,1
41,1,0,1,0,0,0,0,0,0,0,0,0,0,0,0,0,0,0,0,0,1,0,0,0,0,500000000,525000000.0,30,25000000.0,4.761904761904762,7.0,269230769.2307692,304807692.3076923,26.53846153846154,3609.769230769231,1
38,0,1,0,0,0,0,0,1,0,0,0,0,0,0,0,0,0,0,0,0,0,0,0,1,0,10000,13000.0,30,3000.0,23.07692307692308,2.5,100000000.0,130000000.0,30.0,4833.25,4
60,0,1,0,0,0,0,0,1,0,0,0,0,0,0,0,0,0,0,0,1,0,0,0,0,0,20000,24500.0,30,4500.0,18.367346938775512,2.0,100000000.0,125000000.0,25.0,3607.3333333333335,1
45,1,0,0,0,0,0,1,0,0,0,0,0,0,0,0,0,0,0,0,0,0,0,1,0,0,30000,34500.0,30,4500.0,13.043478260869565,3.5,183333333.3333333,221000000.0,30.0,3620.6666666666665,1
43,0,1,0,0,0,0,0,1,0,0,0,0,0,0,0,0,0,0,0,1,0,0,0,0,0,100000000,130000000.0,30,30000000.0,23.07692307692308,1.0,100000000.0,115000000.0,15.0,3618.0,1
35,0,1,0,0,0,0,0,1,0,0,0,0,0,0,0,0,0,0,0,0,1,0,0,0,0,100000000,130000000.0,30,30000000.0,23.07692307692308,1.5,100000000.0,115000000.0,15.0,3638.0,1
36,1,0,0,0,0,0,0,1,0,0,0,0,0,0,0,0,0,0,0,0,0,0,1,0,0,20000,23000.0,30,3000.0,13.043478260869565,5.0,133333333.33333331,160055555.55555555,26.666666666666668,3608.3333333333335,1
36,0,1,0,0,0,0,0,0,0,0,0,0,0,0,0,0,0,0,1,0,1,0,0,0,0,200000000,245000000.0,30,45000000.0,18.367346938775512,2.5,125000000.0,158750000.0,30.0,3622.0,1
37,1,0,0,0,0,0,0,0,0,0,0,0,0,0,0,0,0,0,1,0,0,0,1,0,0,300000000,345000000.0,30,45000000.0,13.043478260869565,5.0,144444444.44444445,178666666.66666666,28.33333333333333,3610.444444444444,1
35,0,1,0,0,0,0,0,0,0,0,0,0,0,0,0,0,0,0,0,0,1,0,0,0,0,10000,13000.0,30,3000.0,23.07692307692308,2.0,100000000.0,130000000.0,30.0,3648.6666666666665,1
36,0,1,0,0,0,0,0,1,0,0,0,0,0,0,0,0,0,0,0,0,1,0,0,0,0,10000,13000.0,30,3000.0,23.07692307692308,1.0,100000000.0,130000000.0,30.0,3612.0,1
31,0,1,1,0,0,0,0,0,0,0,0,0,0,0,0,0,0,0,0,0,1,0,0,0,0,100000000,130000000.0,30,30000000.0,23.07692307692308,3.0,100000000.0,121000000.0,21.0,3620.4,1
35,0,1,0,0,0,0,1,0,0,0,0,0,0,0,0,0,0,0,0,0,1,0,0,0,0,10000,13000.0,30,3000.0,23.07692307692308,3.5,100000000.0,120000000.0,20.0,3611.8333333333335,1
33,1,0,0,0,0,0,0,1,0,0,0,0,0,0,0,0,0,0,0,0,1,0,0,0,0,100000000,130000000.0,30,30000000.0,23.07692307692308,3.0,100000000.0,124000000.0,24.0,3609.6,1
27,0,1,0,0,0,0,0,1,0,0,0,0,0,0,0,0,0,0,0,0,0,0,0,1,0,100000000,115000000.0,30,15000000.0,13.043478260869565,3.0,120000000.0,135600000.0,15.0,3609.2,1
33,0,1,0,0,0,0,0,0,0,0,0,0,0,0,0,0,0,0,0,0,1,0,0,0,0,100000000,130000000.0,30,30000000.0,23.07692307692308,1.5,100000000.0,130000000.0,30.0,3609.5,1
29,0,1,1,0,0,0,0,0,0,0,0,0,0,0,0,0,0,0,0,0,1,0,0,0,0,100000000,130000000.0,30,30000000.0,23.07692307692308,1.5,100000000.0,130000000.0,30.0,3638.0,1
31,0,1,0,0,0,0,1,0,0,0,0,0,0,0,0,0,0,0,0,0,1,0,0,0,0,200000000,245000000.0,30,45000000.0,18.367346938775512,1.5,100000000.0,122500000.0,22.5,3609.0,1
36,1,0,0,0,0,0,0,1,0,0,0,0,0,0,0,0,0,0,0,0,1,0,0,0,0,400000000,440000000.0,30,40000000.0,9.090909090909092,6.5,232500000.0,262458333.3333333,22.5,3609.75,1
31,0,1,0,0,0,0,0,1,0,0,0,0,0,0,0,0,0,0,0,0,1,0,0,0,0,300000000,345000000.0,30,45000000.0,13.043478260869565,3.5,158333333.33333334,185833333.3333333,22.5,3610.0,1
42,0,1,0,1,0,0,0,0,0,0,0,0,0,0,0,0,0,0,0,1,0,0,0,0,0,100000000,130000000.0,30,30000000.0,23.07692307692308,1.5,100000000.0,122500000.0,22.5,3636.5,1
40,0,1,1,0,0,0,0,0,0,0,0,0,0,0,0,0,0,0,0,1,0,0,0,0,0,100000000,130000000.0,30,30000000.0,23.07692307692308,1.0,100000000.0,130000000.0,30.0,3668.0,1
37,0,1,0,0,0,0,0,0,0,0,0,0,0,0,0,0,0,0,1,0,1,0,0,0,0,100000000,130000000.0,30,30000000.0,23.07692307692308,1.0,100000000.0,130000000.0,30.0,3668.0,1
36,1,0,0,0,0,0,0,0,0,0,0,0,0,0,0,0,0,0,0,0,1,0,0,0,0,400000000,440000000.0,30,40000000.0,9.090909090909092,7.0,207692307.69230768,239884615.3846154,27.692307692307693,3608.4615384615386,1
30,0,1,0,0,0,0,0,1,0,0,0,0,0,0,0,0,0,0,0,0,1,0,0,0,0,100000000,130000000.0,30,30000000.0,23.07692307692308,1.0,100000000.0,130000000.0,30.0,3611.0,1
38,0,1,0,0,0,0,0,1,0,0,0,0,0,0,0,0,0,0,0,1,0,0,0,0,0,100000000,130000000.0,30,30000000.0,23.07692307692308,1.0,100000000.0,130000000.0,30.0,3669.0,1
31,0,1,0,0,0,0,0,0,0,0,0,0,0,0,1,0,0,0,0,0,1,0,0,0,0,100000000,130000000.0,30,30000000.0,23.07692307692308,1.5,100000000.0,130000000.0,30.0,3610.5,1
35,0,1,0,0,0,0,0,1,0,0,0,0,0,0,0,0,0,0,0,0,1,0,0,0,0,100000000,130000000.0,30,30000000.0,23.07692307692308,1.5,100000000.0,130000000.0,30.0,3608.5,1
43,0,1,0,0,0,0,0,1,0,0,0,0,0,0,0,0,0,0,0,0,0,0,1,0,0,600000000,681000000.0,90,81000000.0,11.894273127753303,6.5,325000000.0,380333333.3333333,52.5,3609.25,2
32,0,1,0,0,0,0,0,0,0,0,0,1,0,0,0,0,0,0,0,0,1,0,0,0,0,100000000,130000000.0,30,30000000.0,23.07692307692308,1.0,100000000.0,130000000.0,30.0,3668.0,1
30,0,1,0,0,0,0,1,0,0,0,0,0,0,0,0,0,0,0,0,1,0,0,0,0,0,300000000,390000000.0,60,90000000.0,23.07692307692308,2.5,112500000.0,137812500.0,26.25,3607.25,3
30,0,1,0,0,0,0,0,1,0,0,0,0,0,0,0,0,0,0,0,0,1,0,0,0,0,200000000,222500000.0,15,22500000.0,10.112359550561797,2.0,100000000.0,115000000.0,15.0,3608.6666666666665,0
36,1,0,0,0,0,0,0,1,0,0,0,0,0,0,0,0,0,0,0,0,0,0,1,0,0,20000,24500.0,30,4500.0,18.367346938775512,3.0,90000000.0,110900000.0,24.0,3633.6,1
41,0,1,0,0,0,0,0,0,0,0,0,0,0,0,1,0,0,0,0,1,0,0,0,0,0,200000000,245000000.0,30,45000000.0,18.367346938775512,2.5,125000000.0,151250000.0,22.5,3621.25,1
42,0,1,0,0,0,0,0,0,0,0,0,0,0,0,0,0,0,0,0,0,1,0,0,0,0,100000000,130000000.0,30,30000000.0,23.07692307692308,1.5,100000000.0,130000000.0,30.0,3637.5,1
34,0,1,0,0,0,0,1,0,0,0,0,0,0,0,0,0,0,0,0,0,1,0,0,0,0,200000000,245000000.0,30,45000000.0,18.367346938775512,2.0,100000000.0,120000000.0,20.0,3607.3333333333335,1
33,1,0,0,0,0,0,0,1,0,0,0,0,0,0,0,0,0,0,0,0,0,0,1,0,0,300000000,345000000.0,30,45000000.0,13.043478260869565,4.0,200000000.0,236000000.0,27.857142857142858,3609.142857142857,1
44,0,1,0,0,0,0,0,0,0,0,0,0,0,0,1,0,0,0,0,1,0,0,0,0,0,30000,34500.0,30,4500.0,13.043478260869565,5.0,183333333.3333333,209944444.44444445,21.666666666666668,3608.0,1
37,1,0,0,0,0,0,1,0,0,0,0,0,0,0,0,0,0,0,0,0,1,0,0,0,0,10000,13000.0,30,3000.0,23.07692307692308,1.5,100000000.0,130000000.0,30.0,3609.0,1
46,1,0,0,0,0,0,1,0,0,0,0,0,0,0,0,0,0,0,0,0,0,0,1,0,0,300000000,345000000.0,30,45000000.0,13.043478260869565,6.0,181818181.8181818,220181818.1818182,30.0,3615.0,1
41,0,1,0,0,0,0,0,0,0,0,0,0,0,0,1,0,0,0,0,0,1,0,0,0,0,200000000,245000000.0,30,45000000.0,18.367346938775512,2.5,125000000.0,158750000.0,30.0,3622.75,1
37,1,0,0,0,0,0,0,0,0,0,0,0,0,0,1,0,0,0,0,0,0,0,1,0,0,200000000,245000000.0,30,45000000.0,18.367346938775512,3.5,150000000.0,183833333.3333333,27.5,3609.0,1
35,0,1,0,0,0,0,0,1,0,0,0,0,0,0,0,0,0,0,0,0,1,0,0,0,0,100000000,115000000.0,15,15000000.0,13.043478260869565,1.0,100000000.0,115000000.0,15.0,3667.0,0
36,0,1,0,0,0,0,0,1,0,0,0,0,0,0,0,0,0,0,0,0,1,0,0,0,0,100000000,115000000.0,15,15000000.0,13.043478260869565,1.0,100000000.0,115000000.0,15.0,3668.0,0
34,0,1,0,0,0,0,0,1,0,0,0,0,0,0,0,0,0,0,0,0,1,0,0,0,0,100000000,115000000.0,15,15000000.0,13.043478260869565,1.5,100000000.0,115000000.0,15.0,3638.0,0
34,0,1,0,0,0,0,0,1,0,0,0,0,0,0,0,0,0,0,0,0,1,0,0,0,0,300000000,345000000.0,30,45000000.0,13.043478260869565,6.0,127272727.27272728,143818181.8181818,16.363636363636363,3607.363636363637,1
32,0,1,0,0,0,0,0,1,0,0,0,0,0,0,0,0,0,0,0,0,1,0,0,0,0,200000000,240000000.0,30,40000000.0,16.666666666666664,2.5,100000000.0,118750000.0,18.75,4486.0,4
33,0,1,0,0,0,0,0,0,0,0,0,0,0,0,0,0,0,0,0,0,1,0,0,0,0,100000000,130000000.0,30,30000000.0,23.07692307692308,1.0,100000000.0,130000000.0,30.0,3669.0,1
39,1,0,0,0,0,0,1,0,0,0,0,0,0,0,0,0,0,0,0,0,1,0,0,0,0,300000000,345000000.0,30,45000000.0,13.043478260869565,4.5,162500000.0,192625000.0,24.375,3609.125,1
42,0,1,0,0,0,0,0,1,0,0,0,0,0,0,0,0,0,0,0,0,1,0,0,0,0,200000000,245000000.0,30,45000000.0,18.367346938775512,2.0,100000000.0,115000000.0,15.0,3628.0,1
52,0,1,0,0,0,0,0,1,0,0,0,0,0,0,0,0,0,0,0,0,1,0,0,0,0,10000,11000.0,15,1000.0,9.090909090909092,1.0,100000000.0,115000000.0,15.0,3668.0,0
42,0,1,0,0,0,0,0,1,0,0,0,0,0,0,0,0,0,0,0,0,1,0,0,0,0,200000000,222500000.0,15,22500000.0,10.112359550561797,1.5,100000000.0,115000000.0,15.0,3610.0,0
31,0,1,0,0,0,0,1,0,0,0,0,0,0,0,0,0,0,0,0,0,1,0,0,0,0,10000,13000.0,30,3000.0,23.07692307692308,1.0,100000000.0,115000000.0,15.0,3608.0,1
38,0,1,0,0,0,0,0,0,0,0,1,0,0,0,0,0,0,0,0,0,1,0,0,0,0,100000000,130000000.0,30,30000000.0,23.07692307692308,1.0,100000000.0,130000000.0,30.0,3608.0,1
36,1,0,0,0,0,0,0,1,0,0,0,0,0,0,0,0,0,0,0,0,0,0,1,0,0,50000,57500.0,90,7500.0,13.043478260869565,4.5,275000000.0,333750000.0,48.75,3608.875,2
34,0,1,0,0,0,0,0,0,0,0,0,0,0,0,0,0,0,0,0,1,0,0,0,0,0,100000000,130000000.0,30,30000000.0,23.07692307692308,1.5,100000000.0,130000000.0,30.0,3637.0,1
28,0,1,0,0,1,0,0,0,0,0,0,0,0,0,0,0,0,0,0,0,1,0,0,0,0,100000000,130000000.0,30,30000000.0,23.07692307692308,1.5,100000000.0,130000000.0,30.0,3610.5,1
38,1,0,0,0,0,0,0,1,0,0,0,0,0,0,0,0,0,0,0,0,0,0,1,0,0,400000000,440000000.0,30,40000000.0,9.090909090909092,6.5,275000000.0,318333333.3333333,32.5,3610.25,1
40,0,1,0,0,0,1,0,0,0,0,0,0,0,0,0,0,0,0,0,0,1,0,0,0,0,100000000,115000000.0,15,15000000.0,13.043478260869565,1.5,100000000.0,122500000.0,22.5,3637.5,0
37,0,1,0,0,0,0,0,0,0,0,0,0,0,0,0,0,0,0,0,0,1,0,0,0,0,400000000,440000000.0,30,40000000.0,9.090909090909092,5.5,200000000.0,230300000.0,25.5,3615.9,1
32,1,0,0,0,0,0,0,1,0,0,0,0,0,0,0,0,0,0,0,0,0,0,1,0,0,150000000,165000000.0,30,15000000.0,9.090909090909092,5.5,200000000.0,238900000.0,33.0,3610.6,1
46,1,0,0,0,0,0,0,1,0,0,0,0,0,0,0,0,0,0,0,0,1,0,0,0,0,400000000,440000000.0,30,40000000.0,9.090909090909092,6.5,250000000.0,288250000.0,27.5,3614.25,1
41,0,1,0,0,0,0,0,0,0,0,0,0,0,0,0,0,0,0,1,0,1,0,0,0,0,100000000,130000000.0,30,30000000.0,23.07692307692308,1.5,100000000.0,130000000.0,30.0,3638.0,1
36,1,0,0,0,0,0,0,1,0,0,0,0,0,0,0,0,0,0,0,0,1,0,0,0,0,400000000,440000000.0,30,40000000.0,9.090909090909092,5.0,222222222.2222222,259222222.2222222,30.0,3612.1111111111113,1
33,0,1,0,0,0,0,0,1,0,0,0,0,0,0,0,0,0,0,0,0,1,0,0,0,0,10000,11500.0,15,1500.0,13.043478260869565,1.0,100000000.0,115000000.0,15.0,3668.0,0
32,0,1,0,0,0,0,1,0,0,0,0,0,0,0,0,0,0,0,0,0,1,0,0,0,0,100000000,130000000.0,30,30000000.0,23.07692307692308,1.0,100000000.0,130000000.0,30.0,3613.0,1
47,0,1,0,0,0,0,0,0,0,0,0,0,0,0,0,0,0,0,0,1,0,0,0,0,0,100000000,130000000.0,30,30000000.0,23.07692307692308,1.0,100000000.0,130000000.0,30.0,3668.0,1
33,0,1,0,0,0,1,0,0,0,0,0,0,0,0,0,0,0,0,0,0,1,0,0,0,0,20000,24500.0,30,4500.0,18.367346938775512,2.0,133333333.33333331,166666666.66666666,30.0,3608.6666666666665,1
40,0,1,0,0,0,0,0,0,0,0,0,0,0,0,0,0,0,0,0,0,1,0,0,0,0,100000000,130000000.0,30,30000000.0,23.07692307692308,1.0,100000000.0,130000000.0,30.0,3607.0,1
31,0,1,0,0,0,0,0,1,0,0,0,0,0,0,0,0,0,0,0,0,1,0,0,0,0,100000000,130000000.0,30,30000000.0,23.07692307692308,1.5,100000000.0,130000000.0,30.0,4041.5,1
29,0,1,0,0,0,0,0,0,0,0,0,0,0,0,0,0,0,0,0,0,1,0,0,0,0,100000000,130000000.0,30,30000000.0,23.07692307692308,1.0,100000000.0,130000000.0,30.0,3669.0,1
40,0,0,0,0,0,0,0,1,0,0,0,0,0,0,0,0,0,0,0,0,1,0,0,0,0,200000000,245000000.0,30,45000000.0,18.367346938775512,2.0,133333333.33333331,163333333.33333334,25.0,4363.666666666667,4
37,1,0,0,0,0,0,1,0,0,0,0,0,0,0,0,0,0,0,0,0,1,0,0,0,0,200000000,245000000.0,30,45000000.0,18.367346938775512,5.0,133333333.33333331,162111111.1111111,25.0,3608.555555555556,1
37,0,1,0,0,0,0,0,0,0,0,0,0,0,0,0,0,0,0,1,0,1,0,0,0,0,100000000,130000000.0,30,30000000.0,23.07692307692308,1.5,100000000.0,130000000.0,30.0,3613.5,1
35,0,0,0,0,0,0,0,0,0,0,0,0,0,0,1,0,0,0,0,0,1,0,0,0,0,200000000,245000000.0,30,45000000.0,18.367346938775512,2.0,100000000.0,130000000.0,30.0,3610.3333333333335,1
37,0,1,0,0,0,0,0,0,0,0,0,0,0,0,0,0,0,0,0,0,1,0,0,0,0,100000000,130000000.0,30,30000000.0,23.07692307692308,1.0,100000000.0,130000000.0,30.0,3669.0,1
37,0,1,0,0,0,0,0,0,0,0,1,0,0,0,0,0,0,0,0,0,0,0,1,0,0,400000000,480000000.0,60,80000000.0,16.666666666666664,5.5,260000000.0,315900000.0,45.0,3618.2,3
30,0,1,0,0,0,0,0,1,0,0,0,0,0,0,0,0,0,0,0,0,1,0,0,0,0,100000000,130000000.0,30,30000000.0,23.07692307692308,1.5,100000000.0,115000000.0,15.0,3637.5,1
31,0,1,1,0,0,0,0,0,0,0,0,0,0,0,0,0,0,0,0,0,1,0,0,0,0,100000000,115000000.0,15,15000000.0,13.043478260869565,1.0,100000000.0,130000000.0,30.0,3613.0,0
43,0,1,0,0,0,0,0,1,0,0,0,0,0,0,0,0,0,0,0,0,1,0,0,0,0,200000000,245000000.0,30,45000000.0,18.367346938775512,4.0,171428571.42857143,201142857.14285716,25.714285714285715,3609.571428571429,1
29,0,1,1,0,0,0,0,0,0,0,0,0,0,0,0,0,0,0,0,0,1,0,0,0,0,100000000,130000000.0,30,30000000.0,23.07692307692308,1.0,100000000.0,130000000.0,30.0,3667.0,1
35,0,1,0,0,0,0,0,1,0,0,0,0,0,0,0,0,0,0,0,0,1,0,0,0,0,10000,11500.0,15,1500.0,13.043478260869565,1.0,100000000.0,130000000.0,30.0,3614.0,0
30,0,1,0,0,0,0,0,1,0,0,0,0,0,0,0,0,0,0,0,0,1,0,0,0,0,100000000,115000000.0,15,15000000.0,13.043478260869565,1.0,100000000.0,115000000.0,15.0,3668.0,0
42,0,1,0,0,0,0,1,0,0,0,0,0,0,0,0,0,0,0,0,1,0,0,0,0,0,100000000,130000000.0,30,30000000.0,23.07692307692308,1.5,100000000.0,130000000.0,30.0,3637.5,1
33,0,1,0,0,0,0,0,1,0,0,0,0,0,0,0,0,0,0,0,0,1,0,0,0,0,200000000,222500000.0,15,22500000.0,10.112359550561797,2.5,112500000.0,135937500.0,22.5,3607.25,0
31,0,1,0,0,0,0,0,0,0,0,0,0,0,0,0,0,0,0,0,0,1,0,0,0,0,100000000,130000000.0,30,30000000.0,23.07692307692308,1.5,100000000.0,130000000.0,30.0,3609.0,1
39,0,1,0,1,0,0,0,0,0,0,0,0,0,0,0,0,0,0,0,0,1,0,0,0,0,100000000,130000000.0,30,30000000.0,23.07692307692308,1.5,100000000.0,130000000.0,30.0,3637.5,1
39,0,1,0,0,0,0,0,1,0,0,0,0,0,0,0,0,0,0,0,1,0,0,0,0,0,100000000,130000000.0,30,30000000.0,23.07692307692308,1.0,100000000.0,130000000.0,30.0,3668.0,1
37,0,1,0,0,0,0,0,1,0,0,0,0,0,0,0,0,0,0,0,0,1,0,0,0,0,400000000,440000000.0,30,40000000.0,9.090909090909092,8.0,233333333.3333333,272766666.6666667,31.0,3614.0666666666666,1
35,0,0,0,0,0,0,1,0,0,0,0,0,0,0,0,0,0,0,0,0,0,0,0,0,0,300000000,360000000.0,60,60000000.0,16.666666666666664,5.5,157000000.0,179275000.0,21.0,3612.9,3
34,0,1,0,0,0,0,0,0,0,0,1,0,0,0,0,0,0,0,0,0,1,0,0,0,0,300000000,345000000.0,30,45000000.0,13.043478260869565,3.0,160000000.0,188500000.0,21.0,3607.6,1
42,0,1,0,0,0,0,0,1,0,0,0,0,0,0,0,0,0,0,0,0,1,0,0,0,0,10000,13000.0,30,3000.0,23.07692307692308,1.0,100000000.0,115000000.0,15.0,3669.0,1
45,0,1,0,0,0,0,0,0,0,0,0,0,0,0,0,0,0,0,1,0,1,0,0,0,0,10000,13000.0,30,3000.0,23.07692307692308,1.5,100000000.0,130000000.0,30.0,3697.5,1
52,0,1,0,0,0,0,0,0,0,0,0,0,0,0,0,0,0,0,1,0,1,0,0,0,0,20000,24500.0,30,4500.0,18.367346938775512,2.5,125000000.0,158750000.0,30.0,3625.0,1
46,0,1,0,0,0,0,0,0,0,0,0,0,0,0,0,0,0,0,1,0,1,0,0,0,0,10000,13000.0,30,3000.0,23.07692307692308,1.5,100000000.0,130000000.0,30.0,3641.0,1
37,0,1,0,0,0,0,0,0,0,0,0,0,0,0,0,0,0,0,1,0,1,0,0,0,0,200000000,222500000.0,15,22500000.0,10.112359550561797,2.5,125000000.0,151250000.0,22.5,3608.0,0
31,0,1,0,0,0,0,0,0,0,0,0,0,0,0,0,0,0,0,0,0,0,0,1,0,0,100000000,130000000.0,30,30000000.0,23.07692307692308,1.0,100000000.0,130000000.0,30.0,3607.0,1
48,1,0,0,0,0,0,1,0,0,0,0,0,0,0,0,0,0,0,0,0,1,0,0,0,0,100000000,115000000.0,15,15000000.0,13.043478260869565,2.0,100000000.0,115000000.0,15.0,3609.3333333333335,0
45,0,1,0,0,0,0,1,0,0,0,0,0,0,0,0,0,0,0,0,0,1,0,0,0,0,200000000,245000000.0,30,45000000.0,18.367346938775512,2.0,100000000.0,120000000.0,20.0,3627.3333333333335,1
38,0,1,1,0,0,0,0,0,0,0,0,0,0,0,0,0,0,0,0,0,1,0,0,0,0,100000000,130000000.0,30,30000000.0,23.07692307692308,1.5,100000000.0,130000000.0,30.0,3640.5,1
38,0,1,0,0,0,0,0,0,0,0,0,0,0,0,0,0,0,0,0,0,1,0,0,0,0,100000000,115000000.0,15,15000000.0,13.043478260869565,1.0,100000000.0,115000000.0,15.0,3620.0,0
29,1,0,0,0,0,0,0,1,0,0,0,0,0,0,0,0,0,0,0,0,0,0,1,0,0,300000000,345000000.0,30,45000000.0,13.043478260869565,4.0,185714285.7142857,223428571.42857143,30.0,3617.285714285714,1
33,0,1,0,0,0,0,0,0,0,0,0,0,0,0,1,0,0,0,0,0,1,0,0,0,0,200000000,245000000.0,30,45000000.0,18.367346938775512,2.0,100000000.0,130000000.0,30.0,3608.3333333333335,1
45,0,1,0,0,0,0,0,0,0,0,0,0,0,0,0,0,0,0,1,0,1,0,0,0,0,15000,16687.5,15,1687.5,10.112359550561797,5.5,170000000.0,200575000.0,25.5,3610.9,0
35,0,1,0,0,0,0,0,1,0,0,0,0,0,0,0,0,0,0,0,1,0,0,0,0,0,300000000,345000000.0,30,45000000.0,13.043478260869565,3.5,150000000.0,182666666.66666663,27.5,3618.3333333333335,1
33,1,0,0,0,0,0,0,0,0,0,0,0,0,0,0,0,0,0,1,0,1,0,0,0,0,300000000,345000000.0,30,45000000.0,13.043478260869565,3.5,150000000.0,167583333.33333334,15.0,3607.6666666666665,1
34,1,0,0,0,0,0,0,1,0,0,0,0,0,0,0,0,0,0,0,0,1,0,0,0,0,100000000,115000000.0,15,15000000.0,13.043478260869565,1.0,100000000.0,115000000.0,15.0,3668.0,0
43,0,1,0,0,0,0,0,0,0,0,0,0,0,0,0,0,0,0,0,0,1,0,0,0,0,10000,11500.0,15,1500.0,13.043478260869565,2.5,100000000.0,118750000.0,18.75,3631.0,0
41,0,1,0,0,1,0,0,0,0,0,0,0,0,0,0,0,0,0,0,0,1,0,0,0,0,10000,13000.0,30,3000.0,23.07692307692308,1.0,100000000.0,130000000.0,30.0,3620.0,1
32,0,1,0,0,0,0,0,0,0,0,1,0,0,0,0,0,0,0,0,0,1,0,0,0,0,10000,13000.0,30,3000.0,23.07692307692308,1.0,100000000.0,115000000.0,15.0,3668.0,1
38,0,1,1,0,0,0,0,0,0,0,0,0,0,0,0,0,0,0,0,0,1,0,0,0,0,20000,24500.0,30,4500.0,18.367346938775512,2.5,125000000.0,153250000.0,26.25,3610.25,1
39,0,1,0,0,0,0,0,1,0,0,0,0,0,0,0,0,0,0,0,0,0,0,1,0,0,15000,18375.0,30,3375.0,18.367346938775512,5.0,205555555.55555555,232555555.55555555,21.666666666666668,4135.0,1
33,1,0,0,0,0,0,0,1,0,0,0,0,0,0,0,0,0,0,0,0,1,0,0,0,0,10000,13000.0,30,3000.0,23.07692307692308,1.5,100000000.0,130000000.0,30.0,3608.5,1
33,0,1,0,0,0,0,0,1,0,0,0,0,0,0,0,0,0,0,0,0,1,0,0,0,0,300000000,360000000.0,60,60000000.0,16.666666666666664,5.0,261111111.1111111,296722222.2222222,26.666666666666668,3608.8888888888887,3
41,0,1,0,0,0,0,0,1,0,0,0,0,0,0,0,0,0,0,0,0,1,0,0,0,0,100000000,130000000.0,30,30000000.0,23.07692307692308,1.0,100000000.0,115000000.0,15.0,3668.0,1
47,1,0,1,0,0,0,0,0,0,0,0,0,0,0,0,0,0,0,0,0,1,0,0,0,0,20000,24500.0,30,4500.0,18.367346938775512,2.5,112500000.0,139500000.0,26.25,3609.75,1
38,0,1,0,0,0,0,0,0,0,0,0,0,0,0,0,0,0,0,1,0,1,0,0,0,0,100000000,130000000.0,30,30000000.0,23.07692307692308,1.0,100000000.0,130000000.0,30.0,3668.0,1
51,0,1,1,0,0,0,0,0,0,0,0,0,0,0,0,0,0,0,0,0,1,0,0,0,0,100000000,130000000.0,30,30000000.0,23.07692307692308,1.0,100000000.0,115000000.0,15.0,3668.0,1
52,0,1,0,0,0,0,0,0,0,0,0,0,0,0,0,0,0,0,0,0,1,0,0,0,0,20000,24500.0,30,4500.0,18.367346938775512,3.0,140000000.0,174600000.0,30.0,4872.4,4
28,0,1,0,0,0,0,0,1,0,0,0,0,0,0,0,0,0,0,0,0,1,0,0,0,0,10000,11500.0,15,1500.0,13.043478260869565,1.0,100000000.0,115000000.0,15.0,3670.0,0
39,1,0,0,0,0,0,0,0,0,0,0,0,0,0,1,0,0,0,0,0,1,0,0,0,0,20000,24500.0,30,4500.0,18.367346938775512,3.0,140000000.0,174600000.0,30.0,3609.2,1
36,0,1,1,0,0,0,0,0,0,0,0,0,0,0,0,0,0,0,0,0,1,0,0,0,0,300000000,345000000.0,30,45000000.0,13.043478260869565,4.5,137500000.0,165750000.0,28.125,3624.0,1
43,0,1,1,0,0,0,0,0,0,0,0,0,0,0,0,0,0,0,0,0,1,0,0,0,0,100000000,107500000.0,15,7500000.0,6.976744186046512,3.5,100000000.0,112416666.66666669,15.0,3617.5,0
30,0,1,0,0,0,0,0,1,0,0,0,0,0,0,0,0,0,0,0,0,1,0,0,0,0,20000,24500.0,30,4500.0,18.367346938775512,2.5,112500000.0,143437500.0,30.0,3624.25,1
27,0,1,0,0,0,0,0,1,0,0,0,0,0,0,0,0,0,0,0,1,0,0,0,0,0,10000,13000.0,30,3000.0,23.07692307692308,3.0,140000000.0,174600000.0,30.0,3619.4,1
44,0,1,0,0,0,0,0,0,0,0,0,0,0,0,0,0,0,0,1,0,1,0,0,0,0,300000000,345000000.0,30,45000000.0,13.043478260869565,2.5,132500000.0,158187500.0,26.25,3630.0,1
30,0,1,0,0,0,0,0,0,0,0,0,0,0,0,1,0,0,0,0,0,1,0,0,0,0,200000000,245000000.0,30,45000000.0,18.367346938775512,4.0,114285714.28571428,146428571.42857143,30.0,3609.571428571429,1
39,0,1,0,0,1,0,0,0,0,0,0,0,0,0,0,0,0,0,0,0,1,0,0,0,0,300000000,345000000.0,30,45000000.0,13.043478260869565,4.5,200000000.0,230875000.0,24.375,3624.625,1
32,0,1,0,0,0,0,0,0,0,0,0,1,0,0,0,0,0,0,0,0,1,0,0,0,0,100000000,130000000.0,30,30000000.0,23.07692307692308,1.0,100000000.0,130000000.0,30.0,3668.0,1
36,1,0,0,0,0,0,1,0,0,0,0,0,0,0,0,0,0,0,0,0,1,0,0,0,0,200000000,222500000.0,15,22500000.0,10.112359550561797,2.5,100000000.0,130000000.0,30.0,3610.0,0
38,0,1,0,1,0,0,0,0,0,0,0,0,0,0,0,0,0,0,0,0,1,0,0,0,0,100000000,130000000.0,30,30000000.0,23.07692307692308,1.0,100000000.0,130000000.0,30.0,3668.0,1
46,0,1,0,0,0,0,0,1,0,0,0,0,0,0,0,0,0,0,0,0,1,0,0,0,0,100000000,115000000.0,15,15000000.0,13.043478260869565,1.0,100000000.0,115000000.0,15.0,3667.0,0
36,0,1,0,0,0,0,0,1,0,0,0,0,0,0,0,0,0,0,0,0,1,0,0,0,0,150000000,166875000.0,15,16875000.0,10.112359550561797,3.0,120000000.0,135700000.0,15.0,3611.6,0
36,0,1,0,0,0,0,0,1,0,0,0,0,0,0,0,0,0,0,0,0,1,0,0,0,0,200000000,245000000.0,30,45000000.0,18.367346938775512,2.0,100000000.0,125000000.0,25.0,3608.3333333333335,1
49,0,0,0,0,0,0,1,0,0,0,0,0,0,0,0,0,0,0,0,0,1,0,0,0,0,30000,34500.0,30,4500.0,13.043478260869565,6.0,168181818.1818182,201250000.0,27.272727272727277,3619.909090909091,1
35,0,1,0,0,0,0,0,0,0,0,0,0,0,0,0,0,0,0,0,0,1,0,0,0,0,100000000,122500000.0,30,22500000.0,18.367346938775512,2.5,100000000.0,128125000.0,30.0,3625.5,1
34,0,1,0,0,0,0,0,1,0,0,0,0,0,0,0,0,0,0,0,0,1,0,0,0,0,100000000,130000000.0,30,30000000.0,23.07692307692308,1.0,100000000.0,130000000.0,30.0,3669.0,1
27,0,1,1,0,0,0,0,0,0,0,0,0,0,0,0,0,0,0,0,0,1,0,0,0,0,100000000,130000000.0,30,30000000.0,23.07692307692308,2.5,100000000.0,130000000.0,30.0,3610.75,1
52,0,1,0,0,0,0,0,1,0,0,0,0,0,0,0,0,0,0,0,0,1,0,0,0,0,100000000,130000000.0,30,30000000.0,23.07692307692308,1.0,100000000.0,130000000.0,30.0,3669.0,1
37,0,1,0,0,0,0,0,1,0,0,0,0,0,0,0,0,0,0,0,1,0,0,0,0,0,100000000,130000000.0,30,30000000.0,23.07692307692308,1.0,100000000.0,130000000.0,30.0,3668.0,1
39,0,1,0,0,0,0,0,1,0,0,0,0,0,0,0,0,0,0,0,1,0,0,0,0,0,250000000,287500000.0,30,37500000.0,13.043478260869565,3.5,133333333.33333331,150208333.33333334,15.0,3609.5,1
30,0,1,0,0,0,0,1,0,0,0,0,0,0,0,0,0,0,0,0,0,1,0,0,0,0,10000,12250.0,30,2250.0,18.367346938775512,2.0,100000000.0,130000000.0,30.0,3609.3333333333335,1
35,0,1,1,0,0,0,0,0,0,0,0,0,0,0,0,0,0,0,0,0,1,0,0,0,0,100000000,130000000.0,30,30000000.0,23.07692307692308,1.0,100000000.0,130000000.0,30.0,3613.0,1
45,0,1,0,0,1,0,0,0,0,0,0,0,0,0,0,0,0,0,0,1,0,0,0,0,0,200000000,245000000.0,30,45000000.0,18.367346938775512,2.5,125000000.0,151250000.0,22.5,3611.75,1
42,1,0,0,0,0,0,0,1,0,0,0,0,0,0,0,0,0,0,0,0,1,0,0,0,0,400000000,440000000.0,30,40000000.0,9.090909090909092,4.5,200000000.0,228437500.0,24.375,3615.25,1
38,0,1,0,0,0,0,0,1,0,0,0,0,0,0,0,0,0,0,0,0,0,0,1,0,0,100000000,130000000.0,30,30000000.0,23.07692307692308,1.0,100000000.0,130000000.0,30.0,3608.0,1
41,0,1,0,0,0,0,1,0,0,0,0,0,0,0,0,0,0,0,0,0,1,0,0,0,0,10000,13000.0,30,3000.0,23.07692307692308,1.0,100000000.0,130000000.0,30.0,3677.0,1
39,0,0,0,0,0,0,0,0,0,0,0,0,0,0,0,0,0,0,1,0,1,0,0,0,0,100000000,130000000.0,30,30000000.0,23.07692307692308,1.5,100000000.0,130000000.0,30.0,3625.0,1
28,0,1,0,0,0,0,0,0,0,0,0,0,0,0,1,0,0,0,0,0,1,0,0,0,0,100000000,115000000.0,15,15000000.0,13.043478260869565,1.0,100000000.0,115000000.0,15.0,3610.0,0
33,0,1,0,0,0,0,0,0,0,0,0,0,0,0,0,0,0,0,0,0,1,0,0,0,0,250000000,287500000.0,30,37500000.0,13.043478260869565,3.0,140000000.0,158000000.0,15.0,4175.2,1
35,0,1,1,0,0,0,0,0,0,0,0,0,0,0,0,0,0,0,0,0,1,0,0,0,0,200000000,245000000.0,30,45000000.0,18.367346938775512,1.5,100000000.0,122500000.0,22.5,3611.0,1
33,0,1,0,0,0,0,0,1,0,0,0,0,0,0,0,0,0,0,0,0,1,0,0,0,0,20000,24500.0,30,4500.0,18.367346938775512,2.0,100000000.0,130000000.0,30.0,3628.3333333333335,1
34,0,1,0,0,0,0,0,1,0,0,0,0,0,0,0,0,0,0,0,0,1,0,0,0,0,300000000,345000000.0,30,45000000.0,13.043478260869565,3.5,150000000.0,183833333.3333333,27.5,3609.5,1
33,0,1,0,0,0,0,0,1,0,0,0,0,0,0,0,0,0,0,0,1,0,0,0,0,0,300000000,345000000.0,30,45000000.0,13.043478260869565,4.0,185714285.7142857,222285714.2857143,30.0,3609.142857142857,1
43,1,0,0,1,0,0,0,0,0,0,0,0,0,0,0,0,0,0,0,0,0,0,1,0,0,200000000,245000000.0,30,45000000.0,18.367346938775512,1.5,100000000.0,122500000.0,22.5,3639.0,1
52,0,1,0,0,0,0,0,0,0,0,0,0,0,0,1,0,0,0,0,0,1,0,0,0,0,200000000,245000000.0,30,45000000.0,18.367346938775512,3.5,133333333.33333331,164666666.66666666,27.5,3629.3333333333335,1
36,1,0,0,0,0,0,0,0,0,0,0,0,0,0,0,0,0,0,0,0,0,0,1,0,0,40000,48000.0,60,8000.0,16.666666666666664,7.0,200000000.0,226951923.07692307,23.07692307692308,3613.230769230769,3
43,0,1,0,0,0,0,0,0,0,0,0,0,0,0,0,0,0,0,0,0,1,0,0,0,0,100000000,130000000.0,30,30000000.0,23.07692307692308,1.0,100000000.0,115000000.0,15.0,3669.0,1
38,0,1,0,0,0,0,0,0,0,0,1,0,0,0,0,0,0,0,0,0,1,0,0,0,0,100000000,130000000.0,30,30000000.0,23.07692307692308,1.5,100000000.0,130000000.0,30.0,3608.5,1
37,0,1,0,0,0,0,0,1,0,0,0,0,0,0,0,0,0,0,0,0,1,0,0,0,0,200000000,210000000.0,15,10000000.0,4.761904761904762,5.0,194444444.44444445,230000000.0,31.666666666666668,4115.444444444444,0
36,0,1,0,0,0,0,0,1,0,0,0,0,0,0,0,0,0,0,0,1,0,0,0,0,0,100000000,115000000.0,15,15000000.0,13.043478260869565,2.5,100000000.0,115000000.0,15.0,3626.0,0
33,0,1,1,0,0,0,0,0,0,0,0,0,0,0,0,0,0,0,0,0,1,0,0,0,0,20000,21500.0,15,1500.0,6.976744186046512,2.5,125000000.0,139687500.0,18.75,3608.0,0
43,0,1,0,0,0,0,1,0,0,0,0,0,0,0,0,0,0,0,0,0,1,0,0,0,0,100000000,115000000.0,15,15000000.0,13.043478260869565,1.0,100000000.0,130000000.0,30.0,3612.0,0
43,0,1,0,1,0,0,0,0,0,0,0,0,0,0,0,0,0,0,0,1,0,0,0,0,0,100000000,115000000.0,15,15000000.0,13.043478260869565,1.0,100000000.0,130000000.0,30.0,3667.0,0
29,0,1,0,0,0,0,0,1,0,0,0,0,0,0,0,0,0,0,0,1,0,0,0,0,0,100000000,130000000.0,30,30000000.0,23.07692307692308,1.5,100000000.0,130000000.0,30.0,3609.0,1
34,0,1,0,0,0,0,0,1,0,0,0,0,0,0,0,0,0,0,0,0,1,0,0,0,0,100000000,115000000.0,15,15000000.0,13.043478260869565,1.0,100000000.0,130000000.0,30.0,3607.0,0
35,0,1,0,0,0,0,0,0,0,0,0,0,0,0,0,0,0,0,0,0,1,0,0,0,0,100000000,130000000.0,30,30000000.0,23.07692307692308,1.0,100000000.0,115000000.0,15.0,3609.0,1
42,0,1,0,0,0,0,0,0,0,0,0,0,0,0,0,0,0,0,0,0,1,0,0,0,0,400000000,480000000.0,60,80000000.0,16.666666666666664,6.5,233333333.3333333,280333333.3333333,37.5,3609.1666666666665,3
35,0,1,0,0,0,0,0,0,0,0,0,0,0,0,0,0,0,0,0,0,1,0,0,0,0,100000000,130000000.0,30,30000000.0,23.07692307692308,1.0,100000000.0,130000000.0,30.0,3614.0,1
40,0,1,0,0,0,0,0,1,0,0,0,0,0,0,0,0,0,0,0,0,1,0,0,0,0,100000000,130000000.0,30,30000000.0,23.07692307692308,3.0,100000000.0,124000000.0,24.0,3610.6,1
43,1,0,0,0,0,0,0,0,0,0,0,0,0,0,1,0,0,0,0,0,1,0,0,0,0,30000,34500.0,30,4500.0,13.043478260869565,2.5,175000000.0,205000000.0,22.5,3625.75,1
41,0,1,0,0,0,0,1,0,0,0,0,0,0,0,0,0,0,0,0,1,0,0,0,0,0,100000000,130000000.0,30,30000000.0,23.07692307692308,2.5,100000000.0,130000000.0,30.0,3612.0,1
36,0,1,0,0,0,0,1,0,0,0,0,0,0,0,0,0,0,0,0,0,1,0,0,0,0,20000,24500.0,30,4500.0,18.367346938775512,2.0,100000000.0,130000000.0,30.0,3607.3333333333335,1
34,0,1,0,0,0,0,0,0,0,0,0,0,0,0,0,0,0,0,1,1,0,0,0,0,0,10000,13000.0,30,3000.0,23.07692307692308,1.0,100000000.0,130000000.0,30.0,3669.0,1
36,0,1,0,0,0,0,1,0,0,0,0,0,0,0,0,0,0,0,0,0,1,0,0,0,0,20000,24500.0,30,4500.0,18.367346938775512,2.5,150000000.0,182500000.0,26.25,3623.5,1
43,1,0,0,0,0,0,0,1,0,0,0,0,0,0,0,0,0,0,0,1,0,0,0,0,0,200000000,245000000.0,30,45000000.0,18.367346938775512,2.0,100000000.0,125000000.0,25.0,3609.0,1
36,0,1,0,0,0,0,0,1,0,0,0,0,0,0,0,0,0,0,0,0,1,0,0,0,0,300000000,345000000.0,30,45000000.0,13.043478260869565,5.0,155555555.55555555,179388888.8888889,20.0,3615.0,1
38,0,1,0,0,0,0,0,1,0,0,0,0,0,0,0,0,0,0,0,0,1,0,0,0,0,20000,24500.0,30,4500.0,18.367346938775512,2.0,100000000.0,130000000.0,30.0,3609.0,1
41,0,1,0,0,0,0,0,0,0,0,0,0,0,0,1,0,0,0,0,0,1,0,0,0,0,100000000,115000000.0,15,15000000.0,13.043478260869565,1.0,100000000.0,115000000.0,15.0,3608.0,0
32,0,1,0,0,0,0,0,0,0,0,1,0,0,0,0,0,0,0,0,0,1,0,0,0,0,20000,24500.0,30,4500.0,18.367346938775512,2.5,125000000.0,153125000.0,26.25,3609.0,1
41,0,1,0,0,0,0,0,0,0,0,0,1,0,0,0,0,0,0,0,0,1,0,0,0,0,200000000,245000000.0,30,45000000.0,18.367346938775512,2.0,100000000.0,130000000.0,30.0,3608.6666666666665,1
34,0,1,0,0,0,0,1,0,0,0,0,0,0,0,0,0,0,0,0,1,0,0,0,0,0,10000,13000.0,30,3000.0,23.07692307692308,1.5,100000000.0,130000000.0,30.0,3611.0,1
47,0,1,0,0,0,0,0,1,0,0,0,0,0,0,0,0,0,0,0,0,1,0,0,0,0,100000000,130000000.0,30,30000000.0,23.07692307692308,1.0,100000000.0,130000000.0,30.0,3668.0,1
39,0,1,0,0,0,0,0,1,0,0,0,0,0,0,0,0,0,0,0,0,1,0,0,0,0,100000000,115000000.0,15,15000000.0,13.043478260869565,2.0,100000000.0,120000000.0,20.0,3643.0,0
36,1,0,0,0,0,0,0,1,0,0,0,0,0,0,0,0,0,0,0,0,1,0,0,0,0,200000000,245000000.0,30,45000000.0,18.367346938775512,3.0,120000000.0,149800000.0,27.0,3610.4,1
28,0,1,0,0,1,0,0,0,0,0,0,0,0,0,0,0,0,0,0,1,0,0,0,0,0,100000000,115000000.0,15,15000000.0,13.043478260869565,1.0,100000000.0,115000000.0,15.0,3671.0,0
35,0,1,0,0,0,0,0,1,0,0,0,0,0,0,0,0,0,0,0,1,0,0,0,0,0,10000,13000.0,30,3000.0,23.07692307692308,1.0,100000000.0,130000000.0,30.0,3668.0,1
29,0,1,0,0,0,0,0,0,0,0,0,0,0,0,0,0,0,0,0,1,0,0,0,0,0,100000000,130000000.0,30,30000000.0,23.07692307692308,1.0,100000000.0,115000000.0,15.0,3607.0,1
45,0,1,0,0,0,0,0,1,0,0,0,0,0,0,0,0,0,0,0,0,1,0,0,0,0,10000,11500.0,15,1500.0,13.043478260869565,1.5,100000000.0,122500000.0,22.5,3637.0,0
28,1,0,0,0,0,0,0,0,0,0,0,0,0,0,0,0,0,0,1,0,1,0,0,0,0,300000000,345000000.0,30,45000000.0,13.043478260869565,5.5,130000000.0,151750000.0,21.0,3614.4,1
28,0,1,0,0,0,0,1,0,0,0,0,0,0,0,0,0,0,0,0,1,0,0,0,0,0,100000000,130000000.0,30,30000000.0,23.07692307692308,1.5,100000000.0,130000000.0,30.0,3609.5,1
42,1,0,0,0,0,0,1,0,0,0,0,0,0,0,0,0,0,0,0,0,0,0,1,0,0,400000000,440000000.0,30,40000000.0,9.090909090909092,6.5,216666666.66666663,245750000.0,22.5,3918.5,1
32,0,1,0,0,0,0,0,0,0,0,0,0,0,0,1,0,0,0,0,0,1,0,0,0,0,100000000,130000000.0,30,30000000.0,23.07692307692308,1.0,100000000.0,130000000.0,30.0,3668.0,1
40,0,1,0,0,0,0,0,0,0,0,0,1,0,0,0,0,0,0,0,0,0,0,1,0,0,200000000,245000000.0,30,45000000.0,18.367346938775512,2.0,133333333.33333331,163333333.33333334,25.0,3608.6666666666665,1
32,0,1,0,0,0,0,0,1,0,0,0,0,0,0,0,0,0,0,0,0,1,0,0,0,0,30000,34500.0,30,4500.0,13.043478260869565,5.0,177777777.7777778,205111111.1111111,21.666666666666668,3607.8888888888887,1
46,0,1,0,0,0,0,0,1,0,0,0,0,0,0,0,0,0,0,0,0,0,0,1,0,0,40000,48000.0,60,8000.0,16.666666666666664,5.5,250000000.0,302200000.0,42.0,3625.4,3
43,0,1,0,0,0,0,0,0,0,0,1,0,0,0,0,0,0,0,0,0,1,0,0,0,0,100000000,130000000.0,30,30000000.0,23.07692307692308,2.5,100000000.0,122500000.0,22.5,3623.25,1
26,0,1,0,0,0,0,1,0,0,0,0,0,0,0,0,0,0,0,0,0,0,0,0,1,0,500000000,525000000.0,30,25000000.0,4.761904761904762,6.5,208333333.3333333,246250000.0,33.75,3919.0,1
34,1,0,0,0,0,0,0,1,0,0,0,0,0,0,0,0,0,0,0,0,1,0,0,0,0,10000,13000.0,30,3000.0,23.07692307692308,4.0,100000000.0,130000000.0,30.0,5072.714285714285,4
29,0,1,0,0,0,0,0,1,0,0,0,0,0,0,0,0,0,0,0,0,1,0,0,0,0,100000000,130000000.0,30,30000000.0,23.07692307692308,1.5,100000000.0,130000000.0,30.0,3638.0,1
31,0,1,0,0,0,0,1,0,0,0,0,0,0,0,0,0,0,0,0,0,1,0,0,0,0,10000,13000.0,30,3000.0,23.07692307692308,1.0,100000000.0,115000000.0,15.0,3668.0,1
39,0,1,0,0,0,0,0,1,0,0,0,0,0,0,0,0,0,0,0,0,1,0,0,0,0,100000000,130000000.0,30,30000000.0,23.07692307692308,1.5,100000000.0,122500000.0,22.5,3608.5,1
48,1,0,0,0,1,0,0,0,0,0,0,0,0,0,0,0,0,0,0,0,0,0,1,0,0,100000000,130000000.0,30,30000000.0,23.07692307692308,3.0,100000000.0,130000000.0,30.0,3621.0,1
42,0,1,0,0,0,0,0,1,0,0,0,0,0,0,0,0,0,0,0,0,1,0,0,0,0,200000000,245000000.0,30,45000000.0,18.367346938775512,2.0,100000000.0,123333333.33333331,25.0,3608.0,1
41,0,1,0,0,0,0,1,0,0,0,0,0,0,0,0,0,0,0,0,0,1,0,0,0,0,300000000,345000000.0,30,45000000.0,13.043478260869565,4.0,171428571.42857143,201571428.57142857,23.571428571428573,3607.142857142857,1
31,0,1,0,0,0,0,0,1,0,0,0,0,0,0,0,0,0,0,0,1,0,0,0,0,0,200000000,245000000.0,30,45000000.0,18.367346938775512,2.0,100000000.0,125000000.0,25.0,3608.6666666666665,1
41,0,1,0,0,0,0,1,0,0,0,0,0,0,0,0,0,0,0,0,0,1,0,0,0,0,100000000,130000000.0,30,30000000.0,23.07692307692308,3.0,140000000.0,174600000.0,30.0,3608.6,1
41,0,1,0,0,0,0,0,1,0,0,0,0,0,0,0,0,0,0,0,1,0,0,0,0,0,200000000,245000000.0,30,45000000.0,18.367346938775512,2.0,100000000.0,115000000.0,15.0,3606.3333333333335,1
28,0,1,0,0,0,0,1,0,0,0,0,0,0,0,0,0,0,0,0,0,1,0,0,0,0,100000000,115000000.0,15,15000000.0,13.043478260869565,1.0,100000000.0,115000000.0,15.0,3669.0,0
48,0,1,0,0,0,0,0,0,0,0,0,0,0,0,0,0,0,0,0,0,1,0,0,0,0,100000000,115000000.0,15,15000000.0,13.043478260869565,1.0,100000000.0,115000000.0,15.0,3668.0,0
42,0,1,0,0,0,0,0,0,0,0,1,0,0,0,0,0,0,0,0,0,1,0,0,0,0,100000000,115000000.0,15,15000000.0,13.043478260869565,1.0,100000000.0,115000000.0,15.0,3668.0,0
41,1,0,0,0,0,0,0,0,0,0,0,0,0,0,1,0,0,0,0,0,0,0,1,0,0,200000000,245000000.0,30,45000000.0,18.367346938775512,3.5,116666666.66666669,139166666.66666666,20.0,3608.0,1
49,0,1,0,0,0,0,0,1,0,0,0,0,0,0,0,0,0,0,0,1,0,0,0,0,0,100000000,115000000.0,15,15000000.0,13.043478260869565,1.0,100000000.0,115000000.0,15.0,3612.0,0
43,0,1,0,0,0,0,1,0,0,0,0,0,0,0,0,0,0,0,0,0,1,0,0,0,0,100000000,130000000.0,30,30000000.0,23.07692307692308,1.5,100000000.0,130000000.0,30.0,3623.5,1
41,0,1,0,0,0,0,0,0,0,0,0,0,0,0,0,0,0,0,1,1,0,0,0,0,0,100000000,115000000.0,15,15000000.0,13.043478260869565,2.5,125000000.0,140625000.0,15.0,3622.25,0
32,0,1,0,0,0,0,0,1,0,0,0,0,0,0,0,0,0,0,0,0,1,0,0,0,0,100000000,130000000.0,30,30000000.0,23.07692307692308,1.0,100000000.0,130000000.0,30.0,3668.0,1
28,1,0,0,0,0,0,0,0,0,0,0,0,0,0,0,0,0,0,1,0,1,0,0,0,0,35000,38500.0,30,3500.0,9.090909090909092,4.5,193750000.0,229625000.0,28.125,3611.0,1
54,1,0,0,0,0,0,0,1,0,0,0,0,0,0,0,0,0,0,0,0,0,0,1,0,0,400000000,440000000.0,30,40000000.0,9.090909090909092,5.5,240000000.0,278300000.0,28.5,3612.4,1
39,0,1,1,0,0,0,0,0,0,0,0,0,0,0,0,0,0,0,0,0,1,0,0,0,0,10000,13000.0,30,3000.0,23.07692307692308,2.0,100000000.0,125000000.0,25.0,3610.6666666666665,1
37,0,1,0,0,0,0,0,1,0,0,0,0,0,0,0,0,0,0,0,0,1,0,0,0,0,100000000,130000000.0,30,30000000.0,23.07692307692308,1.5,100000000.0,130000000.0,30.0,3636.5,1
46,0,1,0,0,0,1,0,0,0,0,0,0,0,0,0,0,0,0,0,0,1,0,0,0,0,200000000,245000000.0,30,45000000.0,18.367346938775512,2.5,125000000.0,158750000.0,30.0,3607.75,1
42,0,1,0,0,0,0,0,0,0,0,0,0,0,0,1,0,0,0,0,0,1,0,0,0,0,10000,13000.0,30,3000.0,23.07692307692308,1.0,100000000.0,130000000.0,30.0,3669.0,1
28,0,1,0,0,0,0,1,0,0,0,0,0,0,0,0,0,0,0,0,0,1,0,0,0,0,100000000,130000000.0,30,30000000.0,23.07692307692308,1.0,100000000.0,130000000.0,30.0,3610.0,1
35,1,0,1,0,0,0,0,0,0,0,0,0,0,0,0,0,0,0,0,0,1,0,0,0,0,400000000,440000000.0,30,40000000.0,9.090909090909092,5.0,177777777.7777778,210666666.66666663,30.0,3617.1111111111113,1
31,0,1,0,0,0,0,0,1,0,0,0,0,0,0,0,0,0,0,0,0,1,0,0,0,0,150000000,183750000.0,30,33750000.0,18.367346938775512,1.5,100000000.0,130000000.0,30.0,3608.5,1
39,0,1,0,0,0,0,0,1,0,0,0,0,0,0,0,0,0,0,0,0,1,0,0,0,0,250000000,287500000.0,30,37500000.0,13.043478260869565,5.0,172222222.2222222,194111111.1111111,18.33333333333333,3608.222222222222,1
34,0,1,0,0,0,0,0,0,0,0,0,0,0,0,0,0,0,0,0,1,0,0,0,0,0,20000,24500.0,30,4500.0,18.367346938775512,2.5,125000000.0,158750000.0,30.0,4022.0,1
42,0,1,0,0,0,0,0,0,0,0,0,0,0,0,0,0,0,0,0,1,0,0,0,0,0,100000000,130000000.0,30,30000000.0,23.07692307692308,1.0,100000000.0,130000000.0,30.0,3668.0,1
39,0,1,0,0,0,0,0,0,0,0,0,0,0,0,0,0,0,0,0,1,0,0,0,0,0,300000000,345000000.0,30,45000000.0,13.043478260869565,4.5,187500000.0,211937500.0,18.75,3607.625,1
39,0,1,0,0,0,0,0,1,0,0,0,0,0,0,0,0,0,0,0,0,1,0,0,0,0,10000,11000.0,15,1000.0,9.090909090909092,1.0,100000000.0,130000000.0,30.0,3669.0,0
33,0,1,0,0,0,0,1,0,0,0,0,0,0,0,0,0,0,0,0,0,1,0,0,0,0,200000000,222500000.0,15,22500000.0,10.112359550561797,2.5,100000000.0,116875000.0,18.75,3606.75,0
34,0,1,0,0,0,1,0,0,0,0,0,0,0,0,0,0,0,0,0,0,1,0,0,0,0,10000,11500.0,15,1500.0,13.043478260869565,1.0,100000000.0,115000000.0,15.0,3667.0,0
39,0,1,0,0,0,0,0,1,0,0,0,0,0,0,0,0,0,0,0,0,1,0,0,0,0,10000,13000.0,30,3000.0,23.07692307692308,1.0,100000000.0,130000000.0,30.0,3668.0,1
40,0,1,0,0,0,0,0,0,0,0,0,0,0,0,1,0,0,0,0,0,1,0,0,0,0,300000000,345000000.0,30,45000000.0,13.043478260869565,4.0,171428571.42857143,202571428.57142857,23.571428571428573,3615.714285714286,1
42,0,1,0,0,0,0,0,0,0,0,0,0,0,0,1,0,0,0,0,0,1,0,0,0,0,100000000,115000000.0,15,15000000.0,13.043478260869565,3.0,100000000.0,118000000.0,18.0,3619.6,0
42,0,1,0,0,0,0,0,1,0,0,0,0,0,0,0,0,0,0,0,0,1,0,0,0,0,100000000,115000000.0,15,15000000.0,13.043478260869565,1.0,100000000.0,115000000.0,15.0,3671.0,0
54,1,0,0,0,0,0,0,0,0,0,0,0,0,0,1,0,0,0,0,0,0,0,1,0,0,50000,52500.0,30,2500.0,4.761904761904762,9.5,261111111.1111111,293277777.7777778,24.166666666666668,3608.5,1
45,0,1,0,1,0,0,0,0,0,0,0,0,0,0,0,0,0,0,0,1,0,0,0,0,0,100000000,130000000.0,30,30000000.0,23.07692307692308,1.0,100000000.0,130000000.0,30.0,3668.0,1
34,0,1,0,0,0,0,0,0,0,0,0,1,0,0,0,0,0,0,0,1,0,0,0,0,0,20000,24500.0,30,4500.0,18.367346938775512,3.0,140000000.0,173000000.0,27.0,3621.0,1
39,0,1,1,0,0,0,0,0,0,0,0,0,0,0,0,0,0,0,0,1,0,0,0,0,0,10000,11500.0,15,1500.0,13.043478260869565,1.0,100000000.0,115000000.0,15.0,3607.0,0
33,1,0,0,0,0,0,0,1,0,0,0,0,0,0,0,0,0,0,0,0,0,0,1,0,0,40000,44000.0,30,4000.0,9.090909090909092,5.5,185000000.0,215350000.0,30.0,3811.3,1
35,0,1,0,0,0,0,0,0,0,0,0,1,0,0,0,0,0,0,0,0,1,0,0,0,0,100000000,130000000.0,30,30000000.0,23.07692307692308,2.0,100000000.0,120000000.0,20.0,3608.6666666666665,1
43,0,1,0,0,0,0,0,1,0,0,0,0,0,0,0,0,0,0,0,0,1,0,0,0,0,100000000,115000000.0,15,15000000.0,13.043478260869565,3.0,100000000.0,115000000.0,15.0,3619.0,0
35,0,1,0,0,0,0,0,1,0,0,0,0,0,0,0,0,0,0,0,0,1,0,0,0,0,400000000,435000000.0,30,35000000.0,8.045977011494253,3.5,200000000.0,238833333.3333333,30.0,3608.8333333333335,1
45,0,1,0,0,0,0,0,1,0,0,0,0,0,0,0,0,0,0,0,0,1,0,0,0,0,20000,22250.0,15,2250.0,10.112359550561797,2.5,100000000.0,115000000.0,15.0,3609.75,0
48,0,1,0,0,0,0,0,1,0,0,0,0,0,0,0,0,0,0,0,0,1,0,0,0,0,100000000,130000000.0,30,30000000.0,23.07692307692308,1.0,100000000.0,130000000.0,30.0,3608.0,1
34,0,1,0,0,0,1,0,0,0,0,0,0,0,0,0,0,0,0,0,0,1,0,0,0,0,100000000,130000000.0,30,30000000.0,23.07692307692308,1.0,100000000.0,130000000.0,30.0,3615.0,1
43,0,1,0,0,0,0,0,0,0,0,0,0,0,0,0,0,0,0,0,0,1,0,0,0,0,100000000,130000000.0,30,30000000.0,23.07692307692308,1.5,100000000.0,130000000.0,30.0,3637.5,1
43,0,1,0,0,0,0,0,1,0,0,0,0,0,0,0,0,0,0,0,0,1,0,0,0,0,100000000,111250000.0,15,11250000.0,10.112359550561797,2.0,100000000.0,115000000.0,15.0,3608.6666666666665,0
26,0,1,0,0,0,0,0,0,0,0,0,0,0,0,0,0,0,0,0,0,1,0,0,0,0,100000000,130000000.0,30,30000000.0,23.07692307692308,1.0,100000000.0,115000000.0,15.0,3668.0,1
34,0,1,0,0,0,0,0,0,0,0,0,0,0,0,1,0,0,0,0,0,1,0,0,0,0,10000,13000.0,30,3000.0,23.07692307692308,1.0,100000000.0,130000000.0,30.0,3669.0,1
35,0,1,0,0,0,0,0,1,0,0,0,0,0,0,0,0,0,0,0,0,1,0,0,0,0,400000000,480000000.0,60,80000000.0,16.666666666666664,4.5,187500000.0,222312500.0,28.125,3623.375,3
28,0,1,0,0,0,0,0,0,0,0,0,0,0,0,0,0,0,0,0,0,0,0,0,1,0,10000,13000.0,30,3000.0,23.07692307692308,1.5,100000000.0,122500000.0,22.5,3615.0,1
38,1,0,0,0,0,0,0,1,0,0,0,0,0,0,0,0,0,0,0,0,0,0,1,0,0,100000000,122500000.0,30,22500000.0,18.367346938775512,3.0,140000000.0,173000000.0,30.0,3611.4,1
33,1,0,0,0,0,1,0,0,0,0,0,0,0,0,0,0,0,0,0,0,1,0,0,0,0,100000000,130000000.0,30,30000000.0,23.07692307692308,1.0,100000000.0,130000000.0,30.0,3607.0,1
35,0,1,0,0,0,0,0,1,0,0,0,0,0,0,0,0,0,0,0,0,1,0,0,0,0,100000000,122500000.0,30,22500000.0,18.367346938775512,4.0,107142857.14285716,131035714.28571428,23.571428571428573,3615.428571428572,1
35,0,1,0,0,0,0,0,0,0,0,0,0,0,0,0,0,0,0,1,0,1,0,0,0,0,10000,13000.0,30,3000.0,23.07692307692308,1.0,100000000.0,130000000.0,30.0,3669.0,1
32,0,1,0,0,0,0,0,0,0,0,0,0,0,0,0,0,0,0,1,0,1,0,0,0,0,10000,13000.0,30,3000.0,23.07692307692308,1.0,100000000.0,130000000.0,30.0,3668.0,1
33,0,1,0,0,0,0,0,1,0,0,0,0,0,0,0,0,0,0,0,1,0,0,0,0,0,200000000,245000000.0,30,45000000.0,18.367346938775512,2.0,100000000.0,125000000.0,25.0,3607.6666666666665,1
49,0,1,0,0,0,0,0,0,0,0,1,0,0,0,0,0,0,0,0,0,1,0,0,0,0,100000000,130000000.0,30,30000000.0,23.07692307692308,3.0,100000000.0,127000000.0,27.0,3618.6,1
31,1,0,0,0,0,0,0,0,0,0,0,1,0,0,0,0,0,0,0,0,1,0,0,0,0,20000,24500.0,30,4500.0,18.367346938775512,3.5,125000000.0,158125000.0,30.0,3612.8333333333335,1
39,0,1,0,0,1,0,0,0,0,0,0,0,0,0,0,0,0,0,0,0,1,0,0,0,0,200000000,245000000.0,30,45000000.0,18.367346938775512,2.0,100000000.0,130000000.0,30.0,3609.0,1
32,0,1,0,0,0,0,0,1,0,0,0,0,0,0,0,0,0,0,0,0,1,0,0,0,0,200000000,245000000.0,30,45000000.0,18.367346938775512,2.0,100000000.0,130000000.0,30.0,3608.6666666666665,1
43,1,0,0,0,0,0,0,0,0,0,0,0,0,0,0,0,0,0,0,0,1,0,0,0,0,400000000,480000000.0,60,80000000.0,16.666666666666664,4.5,212500000.0,249500000.0,30.0,4006.5,3
43,1,0,0,0,0,0,0,0,0,0,0,1,0,0,0,0,0,0,0,0,0,0,1,0,0,200000000,245000000.0,30,45000000.0,18.367346938775512,4.5,125000000.0,158750000.0,30.0,3623.625,1
31,0,1,0,0,0,0,0,0,0,0,0,0,0,0,0,0,0,0,0,0,1,0,0,0,0,100000000,130000000.0,30,30000000.0,23.07692307692308,1.0,100000000.0,115000000.0,15.0,3607.0,1
37,0,1,0,0,0,0,1,0,0,0,0,0,0,0,0,0,0,0,0,1,0,0,0,0,0,10000,12250.0,30,2250.0,18.367346938775512,4.0,114285714.28571428,133500000.0,17.142857142857142,3608.571428571429,1
30,1,0,0,0,0,0,0,0,0,0,1,0,0,0,0,0,0,0,0,0,0,0,1,0,0,300000000,345000000.0,30,45000000.0,13.043478260869565,3.5,175000000.0,205083333.3333333,25.0,3610.6666666666665,1
45,0,1,0,0,0,0,0,0,0,0,1,0,0,0,0,0,0,0,0,0,1,0,0,0,0,200000000,245000000.0,30,45000000.0,18.367346938775512,2.0,100000000.0,120000000.0,20.0,3626.6666666666665,1
29,0,1,0,0,0,0,0,1,0,0,0,0,0,0,0,0,0,0,0,0,1,0,0,0,0,100000000,130000000.0,30,30000000.0,23.07692307692308,1.5,100000000.0,115000000.0,15.0,3637.0,1
28,0,1,1,0,0,0,0,0,0,0,0,0,0,0,0,0,0,0,0,0,0,0,1,0,0,100000000,130000000.0,30,30000000.0,23.07692307692308,4.0,100000000.0,127857142.85714284,27.857142857142858,3808.428571428572,1
35,0,1,0,0,0,0,0,0,0,0,0,0,0,0,1,0,0,0,0,0,1,0,0,0,0,100000000,130000000.0,30,30000000.0,23.07692307692308,1.0,100000000.0,115000000.0,15.0,3614.0,1
33,0,1,0,0,0,0,0,1,0,0,0,0,0,0,0,0,0,0,0,0,1,0,0,0,0,100000000,130000000.0,30,30000000.0,23.07692307692308,1.5,100000000.0,130000000.0,30.0,3609.0,1
39,0,1,0,0,0,0,0,0,0,0,1,0,0,0,0,0,0,0,0,0,1,0,0,0,0,100000000,130000000.0,30,30000000.0,23.07692307692308,1.0,100000000.0,130000000.0,30.0,3669.0,1
36,0,1,0,0,0,0,0,1,0,0,0,0,0,0,0,0,0,0,0,0,1,0,0,0,0,100000000,130000000.0,30,30000000.0,23.07692307692308,1.0,100000000.0,115000000.0,15.0,3668.0,1
34,0,1,0,0,0,0,0,1,0,0,0,0,0,0,0,0,0,0,0,0,1,0,0,0,0,150000000,166875000.0,15,16875000.0,10.112359550561797,5.0,144444444.44444445,163416666.66666666,16.666666666666668,3614.0,0
28,0,1,0,0,0,0,0,1,0,0,0,0,0,0,0,0,0,0,0,0,0,0,0,1,0,250000000,275000000.0,30,25000000.0,9.090909090909092,5.0,194444444.44444445,229166666.66666663,30.0,3621.222222222222,1
31,0,1,0,0,0,0,0,0,0,0,0,0,0,0,0,0,0,0,0,0,1,0,0,0,0,35000,38500.0,30,3500.0,9.090909090909092,4.5,125000000.0,147875000.0,28.125,3619.0,1
29,0,0,0,0,0,0,0,0,0,0,0,1,0,0,0,0,0,0,0,0,1,0,0,0,0,10000,11500.0,15,1500.0,13.043478260869565,2.0,100000000.0,115000000.0,15.0,3609.3333333333335,0
31,0,1,0,0,0,0,0,1,0,0,0,0,0,0,0,0,0,0,0,0,1,0,0,0,0,100000000,130000000.0,30,30000000.0,23.07692307692308,1.0,100000000.0,130000000.0,30.0,3669.0,1
46,0,1,0,0,0,0,0,1,0,0,0,0,0,0,0,0,0,0,0,1,0,0,0,0,0,100000000,115000000.0,15,15000000.0,13.043478260869565,2.5,100000000.0,115000000.0,15.0,3615.75,0
39,0,1,0,0,0,0,0,0,0,0,0,0,0,0,0,0,0,0,0,0,1,0,0,0,0,100000000,130000000.0,30,30000000.0,23.07692307692308,1.0,100000000.0,130000000.0,30.0,3668.0,1
37,0,1,0,0,0,0,0,1,0,0,0,0,0,0,0,0,0,0,0,0,1,0,0,0,0,100000000,115000000.0,15,15000000.0,13.043478260869565,1.5,100000000.0,115000000.0,15.0,3610.5,0
29,0,1,1,0,0,0,0,0,0,0,0,0,0,0,0,0,0,0,0,0,1,0,0,0,0,100000000,130000000.0,30,30000000.0,23.07692307692308,1.5,100000000.0,130000000.0,30.0,3637.0,1
33,0,1,1,0,0,0,0,0,0,0,0,0,0,0,0,0,0,0,0,0,1,0,0,0,0,100000000,115000000.0,15,15000000.0,13.043478260869565,1.0,100000000.0,130000000.0,30.0,3668.0,0
46,0,1,0,0,0,0,0,1,0,0,0,0,0,0,0,0,0,0,0,0,1,0,0,0,0,100000000,115000000.0,15,15000000.0,13.043478260869565,1.0,100000000.0,115000000.0,15.0,3673.0,0
32,0,1,1,0,0,0,0,0,0,0,0,0,0,0,0,0,0,0,0,0,1,0,0,0,0,100000000,130000000.0,30,30000000.0,23.07692307692308,1.0,100000000.0,115000000.0,15.0,3667.0,1
41,1,0,0,0,0,0,1,0,0,0,0,0,0,0,0,0,0,0,0,0,1,0,0,0,0,15000,18375.0,30,3375.0,18.367346938775512,3.0,100000000.0,127000000.0,30.0,3619.2,1
30,0,1,0,0,0,0,0,0,0,0,0,0,0,0,0,0,0,0,0,0,0,0,1,0,0,300000000,330000000.0,30,30000000.0,9.090909090909092,4.0,200000000.0,230857142.85714287,25.714285714285715,3617.571428571429,1
45,0,1,0,0,0,0,0,1,0,0,0,0,0,0,0,0,0,0,0,0,1,0,0,0,0,200000000,245000000.0,30,45000000.0,18.367346938775512,3.0,120000000.0,141000000.0,18.0,3608.0,1
35,1,0,0,0,0,1,0,0,0,0,0,0,0,0,0,0,0,0,0,0,1,0,0,0,0,40000,44000.0,30,4000.0,9.090909090909092,6.5,275000000.0,322583333.3333333,35.0,3614.75,1
28,0,1,0,0,0,0,0,0,0,0,0,0,0,0,0,0,0,0,0,1,0,0,0,0,0,100000000,130000000.0,30,30000000.0,23.07692307692308,1.0,100000000.0,130000000.0,30.0,3668.0,1
33,1,0,0,0,0,0,0,0,0,0,0,0,0,0,0,0,0,0,0,0,1,0,0,0,0,300000000,330000000.0,30,30000000.0,9.090909090909092,7.5,221428571.42857143,255571428.57142857,28.928571428571427,3614.214285714286,1
36,0,1,0,0,0,0,1,0,0,0,0,0,0,0,0,0,0,0,0,0,1,0,0,0,0,200000000,245000000.0,30,45000000.0,18.367346938775512,2.5,112500000.0,143437500.0,30.0,3628.75,1
29,0,1,0,0,0,0,0,0,0,0,0,0,0,0,1,0,0,0,0,0,1,0,0,0,0,200000000,222500000.0,15,22500000.0,10.112359550561797,2.0,100000000.0,125000000.0,25.0,3626.6666666666665,0
36,0,1,0,0,0,0,0,0,0,0,0,0,0,0,0,0,0,0,1,0,1,0,0,0,0,200000000,245000000.0,30,45000000.0,18.367346938775512,2.5,112500000.0,132187500.0,18.75,3621.75,1
30,1,0,0,0,0,1,0,0,0,0,0,0,0,0,0,0,0,0,0,0,1,0,0,0,0,10000,13000.0,30,3000.0,23.07692307692308,2.0,100000000.0,130000000.0,30.0,3609.3333333333335,1
31,1,0,0,0,0,0,0,0,0,0,0,0,0,0,0,0,0,0,0,0,1,0,0,0,0,300000000,390000000.0,60,90000000.0,23.07692307692308,5.0,194444444.44444445,234611111.1111111,30.0,3612.3333333333335,3
46,0,1,0,0,0,0,0,0,0,0,0,0,0,0,0,0,0,0,0,0,1,0,0,0,0,100000000,130000000.0,30,30000000.0,23.07692307692308,1.0,100000000.0,130000000.0,30.0,3668.0,1
35,1,0,0,0,0,0,0,0,0,0,0,0,0,0,0,0,0,0,1,0,1,0,0,0,0,300000000,390000000.0,60,90000000.0,23.07692307692308,4.0,157142857.14285713,195857142.85714287,32.142857142857146,3608.428571428572,3
56,0,1,0,0,0,0,1,0,0,0,0,0,0,0,0,0,0,0,0,1,0,0,0,0,0,100000000,115000000.0,15,15000000.0,13.043478260869565,1.0,100000000.0,130000000.0,30.0,3669.0,0
39,0,1,0,0,0,0,0,0,0,0,1,0,0,0,0,0,0,0,0,0,1,0,0,0,0,300000000,390000000.0,60,90000000.0,23.07692307692308,4.0,157142857.14285713,189428571.42857143,30.0,3627.142857142857,3
37,1,0,1,0,0,0,0,0,0,0,0,0,0,0,0,0,0,0,0,0,0,0,1,0,0,500000000,570005000.0,90,70005000.0,12.28147121516478,6.5,291666666.6666667,345000000.0,47.5,3619.1666666666665,2
33,0,1,0,0,0,0,0,0,0,0,0,0,0,0,1,0,0,0,0,0,1,0,0,0,0,100000000,115000000.0,15,15000000.0,13.043478260869565,1.5,100000000.0,122500000.0,22.5,3608.5,0
38,0,0,0,0,0,1,0,0,0,0,0,0,0,0,0,0,0,0,0,0,1,0,0,0,0,100000000,130000000.0,30,30000000.0,23.07692307692308,1.0,100000000.0,130000000.0,30.0,3670.0,1
37,0,1,0,0,0,0,1,0,0,0,0,0,0,0,0,0,0,0,0,0,1,0,0,0,0,100000000,130000000.0,30,30000000.0,23.07692307692308,1.0,100000000.0,130000000.0,30.0,3617.0,1
30,0,1,0,1,0,0,0,0,0,0,0,0,0,0,0,0,0,0,0,0,1,0,0,0,0,10000,11500.0,15,1500.0,13.043478260869565,5.0,100000000.0,121666666.66666669,21.666666666666668,3616.0,0
36,0,1,0,0,0,0,0,0,0,0,0,0,0,0,1,0,0,0,0,0,1,0,0,0,0,100000000,115000000.0,15,15000000.0,13.043478260869565,1.0,100000000.0,115000000.0,30.0,3669.0,0
45,0,1,1,0,0,0,0,0,0,0,0,0,0,0,0,0,0,0,0,0,1,0,0,0,0,100000000,130000000.0,30,30000000.0,23.07692307692308,1.5,100000000.0,122500000.0,22.5,3610.5,1
39,0,1,0,0,0,0,1,0,0,0,0,0,0,0,0,0,0,0,0,0,1,0,0,0,0,100000000,130000000.0,30,30000000.0,23.07692307692308,2.5,100000000.0,130000000.0,30.0,3637.25,1
37,0,1,0,0,0,1,0,0,0,0,0,0,0,0,0,0,0,0,0,0,1,0,0,0,0,300000000,345000000.0,30,45000000.0,13.043478260869565,2.5,300000000.0,367500000.0,45.0,3612.5,1
41,0,1,0,0,0,0,0,1,0,0,0,0,0,0,0,0,0,0,0,0,1,0,0,0,0,10000,12250.0,30,2250.0,18.367346938775512,2.0,100000000.0,130000000.0,30.0,3607.6666666666665,1
44,1,0,0,0,0,0,0,1,0,0,0,0,0,0,0,0,0,0,0,0,1,0,0,0,0,200000000,245000000.0,30,45000000.0,18.367346938775512,3.0,120000000.0,150000000.0,27.0,3611.2,1
46,0,1,0,0,0,0,0,1,0,0,0,0,0,0,0,0,0,0,0,0,1,0,0,0,0,100000000,115000000.0,15,15000000.0,13.043478260869565,1.0,100000000.0,130000000.0,30.0,3668.0,0
33,0,1,0,0,0,0,0,1,0,0,0,0,0,0,0,0,0,0,0,1,0,0,0,0,0,200000000,245000000.0,30,45000000.0,18.367346938775512,2.5,125000000.0,151250000.0,22.5,3608.25,1
43,0,1,0,0,0,0,0,1,0,0,0,0,0,0,0,0,0,0,0,0,0,0,1,0,0,300000000,345000000.0,30,45000000.0,13.043478260869565,6.0,186363636.3636364,220659090.9090909,27.272727272727277,3610.090909090909,1
36,0,1,0,0,0,0,0,0,0,0,0,0,0,0,0,0,0,0,0,1,0,0,0,0,0,100000000,115000000.0,15,15000000.0,13.043478260869565,1.0,100000000.0,115000000.0,15.0,3671.0,0
38,0,1,0,0,0,0,1,0,0,0,0,0,0,0,0,0,0,0,0,0,1,0,0,0,0,100000000,130000000.0,30,30000000.0,23.07692307692308,1.5,100000000.0,115000000.0,15.0,3609.0,1
41,0,1,1,0,0,0,0,0,0,0,0,0,0,0,0,0,0,0,0,1,0,0,0,0,0,100000000,130000000.0,30,30000000.0,23.07692307692308,1.0,100000000.0,115000000.0,15.0,3615.0,1
31,0,1,0,0,0,0,0,1,0,0,0,0,0,0,0,0,0,0,0,0,1,0,0,0,0,10000,13000.0,30,3000.0,23.07692307692308,1.0,100000000.0,130000000.0,30.0,3667.0,1
36,1,0,0,0,0,0,0,1,0,0,0,0,0,0,0,0,0,0,0,0,1,0,0,0,0,400000000,480000000.0,60,80000000.0,16.666666666666664,5.0,211111111.1111111,260222222.2222222,40.0,3611.0,3
34,0,1,0,0,0,0,1,0,0,0,0,0,0,0,0,0,0,0,0,0,1,0,0,0,0,100000000,130000000.0,30,30000000.0,23.07692307692308,1.5,100000000.0,122500000.0,22.5,3636.5,1
42,1,0,0,0,0,0,1,0,0,0,0,0,0,0,0,0,0,0,0,0,0,0,1,0,0,400000000,440000000.0,30,40000000.0,9.090909090909092,7.5,200000000.0,234500000.0,26.785714285714285,3610.0,1
39,0,1,0,0,0,0,0,1,0,0,0,0,0,0,0,0,0,0,0,1,0,0,0,0,0,10000,13000.0,30,3000.0,23.07692307692308,1.0,100000000.0,130000000.0,30.0,3613.0,1
47,1,0,0,0,0,0,0,1,0,0,0,0,0,0,0,0,0,0,0,0,0,0,1,0,0,300000000,345000000.0,30,45000000.0,13.043478260869565,5.0,200000000.0,237555555.55555555,30.0,3610.6666666666665,1
35,0,1,0,0,0,0,0,0,0,0,0,1,0,0,0,0,0,0,0,0,1,0,0,0,0,100000000,130000000.0,30,30000000.0,23.07692307692308,1.0,100000000.0,130000000.0,30.0,3611.0,1
36,0,1,0,0,0,0,0,1,0,0,0,0,0,0,0,0,0,0,0,0,1,0,0,0,0,100000000,130000000.0,30,30000000.0,23.07692307692308,1.5,100000000.0,122500000.0,22.5,3613.0,1
31,0,1,0,0,0,0,0,1,0,0,0,0,0,0,0,0,0,0,0,0,1,0,0,0,0,100000000,130000000.0,30,30000000.0,23.07692307692308,1.5,100000000.0,127500000.0,30.0,3609.0,1
45,0,0,0,0,0,0,0,0,0,0,0,0,0,0,0,0,0,0,1,0,1,0,0,0,0,30000,34500.0,30,4500.0,13.043478260869565,5.0,177777777.7777778,210555555.55555555,26.666666666666668,3610.0,1
31,0,1,0,0,0,0,0,1,0,0,0,0,0,0,0,0,0,0,0,0,1,0,0,0,0,10000,13000.0,30,3000.0,23.07692307692308,1.0,100000000.0,130000000.0,30.0,3670.0,1
32,0,1,0,0,0,0,0,0,0,0,0,0,0,0,0,0,0,0,1,1,0,0,0,0,0,10000,11500.0,15,1500.0,13.043478260869565,1.0,100000000.0,115000000.0,15.0,3668.0,0
34,0,1,0,0,0,0,0,1,0,0,0,0,0,0,0,0,0,0,0,0,1,0,0,0,0,10000,13000.0,30,3000.0,23.07692307692308,1.5,100000000.0,130000000.0,30.0,3638.0,1
30,0,1,0,0,0,0,0,0,0,0,0,0,0,0,0,0,0,0,1,0,1,0,0,0,0,20000,24500.0,30,4500.0,18.367346938775512,2.5,125000000.0,153750000.0,26.25,3610.25,1
46,1,0,0,0,0,0,0,1,0,0,0,0,0,0,0,0,0,0,0,0,0,0,1,0,0,400000000,480000000.0,60,80000000.0,16.666666666666664,5.5,210000000.0,249150000.0,31.5,3615.8,3
40,0,1,0,0,0,0,1,0,0,0,0,0,0,0,0,0,0,0,0,0,1,0,0,0,0,300000000,345000000.0,30,45000000.0,13.043478260869565,4.0,171428571.42857143,203714285.7142857,25.714285714285715,3607.571428571429,1
44,1,0,0,0,0,0,0,1,0,0,0,0,0,0,0,0,0,0,0,0,0,0,1,0,0,500000000,525000000.0,30,25000000.0,4.761904761904762,7.0,307692307.6923077,354230769.2307692,36.92307692307692,3609.6153846153848,1
39,0,1,0,0,0,0,1,0,0,0,0,0,0,0,0,0,0,0,0,0,1,0,0,0,0,100000000,115000000.0,15,15000000.0,13.043478260869565,3.0,110000000.0,131375000.0,21.0,3607.4,0
38,0,1,0,0,0,0,1,0,0,0,0,0,0,0,0,0,0,0,0,0,1,0,0,0,0,300000000,345000000.0,30,45000000.0,13.043478260869565,4.0,157142857.14285713,185607142.85714287,23.571428571428573,3607.285714285714,1
43,1,0,0,0,0,0,1,0,0,0,0,0,0,0,0,0,0,0,0,0,0,0,1,0,0,300000000,345000000.0,30,45000000.0,13.043478260869565,3.0,200000000.0,234500000.0,27.0,3611.4,1
44,0,1,0,0,0,0,0,1,0,0,0,0,0,0,0,0,0,0,0,0,1,0,0,0,0,100000000,130000000.0,30,30000000.0,23.07692307692308,1.0,100000000.0,130000000.0,30.0,3669.0,1
54,0,1,0,0,0,0,0,1,0,0,0,0,0,0,0,0,0,0,0,0,1,0,0,0,0,100000000,130000000.0,30,30000000.0,23.07692307692308,1.0,100000000.0,130000000.0,30.0,3670.0,1
30,0,1,0,0,0,0,0,0,0,0,1,0,0,0,0,0,0,0,0,0,1,0,0,0,0,100000000,115000000.0,15,15000000.0,13.043478260869565,2.0,100000000.0,115000000.0,15.0,3607.0,0
33,0,1,0,0,0,0,1,0,0,0,0,0,0,0,0,0,0,0,0,0,1,0,0,0,0,10000,13000.0,30,3000.0,23.07692307692308,1.0,100000000.0,130000000.0,30.0,3668.0,1
42,0,1,0,0,0,0,1,0,0,0,0,0,0,0,0,0,0,0,0,0,1,0,0,0,0,200000000,245000000.0,30,45000000.0,18.367346938775512,2.5,125000000.0,155000000.0,26.25,3609.75,1
37,1,0,0,0,0,0,1,0,0,0,0,0,0,0,0,0,0,0,0,0,0,0,1,0,0,100000000,130000000.0,30,30000000.0,23.07692307692308,1.5,100000000.0,130000000.0,30.0,3628.5,1
28,0,1,0,0,0,0,1,0,0,0,0,0,0,0,0,0,0,0,0,0,1,0,0,0,0,100000000,130000000.0,30,30000000.0,23.07692307692308,1.0,100000000.0,115000000.0,15.0,3668.0,1
40,1,0,0,0,0,0,0,1,0,0,0,0,0,0,0,0,0,0,0,0,1,0,0,0,0,300000000,345000000.0,30,45000000.0,13.043478260869565,3.5,166666666.66666666,189083333.3333333,17.5,3610.1666666666665,1
31,0,1,0,0,0,0,0,1,0,0,0,0,0,0,0,0,0,0,0,1,0,0,0,0,0,100000000,115000000.0,15,15000000.0,13.043478260869565,1.0,100000000.0,115000000.0,15.0,3668.0,0
37,0,1,0,0,1,0,0,0,0,0,0,0,0,0,0,0,0,0,0,0,1,0,0,0,0,200000000,245000000.0,30,45000000.0,18.367346938775512,2.5,125000000.0,158750000.0,30.0,3697.75,1
38,0,1,0,1,0,0,0,0,0,0,0,0,0,0,0,0,0,0,0,0,1,0,0,0,0,10000,13000.0,30,3000.0,23.07692307692308,1.0,100000000.0,130000000.0,30.0,3614.0,1
49,0,1,0,0,0,0,0,0,0,0,0,0,0,0,0,0,0,0,0,1,0,0,0,0,0,100000000,115000000.0,15,15000000.0,13.043478260869565,1.0,100000000.0,115000000.0,15.0,3670.0,0
33,1,0,0,0,0,0,0,1,0,0,0,0,0,0,0,0,0,0,0,0,0,0,1,0,0,400000000,420000000.0,30,20000000.0,4.761904761904762,8.0,273333333.3333333,307583333.3333333,27.0,3616.4,1
42,0,1,0,1,0,0,0,0,0,0,0,0,0,0,0,0,0,0,0,0,1,0,0,0,0,200000000,245000000.0,30,45000000.0,18.367346938775512,2.0,100000000.0,130000000.0,30.0,3607.0,1
34,0,1,0,0,0,0,1,0,0,0,0,0,0,0,0,0,0,0,0,0,1,0,0,0,0,50000,57000.5,90,7000.5,12.28147121516478,7.0,276923076.9230769,325634615.38461536,43.84615384615385,3610.230769230769,2
38,0,1,1,0,0,0,0,0,0,0,0,0,0,0,0,0,0,0,0,0,1,0,0,0,0,100000000,130000000.0,30,30000000.0,23.07692307692308,1.0,100000000.0,115000000.0,15.0,3607.0,1
34,0,1,0,0,0,0,0,1,0,0,0,0,0,0,0,0,0,0,0,0,1,0,0,0,0,20000,24500.0,30,4500.0,18.367346938775512,2.0,100000000.0,130000000.0,30.0,3638.3333333333335,1
28,1,0,0,0,0,0,0,0,0,0,0,1,0,0,0,0,0,0,0,0,0,0,0,1,0,500000000,575000000.0,90,75000000.0,13.043478260869565,6.5,266666666.66666663,316833333.3333333,41.25,3609.3333333333335,2
38,0,1,0,0,0,1,0,0,0,0,0,0,0,0,0,0,0,0,0,0,1,0,0,0,0,100000000,130000000.0,30,30000000.0,23.07692307692308,1.5,100000000.0,130000000.0,30.0,3611.0,1
34,0,1,0,0,0,0,0,1,0,0,0,0,0,0,0,0,0,0,0,0,1,0,0,0,0,100000000,130000000.0,30,30000000.0,23.07692307692308,1.5,100000000.0,122500000.0,22.5,3609.5,1
34,0,1,0,0,0,0,1,0,0,0,0,0,0,0,0,0,0,0,0,0,1,0,0,0,0,100000000,115000000.0,15,15000000.0,13.043478260869565,1.0,100000000.0,115000000.0,15.0,3668.0,0
39,0,1,1,0,0,0,0,0,0,0,0,0,0,0,0,0,0,0,0,0,1,0,0,0,0,10000,13000.0,30,3000.0,23.07692307692308,1.0,100000000.0,130000000.0,30.0,3609.0,1
30,0,1,0,0,0,0,1,0,0,0,0,0,0,0,0,0,0,0,0,0,1,0,0,0,0,10000,11500.0,15,1500.0,13.043478260869565,1.5,100000000.0,130000000.0,30.0,3612.0,0
39,0,1,0,0,0,0,0,1,0,0,0,0,0,0,0,0,0,0,0,1,0,0,0,0,0,20000,24500.0,30,4500.0,18.367346938775512,2.5,125000000.0,155000000.0,26.25,3608.0,1
41,0,1,0,0,0,0,0,0,0,0,0,0,0,0,1,0,0,0,0,0,1,0,0,0,0,100000000,130000000.0,30,30000000.0,23.07692307692308,1.0,100000000.0,115000000.0,15.0,3669.0,1
51,1,0,0,0,0,0,0,0,0,0,0,0,0,0,0,0,0,0,0,0,1,0,0,0,0,100000000,130000000.0,30,30000000.0,23.07692307692308,1.0,100000000.0,130000000.0,30.0,3612.0,1
27,1,0,0,0,0,0,0,1,0,0,0,0,0,0,0,0,0,0,0,0,0,0,1,0,0,30000,39000.0,60,9000.0,23.07692307692308,3.5,150000000.0,178333333.33333334,25.0,3610.3333333333335,3
32,1,0,0,0,0,0,0,1,0,0,0,0,0,0,0,0,0,0,0,0,0,0,1,0,0,400000000,440000000.0,30,40000000.0,9.090909090909092,5.0,255555555.55555555,296888888.8888889,31.666666666666668,3611.6666666666665,1
44,0,1,0,0,0,0,0,1,0,0,0,0,0,0,0,0,0,0,0,1,0,0,0,0,0,200000000,245000000.0,30,45000000.0,18.367346938775512,1.5,150000000.0,185000000.0,30.0,3611.5,1
38,0,1,0,0,1,0,0,0,0,0,0,0,0,0,0,0,0,0,0,0,1,0,0,0,0,400000000,480000000.0,60,80000000.0,16.666666666666664,4.5,212500000.0,256750000.0,37.5,3614.625,3
44,1,0,0,0,0,0,0,1,0,0,0,0,0,0,0,0,0,0,0,0,1,0,0,0,0,400000000,440000000.0,30,40000000.0,9.090909090909092,6.5,212500000.0,245187500.0,25.0,3613.3333333333335,1
38,0,1,0,0,0,0,0,0,0,0,0,0,0,0,0,0,0,0,0,0,1,0,0,0,0,200000000,222500000.0,15,22500000.0,10.112359550561797,2.5,125000000.0,147500000.0,18.75,3607.5,0
40,0,1,0,0,0,0,0,1,0,0,0,0,0,0,0,0,0,0,0,0,1,0,0,0,0,200000000,245000000.0,30,45000000.0,18.367346938775512,2.5,112500000.0,143437500.0,30.0,3608.5,1
32,1,0,0,0,0,0,0,1,0,0,0,0,0,0,0,0,0,0,0,0,0,0,0,1,0,300000000,390000000.0,60,90000000.0,23.07692307692308,5.0,233333333.3333333,285777777.7777778,43.333333333333336,3610.8888888888887,3
45,1,0,0,0,0,0,1,0,0,0,0,0,0,0,0,0,0,0,0,0,0,0,1,0,0,500000000,525000000.0,30,25000000.0,4.761904761904762,8.0,286666666.6666667,319600000.0,25.0,3614.0,1
33,0,1,0,0,0,0,0,1,0,0,0,0,0,0,0,0,0,0,0,0,1,0,0,0,0,100000000,115000000.0,15,15000000.0,13.043478260869565,1.0,100000000.0,115000000.0,15.0,3668.0,0
28,0,1,0,0,0,0,0,0,0,0,0,0,0,0,0,0,0,0,1,0,1,0,0,0,0,10000,13000.0,30,3000.0,23.07692307692308,1.5,100000000.0,122500000.0,22.5,3608.5,1
34,0,1,0,0,0,0,0,1,0,0,0,0,0,0,0,0,0,0,0,0,1,0,0,0,0,20000,24500.0,30,4500.0,18.367346938775512,2.5,100000000.0,114062500.0,15.0,3610.0,1
35,0,1,0,0,0,0,0,0,0,0,0,0,0,0,0,0,0,0,1,0,1,0,0,0,0,100000000,130000000.0,30,30000000.0,23.07692307692308,1.0,100000000.0,130000000.0,30.0,3667.0,1
34,0,1,0,0,0,0,0,0,0,0,0,0,0,0,1,0,0,0,0,1,0,0,0,0,0,100000000,130000000.0,30,30000000.0,23.07692307692308,1.0,100000000.0,130000000.0,30.0,3611.0,1
36,0,1,0,0,0,0,0,0,0,0,0,0,0,0,0,0,0,0,0,0,1,0,0,0,0,100000000,130000000.0,30,30000000.0,23.07692307692308,1.0,100000000.0,130000000.0,30.0,3668.0,1
36,0,1,0,0,0,0,0,1,0,0,0,0,0,0,0,0,0,0,0,1,0,0,0,0,0,10000,13000.0,30,3000.0,23.07692307692308,1.0,100000000.0,130000000.0,30.0,3618.0,1
41,0,1,0,0,0,0,0,0,0,0,0,0,0,0,0,0,0,0,0,0,1,0,0,0,0,100000000,130000000.0,30,30000000.0,23.07692307692308,1.5,100000000.0,122500000.0,22.5,3611.5,1
35,1,0,0,0,0,0,0,0,0,0,0,1,0,0,0,0,0,0,0,0,1,0,0,0,0,400000000,440000000.0,30,40000000.0,9.090909090909092,6.0,277272727.27272725,314886363.6363636,27.272727272727277,3609.181818181818,1
29,0,1,0,0,0,0,0,0,0,0,0,0,0,0,0,0,0,0,1,0,1,0,0,0,0,100000000,130000000.0,30,30000000.0,23.07692307692308,1.0,100000000.0,130000000.0,30.0,3667.0,1
31,0,1,0,0,0,0,0,1,0,0,0,0,0,0,0,0,0,0,0,0,0,0,0,1,0,150000000,183750000.0,30,33750000.0,18.367346938775512,4.5,118750000.0,150218750.0,30.0,3609.5,1
31,0,1,1,0,0,0,0,0,0,0,0,0,0,0,0,0,0,0,0,0,0,0,0,1,0,100000000,130000000.0,30,30000000.0,23.07692307692308,2.0,100000000.0,130000000.0,30.0,3608.6666666666665,1
34,0,1,0,0,0,0,0,1,0,0,0,0,0,0,0,0,0,0,0,0,1,0,0,0,0,10000,13000.0,30,3000.0,23.07692307692308,3.0,100000000.0,130000000.0,30.0,3608.8,1
30,0,1,1,0,0,0,0,0,0,0,0,0,0,0,0,0,0,0,0,0,1,0,0,0,0,20000,24500.0,30,4500.0,18.367346938775512,2.0,100000000.0,130000000.0,30.0,3606.6666666666665,1
44,0,1,0,0,0,0,0,0,0,0,0,0,0,0,1,0,0,0,0,0,1,0,0,0,0,200000000,222500000.0,15,22500000.0,10.112359550561797,2.5,125000000.0,141875000.0,15.0,3606.25,0
41,1,0,0,0,0,0,0,0,0,0,0,0,0,0,0,0,0,0,1,0,1,0,0,0,0,100000000,122500000.0,30,22500000.0,18.367346938775512,4.5,100000000.0,129062500.0,30.0,3615.875,1
41,0,1,0,0,0,0,0,1,0,0,0,0,0,0,0,0,0,0,0,0,1,0,0,0,0,400000000,440000000.0,30,40000000.0,9.090909090909092,5.0,272222222.2222222,313000000.0,33.333333333333336,3608.3333333333335,1
34,0,1,0,0,0,0,0,0,0,0,0,0,0,0,0,0,0,0,0,0,1,0,0,0,0,20000,24500.0,30,4500.0,18.367346938775512,2.0,100000000.0,125000000.0,25.0,3615.6666666666665,1
34,1,0,0,0,0,0,1,0,0,0,0,0,0,0,0,0,0,0,0,0,1,0,0,0,0,100000000,130000000.0,30,30000000.0,23.07692307692308,3.5,100000000.0,126666666.66666669,27.5,3608.0,1
36,0,1,0,0,0,0,0,0,0,0,0,0,0,0,0,0,0,0,0,0,1,0,0,0,0,100000000,130000000.0,30,30000000.0,23.07692307692308,3.0,100000000.0,121000000.0,21.0,3607.6,1
27,1,0,1,0,0,0,0,0,0,0,0,0,0,0,0,0,0,0,0,0,0,0,1,0,0,400000000,440000000.0,30,40000000.0,9.090909090909092,7.0,238461538.4615385,276384615.38461536,31.153846153846157,3616.0,1
31,0,1,0,0,0,0,0,0,0,0,0,0,0,0,0,0,0,0,1,0,1,0,0,0,0,100000000,130000000.0,30,30000000.0,23.07692307692308,1.0,100000000.0,130000000.0,30.0,3668.0,1
39,0,1,0,0,0,0,0,1,0,0,0,0,0,0,0,0,0,0,0,0,1,0,0,0,0,100000000,115000000.0,15,15000000.0,13.043478260869565,2.0,100000000.0,115000000.0,15.0,3610.0,0
38,0,0,0,0,0,0,0,0,0,0,0,0,0,0,0,0,0,0,0,1,0,0,0,0,0,100000000,130000000.0,30,30000000.0,23.07692307692308,1.0,100000000.0,130000000.0,30.0,3668.0,1
29,0,1,1,0,0,0,0,0,0,0,0,0,0,0,0,0,0,0,0,0,1,0,0,0,0,100000000,130000000.0,30,30000000.0,23.07692307692308,1.0,100000000.0,115000000.0,15.0,3668.0,1
32,0,1,0,0,0,0,0,1,0,0,0,0,0,0,0,0,0,0,0,0,1,0,0,0,0,30000,34500.0,30,4500.0,13.043478260869565,3.0,140000000.0,176000000.0,30.0,3607.4,1
33,0,1,1,0,0,0,0,0,0,0,0,0,0,0,0,0,0,0,0,0,0,0,0,1,0,200000000,230000000.0,30,30000000.0,13.043478260869565,3.5,150000000.0,181833333.3333333,27.5,3608.5,1
45,0,1,1,0,0,0,0,0,0,0,0,0,0,0,0,0,0,0,0,0,1,0,0,0,0,10000,11500.0,15,1500.0,13.043478260869565,1.0,100000000.0,115000000.0,15.0,3668.0,0
35,1,0,1,0,0,0,0,0,0,0,0,0,0,0,0,0,0,0,0,0,1,0,0,0,0,30000,39000.0,60,9000.0,23.07692307692308,4.0,164285714.2857143,202000000.0,30.0,3608.0,3
36,0,1,0,0,0,0,1,0,0,0,0,0,0,0,0,0,0,0,0,0,1,0,0,0,0,100000000,130000000.0,30,30000000.0,23.07692307692308,1.0,100000000.0,130000000.0,30.0,3669.0,1
40,0,1,0,0,0,0,0,0,0,0,0,0,0,0,0,0,0,0,0,1,0,0,0,0,0,300000000,345000000.0,30,45000000.0,13.043478260869565,3.5,150000000.0,168750000.0,15.0,3607.3333333333335,1
34,0,1,0,0,0,0,0,0,0,0,0,0,0,0,1,0,0,0,0,0,1,0,0,0,0,100000000,130000000.0,30,30000000.0,23.07692307692308,1.5,100000000.0,130000000.0,30.0,3608.0,1
39,0,1,0,0,0,0,0,0,0,0,1,0,0,0,0,0,0,0,0,0,1,0,0,0,0,100000000,130000000.0,30,30000000.0,23.07692307692308,1.0,100000000.0,130000000.0,30.0,3669.0,1
29,0,1,0,0,0,0,0,1,0,0,0,0,0,0,0,0,0,0,0,0,1,0,0,0,0,100000000,130000000.0,30,30000000.0,23.07692307692308,1.5,100000000.0,130000000.0,30.0,3637.0,1
35,1,0,0,0,0,0,0,1,0,0,0,0,0,0,0,0,0,0,0,0,1,0,0,0,0,10000,11125.0,15,1125.0,10.112359550561797,4.5,100000000.0,118968750.0,20.625,3610.25,0
43,0,1,0,0,1,0,0,0,0,0,0,0,0,0,0,0,0,0,0,0,1,0,0,0,0,200000000,245000000.0,30,45000000.0,18.367346938775512,2.0,100000000.0,130000000.0,30.0,3606.3333333333335,1
38,0,1,0,0,0,0,0,1,0,0,0,0,0,0,0,0,0,0,0,0,1,0,0,0,0,10000,13000.0,30,3000.0,23.07692307692308,1.0,100000000.0,130000000.0,30.0,3668.0,1
31,0,1,0,0,0,0,0,1,0,0,0,0,0,0,0,0,0,0,0,0,1,0,0,0,0,100000000,115000000.0,15,15000000.0,13.043478260869565,1.0,100000000.0,115000000.0,15.0,3668.0,0
36,1,0,0,0,0,0,0,0,0,0,0,0,0,0,1,0,0,0,0,0,1,0,0,0,0,200000000,245000000.0,30,45000000.0,18.367346938775512,3.5,100000000.0,120000000.0,20.0,3620.8333333333335,1
32,0,1,1,0,0,0,0,0,0,0,0,0,0,0,0,0,0,0,0,0,1,0,0,0,0,10000,11125.0,15,1125.0,10.112359550561797,3.0,100000000.0,115000000.0,15.0,3608.8,0
37,0,1,0,0,0,0,0,0,0,0,1,0,0,0,0,0,0,0,0,1,0,0,0,0,0,300000000,345000000.0,30,45000000.0,13.043478260869565,3.0,180000000.0,211600000.0,24.0,3607.6,1
33,1,0,0,0,0,0,0,0,0,0,0,0,0,0,1,0,0,0,0,0,0,0,0,1,0,300000000,345000000.0,30,45000000.0,13.043478260869565,3.0,180000000.0,208500000.0,21.0,3611.0,1
48,0,1,0,0,0,0,1,0,0,0,0,0,0,0,0,0,0,0,0,0,1,0,0,0,0,150000000,172500000.0,30,22500000.0,13.043478260869565,5.0,200000000.0,232111111.1111111,25.0,3615.8888888888887,1
46,0,1,0,0,0,0,0,1,0,0,0,0,0,0,0,0,0,0,0,1,0,0,0,0,0,200000000,245000000.0,30,45000000.0,18.367346938775512,2.0,100000000.0,130000000.0,30.0,3612.3333333333335,1
31,1,0,0,0,0,0,0,1,0,0,0,0,0,0,0,0,0,0,0,0,1,0,0,0,0,10000,11500.0,15,1500.0,13.043478260869565,1.5,100000000.0,122500000.0,22.5,3638.0,0
42,1,0,0,0,0,0,0,1,0,0,0,0,0,0,0,0,0,0,0,0,0,0,1,0,0,400000000,480000000.0,60,80000000.0,16.666666666666664,4.0,235714285.7142857,287964285.71428573,47.142857142857146,3617.142857142857,3
35,0,1,0,0,0,0,0,0,0,0,0,0,0,0,0,0,0,0,0,0,1,0,0,0,0,300000000,390000000.0,60,90000000.0,23.07692307692308,3.0,140000000.0,170000000.0,24.0,3607.6,3
58,0,1,0,0,0,0,1,0,0,0,0,0,0,0,0,0,0,0,0,1,0,0,0,0,0,100000000,130000000.0,30,30000000.0,23.07692307692308,2.5,100000000.0,126250000.0,26.25,3616.25,1
34,0,1,0,0,0,1,0,0,0,0,0,0,0,0,0,0,0,0,0,0,1,0,0,0,0,100000000,130000000.0,30,30000000.0,23.07692307692308,1.0,100000000.0,130000000.0,30.0,3610.0,1
39,0,1,0,0,0,1,0,0,0,0,0,0,0,0,0,0,0,0,0,0,1,0,0,0,0,300000000,345000000.0,30,45000000.0,13.043478260869565,3.5,133333333.33333331,158958333.33333334,22.5,3608.1666666666665,1
37,1,0,0,0,0,0,0,1,0,0,0,0,0,0,0,0,0,0,0,0,1,0,0,0,0,400000000,480000000.0,60,80000000.0,16.666666666666664,5.0,227777777.7777778,277777777.7777778,43.333333333333336,3609.777777777778,3
41,1,0,0,0,0,0,1,0,0,0,0,0,0,0,0,0,0,0,0,0,1,0,0,0,0,100000000,130000000.0,30,30000000.0,23.07692307692308,2.5,100000000.0,130000000.0,30.0,3613.75,1
30,0,1,0,0,0,0,0,1,0,0,0,0,0,0,0,0,0,0,0,0,1,0,0,0,0,100000000,115000000.0,15,15000000.0,13.043478260869565,1.0,100000000.0,115000000.0,15.0,3669.0,0
34,0,1,0,0,0,0,1,0,0,0,0,0,0,0,0,0,0,0,0,0,1,0,0,0,0,300000000,345000000.0,30,45000000.0,13.043478260869565,4.5,175000000.0,201875000.0,22.5,3610.875,1
33,0,1,1,0,0,0,0,0,0,0,0,0,0,0,0,0,0,0,0,0,1,0,0,0,0,100000000,111250000.0,15,11250000.0,10.112359550561797,2.0,100000000.0,130000000.0,30.0,3630.3333333333335,0
39,0,1,0,0,0,0,0,0,0,0,0,0,0,0,0,0,0,0,0,1,0,0,0,0,0,300000000,345000000.0,30,45000000.0,13.043478260869565,4.5,187500000.0,219125000.0,26.25,3623.75,1
44,0,1,0,0,0,0,0,1,0,0,0,0,0,0,0,0,0,0,0,0,1,0,0,0,0,10000,13000.0,30,3000.0,23.07692307692308,1.0,100000000.0,130000000.0,30.0,3624.0,1
38,0,1,0,0,0,0,0,1,0,0,0,0,0,0,0,0,0,0,0,0,1,0,0,0,0,100000000,115000000.0,15,15000000.0,13.043478260869565,1.0,100000000.0,115000000.0,15.0,3668.0,0
32,0,1,0,0,0,0,0,1,0,0,0,0,0,0,0,0,0,0,0,0,1,0,0,0,0,200000000,245000000.0,30,45000000.0,18.367346938775512,1.5,100000000.0,130000000.0,30.0,3612.0,1
31,1,0,0,0,0,0,0,0,0,0,0,0,0,0,0,0,0,0,0,0,1,0,0,0,0,500000000,575000000.0,90,75000000.0,13.043478260869565,6.0,227272727.27272728,269000000.0,35.45454545454545,3609.818181818182,2
42,0,1,0,0,0,0,0,1,0,0,0,0,0,0,0,0,0,0,0,0,1,0,0,0,0,10000,13000.0,30,3000.0,23.07692307692308,1.5,100000000.0,130000000.0,30.0,3611.5,1
34,0,1,0,0,1,0,0,0,0,0,0,0,0,0,0,0,0,0,0,0,1,0,0,0,0,10000,11500.0,15,1500.0,13.043478260869565,1.5,100000000.0,115000000.0,15.0,3609.0,0
38,0,1,0,0,0,0,0,0,0,0,0,0,0,0,0,0,0,0,0,0,1,0,0,0,0,100000000,130000000.0,30,30000000.0,23.07692307692308,1.0,100000000.0,130000000.0,30.0,3611.0,1
28,0,1,0,0,0,0,0,0,0,0,0,1,0,0,0,0,0,0,0,0,1,0,0,0,0,100000000,130000000.0,30,30000000.0,23.07692307692308,2.5,125000000.0,155000000.0,26.25,3608.5,1
32,0,1,0,0,0,0,0,1,0,0,0,0,0,0,0,0,0,0,0,0,1,0,0,0,0,100000000,115000000.0,15,15000000.0,13.043478260869565,1.0,100000000.0,115000000.0,15.0,3668.0,0
29,0,1,0,0,0,0,0,0,0,0,0,0,0,0,0,0,0,0,0,0,1,0,0,0,0,100000000,130000000.0,30,30000000.0,23.07692307692308,1.0,100000000.0,130000000.0,30.0,3668.0,1
36,0,1,0,0,0,0,0,1,0,0,0,0,0,0,0,0,0,0,0,0,1,0,0,0,0,10000,11500.0,15,1500.0,13.043478260869565,1.5,100000000.0,122500000.0,22.5,3637.0,0
41,1,0,0,0,0,0,0,0,0,0,0,0,0,0,0,0,0,0,0,0,0,0,1,0,0,400000000,480000000.0,60,80000000.0,16.666666666666664,7.5,246428571.42857143,299839285.71428573,42.85714285714285,4117.5,3
33,0,1,0,0,0,0,0,0,0,0,0,0,0,0,1,0,0,0,0,1,0,0,0,0,0,100000000,130000000.0,30,30000000.0,23.07692307692308,1.5,100000000.0,122500000.0,22.5,3638.0,1
37,0,1,0,0,0,0,0,1,0,0,0,0,0,0,0,0,0,0,0,0,1,0,0,0,0,100000000,130000000.0,30,30000000.0,23.07692307692308,1.0,100000000.0,115000000.0,15.0,3668.0,1
33,1,0,1,0,0,0,0,0,0,0,0,0,0,0,0,0,0,0,0,0,1,0,0,0,0,40000,48000.0,60,8000.0,16.666666666666664,4.0,228571428.57142857,275571428.5714286,38.57142857142857,3614.857142857143,3
31,1,0,0,0,0,0,0,1,0,0,0,0,0,0,0,0,0,0,0,0,0,0,1,0,0,20000,24500.0,30,4500.0,18.367346938775512,6.0,190909090.9090909,232000000.0,32.72727272727273,3610.727272727273,1
37,0,1,0,0,0,0,0,1,0,0,0,0,0,0,0,0,0,0,0,0,1,0,0,0,0,10000,13000.0,30,3000.0,23.07692307692308,1.5,100000000.0,115000000.0,15.0,3611.5,1
28,0,1,1,0,0,0,0,0,0,0,0,0,0,0,0,0,0,0,0,0,0,0,0,1,0,10000,12250.0,30,2250.0,18.367346938775512,2.5,125000000.0,157000000.0,30.0,3608.5,1
38,1,0,0,0,0,0,0,1,0,0,0,0,0,0,0,0,0,0,0,0,1,0,0,0,0,300000000,345000000.0,30,45000000.0,13.043478260869565,6.0,205454545.45454547,232545454.54545453,21.818181818181817,3621.4545454545455,1
35,0,1,0,0,0,0,0,1,0,0,0,0,0,0,0,0,0,0,0,0,1,0,0,0,0,20000,22250.0,15,2250.0,10.112359550561797,2.5,100000000.0,120625000.0,22.5,3623.0,0
33,0,1,0,0,0,0,0,0,0,0,0,0,0,0,0,0,0,0,0,0,1,0,0,0,0,200000000,222500000.0,15,22500000.0,10.112359550561797,2.0,100000000.0,120000000.0,20.0,3627.3333333333335,0
28,1,0,0,0,0,0,0,1,0,0,0,0,0,0,0,0,0,0,0,0,0,0,0,1,0,100000000,130000000.0,30,30000000.0,23.07692307692308,2.0,100000000.0,130000000.0,30.0,3608.3333333333335,1
31,1,0,0,0,0,0,0,1,0,0,0,0,0,0,0,0,0,0,0,0,0,0,1,0,0,200000000,245000000.0,30,45000000.0,18.367346938775512,3.0,100000000.0,127000000.0,27.0,3621.4,1
30,0,1,0,0,0,0,0,0,0,0,0,0,0,0,1,0,0,0,0,0,1,0,0,0,0,10000,11500.0,15,1500.0,13.043478260869565,2.5,100000000.0,115000000.0,15.0,3608.5,0
42,0,1,0,0,1,0,0,0,0,0,0,0,0,0,0,0,0,0,0,1,0,0,0,0,0,100000000,130000000.0,30,30000000.0,23.07692307692308,1.5,100000000.0,130000000.0,30.0,3612.5,1
29,1,0,0,0,0,0,0,1,0,0,0,0,0,0,0,0,0,0,0,0,1,0,0,0,0,100000000,130000000.0,30,30000000.0,23.07692307692308,3.0,100000000.0,127000000.0,27.0,3620.6,1
37,0,1,0,0,1,0,0,0,0,0,0,0,0,0,0,0,0,0,0,0,1,0,0,0,0,10000,11500.0,15,1500.0,13.043478260869565,1.0,100000000.0,130000000.0,30.0,3669.0,0
28,0,1,1,0,0,0,0,0,0,0,0,0,0,0,0,0,0,0,0,0,1,0,0,0,0,300000000,330000000.0,30,30000000.0,9.090909090909092,5.5,190000000.0,220225000.0,24.0,3614.8,1
30,0,1,0,0,0,0,0,1,0,0,0,0,0,0,0,0,0,0,0,1,0,0,0,0,0,100000000,130000000.0,30,30000000.0,23.07692307692308,1.5,100000000.0,122500000.0,22.5,3606.5,1
38,1,0,0,0,0,0,0,0,0,0,0,0,0,0,0,0,0,0,1,0,1,0,0,0,0,200000000,245000000.0,30,45000000.0,18.367346938775512,3.5,133333333.33333331,163333333.33333334,25.0,3610.5,1
32,1,0,1,0,0,0,0,0,0,0,0,0,0,0,0,0,0,0,0,0,1,0,0,0,0,300000000,390000000.0,60,90000000.0,23.07692307692308,6.5,208333333.3333333,241875000.0,27.5,3614.1666666666665,3
40,0,1,0,0,0,0,0,1,0,0,0,0,0,0,0,0,0,0,0,1,0,0,0,0,0,200000000,245000000.0,30,45000000.0,18.367346938775512,2.0,100000000.0,128333333.33333331,30.0,3611.0,1
47,0,1,0,0,0,0,0,1,0,0,0,0,0,0,0,0,0,0,0,1,0,0,0,0,0,100000000,130000000.0,30,30000000.0,23.07692307692308,1.0,100000000.0,115000000.0,15.0,3668.0,1
26,0,1,0,0,0,0,0,0,0,0,0,0,0,0,0,0,0,0,0,1,0,0,0,0,0,100000000,130000000.0,30,30000000.0,23.07692307692308,1.0,100000000.0,130000000.0,30.0,3670.0,1
33,0,1,0,0,0,0,0,0,0,0,0,0,0,0,1,0,0,0,0,0,1,0,0,0,0,200000000,230000000.0,30,30000000.0,13.043478260869565,3.5,150000000.0,181333333.3333333,25.0,3612.5,1
29,0,1,0,0,0,0,0,0,0,0,0,1,0,0,0,0,0,0,0,0,1,0,0,0,0,100000000,130000000.0,30,30000000.0,23.07692307692308,3.0,100000000.0,130000000.0,30.0,3610.0,1
32,0,1,0,0,0,0,0,1,0,0,0,0,0,0,0,0,0,0,0,0,1,0,0,0,0,100000000,122500000.0,30,22500000.0,18.367346938775512,2.0,100000000.0,130000000.0,30.0,3610.0,1
31,0,1,0,0,0,0,0,1,0,0,0,0,0,0,0,0,0,0,0,1,0,0,0,0,0,200000000,245000000.0,30,45000000.0,18.367346938775512,2.0,100000000.0,130000000.0,30.0,3607.6666666666665,1
36,0,1,1,0,0,0,0,0,0,0,0,0,0,0,0,0,0,0,0,0,1,0,0,0,0,300000000,345000000.0,30,45000000.0,13.043478260869565,5.0,200000000.0,226111111.1111111,20.0,3607.777777777778,1
38,1,0,0,0,0,0,0,0,0,0,0,0,0,0,0,0,0,0,1,0,1,0,0,0,0,200000000,210000000.0,15,10000000.0,4.761904761904762,6.0,227272727.27272728,266409090.9090909,31.363636363636363,3610.363636363637,0
37,0,1,0,0,0,0,0,0,0,0,0,0,0,0,0,0,0,0,0,0,1,0,0,0,0,10000,13000.0,30,3000.0,23.07692307692308,1.5,100000000.0,130000000.0,30.0,3609.5,1
30,0,1,0,0,0,0,0,0,0,0,0,0,0,0,0,0,0,0,0,0,0,0,1,0,0,50000,52500.0,30,2500.0,4.761904761904762,10.5,342500000.0,382437500.0,31.5,3611.5,1
40,0,1,0,0,0,0,0,0,0,0,0,0,0,0,0,0,0,0,0,0,1,0,0,0,0,100000000,130000000.0,30,30000000.0,23.07692307692308,1.0,100000000.0,130000000.0,30.0,3615.0,1
39,0,1,0,0,0,0,0,1,0,0,0,0,0,0,0,0,0,0,0,1,0,0,0,0,0,100000000,130000000.0,30,30000000.0,23.07692307692308,1.0,100000000.0,130000000.0,30.0,3611.0,1
42,0,1,0,0,0,0,0,1,0,0,0,0,0,0,0,0,0,0,0,1,0,0,0,0,0,200000000,245000000.0,30,45000000.0,18.367346938775512,2.5,125000000.0,158750000.0,30.0,3607.75,1
43,0,1,0,0,0,0,1,0,0,0,0,0,0,0,0,0,0,0,0,0,1,0,0,0,0,100000000,130000000.0,30,30000000.0,23.07692307692308,1.0,100000000.0,130000000.0,30.0,3615.0,1
28,1,0,0,0,0,0,0,0,0,0,0,0,0,0,0,0,0,0,0,0,1,0,0,0,0,10000,13000.0,30,3000.0,23.07692307692308,1.0,100000000.0,130000000.0,30.0,3655.0,1
48,0,1,0,0,0,0,0,1,0,0,0,0,0,0,0,0,0,0,0,0,1,0,0,0,0,100000000,130000000.0,30,30000000.0,23.07692307692308,1.0,100000000.0,130000000.0,30.0,3668.0,1
38,0,1,0,0,0,0,0,0,0,0,0,0,0,0,1,0,0,0,0,0,1,0,0,0,0,100000000,115000000.0,15,15000000.0,13.043478260869565,1.0,100000000.0,130000000.0,30.0,3608.0,0
36,0,1,0,0,0,0,0,1,0,0,0,0,0,0,0,0,0,0,0,0,1,0,0,0,0,300000000,345000000.0,30,45000000.0,13.043478260869565,4.5,175000000.0,209875000.0,30.0,3623.25,1
33,0,1,0,0,0,0,0,0,0,0,0,0,0,0,0,0,0,0,0,1,0,0,0,0,0,100000000,130000000.0,30,30000000.0,23.07692307692308,1.0,100000000.0,115000000.0,15.0,3667.0,1
37,0,1,0,0,0,0,1,0,0,0,0,0,0,0,0,0,0,0,0,0,1,0,0,0,0,400000000,440000000.0,30,40000000.0,9.090909090909092,6.5,150000000.0,172583333.33333334,21.25,3607.8333333333335,1
32,0,1,0,0,0,0,1,0,0,0,0,0,0,0,0,0,0,0,0,0,1,0,0,0,0,100000000,130000000.0,30,30000000.0,23.07692307692308,1.0,100000000.0,115000000.0,15.0,3614.0,1
38,0,1,0,0,0,0,0,1,0,0,0,0,0,0,0,0,0,0,0,0,1,0,0,0,0,100000000,130000000.0,30,30000000.0,23.07692307692308,1.0,100000000.0,130000000.0,30.0,3667.0,1
43,0,1,0,0,0,0,0,0,0,0,0,0,0,0,1,0,0,0,0,0,1,0,0,0,0,10000,13000.0,30,3000.0,23.07692307692308,1.0,100000000.0,115000000.0,15.0,3611.0,1
35,0,1,0,0,0,0,1,0,0,0,0,0,0,0,0,0,0,0,0,0,1,0,0,0,0,30000,34500.0,30,4500.0,13.043478260869565,3.5,150000000.0,186333333.3333333,30.0,3609.5,1
43,0,1,0,0,0,0,0,0,0,0,0,0,0,0,0,0,0,0,1,0,1,0,0,0,0,10000,13000.0,30,3000.0,23.07692307692308,1.5,100000000.0,122500000.0,22.5,3611.0,1
33,1,0,0,0,0,0,0,0,0,0,0,0,0,0,1,0,0,0,0,0,0,0,1,0,0,400000000,440000000.0,30,40000000.0,9.090909090909092,7.0,276923076.9230769,311576923.0769231,24.23076923076923,3619.769230769231,1
31,0,1,0,0,0,0,1,0,0,0,0,0,0,0,0,0,0,0,0,1,0,0,0,0,0,100000000,115000000.0,15,15000000.0,13.043478260869565,1.0,100000000.0,115000000.0,15.0,3669.0,0
35,0,1,0,0,0,0,1,0,0,0,0,0,0,0,0,0,0,0,0,0,1,0,0,0,0,100000000,130000000.0,30,30000000.0,23.07692307692308,1.0,100000000.0,130000000.0,30.0,3607.0,1
36,0,1,0,0,0,0,0,1,0,0,0,0,0,0,0,0,0,0,0,1,0,0,0,0,0,100000000,115000000.0,15,15000000.0,13.043478260869565,1.5,100000000.0,122500000.0,22.5,3611.0,0
56,1,0,0,0,0,0,0,0,0,0,0,0,0,0,0,0,0,0,0,0,1,0,0,0,0,200000000,245000000.0,30,45000000.0,18.367346938775512,2.5,125000000.0,158750000.0,30.0,3607.0,1
39,0,1,0,0,0,0,0,1,0,0,0,0,0,0,0,0,0,0,0,0,1,0,0,0,0,20000,22250.0,15,2250.0,10.112359550561797,2.0,100000000.0,120000000.0,20.0,3614.6666666666665,0
27,0,1,0,0,0,0,0,1,0,0,0,0,0,0,0,0,0,0,0,0,0,0,0,1,0,300000000,345000000.0,30,45000000.0,13.043478260869565,4.0,200000000.0,227928571.42857143,21.428571428571427,3608.571428571429,1
38,1,0,0,0,0,0,0,0,0,0,1,0,0,0,0,0,0,0,0,0,1,0,0,0,0,30000,39000.0,60,9000.0,23.07692307692308,6.0,243636363.63636363,295636363.6363636,40.90909090909091,3617.727272727273,3
35,0,1,0,0,0,0,1,0,0,0,0,0,0,0,0,0,0,0,0,0,1,0,0,0,0,200000000,245000000.0,30,45000000.0,18.367346938775512,2.0,100000000.0,130000000.0,30.0,3610.0,1
31,0,0,0,0,0,0,0,1,0,0,0,0,0,0,0,0,0,0,0,0,1,0,0,0,0,100000000,115000000.0,15,15000000.0,13.043478260869565,1.0,100000000.0,115000000.0,15.0,3668.0,0
39,0,1,0,0,0,0,0,1,0,0,0,0,0,0,0,0,0,0,0,0,1,0,0,0,0,100000000,130000000.0,30,30000000.0,23.07692307692308,1.0,100000000.0,130000000.0,30.0,3668.0,1
47,0,1,0,0,0,0,0,0,0,0,0,0,0,0,0,0,0,0,1,0,1,0,0,0,0,200000000,245000000.0,30,45000000.0,18.367346938775512,2.0,100000000.0,130000000.0,30.0,3608.3333333333335,1
38,1,0,0,0,0,0,0,0,0,0,0,0,0,0,1,0,0,0,0,0,1,0,0,0,0,300000000,315000000.0,30,15000000.0,4.761904761904762,5.5,275000000.0,323987500.0,42.0,3612.2,1
33,0,1,0,1,0,0,0,0,0,0,0,0,0,0,0,0,0,0,0,0,1,0,0,0,0,100000000,130000000.0,30,30000000.0,23.07692307692308,1.5,100000000.0,130000000.0,30.0,3638.5,1
29,0,1,0,0,0,0,0,0,0,0,0,0,0,0,1,0,0,0,0,1,0,0,0,0,0,100000000,115000000.0,15,15000000.0,13.043478260869565,1.0,100000000.0,115000000.0,15.0,3668.0,0
38,0,1,0,0,0,1,0,0,0,0,0,0,0,0,0,0,0,0,0,0,1,0,0,0,0,200000000,245000000.0,30,45000000.0,18.367346938775512,3.0,140000000.0,173000000.0,27.0,3606.4,1
28,0,1,0,0,0,0,0,0,0,0,1,0,0,0,0,0,0,0,0,0,1,0,0,0,0,100000000,115000000.0,15,15000000.0,13.043478260869565,1.0,100000000.0,130000000.0,30.0,3613.0,0
32,1,0,0,0,0,0,0,0,0,0,0,0,0,0,1,0,0,0,0,0,0,0,0,1,0,200000000,245000000.0,30,45000000.0,18.367346938775512,4.0,128571428.57142857,159714285.7142857,27.857142857142858,3621.285714285714,1
31,0,1,0,0,0,0,1,0,0,0,0,0,0,0,0,0,0,0,0,0,1,0,0,0,0,100000000,130000000.0,30,30000000.0,23.07692307692308,1.5,100000000.0,122500000.0,22.5,3609.0,1
35,0,1,0,0,0,0,1,0,0,0,0,0,0,0,0,0,0,0,0,0,1,0,0,0,0,100000000,125000000.0,30,25000000.0,20.0,1.0,100000000.0,130000000.0,30.0,3668.0,1
40,0,1,1,0,0,0,0,0,0,0,0,0,0,0,0,0,0,0,0,0,1,0,0,0,0,30000,39000.0,60,9000.0,23.07692307692308,5.0,155555555.55555555,189888888.8888889,30.0,3609.1111111111113,3
32,1,0,0,0,0,0,0,0,0,0,0,0,0,0,0,0,0,0,1,0,1,0,0,0,0,20000,23000.0,30,3000.0,13.043478260869565,4.5,175000000.0,216500000.0,37.5,3609.875,1
41,1,0,0,0,0,0,0,1,0,0,0,0,0,0,0,0,0,0,0,0,1,0,0,0,0,300000000,360000000.0,60,60000000.0,16.666666666666664,7.0,203846153.84615383,245365384.6153846,36.92307692307692,7934.615384615385,5
44,0,1,0,0,0,0,0,1,0,0,0,0,0,0,0,0,0,0,0,0,1,0,0,0,0,100000000,130000000.0,30,30000000.0,23.07692307692308,1.0,100000000.0,115000000.0,15.0,3668.0,1
60,1,0,0,0,0,0,0,1,0,0,0,0,0,0,0,0,0,0,0,0,1,0,0,0,0,300000000,345000000.0,30,45000000.0,13.043478260869565,2.5,175000000.0,203250000.0,22.5,3609.0,1
32,1,0,0,0,0,0,0,1,0,0,0,0,0,0,0,0,0,0,0,0,0,0,1,0,0,400000000,440000000.0,30,40000000.0,9.090909090909092,6.0,245454545.45454547,283909090.90909094,30.0,3609.4545454545455,1
51,0,1,0,0,0,0,0,0,0,0,0,0,0,0,1,0,0,0,0,0,1,0,0,0,0,400000000,480000000.0,60,80000000.0,16.666666666666664,4.5,187500000.0,232750000.0,37.5,3617.0,3
38,0,1,0,0,1,0,0,0,0,0,0,0,0,0,0,0,0,0,0,0,1,0,0,0,0,100000000,130000000.0,30,30000000.0,23.07692307692308,1.5,100000000.0,122500000.0,22.5,3609.0,1
35,1,0,0,0,0,0,1,0,0,0,0,0,0,0,0,0,0,0,0,0,0,0,1,0,0,100000000,110000000.0,30,10000000.0,9.090909090909092,5.5,185000000.0,218500000.0,30.0,3611.7,1
38,0,1,0,0,0,0,1,0,0,0,0,0,0,0,0,0,0,0,0,1,0,0,0,0,0,200000000,245000000.0,30,45000000.0,18.367346938775512,4.5,162500000.0,193125000.0,24.375,3618.75,1
37,1,0,0,0,0,0,1,0,0,0,0,0,0,0,0,0,0,0,0,0,1,0,0,0,0,40000,44000.0,30,4000.0,9.090909090909092,6.5,204166666.66666663,233729166.66666663,25.0,3611.3333333333335,1
40,0,1,0,0,0,0,0,0,0,0,0,0,0,0,0,0,0,0,1,0,1,0,0,0,0,100000000,130000000.0,30,30000000.0,23.07692307692308,1.5,100000000.0,130000000.0,30.0,3938.5,1
32,0,1,0,0,0,0,0,1,0,0,0,0,0,0,0,0,0,0,0,0,0,0,1,0,0,10000,13000.0,30,3000.0,23.07692307692308,4.0,114285714.28571428,143285714.2857143,27.857142857142858,3611.714285714286,1
44,1,0,0,0,0,0,0,1,0,0,0,0,0,0,0,0,0,0,0,0,0,0,1,0,0,300000000,330000000.0,30,30000000.0,9.090909090909092,5.0,200000000.0,231833333.3333333,26.666666666666668,3609.1111111111113,1
40,1,0,0,0,0,0,0,0,0,0,0,0,0,0,0,0,0,0,1,0,0,0,1,0,0,500000000,550000000.0,60,50000000.0,9.090909090909092,9.5,338888888.8888889,382416666.6666667,38.333333333333336,3609.277777777778,3
32,0,1,0,1,0,0,0,0,0,0,0,0,0,0,0,0,0,0,0,0,1,0,0,0,0,100000000,130000000.0,30,30000000.0,23.07692307692308,1.5,100000000.0,130000000.0,30.0,3638.5,1
47,0,1,0,0,0,0,1,0,0,0,0,0,0,0,0,0,0,0,0,0,0,0,1,0,0,400000000,480000000.0,60,80000000.0,16.666666666666664,5.5,220000000.0,268700000.0,37.5,3614.5,3
42,0,1,1,0,0,0,0,0,0,0,0,0,0,0,0,0,0,0,0,0,1,0,0,0,0,100000000,130000000.0,30,30000000.0,23.07692307692308,1.5,100000000.0,130000000.0,30.0,3637.0,1
33,0,1,1,0,0,0,0,0,0,0,0,0,0,0,0,0,0,0,0,0,1,0,0,0,0,10000,13000.0,30,3000.0,23.07692307692308,1.0,100000000.0,130000000.0,30.0,3616.0,1
39,0,1,1,0,0,0,0,0,0,0,0,0,0,0,0,0,0,0,0,0,1,0,0,0,0,100000000,130000000.0,30,30000000.0,23.07692307692308,1.5,100000000.0,130000000.0,30.0,3608.5,1
36,0,1,0,0,0,0,0,0,0,0,0,0,0,0,0,0,0,0,1,1,0,0,0,0,0,10000,13000.0,30,3000.0,23.07692307692308,3.0,140000000.0,165600000.0,21.0,3611.2,1
36,0,1,0,0,0,0,0,1,0,0,0,0,0,0,0,0,0,0,0,0,1,0,0,0,0,10000,13000.0,30,3000.0,23.07692307692308,1.0,100000000.0,130000000.0,30.0,3612.0,1
35,1,0,1,0,0,0,0,0,0,0,0,0,0,0,0,0,0,0,0,0,1,0,0,0,0,100000000,115000000.0,15,15000000.0,13.043478260869565,2.5,100000000.0,122500000.0,22.5,3608.25,0
29,0,1,0,0,0,0,0,0,0,0,0,0,0,0,0,0,0,0,1,1,0,0,0,0,0,100000000,115000000.0,15,15000000.0,13.043478260869565,1.0,100000000.0,130000000.0,30.0,3614.0,0
33,0,1,0,1,0,0,0,0,0,0,0,0,0,0,0,0,0,0,0,0,0,0,1,0,0,150000000,165000000.0,30,15000000.0,9.090909090909092,5.0,127777777.77777778,151527777.7777778,26.666666666666668,3610.555555555556,1
39,1,0,0,0,0,0,0,1,0,0,0,0,0,0,0,0,0,0,0,0,1,0,0,0,0,20000,24500.0,30,4500.0,18.367346938775512,1.5,100000000.0,130000000.0,30.0,3616.0,1
34,0,1,0,0,0,0,0,0,0,0,0,0,0,0,0,0,0,0,0,0,1,0,0,0,0,100000000,130000000.0,30,30000000.0,23.07692307692308,1.0,100000000.0,130000000.0,30.0,3614.0,1
41,1,0,0,0,0,0,0,1,0,0,0,0,0,0,0,0,0,0,0,0,0,0,1,0,0,200000000,245000000.0,30,45000000.0,18.367346938775512,3.0,120000000.0,153000000.0,30.0,3621.8,1
39,1,0,0,0,0,0,0,1,0,0,0,0,0,0,0,0,0,0,0,0,0,0,1,0,0,300000000,345000000.0,30,45000000.0,13.043478260869565,3.0,160000000.0,193000000.0,27.0,3611.4,1
39,0,1,1,0,0,0,0,0,0,0,0,0,0,0,0,0,0,0,0,0,1,0,0,0,0,100000000,115000000.0,15,15000000.0,13.043478260869565,1.0,100000000.0,115000000.0,15.0,3667.0,0
39,0,1,0,0,0,0,0,1,0,0,0,0,0,0,0,0,0,0,0,0,1,0,0,0,0,35000,42000.0,60,7000.0,16.666666666666664,7.0,215384615.3846154,258923076.92307693,36.92307692307692,3611.846153846154,3
29,1,0,0,0,0,0,0,1,0,0,0,0,0,0,0,0,0,0,0,0,1,0,0,0,0,100000000,107500000.0,15,7500000.0,6.976744186046512,3.5,100000000.0,112250000.0,15.0,3627.5,0
36,1,0,1,0,0,0,0,0,0,0,0,0,0,0,0,0,0,0,0,0,1,0,0,0,0,30000,34500.0,30,4500.0,13.043478260869565,5.0,211111111.1111111,249555555.55555555,30.0,3618.1111111111113,1
30,0,1,0,1,0,0,0,0,0,0,0,0,0,0,0,0,0,0,0,1,0,0,0,0,0,200000000,222500000.0,15,22500000.0,10.112359550561797,4.5,137500000.0,155875000.0,16.875,3616.5,0
46,1,0,0,0,0,0,0,1,0,0,0,0,0,0,0,0,0,0,0,0,0,0,1,0,0,100000000,130000000.0,30,30000000.0,23.07692307692308,1.5,100000000.0,130000000.0,30.0,3639.5,1
35,0,1,0,0,0,0,0,1,0,0,0,0,0,0,0,0,0,0,0,0,1,0,0,0,0,10000,11500.0,15,1500.0,13.043478260869565,1.0,100000000.0,115000000.0,15.0,3670.0,0
33,0,1,0,0,0,0,0,1,0,0,0,0,0,0,0,0,0,0,0,0,1,0,0,0,0,200000000,245000000.0,30,45000000.0,18.367346938775512,2.5,125000000.0,155000000.0,26.25,3641.5,1
32,0,1,1,0,0,0,0,0,0,0,0,0,0,0,0,0,0,0,0,0,1,0,0,0,0,100000000,130000000.0,30,30000000.0,23.07692307692308,1.0,100000000.0,115000000.0,15.0,3671.0,1
43,0,1,0,0,0,0,0,1,0,0,0,0,0,0,0,0,0,0,0,0,1,0,0,0,0,200000000,240000000.0,30,40000000.0,16.666666666666664,2.0,133333333.33333331,163333333.33333334,25.0,3627.0,1
33,0,1,0,0,0,0,0,1,0,0,0,0,0,0,0,0,0,0,0,1,0,0,0,0,0,20000,24500.0,30,4500.0,18.367346938775512,2.5,125000000.0,155000000.0,26.25,3623.0,1
36,0,1,0,0,0,0,0,0,0,0,0,0,0,0,1,0,0,0,0,0,1,0,0,0,0,10000,13000.0,30,3000.0,23.07692307692308,1.0,100000000.0,115000000.0,15.0,3620.0,1
47,1,0,0,0,0,0,0,0,0,0,0,0,0,0,0,0,0,0,1,0,1,0,0,0,0,100000000,115000000.0,15,15000000.0,13.043478260869565,1.5,100000000.0,115000000.0,15.0,3611.5,0
41,1,0,0,0,1,0,0,0,0,0,0,0,0,0,0,0,0,0,0,0,1,0,0,0,0,100000000,130000000.0,30,30000000.0,23.07692307692308,1.0,100000000.0,130000000.0,30.0,3669.0,1
52,0,1,0,0,0,0,0,1,0,0,0,0,0,0,0,0,0,0,0,0,1,0,0,0,0,100000000,130000000.0,30,30000000.0,23.07692307692308,2.5,125000000.0,155000000.0,26.25,3607.5,1
34,0,1,0,0,0,0,0,0,0,0,0,0,0,0,0,0,0,0,0,0,1,0,0,0,0,10000,11500.0,15,1500.0,13.043478260869565,1.5,100000000.0,115000000.0,15.0,3638.0,0
35,0,1,0,0,0,0,0,0,0,0,0,0,0,0,1,0,0,0,0,0,1,0,0,0,0,100000000,130000000.0,30,30000000.0,23.07692307692308,1.5,100000000.0,130000000.0,30.0,3637.5,1
30,0,1,0,0,0,0,0,1,0,0,0,0,0,0,0,0,0,0,0,0,1,0,0,0,0,100000000,130000000.0,30,30000000.0,23.07692307692308,1.5,100000000.0,115000000.0,15.0,3608.0,1
31,0,1,0,0,0,0,0,0,0,0,0,0,0,0,1,0,0,0,0,0,1,0,0,0,0,20000,24500.0,30,4500.0,18.367346938775512,1.5,100000000.0,122500000.0,22.5,3638.0,1
38,0,1,0,0,0,0,1,0,0,0,0,0,0,0,0,0,0,0,0,1,0,0,0,0,0,10000,13000.0,30,3000.0,23.07692307692308,1.0,100000000.0,130000000.0,30.0,3620.0,1
31,0,1,0,1,0,0,0,0,0,0,0,0,0,0,0,0,0,0,0,0,1,0,0,0,0,100000000,130000000.0,30,30000000.0,23.07692307692308,1.5,100000000.0,130000000.0,30.0,3637.0,1
31,0,1,0,0,0,0,1,0,0,0,0,0,0,0,0,0,0,0,0,0,1,0,0,0,0,100000000,130000000.0,30,30000000.0,23.07692307692308,1.0,100000000.0,115000000.0,15.0,3667.0,1
32,0,1,0,0,0,0,0,0,0,0,0,1,0,0,0,0,0,0,0,0,1,0,0,0,0,200000000,245000000.0,30,45000000.0,18.367346938775512,2.5,125000000.0,155000000.0,26.25,3608.5,1
28,0,1,0,0,0,0,1,0,0,0,0,0,0,0,0,0,0,0,0,0,0,0,0,1,0,100000000,130000000.0,30,30000000.0,23.07692307692308,3.0,120000000.0,142600000.0,21.0,3608.6,1
37,0,1,0,0,0,0,0,0,0,0,0,0,0,0,0,0,0,0,0,1,0,0,0,0,0,100000000,115000000.0,15,15000000.0,13.043478260869565,1.0,100000000.0,115000000.0,15.0,3614.0,0
33,0,1,0,0,0,0,0,1,0,0,0,0,0,0,0,0,0,0,0,0,1,0,0,0,0,100000000,115000000.0,15,15000000.0,13.043478260869565,1.0,100000000.0,115000000.0,15.0,3668.0,0
40,0,1,0,0,0,0,0,1,0,0,0,0,0,0,0,0,0,0,0,0,1,0,0,0,0,20000,24500.0,30,4500.0,18.367346938775512,2.0,100000000.0,130000000.0,30.0,3608.6666666666665,1
29,0,1,0,0,0,0,1,0,0,0,0,0,0,0,0,0,0,0,0,0,1,0,0,0,0,10000,11500.0,15,1500.0,13.043478260869565,1.5,100000000.0,122500000.0,22.5,3637.0,0
53,0,1,0,0,0,0,1,0,0,0,0,0,0,0,0,0,0,0,0,0,1,0,0,0,0,20000,24500.0,30,4500.0,18.367346938775512,2.0,100000000.0,130000000.0,30.0,3610.0,1
46,0,1,0,0,0,0,1,0,0,0,0,0,0,0,0,0,0,0,0,0,1,0,0,0,0,100000000,130000000.0,30,30000000.0,23.07692307692308,1.0,100000000.0,130000000.0,30.0,3668.0,1
29,1,0,0,0,0,0,0,1,0,0,0,0,0,0,0,0,0,0,0,0,1,0,0,0,0,400000000,440000000.0,30,40000000.0,9.090909090909092,5.5,165000000.0,194925000.0,27.0,3609.3,1
39,0,1,0,0,0,0,0,1,0,0,0,0,0,0,0,0,0,0,0,1,0,0,0,0,0,100000000,130000000.0,30,30000000.0,23.07692307692308,1.0,100000000.0,115000000.0,15.0,3615.0,1
33,0,1,0,0,0,0,0,0,0,0,1,0,0,0,0,0,0,0,0,0,1,0,0,0,0,10000,13000.0,30,3000.0,23.07692307692308,1.0,100000000.0,130000000.0,30.0,3621.0,1
36,1,0,0,0,0,0,1,0,0,0,0,0,0,0,0,0,0,0,0,0,1,0,0,0,0,400000000,440000000.0,30,40000000.0,9.090909090909092,7.5,282142857.14285713,322571428.5714286,30.0,3610.285714285714,1
36,0,1,0,0,0,0,1,0,0,0,0,0,0,0,0,0,0,0,0,0,1,0,0,0,0,200000000,245000000.0,30,45000000.0,18.367346938775512,2.5,100000000.0,121562500.0,22.5,3610.25,1
33,0,1,0,0,0,0,0,0,0,0,0,0,0,0,0,0,0,0,0,0,1,0,0,0,0,200000000,245000000.0,30,45000000.0,18.367346938775512,2.5,150000000.0,180000000.0,22.5,3606.75,1
35,0,1,0,0,1,0,0,0,0,0,0,0,0,0,0,0,0,0,0,0,1,0,0,0,0,100000000,115000000.0,15,15000000.0,13.043478260869565,1.0,100000000.0,130000000.0,30.0,3668.0,0
38,0,1,1,0,0,0,0,0,0,0,0,0,0,0,0,0,0,0,0,0,1,0,0,0,0,100000000,130000000.0,30,30000000.0,23.07692307692308,1.0,100000000.0,130000000.0,30.0,3611.0,1
38,1,0,0,0,0,0,0,1,0,0,0,0,0,0,0,0,0,0,0,0,0,0,1,0,0,200000000,245000000.0,30,45000000.0,18.367346938775512,4.5,150000000.0,184875000.0,30.0,4720.875,4
45,0,1,0,0,0,0,0,0,0,0,1,0,0,0,0,0,0,0,0,0,1,0,0,0,0,200000000,245000000.0,30,45000000.0,18.367346938775512,2.0,100000000.0,115000000.0,15.0,3628.6666666666665,1
41,0,1,0,0,0,0,0,0,0,0,0,0,0,0,0,0,0,0,0,0,1,0,0,0,0,100000000,130000000.0,30,30000000.0,23.07692307692308,1.0,100000000.0,130000000.0,30.0,3668.0,1
40,1,0,0,0,0,0,0,1,0,0,0,0,0,0,0,0,0,0,0,0,1,0,0,0,0,200000000,245000000.0,30,45000000.0,18.367346938775512,2.5,100000000.0,122500000.0,22.5,3611.0,1
34,0,1,0,0,0,0,0,0,0,0,0,1,0,0,0,0,0,0,0,0,1,0,0,0,0,300000000,345000000.0,30,45000000.0,13.043478260869565,3.0,140000000.0,176000000.0,30.0,3614.2,1
30,0,1,0,0,0,0,0,0,0,0,0,0,0,0,1,0,0,0,0,0,0,0,0,1,0,10000,12250.0,30,2250.0,18.367346938775512,2.0,100000000.0,125000000.0,25.0,3607.3333333333335,1
47,0,1,0,0,0,0,0,1,0,0,0,0,0,0,0,0,0,0,0,1,0,0,0,0,0,100000000,130000000.0,30,30000000.0,23.07692307692308,1.0,100000000.0,130000000.0,30.0,3670.0,1
44,0,1,0,0,0,0,0,0,0,0,0,0,0,0,1,0,0,0,0,0,1,0,0,0,0,100000000,130000000.0,30,30000000.0,23.07692307692308,1.0,100000000.0,130000000.0,30.0,3670.0,1
35,0,1,0,0,0,0,1,0,0,0,0,0,0,0,0,0,0,0,0,0,1,0,0,0,0,100000000,130000000.0,30,30000000.0,23.07692307692308,1.0,100000000.0,115000000.0,15.0,3672.0,1
35,0,1,0,0,1,0,0,0,0,0,0,0,0,0,0,0,0,0,0,1,0,0,0,0,0,10000,13000.0,30,3000.0,23.07692307692308,1.5,100000000.0,122500000.0,22.5,3609.5,1
37,0,1,0,0,0,0,1,0,0,0,0,0,0,0,0,0,0,0,0,0,1,0,0,0,0,10000,11500.0,15,1500.0,13.043478260869565,1.0,100000000.0,115000000.0,15.0,3669.0,0
33,0,1,0,0,0,0,1,0,0,0,0,0,0,0,0,0,0,0,0,0,1,0,0,0,0,100000000,115000000.0,15,15000000.0,13.043478260869565,2.0,100000000.0,125000000.0,25.0,3608.3333333333335,0
31,0,1,0,0,0,0,0,0,0,0,0,0,0,0,1,0,0,0,0,1,0,0,0,0,0,300000000,345000000.0,30,45000000.0,13.043478260869565,3.5,150000000.0,168750000.0,15.0,3607.6666666666665,1
37,0,1,0,0,0,0,0,0,0,0,0,0,0,0,0,0,0,0,0,0,1,0,0,0,0,100000000,130000000.0,30,30000000.0,23.07692307692308,1.5,100000000.0,130000000.0,30.0,3610.5,1
47,0,1,0,0,0,0,1,0,0,0,0,0,0,0,0,0,0,0,0,0,1,0,0,0,0,10000,13000.0,30,3000.0,23.07692307692308,1.5,100000000.0,130000000.0,30.0,3610.5,1
37,1,0,0,0,0,0,0,1,0,0,0,0,0,0,0,0,0,0,0,0,1,0,0,0,0,30000,34500.0,30,4500.0,13.043478260869565,3.0,180000000.0,222200000.0,36.0,3612.6,1
30,1,0,0,0,0,0,0,1,0,0,0,0,0,0,0,0,0,0,0,0,0,0,0,1,0,150000000,172500000.0,30,22500000.0,13.043478260869565,5.0,183333333.3333333,209583333.3333333,21.666666666666668,3617.8888888888887,1
31,0,1,0,0,0,0,1,0,0,0,0,0,0,0,0,0,0,0,0,0,0,0,0,1,0,250000000,275000000.0,30,25000000.0,9.090909090909092,8.0,170000000.0,193150000.0,23.0,3609.8,1
41,0,1,0,0,0,0,0,0,0,0,0,0,0,0,1,0,0,0,0,1,0,0,0,0,0,200000000,245000000.0,30,45000000.0,18.367346938775512,2.0,100000000.0,130000000.0,30.0,3616.0,1
29,0,1,0,0,0,0,0,1,0,0,0,0,0,0,0,0,0,0,0,0,1,0,0,0,0,100000000,115000000.0,15,15000000.0,13.043478260869565,1.0,100000000.0,115000000.0,15.0,3668.0,0
36,0,1,0,0,0,1,0,0,0,0,0,0,0,0,0,0,0,0,0,0,1,0,0,0,0,10000,13000.0,30,3000.0,23.07692307692308,1.0,100000000.0,115000000.0,15.0,3608.0,1
37,0,1,0,0,0,0,1,0,0,0,0,0,0,0,0,0,0,0,0,0,1,0,0,0,0,100000000,130000000.0,30,30000000.0,23.07692307692308,1.0,100000000.0,130000000.0,30.0,3670.0,1
28,0,1,0,0,0,0,0,0,0,0,0,0,0,0,1,0,0,0,0,0,1,0,0,0,0,10000,13000.0,30,3000.0,23.07692307692308,1.0,100000000.0,115000000.0,15.0,3613.0,1
37,0,1,0,0,0,0,0,0,0,0,0,0,0,0,0,0,0,0,0,0,1,0,0,0,0,100000000,115000000.0,15,15000000.0,13.043478260869565,1.0,100000000.0,115000000.0,15.0,3607.0,0
43,0,1,0,0,0,0,1,0,0,0,0,0,0,0,0,0,0,0,0,1,0,0,0,0,0,10000,13000.0,30,3000.0,23.07692307692308,3.0,100000000.0,118000000.0,18.0,3607.4,1
38,0,1,0,0,0,0,0,0,0,0,0,0,0,0,0,0,0,0,1,0,1,0,0,0,0,100000000,130000000.0,30,30000000.0,23.07692307692308,2.5,100000000.0,122500000.0,22.5,3608.25,1
32,0,1,0,0,0,0,0,0,0,0,1,0,0,0,0,0,0,0,0,0,1,0,0,0,0,100000000,130000000.0,30,30000000.0,23.07692307692308,1.0,100000000.0,130000000.0,30.0,3667.0,1
51,0,1,0,0,0,0,1,0,0,0,0,0,0,0,0,0,0,0,0,0,1,0,0,0,0,100000000,115000000.0,15,15000000.0,13.043478260869565,1.5,100000000.0,115000000.0,15.0,3608.5,0
37,0,1,0,0,0,0,0,0,0,0,0,0,0,0,0,0,0,0,0,0,1,0,0,0,0,100000000,130000000.0,30,30000000.0,23.07692307692308,1.0,100000000.0,130000000.0,30.0,3668.0,1
28,0,1,0,0,0,0,0,1,0,0,0,0,0,0,0,0,0,0,0,0,0,0,0,1,0,100000000,115000000.0,15,15000000.0,13.043478260869565,1.0,100000000.0,115000000.0,15.0,3669.0,0
29,0,1,0,0,0,0,0,0,0,0,0,0,0,0,1,0,0,0,0,1,0,0,0,0,0,10000,13000.0,30,3000.0,23.07692307692308,1.0,100000000.0,130000000.0,30.0,3639.0,1
29,0,1,0,0,0,0,0,1,0,0,0,0,0,0,0,0,0,0,0,0,1,0,0,0,0,10000,13000.0,30,3000.0,23.07692307692308,1.0,100000000.0,130000000.0,30.0,3670.0,1
39,0,1,0,0,0,0,0,1,0,0,0,0,0,0,0,0,0,0,0,1,0,0,0,0,0,10000,13000.0,30,3000.0,23.07692307692308,1.0,100000000.0,115000000.0,15.0,3614.0,1
27,0,1,0,0,0,0,0,1,0,0,0,0,0,0,0,0,0,0,0,0,0,0,0,1,0,100000000,115000000.0,15,15000000.0,13.043478260869565,1.0,100000000.0,130000000.0,30.0,3604.0,0
40,0,1,0,0,0,0,1,0,0,0,0,0,0,0,0,0,0,0,0,0,1,0,0,0,0,100000000,130000000.0,30,30000000.0,23.07692307692308,1.0,100000000.0,130000000.0,30.0,3667.0,1
39,0,1,0,0,0,0,1,0,0,0,0,0,0,0,0,0,0,0,0,1,0,0,0,0,0,100000000,130000000.0,30,30000000.0,23.07692307692308,1.0,100000000.0,130000000.0,30.0,3669.0,1
46,0,1,0,0,0,0,0,1,0,0,0,0,0,0,0,0,0,0,0,1,0,0,0,0,0,200000000,222500000.0,15,22500000.0,10.112359550561797,2.0,100000000.0,115000000.0,15.0,3607.6666666666665,0
37,1,0,0,0,0,0,0,1,0,0,0,0,0,0,0,0,0,0,0,0,1,0,0,0,0,30000,39000.0,60,9000.0,23.07692307692308,5.5,209000000.0,254550000.0,37.5,3613.0,3
33,0,1,0,0,0,0,0,0,0,0,0,0,0,0,0,0,0,0,0,0,1,0,0,0,0,150000000,183750000.0,30,33750000.0,18.367346938775512,3.5,100000000.0,115541666.66666669,17.5,3616.8333333333335,1
40,0,1,1,0,0,0,0,0,0,0,0,0,0,0,0,0,0,0,0,0,1,0,0,0,0,100000000,130000000.0,30,30000000.0,23.07692307692308,1.0,100000000.0,130000000.0,30.0,3670.0,1
40,1,0,0,0,0,0,1,0,0,0,0,0,0,0,0,0,0,0,0,0,1,0,0,0,0,400000000,440000000.0,30,40000000.0,9.090909090909092,5.5,250000000.0,292500000.0,31.5,3610.6,1
39,0,1,0,0,0,0,0,1,0,0,0,0,0,0,0,0,0,0,0,1,0,0,0,0,0,200000000,245000000.0,30,45000000.0,18.367346938775512,2.0,100000000.0,130000000.0,30.0,3609.6666666666665,1
42,0,1,0,0,0,0,0,0,0,0,0,0,0,0,0,0,0,0,0,1,0,0,0,0,0,100000000,130000000.0,30,30000000.0,23.07692307692308,1.5,100000000.0,122500000.0,22.5,3638.0,1
49,0,1,0,0,0,0,0,0,0,0,0,0,0,0,0,0,0,0,0,1,0,0,0,0,0,100000000,130000000.0,30,30000000.0,23.07692307692308,1.0,100000000.0,130000000.0,30.0,3668.0,1
27,0,1,0,0,0,0,0,1,0,0,0,0,0,0,0,0,0,0,0,0,1,0,0,0,0,10000,11500.0,15,1500.0,13.043478260869565,2.0,100000000.0,125000000.0,25.0,3610.3333333333335,0
47,1,0,0,0,0,0,0,0,0,0,0,1,0,0,0,0,0,0,0,0,0,0,1,0,0,30000,34500.0,30,4500.0,13.043478260869565,7.0,223076923.07692307,252961538.4615385,21.923076923076923,3614.538461538461,1
31,0,1,0,0,0,0,1,0,0,0,0,0,0,0,0,0,0,0,0,1,0,0,0,0,0,100000000,130000000.0,30,30000000.0,23.07692307692308,1.0,100000000.0,115000000.0,15.0,3669.0,1
35,0,1,0,1,0,0,0,0,0,0,0,0,0,0,0,0,0,0,0,0,1,0,0,0,0,10000,11500.0,15,1500.0,13.043478260869565,2.5,100000000.0,122500000.0,22.5,3614.0,0
44,1,0,0,0,0,0,0,0,0,0,0,0,0,0,0,0,0,0,1,0,1,0,0,0,0,20000,22000.0,30,2000.0,9.090909090909092,6.0,245454545.45454547,288181818.1818182,32.72727272727273,3609.5454545454554,1
39,0,1,0,0,0,0,0,0,0,0,0,0,0,0,0,0,0,0,1,0,1,0,0,0,0,10000,13000.0,30,3000.0,23.07692307692308,1.0,100000000.0,130000000.0,30.0,3669.0,1
31,0,1,0,0,0,0,0,0,0,0,0,0,0,0,0,0,0,0,0,0,1,0,0,0,0,10000,11500.0,15,1500.0,13.043478260869565,1.0,100000000.0,130000000.0,30.0,3616.0,0
37,0,1,0,0,0,0,0,1,0,0,0,0,0,0,0,0,0,0,0,0,1,0,0,0,0,10000,11500.0,15,1500.0,13.043478260869565,1.5,100000000.0,115000000.0,15.0,3611.5,0
35,1,0,0,0,0,0,0,0,0,0,0,0,0,0,0,0,0,0,1,0,0,0,0,1,0,400000000,440000000.0,30,40000000.0,9.090909090909092,6.0,245454545.45454547,283409090.90909094,28.63636363636364,3615.0,1
34,0,1,0,0,0,0,0,1,0,0,0,0,0,0,0,0,0,0,0,0,1,0,0,0,0,200000000,245000000.0,30,45000000.0,18.367346938775512,3.5,150000000.0,177000000.0,22.5,3609.6666666666665,1
36,0,1,0,0,0,0,0,1,0,0,0,0,0,0,0,0,0,0,0,0,1,0,0,0,0,200000000,222500000.0,15,22500000.0,10.112359550561797,1.5,150000000.0,168750000.0,15.0,3637.0,0
40,0,1,0,0,0,0,1,0,0,0,0,0,0,0,0,0,0,0,0,0,1,0,0,0,0,100000000,130000000.0,30,30000000.0,23.07692307692308,1.0,100000000.0,130000000.0,30.0,3617.0,1
28,1,0,0,0,0,0,0,0,0,0,1,0,0,0,0,0,0,0,0,0,0,0,1,0,0,300000000,390000000.0,60,90000000.0,23.07692307692308,4.5,150000000.0,181062500.0,30.0,3618.75,3
32,0,1,0,0,1,0,0,0,0,0,0,0,0,0,0,0,0,0,0,0,1,0,0,0,0,100000000,130000000.0,30,30000000.0,23.07692307692308,1.0,100000000.0,130000000.0,30.0,3668.0,1
27,0,1,0,0,0,0,0,0,0,0,0,0,0,0,0,0,0,0,1,0,1,0,0,0,0,200000000,245000000.0,30,45000000.0,18.367346938775512,2.5,125000000.0,158750000.0,30.0,3607.5,1
42,0,1,0,0,0,0,0,1,0,0,0,0,0,0,0,0,0,0,0,0,1,0,0,0,0,30000,39000.0,60,9000.0,23.07692307692308,4.0,142857142.85714287,182285714.2857143,34.285714285714285,3613.142857142857,3
40,0,1,0,0,0,0,0,0,0,0,0,0,0,0,0,0,0,0,0,0,1,0,0,0,0,300000000,345000000.0,30,45000000.0,13.043478260869565,4.5,212500000.0,246937500.0,26.25,3616.125,1
47,1,0,0,0,0,0,1,0,0,0,0,0,0,0,0,0,0,0,0,0,1,0,0,0,0,300000000,345000000.0,30,45000000.0,13.043478260869565,4.5,187500000.0,215687500.0,22.5,3609.375,1
44,1,0,0,0,0,0,0,0,0,0,0,1,0,0,0,0,0,0,0,0,1,0,0,0,0,10000,12250.0,30,2250.0,18.367346938775512,3.0,100000000.0,115000000.0,15.0,3609.4,1
56,0,1,0,0,0,0,1,0,0,0,0,0,0,0,0,0,0,0,0,0,1,0,0,0,0,100000000,130000000.0,30,30000000.0,23.07692307692308,1.5,100000000.0,122500000.0,22.5,3637.5,1
44,0,1,0,0,0,0,0,0,0,0,0,0,0,0,1,0,0,0,0,0,1,0,0,0,0,200000000,245000000.0,30,45000000.0,18.367346938775512,2.5,125000000.0,155000000.0,26.25,3611.75,1
35,0,1,0,0,1,0,0,0,0,0,0,0,0,0,0,0,0,0,0,0,1,0,0,0,0,100000000,115000000.0,15,15000000.0,13.043478260869565,1.0,100000000.0,115000000.0,15.0,3668.0,0
36,0,1,0,0,1,0,0,0,0,0,0,0,0,0,0,0,0,0,0,0,1,0,0,0,0,20000,24500.0,30,4500.0,18.367346938775512,3.0,140000000.0,176000000.0,30.0,4192.8,4
37,0,1,0,0,0,0,0,0,0,0,0,0,0,0,0,0,0,0,0,0,1,0,0,0,0,100000000,130000000.0,30,30000000.0,23.07692307692308,1.0,100000000.0,130000000.0,30.0,3669.0,1
35,0,1,0,0,0,0,0,1,0,0,0,0,0,0,0,0,0,0,0,0,1,0,0,0,0,300000000,390000000.0,60,90000000.0,23.07692307692308,3.5,150000000.0,178750000.0,22.5,3607.6666666666665,3
28,0,1,0,0,0,0,0,1,0,0,0,0,0,0,0,0,0,0,0,0,1,0,0,0,0,100000000,130000000.0,30,30000000.0,23.07692307692308,3.5,100000000.0,122500000.0,22.5,3611.6666666666665,1
30,0,1,0,0,0,0,0,1,0,0,0,0,0,0,0,0,0,0,0,0,1,0,0,0,0,100000000,115000000.0,15,15000000.0,13.043478260869565,1.0,100000000.0,130000000.0,30.0,3668.0,0
42,0,1,0,0,0,0,1,0,0,0,0,0,0,0,0,0,0,0,0,0,1,0,0,0,0,10000,13000.0,30,3000.0,23.07692307692308,1.0,100000000.0,130000000.0,30.0,3612.0,1
53,0,1,0,0,0,0,0,0,0,0,0,0,0,0,1,0,0,0,0,0,1,0,0,0,0,10000,13000.0,30,3000.0,23.07692307692308,1.0,100000000.0,115000000.0,15.0,3608.0,1
30,0,1,0,0,0,0,1,0,0,0,0,0,0,0,0,0,0,0,0,0,1,0,0,0,0,200000000,245000000.0,30,45000000.0,18.367346938775512,2.0,100000000.0,120000000.0,20.0,3607.3333333333335,1
42,0,1,0,0,0,0,0,1,0,0,0,0,0,0,0,0,0,0,0,0,1,0,0,0,0,100000000,130000000.0,30,30000000.0,23.07692307692308,1.0,100000000.0,130000000.0,30.0,3669.0,1
36,0,1,0,0,0,0,0,1,0,0,0,0,0,0,0,0,0,0,0,0,1,0,0,0,0,100000000,130000000.0,30,30000000.0,23.07692307692308,1.0,100000000.0,130000000.0,30.0,3668.0,1
43,0,1,0,0,0,0,0,0,0,0,0,1,0,0,0,0,0,0,0,0,1,0,0,0,0,300000000,345000000.0,30,45000000.0,13.043478260869565,5.0,222222222.2222222,253250000.0,23.33333333333333,3622.1111111111113,1
37,0,1,0,0,0,0,0,0,0,0,0,0,0,0,0,0,0,0,1,0,1,0,0,0,0,10000,11500.0,15,1500.0,13.043478260869565,1.5,100000000.0,130000000.0,30.0,3607.0,0
33,0,1,0,0,0,0,0,1,0,0,0,0,0,0,0,0,0,0,0,1,0,0,0,0,0,100000000,115000000.0,30,15000000.0,13.043478260869565,3.5,100000000.0,127333333.33333331,30.0,4209.166666666667,4
32,0,1,0,0,0,0,0,0,0,0,0,0,0,0,1,0,0,0,0,1,0,0,0,0,0,100000000,130000000.0,30,30000000.0,23.07692307692308,1.0,100000000.0,115000000.0,15.0,3618.0,1
36,1,0,0,0,0,1,0,0,0,0,0,0,0,0,0,0,0,0,0,0,0,0,0,1,0,400000000,440000000.0,30,40000000.0,9.090909090909092,5.5,199000000.0,224687500.0,21.0,3611.8,1
40,0,1,0,0,0,0,0,1,0,0,0,0,0,0,0,0,0,0,0,0,1,0,0,0,0,100000000,130000000.0,30,30000000.0,23.07692307692308,1.0,100000000.0,115000000.0,15.0,3668.0,1
26,0,1,0,0,0,0,0,0,0,0,0,0,0,0,1,0,0,0,0,0,0,0,0,1,0,100000000,130000000.0,30,30000000.0,23.07692307692308,1.0,100000000.0,115000000.0,15.0,3668.0,1
42,0,1,0,0,0,0,0,1,0,0,0,0,0,0,0,0,0,0,0,0,1,0,0,0,0,20000,24500.0,30,4500.0,18.367346938775512,3.0,120000000.0,147000000.0,24.0,3619.6,1
35,0,1,0,0,0,0,0,1,0,0,0,0,0,0,0,0,0,0,0,0,1,0,0,0,0,100000000,130000000.0,30,30000000.0,23.07692307692308,1.0,100000000.0,130000000.0,30.0,3668.0,1
36,0,1,0,0,0,0,0,0,0,0,0,0,0,0,0,0,0,0,1,0,1,0,0,0,0,200000000,245000000.0,30,45000000.0,18.367346938775512,2.5,150000000.0,187500000.0,30.0,3609.0,1
42,0,1,0,0,0,0,0,1,0,0,0,0,0,0,0,0,0,0,0,1,0,0,0,0,0,20000,24500.0,30,4500.0,18.367346938775512,2.5,125000000.0,141875000.0,15.0,3621.5,1
36,0,1,0,0,0,0,0,0,0,0,0,0,0,0,0,0,0,0,0,0,1,0,0,0,0,100000000,130000000.0,30,30000000.0,23.07692307692308,1.0,100000000.0,130000000.0,30.0,3612.0,1
33,0,1,0,0,0,0,0,1,0,0,0,0,0,0,0,0,0,0,0,0,1,0,0,0,0,100000000,115000000.0,15,15000000.0,13.043478260869565,1.0,100000000.0,130000000.0,30.0,3613.0,0
35,0,1,0,0,0,0,0,0,0,0,0,0,0,0,0,0,0,0,1,0,1,0,0,0,0,300000000,390000000.0,60,90000000.0,23.07692307692308,4.5,187500000.0,220875000.0,26.25,3607.0,3
37,0,1,0,0,0,0,0,0,0,0,0,0,0,0,0,0,0,0,0,0,1,0,0,0,0,100000000,130000000.0,30,30000000.0,23.07692307692308,1.0,100000000.0,130000000.0,30.0,3668.0,1
40,1,0,0,0,0,0,0,1,0,0,0,0,0,0,0,0,0,0,0,0,1,0,0,0,0,100000000,130000000.0,30,30000000.0,23.07692307692308,1.5,100000000.0,122500000.0,22.5,3611.0,1
38,0,1,0,0,0,0,0,0,0,0,0,0,0,0,1,0,0,0,0,0,1,0,0,0,0,100000000,115000000.0,15,15000000.0,13.043478260869565,1.0,100000000.0,130000000.0,30.0,3610.0,0
31,0,1,0,1,0,0,0,0,0,0,0,0,0,0,0,0,0,0,0,0,1,0,0,0,0,10000,13000.0,30,3000.0,23.07692307692308,1.0,100000000.0,115000000.0,15.0,3671.0,1
45,0,1,0,0,0,0,0,0,0,0,0,0,0,0,1,0,0,0,0,0,1,0,0,0,0,100000000,130000000.0,30,30000000.0,23.07692307692308,1.5,100000000.0,130000000.0,30.0,3637.5,1
35,0,1,0,0,0,0,0,0,0,0,0,0,0,0,0,0,0,0,1,0,1,0,0,0,0,100000000,130000000.0,30,30000000.0,23.07692307692308,1.5,100000000.0,130000000.0,30.0,3637.5,1
39,0,1,0,0,0,0,0,1,0,0,0,0,0,0,0,0,0,0,0,0,0,0,1,0,0,100000000,115000000.0,15,15000000.0,13.043478260869565,1.0,100000000.0,130000000.0,30.0,3616.0,0
41,0,1,0,0,0,0,0,1,0,0,0,0,0,0,0,0,0,0,0,0,1,0,0,0,0,200000000,222500000.0,15,22500000.0,10.112359550561797,3.0,140000000.0,162500000.0,18.0,3609.2,0
44,1,0,0,0,1,0,0,0,0,0,0,0,0,0,0,0,0,0,0,0,1,0,0,0,0,200000000,245000000.0,30,45000000.0,18.367346938775512,4.0,214285714.2857143,267000000.0,42.85714285714285,3619.142857142857,1
29,0,1,0,0,0,0,0,0,0,0,0,1,0,0,0,0,0,0,0,0,1,0,0,0,0,100000000,130000000.0,30,30000000.0,23.07692307692308,1.5,100000000.0,130000000.0,30.0,3606.5,1
33,1,0,0,0,0,0,1,0,0,0,0,0,0,0,0,0,0,0,0,0,0,0,1,0,0,400000000,480000000.0,60,80000000.0,16.666666666666664,6.0,209090909.0909091,253181818.1818182,36.81818181818182,5789.090909090909,5
39,0,1,0,0,0,0,0,0,0,0,0,0,0,0,0,0,0,0,0,0,0,0,1,0,0,400000000,480000000.0,60,80000000.0,16.666666666666664,4.5,181250000.0,224093750.0,35.625,3610.75,3
47,0,1,0,0,0,0,0,0,0,0,0,0,0,0,1,0,0,0,0,0,1,0,0,0,0,100000000,130000000.0,30,30000000.0,23.07692307692308,1.5,100000000.0,130000000.0,30.0,3637.0,1
36,0,1,0,0,0,0,0,1,0,0,0,0,0,0,0,0,0,0,0,0,1,0,0,0,0,100000000,115000000.0,15,15000000.0,13.043478260869565,2.0,100000000.0,130000000.0,30.0,3628.0,0
33,0,1,0,0,0,0,0,1,0,0,0,0,0,0,0,0,0,0,0,0,0,0,1,0,0,200000000,245000000.0,30,45000000.0,18.367346938775512,4.5,137500000.0,171375000.0,30.0,3616.125,1
39,0,0,0,0,0,0,0,0,0,0,0,1,0,0,0,0,0,0,0,0,1,0,0,0,0,10000,13000.0,30,3000.0,23.07692307692308,1.5,100000000.0,122500000.0,22.5,3608.5,1
43,0,1,0,0,0,0,1,0,0,0,0,0,0,0,0,0,0,0,0,0,1,0,0,0,0,200000000,245000000.0,30,45000000.0,18.367346938775512,2.0,100000000.0,115000000.0,15.0,3627.0,1
35,0,1,1,0,0,0,0,0,0,0,0,0,0,0,0,0,0,0,0,1,0,0,0,0,0,10000,11500.0,15,1500.0,13.043478260869565,2.5,100000000.0,130000000.0,30.0,3608.0,0
35,1,0,0,0,0,0,0,1,0,0,0,0,0,0,0,0,0,0,0,0,1,0,0,0,0,200000000,245000000.0,30,45000000.0,18.367346938775512,3.5,166666666.66666666,203166666.66666663,32.5,3608.8333333333335,1
37,0,1,0,0,0,0,1,0,0,0,0,0,0,0,0,0,0,0,0,0,1,0,0,0,0,10000,11500.0,15,1500.0,13.043478260869565,1.0,100000000.0,115000000.0,15.0,3668.0,0
30,0,1,0,0,0,0,0,1,0,0,0,0,0,0,0,0,0,0,0,1,0,0,0,0,0,100000000,130000000.0,30,30000000.0,23.07692307692308,1.5,100000000.0,130000000.0,30.0,3611.5,1
32,0,1,0,0,0,0,0,1,0,0,0,0,0,0,0,0,0,0,0,0,1,0,0,0,0,300000000,345000000.0,30,45000000.0,13.043478260869565,5.0,133333333.33333331,165888888.8888889,28.33333333333333,3615.444444444444,1
32,0,1,0,0,0,0,0,0,0,0,0,1,0,0,0,0,0,0,0,0,1,0,0,0,0,10000,11500.0,15,1500.0,13.043478260869565,1.0,100000000.0,115000000.0,15.0,3608.0,0
37,0,1,0,0,0,0,0,0,0,0,0,0,0,0,0,0,0,0,0,1,0,0,0,0,0,200000000,245000000.0,30,45000000.0,18.367346938775512,1.5,100000000.0,130000000.0,30.0,3639.5,1
30,0,1,0,0,0,0,0,1,0,0,0,0,0,0,0,0,0,0,0,0,1,0,0,0,0,100000000,130000000.0,30,30000000.0,23.07692307692308,1.0,100000000.0,130000000.0,30.0,3669.0,1
38,0,1,0,0,0,0,0,0,0,0,0,0,0,0,0,0,0,0,0,0,0,0,1,0,0,500000000,525000000.0,30,25000000.0,4.761904761904762,7.5,278571428.5714286,313214285.71428573,25.714285714285715,3609.928571428572,1
41,0,1,0,1,0,0,0,0,0,0,0,0,0,0,0,0,0,0,0,0,1,0,0,0,0,200000000,245000000.0,30,45000000.0,18.367346938775512,4.0,142857142.85714287,172428571.42857143,25.714285714285715,3608.714285714286,1
45,0,1,0,0,0,0,0,0,0,0,0,0,0,0,0,0,0,0,1,0,1,0,0,0,0,10000,13000.0,30,3000.0,23.07692307692308,1.0,100000000.0,130000000.0,30.0,3668.0,1
46,0,1,0,0,0,0,0,0,0,0,0,0,0,0,0,0,0,0,0,0,1,0,0,0,0,100000000,115000000.0,15,15000000.0,13.043478260869565,2.0,100000000.0,120000000.0,20.0,3634.3333333333335,0
29,0,1,0,0,0,1,0,0,0,0,0,0,0,0,0,0,0,0,0,0,1,0,0,0,0,100000000,115000000.0,15,15000000.0,13.043478260869565,2.0,133333333.33333331,158333333.33333334,20.0,3608.3333333333335,0
29,0,1,0,0,0,0,1,0,0,0,0,0,0,0,0,0,0,0,0,0,1,0,0,0,0,10000,13000.0,30,3000.0,23.07692307692308,1.0,100000000.0,130000000.0,30.0,3611.0,1
30,0,1,0,0,0,0,0,0,0,0,1,0,0,0,0,0,0,0,0,1,0,0,0,0,0,100000000,130000000.0,30,30000000.0,23.07692307692308,1.0,100000000.0,130000000.0,30.0,3610.0,1
43,0,1,0,0,0,0,0,0,0,0,1,0,0,0,0,0,0,0,0,0,0,0,1,0,0,100000000,130000000.0,30,30000000.0,23.07692307692308,1.5,100000000.0,130000000.0,30.0,3607.5,1
30,1,0,0,0,0,0,0,1,0,0,0,0,0,0,0,0,0,0,0,0,0,0,0,1,0,400000000,440000000.0,30,40000000.0,9.090909090909092,6.0,250000000.0,284863636.3636364,27.272727272727277,3611.818181818182,1
35,1,0,0,0,0,0,0,0,0,0,0,0,0,0,1,0,0,0,0,0,1,0,0,0,0,100000000,130000000.0,30,30000000.0,23.07692307692308,1.0,100000000.0,130000000.0,30.0,3670.0,1
44,0,1,0,0,0,0,1,0,0,0,0,0,0,0,0,0,0,0,0,0,1,0,0,0,0,200000000,245000000.0,30,45000000.0,18.367346938775512,2.0,100000000.0,130000000.0,30.0,3609.6666666666665,1
43,0,1,0,0,0,0,0,0,0,0,0,0,0,0,1,0,0,0,0,0,1,0,0,0,0,10000,13000.0,30,3000.0,23.07692307692308,1.5,100000000.0,130000000.0,30.0,3606.5,1
49,0,1,0,0,0,0,0,0,0,0,0,0,0,0,0,0,0,0,0,1,0,0,0,0,0,100000000,130000000.0,30,30000000.0,23.07692307692308,1.0,100000000.0,115000000.0,15.0,3612.0,1
35,0,1,0,0,0,0,0,0,0,0,0,0,0,0,0,0,0,0,0,0,1,0,0,0,0,100000000,115000000.0,15,15000000.0,13.043478260869565,1.0,100000000.0,115000000.0,15.0,3618.0,0
33,0,1,0,0,0,0,0,0,0,0,0,0,0,0,0,0,0,0,0,0,1,0,0,0,0,20000,24500.0,30,4500.0,18.367346938775512,2.0,100000000.0,120000000.0,20.0,4332.666666666667,4
42,0,1,0,0,0,0,0,0,0,0,1,0,0,0,0,0,0,0,0,0,1,0,0,0,0,100000000,130000000.0,30,30000000.0,23.07692307692308,1.0,100000000.0,130000000.0,30.0,3668.0,1
50,0,1,0,0,0,0,0,1,0,0,0,0,0,0,0,0,0,0,0,0,1,0,0,0,0,400000000,480000000.0,60,80000000.0,16.666666666666664,6.5,229166666.66666663,268166666.66666663,31.25,3610.8333333333335,3
36,1,0,0,0,0,0,0,0,0,0,0,0,0,0,1,0,0,0,0,0,1,0,0,0,0,300000000,390000000.0,60,90000000.0,23.07692307692308,5.0,172222222.2222222,192222222.2222222,18.33333333333333,3609.8888888888887,3
44,0,1,0,0,0,0,0,1,0,0,0,0,0,0,0,0,0,0,0,0,1,0,0,0,0,100000000,130000000.0,30,30000000.0,23.07692307692308,1.0,100000000.0,115000000.0,15.0,3668.0,1
34,1,0,1,0,0,0,0,0,0,0,0,0,0,0,0,0,0,0,0,0,1,0,0,0,0,400000000,480000000.0,60,80000000.0,16.666666666666664,3.5,216666666.66666663,261666666.66666663,35.0,3618.5,3
34,1,0,0,0,0,0,0,0,0,0,0,0,0,0,1,0,0,0,0,0,1,0,0,0,0,10000,13000.0,30,3000.0,23.07692307692308,7.0,169230769.23076922,193125000.0,20.76923076923077,3610.692307692308,1
33,0,1,0,0,0,0,0,1,0,0,0,0,0,0,0,0,0,0,0,1,0,0,0,0,0,200000000,245000000.0,30,45000000.0,18.367346938775512,2.0,100000000.0,125000000.0,25.0,3606.6666666666665,1
37,0,1,0,0,0,0,0,1,0,0,0,0,0,0,0,0,0,0,0,0,1,0,0,0,0,10000,13000.0,30,3000.0,23.07692307692308,1.0,100000000.0,130000000.0,30.0,3613.0,1
39,0,1,1,0,0,0,0,0,0,0,0,0,0,0,0,0,0,0,0,1,0,0,0,0,0,200000000,245000000.0,30,45000000.0,18.367346938775512,2.0,100000000.0,125000000.0,25.0,3610.0,1
39,0,1,0,0,0,0,1,0,0,0,0,0,0,0,0,0,0,0,0,0,1,0,0,0,0,10000,13000.0,30,3000.0,23.07692307692308,1.0,100000000.0,130000000.0,30.0,3613.0,1
32,1,0,0,0,0,0,0,0,0,0,0,0,0,0,1,0,0,0,0,0,0,0,1,0,0,30000,34500.0,30,4500.0,13.043478260869565,6.0,195454545.45454547,231977272.72727272,28.63636363636364,3608.818181818182,1
41,0,1,0,0,0,0,0,1,0,0,0,0,0,0,0,0,0,0,0,0,1,0,0,0,0,100000000,130000000.0,30,30000000.0,23.07692307692308,1.0,100000000.0,130000000.0,30.0,3667.0,1
31,0,1,0,0,0,0,0,1,0,0,0,0,0,0,0,0,0,0,0,0,1,0,0,0,0,100000000,130000000.0,30,30000000.0,23.07692307692308,1.0,100000000.0,115000000.0,15.0,3668.0,1
37,0,1,0,0,0,0,0,1,0,0,0,0,0,0,0,0,0,0,0,0,1,0,0,0,0,10000,13000.0,30,3000.0,23.07692307692308,1.0,100000000.0,115000000.0,15.0,3670.0,1
38,1,0,0,0,0,0,0,1,0,0,0,0,0,0,0,0,0,0,0,0,1,0,0,0,0,25000,28750.0,30,3750.0,13.043478260869565,3.5,183333333.3333333,224500333.3333333,35.0,3622.5,1
38,0,1,1,0,0,0,0,0,0,0,0,0,0,0,0,0,0,0,0,0,0,0,1,0,0,400000000,480000000.0,60,80000000.0,16.666666666666664,6.5,204166666.66666663,240729166.66666663,30.0,3608.75,3
35,1,0,0,0,0,0,0,1,0,0,0,0,0,0,0,0,0,0,0,0,1,0,0,0,0,40000,48000.0,60,8000.0,16.666666666666664,7.0,230000000.0,273846153.84615386,34.61538461538461,6261.615384615385,5
49,0,1,0,0,0,0,0,0,0,0,0,0,0,0,0,0,0,0,1,0,1,0,0,0,0,100000000,130000000.0,30,30000000.0,23.07692307692308,1.0,100000000.0,130000000.0,30.0,3668.0,1
42,0,1,1,0,0,0,0,0,0,0,0,0,0,0,0,0,0,0,0,1,0,0,0,0,0,20000,24500.0,30,4500.0,18.367346938775512,3.0,140000000.0,171600000.0,27.0,3608.0,1
39,0,1,0,0,0,0,0,1,0,0,0,0,0,0,0,0,0,0,0,0,1,0,0,0,0,300000000,345000000.0,30,45000000.0,13.043478260869565,4.0,142857142.85714287,176142857.14285713,27.857142857142858,3625.857142857143,1
36,0,1,0,0,0,0,0,1,0,0,0,0,0,0,0,0,0,0,0,0,1,0,0,0,0,200000000,245000000.0,30,45000000.0,18.367346938775512,2.0,100000000.0,130000000.0,30.0,3609.0,1
30,0,1,0,0,0,0,0,1,0,0,0,0,0,0,0,0,0,0,0,0,1,0,0,0,0,100000000,130000000.0,30,30000000.0,23.07692307692308,1.0,100000000.0,130000000.0,30.0,3613.0,1
42,0,1,0,0,0,0,1,0,0,0,0,0,0,0,0,0,0,0,0,0,1,0,0,0,0,20000,24500.0,30,4500.0,18.367346938775512,3.0,140000000.0,173000000.0,27.0,3620.8,1
43,0,1,0,0,1,0,0,0,0,0,0,0,0,0,0,0,0,0,0,0,1,0,0,0,0,10000,13000.0,30,3000.0,23.07692307692308,1.5,100000000.0,130000000.0,30.0,3611.5,1
32,0,1,0,0,0,0,0,1,0,0,0,0,0,0,0,0,0,0,0,0,0,0,0,1,0,100000000,130000000.0,30,30000000.0,23.07692307692308,1.0,100000000.0,115000000.0,15.0,3611.0,1
37,0,1,0,0,0,0,0,1,0,0,0,0,0,0,0,0,0,0,0,0,1,0,0,0,0,100000000,130000000.0,30,30000000.0,23.07692307692308,1.0,100000000.0,115000000.0,15.0,3611.0,1
34,1,0,0,0,0,0,0,1,0,0,0,0,0,0,0,0,0,0,0,0,0,0,1,0,0,300000000,345000000.0,30,45000000.0,13.043478260869565,6.0,200000000.0,231181818.1818182,24.545454545454547,3610.363636363637,1
28,0,1,0,0,0,0,0,1,0,0,0,0,0,0,0,0,0,0,0,0,0,0,0,1,0,100000000,130000000.0,30,30000000.0,23.07692307692308,1.0,100000000.0,115000000.0,15.0,3669.0,1
39,0,1,0,0,0,0,1,0,0,0,0,0,0,0,0,0,0,0,0,0,1,0,0,0,0,10000,13000.0,30,3000.0,23.07692307692308,2.0,100000000.0,125000000.0,25.0,3610.6666666666665,1
40,0,1,0,0,0,1,0,0,0,0,0,0,0,0,0,0,0,0,0,1,0,0,0,0,0,100000000,115000000.0,15,15000000.0,13.043478260869565,1.0,100000000.0,115000000.0,15.0,3668.0,0
32,0,1,0,0,0,0,0,1,0,0,0,0,0,0,0,0,0,0,0,1,0,0,0,0,0,100000000,115000000.0,15,15000000.0,13.043478260869565,1.0,100000000.0,115000000.0,15.0,3668.0,0
41,0,1,0,0,0,0,0,0,0,0,1,0,0,0,0,0,0,0,0,1,0,0,0,0,0,300000000,345000000.0,30,45000000.0,13.043478260869565,5.0,200000000.0,226222222.2222222,20.0,3608.222222222222,1
36,1,0,0,0,0,0,0,1,0,0,0,0,0,0,0,0,0,0,0,0,1,0,0,0,0,400000000,480000000.0,60,80000000.0,16.666666666666664,5.0,244444444.44444445,297777777.7777778,43.333333333333336,3616.555555555556,3
38,0,1,0,0,0,0,0,1,0,0,0,0,0,0,0,0,0,0,0,0,1,0,0,0,0,100000000,130000000.0,30,30000000.0,23.07692307692308,1.5,100000000.0,130000000.0,30.0,3611.5,1
32,0,1,0,0,0,0,0,1,0,0,0,0,0,0,0,0,0,0,0,0,1,0,0,0,0,100000000,130000000.0,30,30000000.0,23.07692307692308,1.0,100000000.0,130000000.0,30.0,3668.0,1
31,0,1,0,0,0,0,0,0,0,0,0,0,0,0,0,0,0,0,0,0,1,0,0,0,0,10000,13000.0,30,3000.0,23.07692307692308,1.5,100000000.0,130000000.0,30.0,3611.0,1
37,0,1,0,0,0,0,0,0,0,0,0,0,0,0,1,0,0,0,0,1,0,0,0,0,0,100000000,115000000.0,15,15000000.0,13.043478260869565,1.0,100000000.0,115000000.0,15.0,3612.0,0
37,0,1,0,0,0,0,0,0,0,0,1,0,0,0,0,0,0,0,0,0,1,0,0,0,0,100000000,130000000.0,30,30000000.0,23.07692307692308,1.0,100000000.0,130000000.0,30.0,3669.0,1
36,0,1,0,0,0,0,0,1,0,0,0,0,0,0,0,0,0,0,0,0,1,0,0,0,0,10000,13000.0,30,3000.0,23.07692307692308,1.0,100000000.0,115000000.0,15.0,3669.0,1
43,1,0,1,0,0,0,0,0,0,0,0,0,0,0,0,0,0,0,0,1,0,0,0,0,0,100000000,130000000.0,30,30000000.0,23.07692307692308,1.5,100000000.0,130000000.0,30.0,3637.5,1
56,0,1,0,0,0,0,0,1,0,0,0,0,0,0,0,0,0,0,0,0,1,0,0,0,0,100000000,130000000.0,30,30000000.0,23.07692307692308,1.0,100000000.0,130000000.0,30.0,3668.0,1
36,1,0,0,0,0,0,0,1,0,0,0,0,0,0,0,0,0,0,0,0,1,0,0,0,0,20000,24500.0,30,4500.0,18.367346938775512,3.0,120000000.0,150000000.0,27.0,3622.0,1
40,0,1,0,0,0,0,0,1,0,0,0,0,0,0,0,0,0,0,0,0,1,0,0,0,0,100000000,130000000.0,30,30000000.0,23.07692307692308,1.0,100000000.0,130000000.0,30.0,3617.0,1
32,0,1,0,0,0,0,0,1,0,0,0,0,0,0,0,0,0,0,0,0,1,0,0,0,0,100000000,100000000.0,15,0.0,0.0,6.0,195454545.45454547,219681818.1818182,21.818181818181817,3610.090909090909,0
56,0,1,0,0,0,0,0,0,0,0,1,0,0,0,0,0,0,0,0,0,1,0,0,0,0,25000,28750.0,30,3750.0,13.043478260869565,3.5,150000000.0,183833333.3333333,27.5,3617.0,1
36,0,1,0,0,0,0,0,1,0,0,0,0,0,0,0,0,0,0,0,0,1,0,0,0,0,400000000,480000000.0,60,80000000.0,16.666666666666664,5.0,216666666.66666663,264333333.3333333,40.0,3611.8888888888887,3
28,0,1,0,0,0,0,0,0,0,0,0,0,0,0,0,0,0,0,1,0,0,0,0,1,0,200000000,222500000.0,15,22500000.0,10.112359550561797,2.0,100000000.0,120000000.0,20.0,3607.0,0
32,0,1,0,0,0,0,0,0,0,0,0,0,0,0,0,0,0,0,0,0,1,0,0,0,0,100000000,130000000.0,30,30000000.0,23.07692307692308,1.0,100000000.0,130000000.0,30.0,3668.0,1
46,0,1,0,0,0,0,0,1,0,0,0,0,0,0,0,0,0,0,0,1,0,0,0,0,0,20000,24500.0,30,4500.0,18.367346938775512,2.5,125000000.0,158750000.0,30.0,3607.5,1
44,0,1,0,0,0,0,0,1,0,0,0,0,0,0,0,0,0,0,0,0,1,0,0,0,0,100000000,115000000.0,15,15000000.0,13.043478260869565,1.5,100000000.0,115000000.0,15.0,3611.5,0
35,0,1,0,1,0,0,0,0,0,0,0,0,0,0,0,0,0,0,0,0,1,0,0,0,0,100000000,130000000.0,30,30000000.0,23.07692307692308,1.5,100000000.0,130000000.0,30.0,3607.5,1
36,0,1,1,0,0,0,0,0,0,0,0,0,0,0,0,0,0,0,0,0,0,0,1,0,0,400000000,440000000.0,30,40000000.0,9.090909090909092,6.5,266666666.66666663,308250000.0,30.0,3618.8333333333335,1
32,1,0,0,0,0,0,0,1,0,0,0,0,0,0,0,0,0,0,0,0,1,0,0,0,0,400000000,440000000.0,30,40000000.0,9.090909090909092,5.5,260000000.0,317800000.0,46.5,4249.1,1
36,0,1,0,0,0,0,0,0,0,0,0,0,0,0,0,0,0,0,0,1,0,0,0,0,0,100000000,130000000.0,30,30000000.0,23.07692307692308,1.0,100000000.0,130000000.0,30.0,3668.0,1
41,1,0,0,0,0,0,0,0,0,0,1,0,0,0,0,0,0,0,0,0,1,0,0,0,0,20000,22000.0,30,2000.0,9.090909090909092,5.0,144444444.44444445,171555555.55555555,26.666666666666668,3615.1111111111113,1
35,1,0,0,0,0,0,0,1,0,0,0,0,0,0,0,0,0,0,0,0,1,0,0,0,0,400000000,440000000.0,30,40000000.0,9.090909090909092,4.5,187500000.0,235500000.0,37.5,3610.25,1
48,1,0,0,0,0,0,0,0,0,0,0,0,0,0,0,0,0,0,0,0,1,0,0,0,0,30000,34500.0,30,4500.0,13.043478260869565,3.0,160000000.0,196200000.0,33.0,3610.4,1
36,0,1,0,0,0,0,1,0,0,0,0,0,0,0,0,0,0,0,0,0,1,0,0,0,0,100000000,130000000.0,30,30000000.0,23.07692307692308,1.0,100000000.0,130000000.0,30.0,3668.0,1
35,0,1,0,0,0,0,0,0,0,0,0,0,0,0,0,0,0,0,0,0,1,0,0,0,0,10000,13000.0,30,3000.0,23.07692307692308,1.5,100000000.0,122500000.0,22.5,3610.0,1
34,0,1,0,0,0,0,0,1,0,0,0,0,0,0,0,0,0,0,0,0,1,0,0,0,0,200000000,245000000.0,30,45000000.0,18.367346938775512,4.0,171428571.42857143,193428571.42857143,17.142857142857142,3624.857142857143,1
29,1,0,0,1,0,0,0,0,0,0,0,0,0,0,0,0,0,0,0,0,0,0,1,0,0,100000000,130000000.0,30,30000000.0,23.07692307692308,2.0,100000000.0,130000000.0,30.0,3608.6666666666665,1
27,0,1,1,0,0,0,0,0,0,0,0,0,0,0,0,0,0,0,0,0,0,0,0,1,0,100000000,130000000.0,30,30000000.0,23.07692307692308,1.0,100000000.0,115000000.0,15.0,3617.0,1
36,0,1,0,0,0,0,1,0,0,0,0,0,0,0,0,0,0,0,0,0,1,0,0,0,0,100000000,130000000.0,30,30000000.0,23.07692307692308,1.0,100000000.0,130000000.0,30.0,3669.0,1
27,1,0,0,0,0,0,0,0,0,0,0,0,0,0,0,0,0,0,1,0,1,0,0,0,0,400000000,440000000.0,30,40000000.0,9.090909090909092,5.0,200000000.0,237555555.55555555,30.0,3616.555555555556,1
31,0,1,1,0,0,0,0,0,0,0,0,0,0,0,0,0,0,0,0,1,0,0,0,0,0,100000000,130000000.0,30,30000000.0,23.07692307692308,1.5,100000000.0,130000000.0,30.0,3637.0,1
40,1,0,0,0,0,0,1,0,0,0,0,0,0,0,0,0,0,0,0,0,1,0,0,0,0,300000000,330000000.0,30,30000000.0,9.090909090909092,6.0,240909090.9090909,283977272.72727275,32.72727272727273,3864.181818181818,1
39,0,1,0,0,0,0,0,0,0,0,1,0,0,0,0,0,0,0,0,0,1,0,0,0,0,100000000,115000000.0,15,15000000.0,13.043478260869565,1.0,100000000.0,115000000.0,15.0,3668.0,0
42,0,1,0,0,0,0,0,1,0,0,0,0,0,0,0,0,0,0,0,1,0,0,0,0,0,100000000,115000000.0,15,15000000.0,13.043478260869565,1.0,100000000.0,115000000.0,15.0,3614.0,0
39,0,1,0,0,0,0,0,0,0,0,0,0,0,0,0,0,0,0,1,0,1,0,0,0,0,100000000,130000000.0,30,30000000.0,23.07692307692308,1.0,100000000.0,130000000.0,30.0,3669.0,1
50,1,0,0,0,0,0,0,1,0,0,0,0,0,0,0,0,0,0,0,0,0,0,1,0,0,200000000,245000000.0,30,45000000.0,18.367346938775512,5.0,111111111.1111111,142777777.7777778,30.0,3611.444444444444,1
37,1,0,0,0,0,0,0,0,0,0,1,0,0,0,0,0,0,0,0,0,1,0,0,0,0,100000000,130000000.0,30,30000000.0,23.07692307692308,5.0,183333333.3333333,213986111.1111111,23.33333333333333,3616.1111111111113,1
40,0,1,0,0,0,0,0,1,0,0,0,0,0,0,0,0,0,0,0,0,1,0,0,0,0,100000000,130000000.0,30,30000000.0,23.07692307692308,4.0,128571428.57142857,160857142.85714287,30.0,3609.857142857143,1
40,0,1,0,0,0,0,0,1,0,0,0,0,0,0,0,0,0,0,0,0,1,0,0,0,0,20000,22250.0,15,2250.0,10.112359550561797,2.5,125000000.0,141875000.0,15.0,3621.25,0
42,0,1,0,0,0,0,0,0,0,0,0,0,0,0,1,0,0,0,0,0,1,0,0,0,0,100000000,130000000.0,30,30000000.0,23.07692307692308,1.5,100000000.0,122500000.0,22.5,3637.0,1
46,0,1,0,0,0,0,0,1,0,0,0,0,0,0,0,0,0,0,0,0,1,0,0,0,0,100000000,130000000.0,30,30000000.0,23.07692307692308,1.5,100000000.0,130000000.0,30.0,3609.0,1
29,0,1,0,0,0,0,0,0,0,0,0,1,0,0,0,0,0,0,0,0,1,0,0,0,0,100000000,130000000.0,30,30000000.0,23.07692307692308,1.0,100000000.0,115000000.0,15.0,3670.0,1
41,0,0,0,0,0,0,1,0,0,0,0,0,0,0,0,0,0,0,0,0,1,0,0,0,0,100000000,130000000.0,30,30000000.0,23.07692307692308,1.0,100000000.0,130000000.0,30.0,3667.0,1
50,0,0,0,0,0,0,0,0,0,0,0,0,0,0,1,0,0,0,0,0,1,0,0,0,0,100000000,130000000.0,30,30000000.0,23.07692307692308,1.0,100000000.0,130000000.0,30.0,3669.0,1
37,0,1,0,0,0,0,0,0,0,0,0,0,0,0,0,0,0,0,0,0,1,0,0,0,0,100000000,130000000.0,30,30000000.0,23.07692307692308,1.0,100000000.0,130000000.0,30.0,3668.0,1
41,0,1,0,0,0,0,1,0,0,0,0,0,0,0,0,0,0,0,0,0,1,0,0,0,0,100000000,130000000.0,30,30000000.0,23.07692307692308,1.5,100000000.0,130000000.0,30.0,3637.5,1
34,0,1,0,0,0,0,0,0,0,0,1,0,0,0,0,0,0,0,0,0,1,0,0,0,0,100000000,130000000.0,30,30000000.0,23.07692307692308,1.5,100000000.0,130000000.0,30.0,3606.5,1
37,0,1,0,1,0,0,0,0,0,0,0,0,0,0,0,0,0,0,0,0,1,0,0,0,0,100000000,130000000.0,30,30000000.0,23.07692307692308,1.5,100000000.0,130000000.0,30.0,3610.5,1
44,0,1,0,1,0,0,0,0,0,0,0,0,0,0,0,0,0,0,0,1,0,0,0,0,0,100000000,130000000.0,30,30000000.0,23.07692307692308,3.0,100000000.0,130000000.0,30.0,3608.8,1
40,0,1,0,0,0,0,0,0,0,0,0,0,0,0,1,0,0,0,0,0,1,0,0,0,0,100000000,130000000.0,30,30000000.0,23.07692307692308,1.5,100000000.0,130000000.0,30.0,3614.5,1
28,0,1,1,0,0,0,0,0,0,0,0,0,0,0,0,0,0,0,0,0,1,0,0,0,0,100000000,130000000.0,30,30000000.0,23.07692307692308,1.0,100000000.0,130000000.0,30.0,3668.0,1
38,0,1,0,0,0,0,1,0,0,0,0,0,0,0,0,0,0,0,0,0,1,0,0,0,0,300000000,345000000.0,30,45000000.0,13.043478260869565,3.5,191666666.66666663,219812500.0,22.5,3610.5,1
38,0,1,0,0,0,0,0,1,0,0,0,0,0,0,0,0,0,0,0,0,0,0,1,0,0,200000000,222500000.0,15,22500000.0,10.112359550561797,6.5,162500000.0,185781250.0,18.75,3610.0833333333335,0
40,0,1,0,0,0,0,0,0,0,0,0,0,0,0,1,0,0,0,0,0,1,0,0,0,0,10000,13000.0,30,3000.0,23.07692307692308,1.0,100000000.0,130000000.0,30.0,3667.0,1
36,0,1,0,1,0,0,0,0,0,0,0,0,0,0,0,0,0,0,0,0,1,0,0,0,0,200000000,245000000.0,30,45000000.0,18.367346938775512,3.0,140000000.0,176000000.0,30.0,3620.0,1
37,0,1,0,0,0,0,0,1,0,0,0,0,0,0,0,0,0,0,0,0,1,0,0,0,0,100000000,115000000.0,15,15000000.0,13.043478260869565,1.0,100000000.0,115000000.0,15.0,3669.0,0
36,1,0,0,0,0,0,1,0,0,0,0,0,0,0,0,0,0,0,0,0,1,0,0,0,0,10000,11500.0,15,1500.0,13.043478260869565,2.0,100000000.0,120000000.0,20.0,5547.333333333333,4
35,0,1,1,0,0,0,0,0,0,0,0,0,0,0,0,0,0,0,0,1,0,0,0,0,0,10000,13000.0,30,3000.0,23.07692307692308,1.0,100000000.0,115000000.0,15.0,3609.0,1
38,0,1,0,0,0,0,0,0,0,0,1,0,0,0,0,0,0,0,0,0,1,0,0,0,0,100000000,130000000.0,30,30000000.0,23.07692307692308,1.5,100000000.0,130000000.0,30.0,3638.0,1
41,0,1,0,0,0,0,0,0,0,0,0,0,0,0,0,0,0,0,0,0,1,0,0,0,0,150000000,183750000.0,30,33750000.0,18.367346938775512,2.0,100000000.0,130000000.0,30.0,3607.6666666666665,1
39,1,0,0,0,0,0,0,1,0,0,0,0,0,0,0,0,0,0,0,0,1,0,0,0,0,30000,34500.0,30,4500.0,13.043478260869565,3.5,150000000.0,171250000.0,17.5,3609.5,1
33,1,0,0,0,0,0,1,0,0,0,0,0,0,0,0,0,0,0,0,0,0,0,0,1,0,500000000,575000000.0,90,75000000.0,13.043478260869565,6.0,300000000.0,353181818.1818182,47.72727272727273,3616.272727272728,2
38,0,1,0,0,0,0,0,0,0,0,0,0,0,0,1,0,0,0,0,0,1,0,0,0,0,300000000,345000000.0,30,45000000.0,13.043478260869565,3.0,140000000.0,174600000.0,30.0,3608.6,1
49,1,0,1,0,0,0,0,0,0,0,0,0,0,0,0,0,0,0,0,0,0,0,1,0,0,500000000,525000000.0,30,25000000.0,4.761904761904762,7.5,335714285.71428573,376642857.14285713,33.214285714285715,3609.142857142857,1
39,1,0,0,0,0,0,0,0,0,0,0,0,0,0,0,0,0,0,0,0,1,0,0,0,0,20000,24500.0,30,4500.0,18.367346938775512,3.5,100000000.0,130000000.0,30.0,3610.0,1
53,1,0,0,0,0,0,0,1,0,0,0,0,0,0,0,0,0,0,0,0,0,0,1,0,0,200000000,245000000.0,30,45000000.0,18.367346938775512,4.0,128571428.57142857,162857142.85714287,30.0,5133.857142857143,4
45,0,1,0,0,0,0,0,1,0,0,0,0,0,0,0,0,0,0,0,0,1,0,0,0,0,100000000,130000000.0,30,30000000.0,23.07692307692308,1.0,100000000.0,130000000.0,30.0,3668.0,1
43,0,1,0,0,0,0,0,1,0,0,0,0,0,0,0,0,0,0,0,0,0,0,1,0,0,300000000,345000000.0,30,45000000.0,13.043478260869565,3.5,208333333.3333333,245916666.66666663,30.0,3608.8333333333335,1
36,0,1,0,0,0,0,0,1,0,0,0,0,0,0,0,0,0,0,0,0,1,0,0,0,0,10000,13000.0,30,3000.0,23.07692307692308,1.0,100000000.0,130000000.0,30.0,3612.0,1
41,0,1,0,0,0,0,0,1,0,0,0,0,0,0,0,0,0,0,0,0,1,0,0,0,0,20000,24500.0,30,4500.0,18.367346938775512,3.0,140000000.0,167000000.0,21.0,3608.6,1
34,0,1,0,0,0,0,0,1,0,0,0,0,0,0,0,0,0,0,0,0,1,0,0,0,0,100000000,130000000.0,30,30000000.0,23.07692307692308,1.0,100000000.0,130000000.0,30.0,3668.0,1
36,0,1,0,0,0,0,0,1,0,0,0,0,0,0,0,0,0,0,0,0,1,0,0,0,0,100000000,115000000.0,15,15000000.0,13.043478260869565,1.0,100000000.0,115000000.0,15.0,3609.0,0
35,1,0,0,0,0,0,0,1,0,0,0,0,0,0,0,0,0,0,0,0,0,0,0,1,0,15000,18375.0,30,3375.0,18.367346938775512,6.0,101818181.8181818,127136363.63636364,27.272727272727277,3611.0,1
35,0,1,0,0,0,0,0,1,0,0,0,0,0,0,0,0,0,0,0,0,1,0,0,0,0,20000,24500.0,30,4500.0,18.367346938775512,2.0,100000000.0,120000000.0,20.0,3608.3333333333335,1
31,0,1,0,0,0,0,0,1,0,0,0,0,0,0,0,0,0,0,0,0,1,0,0,0,0,20000,24500.0,30,4500.0,18.367346938775512,2.0,100000000.0,125000000.0,25.0,3608.0,1
29,0,1,1,0,0,0,0,0,0,0,0,0,0,0,0,0,0,0,0,0,1,0,0,0,0,200000000,222500000.0,15,22500000.0,10.112359550561797,2.5,125000000.0,145625000.0,18.75,3623.25,0
33,0,1,0,0,0,0,1,0,0,0,0,0,0,0,0,0,0,0,0,0,1,0,0,0,0,40000,44000.0,30,4000.0,9.090909090909092,6.0,254545454.54545453,285727272.72727275,23.181818181818183,5850.272727272727,5
31,1,0,0,0,0,0,0,1,0,0,0,0,0,0,0,0,0,0,0,0,0,0,0,1,0,150000000,172500000.0,30,22500000.0,13.043478260869565,4.0,185714285.7142857,220571428.57142857,30.0,3612.285714285714,1
39,1,0,0,0,0,0,0,0,0,0,0,0,0,0,0,0,0,0,0,0,1,0,0,0,0,200000000,245000000.0,30,45000000.0,18.367346938775512,4.0,121428571.42857143,151696428.57142857,27.857142857142858,3610.571428571429,1
36,0,1,0,0,0,0,0,1,0,0,0,0,0,0,0,0,0,0,0,0,1,0,0,0,0,200000000,245000000.0,30,45000000.0,18.367346938775512,2.0,100000000.0,130000000.0,30.0,3609.0,1
38,1,0,0,1,0,0,0,0,0,0,0,0,0,0,0,0,0,0,0,0,1,0,0,0,0,400000000,480000000.0,60,80000000.0,16.666666666666664,5.5,195000000.0,228275000.0,28.5,3929.5,3
43,0,1,0,0,0,0,1,0,0,0,0,0,0,0,0,0,0,0,0,0,1,0,0,0,0,200000000,245000000.0,30,45000000.0,18.367346938775512,2.5,125000000.0,158750000.0,30.0,3608.75,1
32,0,1,0,0,0,0,0,0,0,0,0,0,0,0,0,0,0,0,1,0,1,0,0,0,0,100000000,130000000.0,30,30000000.0,23.07692307692308,1.0,100000000.0,115000000.0,15.0,3668.0,1
29,1,0,0,0,1,0,0,0,0,0,0,0,0,0,0,0,0,0,0,0,1,0,0,0,0,100000000,115000000.0,15,15000000.0,13.043478260869565,3.0,90000000.0,103500000.0,15.0,3609.6,0
31,1,0,0,0,0,0,0,0,0,0,0,0,0,0,0,0,0,0,1,0,1,0,0,0,0,40000,44000.0,30,4000.0,9.090909090909092,6.5,233333333.3333333,271250000.0,31.25,4026.3333333333335,1
34,0,1,0,0,0,0,0,0,0,0,0,0,0,0,1,0,0,0,0,0,1,0,0,0,0,200000000,245000000.0,30,45000000.0,18.367346938775512,5.0,111111111.1111111,136111111.1111111,23.33333333333333,3622.3333333333335,1
40,0,1,0,0,0,0,0,0,0,0,0,0,0,0,1,0,0,0,0,0,1,0,0,0,0,200000000,245000000.0,30,45000000.0,18.367346938775512,2.5,125000000.0,155000000.0,26.25,3608.75,1
28,0,1,0,0,0,0,0,1,0,0,0,0,0,0,0,0,0,0,0,0,1,0,0,0,0,100000000,130000000.0,30,30000000.0,23.07692307692308,2.0,100000000.0,130000000.0,30.0,3608.3333333333335,1
44,0,1,0,0,0,0,0,0,0,0,0,0,0,0,0,0,0,0,1,1,0,0,0,0,0,30000,34500.0,30,4500.0,13.043478260869565,4.0,171428571.42857143,193428571.42857143,17.142857142857142,3624.0,1
30,0,1,1,0,0,0,0,0,0,0,0,0,0,0,0,0,0,0,0,0,1,0,0,0,0,20000,24500.0,30,4500.0,18.367346938775512,2.5,125000000.0,158750000.0,30.0,3621.5,1
33,0,1,0,0,0,0,1,0,0,0,0,0,0,0,0,0,0,0,0,0,1,0,0,0,0,10000,13000.0,30,3000.0,23.07692307692308,1.0,100000000.0,130000000.0,30.0,3668.0,1
33,0,1,0,0,0,0,1,0,0,0,0,0,0,0,0,0,0,0,0,0,1,0,0,0,0,10000,13000.0,30,3000.0,23.07692307692308,1.5,100000000.0,122500000.0,22.5,3637.5,1
32,0,1,0,0,0,0,1,0,0,0,0,0,0,0,0,0,0,0,0,0,1,0,0,0,0,100000000,130000000.0,30,30000000.0,23.07692307692308,1.0,100000000.0,130000000.0,30.0,3613.0,1
40,0,1,0,0,0,0,1,0,0,0,0,0,0,0,0,0,0,0,0,0,1,0,0,0,0,100000000,115000000.0,15,15000000.0,13.043478260869565,2.0,100000000.0,115000000.0,15.0,3612.3333333333335,0
29,0,1,0,0,0,0,0,0,0,0,0,0,0,0,1,0,0,0,0,0,1,0,0,0,0,200000000,245000000.0,30,45000000.0,18.367346938775512,4.5,187500000.0,221500000.0,28.125,3609.75,1
38,0,1,0,1,0,0,0,0,0,0,0,0,0,0,0,0,0,0,0,0,1,0,0,0,0,300000000,345000000.0,30,45000000.0,13.043478260869565,2.5,150000000.0,181250000.0,26.25,3610.5,1
38,1,0,0,0,0,0,0,0,0,0,0,0,0,0,1,0,0,0,0,0,1,0,0,0,0,10000,11500.0,15,1500.0,13.043478260869565,3.0,100000000.0,127000000.0,27.0,3621.0,0
39,0,1,0,0,0,0,0,0,0,0,0,0,0,0,1,0,0,0,0,0,1,0,0,0,0,100000000,115000000.0,15,15000000.0,13.043478260869565,1.0,100000000.0,130000000.0,30.0,3667.0,0
37,0,1,0,0,0,0,0,0,0,0,0,0,0,0,0,0,0,0,0,0,1,0,0,0,0,200000000,222500000.0,15,22500000.0,10.112359550561797,2.0,100000000.0,125000000.0,25.0,3609.0,0
30,0,1,0,0,0,0,0,0,0,0,0,1,0,0,0,0,0,0,0,0,1,0,0,0,0,150000000,166875000.0,15,16875000.0,10.112359550561797,3.5,108333333.33333331,131416666.66666669,22.5,3619.0,0
33,0,1,0,0,0,0,0,0,0,0,0,1,0,0,0,0,0,0,0,0,1,0,0,0,0,200000000,245000000.0,30,45000000.0,18.367346938775512,2.5,137500000.0,160000000.0,22.5,3612.25,1
40,0,1,0,0,0,0,0,1,0,0,0,0,0,0,0,0,0,0,0,0,1,0,0,0,0,200000000,245000000.0,30,45000000.0,18.367346938775512,2.5,125000000.0,158750000.0,30.0,3625.25,1
34,0,1,0,0,0,0,0,0,0,0,0,0,0,0,1,0,0,0,0,1,0,0,0,0,0,200000000,245000000.0,30,45000000.0,18.367346938775512,2.5,125000000.0,155000000.0,26.25,3610.5,1
32,0,1,0,0,0,0,0,1,0,0,0,0,0,0,0,0,0,0,0,0,1,0,0,0,0,100000000,130000000.0,30,30000000.0,23.07692307692308,1.0,100000000.0,130000000.0,30.0,3668.0,1
44,0,1,0,0,0,0,1,0,0,0,0,0,0,0,0,0,0,0,0,1,0,0,0,0,0,10000,11500.0,15,1500.0,13.043478260869565,1.0,100000000.0,115000000.0,15.0,3668.0,0
37,0,1,0,0,0,0,0,1,0,0,0,0,0,0,0,0,0,0,0,0,1,0,0,0,0,10000,11500.0,15,1500.0,13.043478260869565,1.0,100000000.0,130000000.0,30.0,3668.0,0
34,0,1,0,0,0,0,1,0,0,0,0,0,0,0,0,0,0,0,0,0,1,0,0,0,0,100000000,130000000.0,30,30000000.0,23.07692307692308,1.5,100000000.0,122500000.0,22.5,3607.5,1
49,0,1,0,0,0,0,0,0,0,0,1,0,0,0,0,0,0,0,0,0,1,0,0,0,0,20000,24500.0,30,4500.0,18.367346938775512,2.5,125000000.0,158750000.0,30.0,4180.5,1
47,0,1,1,0,0,0,0,0,0,0,0,0,0,0,0,0,0,0,0,1,0,0,0,0,0,100000000,130000000.0,30,30000000.0,23.07692307692308,1.0,100000000.0,130000000.0,30.0,3607.0,1
37,0,1,0,0,0,0,0,1,0,0,0,0,0,0,0,0,0,0,0,0,1,0,0,0,0,300000000,345000000.0,30,45000000.0,13.043478260869565,3.5,150000000.0,181333333.3333333,25.0,3617.5,1
40,0,1,0,0,0,0,0,1,0,0,0,0,0,0,0,0,0,0,0,0,1,0,0,0,0,10000,13000.0,30,3000.0,23.07692307692308,1.0,100000000.0,130000000.0,30.0,3607.0,1
33,0,1,0,0,0,0,0,0,0,0,0,0,0,0,0,0,0,0,0,0,1,0,0,0,0,20000,22250.0,15,2250.0,10.112359550561797,4.5,175000000.0,199062500.0,20.625,3615.5,0
29,1,0,0,0,0,0,0,1,0,0,0,0,0,0,0,0,0,0,0,0,1,0,0,0,0,150000000,172500000.0,30,22500000.0,13.043478260869565,4.0,128571428.57142857,155107142.85714287,25.714285714285715,3610.285714285714,1
41,1,0,0,0,0,0,0,1,0,0,0,0,0,0,0,0,0,0,0,0,0,0,1,0,0,300000000,345000000.0,30,45000000.0,13.043478260869565,7.5,192857142.85714287,227607142.85714287,26.785714285714285,3613.714285714286,1
32,0,1,0,0,0,0,1,0,0,0,0,0,0,0,0,0,0,0,0,0,1,0,0,0,0,10000,13000.0,30,3000.0,23.07692307692308,1.0,100000000.0,130000000.0,30.0,3608.0,1
37,1,0,0,0,0,0,0,1,0,0,0,0,0,0,0,0,0,0,0,0,1,0,0,0,0,300000000,345000000.0,30,45000000.0,13.043478260869565,4.5,218750000.0,257343750.0,30.0,3609.625,1
30,0,1,0,0,0,0,0,0,0,0,0,0,0,0,0,0,0,0,0,0,1,0,0,0,0,300000000,345000000.0,30,45000000.0,13.043478260869565,3.0,140000000.0,170000000.0,24.0,4009.0,1
37,0,1,0,0,0,0,0,1,0,0,0,0,0,0,0,0,0,0,0,0,1,0,0,0,0,20000,24500.0,30,4500.0,18.367346938775512,2.0,100000000.0,130000000.0,30.0,3607.0,1
37,0,1,0,0,0,0,0,1,0,0,0,0,0,0,0,0,0,0,0,0,0,0,1,0,0,300000000,390000000.0,60,90000000.0,23.07692307692308,3.0,200000000.0,237600000.0,30.0,3610.4,3
26,0,1,0,0,0,0,0,0,0,0,0,0,0,0,0,0,0,0,0,0,1,0,0,0,0,10000,13000.0,30,3000.0,23.07692307692308,1.0,100000000.0,115000000.0,15.0,3668.0,1
34,0,1,0,0,0,0,0,1,0,0,0,0,0,0,0,0,0,0,0,1,0,0,0,0,0,10000,13000.0,30,3000.0,23.07692307692308,1.0,100000000.0,130000000.0,30.0,3668.0,1
35,0,1,0,0,0,0,0,1,0,0,0,0,0,0,0,0,0,0,0,1,0,0,0,0,0,200000000,222500000.0,15,22500000.0,10.112359550561797,1.5,100000000.0,115000000.0,15.0,3608.5,0
36,0,1,0,0,0,0,1,0,0,0,0,0,0,0,0,0,0,0,0,0,1,0,0,0,0,10000,11500.0,15,1500.0,13.043478260869565,1.0,100000000.0,115000000.0,15.0,3669.0,0
54,0,1,0,0,0,0,0,0,0,0,0,0,0,0,0,0,0,0,0,1,0,0,0,0,0,10000,11500.0,15,1500.0,13.043478260869565,1.0,100000000.0,115000000.0,15.0,3613.0,0
35,0,1,0,0,0,0,0,0,0,0,0,0,0,0,0,0,0,0,0,0,1,0,0,0,0,100000000,130000000.0,30,30000000.0,23.07692307692308,1.0,100000000.0,130000000.0,30.0,3614.0,1
38,0,1,0,0,0,0,1,0,0,0,0,0,0,0,0,0,0,0,0,0,1,0,0,0,0,100000000,130000000.0,30,30000000.0,23.07692307692308,1.0,100000000.0,130000000.0,30.0,3610.0,1
54,0,1,0,0,0,0,0,1,0,0,0,0,0,0,0,0,0,0,0,1,0,0,0,0,0,100000000,115000000.0,15,15000000.0,13.043478260869565,1.5,100000000.0,122500000.0,22.5,3610.5,0
40,0,1,0,0,0,0,0,0,0,0,0,1,0,0,0,0,0,0,0,0,1,0,0,0,0,100000000,130000000.0,30,30000000.0,23.07692307692308,1.0,100000000.0,130000000.0,30.0,3667.0,1
32,0,1,0,1,0,0,0,0,0,0,0,0,0,0,0,0,0,0,0,0,1,0,0,0,0,200000000,245000000.0,30,45000000.0,18.367346938775512,2.0,100000000.0,130000000.0,30.0,3608.6666666666665,1
35,0,1,1,0,0,0,0,0,0,0,0,0,0,0,0,0,0,0,0,0,1,0,0,0,0,100000000,130000000.0,30,30000000.0,23.07692307692308,1.5,100000000.0,130000000.0,30.0,3637.5,1
36,0,1,0,0,0,0,0,1,0,0,0,0,0,0,0,0,0,0,0,0,1,0,0,0,0,10000,13000.0,30,3000.0,23.07692307692308,1.0,100000000.0,130000000.0,30.0,3668.0,1
39,1,0,0,0,0,0,0,0,0,0,0,0,0,0,0,0,0,0,1,0,1,0,0,0,0,300000000,345000000.0,30,45000000.0,13.043478260869565,4.5,150000000.0,181500000.0,26.25,3623.5,1
37,0,1,0,0,0,0,1,0,0,0,0,0,0,0,0,0,0,0,0,0,1,0,0,0,0,10000,11500.0,15,1500.0,13.043478260869565,1.5,100000000.0,130000000.0,30.0,3606.0,0
34,0,1,0,0,0,0,1,0,0,0,0,0,0,0,0,0,0,0,0,1,0,0,0,0,0,100000000,115000000.0,15,15000000.0,13.043478260869565,1.0,100000000.0,115000000.0,15.0,3668.0,0
49,0,1,0,0,0,0,0,0,0,0,0,0,0,0,0,0,0,0,1,1,0,0,0,0,0,100000000,115000000.0,15,15000000.0,13.043478260869565,1.0,100000000.0,115000000.0,15.0,3673.0,0
39,0,1,0,0,0,0,0,0,0,0,0,0,0,0,1,0,0,0,0,0,1,0,0,0,0,20000,24500.0,30,4500.0,18.367346938775512,2.5,125000000.0,147500000.0,18.75,3624.25,1
35,0,1,0,0,0,0,0,1,0,0,0,0,0,0,0,0,0,0,0,0,1,0,0,0,0,100000000,130000000.0,30,30000000.0,23.07692307692308,1.0,100000000.0,130000000.0,30.0,3668.0,1
40,0,1,0,0,0,0,0,1,0,0,0,0,0,0,0,0,0,0,0,0,1,0,0,0,0,10000,13000.0,30,3000.0,23.07692307692308,1.0,100000000.0,115000000.0,15.0,3668.0,1
32,0,1,0,0,0,0,0,1,0,0,0,0,0,0,0,0,0,0,0,0,1,0,0,0,0,100000000,115000000.0,15,15000000.0,13.043478260869565,1.5,100000000.0,130000000.0,30.0,3608.5,0
36,0,1,0,0,0,0,0,0,0,0,0,0,0,0,0,0,0,0,1,0,1,0,0,0,0,300000000,345000000.0,30,45000000.0,13.043478260869565,5.5,220000000.0,247400000.0,21.0,3611.8,1
30,0,1,0,0,0,0,0,1,0,0,0,0,0,0,0,0,0,0,0,0,0,0,0,1,0,40000,48000.0,60,8000.0,16.666666666666664,4.5,200000000.0,242250000.0,31.875,3618.125,3
28,0,1,0,0,0,0,0,0,0,0,0,0,0,0,0,0,0,0,1,0,1,0,0,0,0,10000,13000.0,30,3000.0,23.07692307692308,1.5,100000000.0,122500000.0,22.5,3638.0,1
30,0,1,0,0,0,0,0,0,0,0,0,0,0,0,0,0,0,0,0,0,1,0,0,0,0,10000,13000.0,30,3000.0,23.07692307692308,1.0,100000000.0,130000000.0,30.0,3668.0,1
38,0,1,0,0,0,0,0,1,0,0,0,0,0,0,0,0,0,0,0,1,0,0,0,0,0,300000000,390000000.0,60,90000000.0,23.07692307692308,3.5,150000000.0,183833333.3333333,27.5,3608.1666666666665,3
39,0,1,0,0,0,0,1,0,0,0,0,0,0,0,0,0,0,0,0,0,1,0,0,0,0,100000000,111250000.0,15,11250000.0,10.112359550561797,3.0,140000000.0,173000000.0,27.0,3625.8,0
32,0,1,0,0,0,0,0,0,0,0,0,0,0,0,0,0,0,0,0,0,1,0,0,0,0,100000000,115000000.0,15,15000000.0,13.043478260869565,1.5,100000000.0,130000000.0,30.0,3609.5,0
44,0,1,0,0,0,0,0,0,0,0,0,1,0,0,0,0,0,0,0,0,1,0,0,0,0,100000000,130000000.0,30,30000000.0,23.07692307692308,1.0,100000000.0,115000000.0,15.0,3608.0,1
40,0,1,0,0,0,0,0,0,0,0,0,0,0,0,0,0,0,0,1,0,1,0,0,0,0,200000000,240000000.0,30,40000000.0,16.666666666666664,1.5,100000000.0,130000000.0,30.0,3612.5,1
38,0,1,0,0,0,0,0,1,0,0,0,0,0,0,0,0,0,0,0,1,0,0,0,0,0,300000000,385002000.0,60,85002000.0,22.078326865834462,3.5,150000000.0,186333333.3333333,30.0,3617.0,3
48,0,1,0,0,0,0,1,0,0,0,0,0,0,0,0,0,0,0,0,0,1,0,0,0,0,100000000,115000000.0,15,15000000.0,13.043478260869565,1.5,100000000.0,115000000.0,15.0,3639.5,0
37,0,1,0,0,0,0,0,1,0,0,0,0,0,0,0,0,0,0,0,0,1,0,0,0,0,300000000,345000000.0,30,45000000.0,13.043478260869565,6.0,145454545.45454547,175500000.0,25.90909090909091,3610.181818181818,1
34,0,1,0,0,0,1,0,0,0,0,0,0,0,0,0,0,0,0,0,0,1,0,0,0,0,300000000,330000000.0,30,30000000.0,9.090909090909092,6.0,174545454.54545453,211159090.9090909,39.54545454545455,3609.363636363637,1
39,0,1,0,0,0,0,1,0,0,0,0,0,0,0,0,0,0,0,0,0,1,0,0,0,0,10000,13000.0,30,3000.0,23.07692307692308,2.0,100000000.0,115000000.0,15.0,3608.6666666666665,1
37,0,1,0,0,0,0,0,1,0,0,0,0,0,0,0,0,0,0,0,0,1,0,0,0,0,100000000,130000000.0,30,30000000.0,23.07692307692308,1.0,100000000.0,115000000.0,15.0,3668.0,1
33,1,0,0,0,0,0,0,1,0,0,0,0,0,0,0,0,0,0,0,0,1,0,0,0,0,400000000,480000000.0,60,80000000.0,16.666666666666664,10.0,284210526.31578946,324473684.2105263,30.789473684210527,3610.315789473684,3
31,1,0,0,0,0,0,0,1,0,0,0,0,0,0,0,0,0,0,0,0,1,0,0,0,0,100000000,107500000.0,15,7500000.0,6.976744186046512,4.0,100000000.0,113392857.14285716,15.0,3617.714285714286,0
38,0,1,0,0,0,0,0,0,0,0,0,0,0,0,0,0,0,0,0,0,0,0,1,0,0,300000000,345000000.0,30,45000000.0,13.043478260869565,6.5,141666666.66666666,159520833.33333334,16.25,3610.9166666666665,1
57,0,1,0,0,0,0,1,0,0,0,0,0,0,0,0,0,0,0,0,0,1,0,0,0,0,100000000,130000000.0,30,30000000.0,23.07692307692308,1.0,100000000.0,115000000.0,15.0,3668.0,1
39,0,1,0,0,0,0,0,1,0,0,0,0,0,0,0,0,0,0,0,0,1,0,0,0,0,100000000,130000000.0,30,30000000.0,23.07692307692308,1.0,100000000.0,115000000.0,15.0,3674.0,1
41,0,1,0,0,0,0,0,1,0,0,0,0,0,0,0,0,0,0,0,0,1,0,0,0,0,200000000,245000000.0,30,45000000.0,18.367346938775512,2.5,125000000.0,158750000.0,30.0,3607.75,1
31,0,1,0,0,0,0,0,0,0,0,0,0,0,0,1,0,0,0,0,0,1,0,0,0,0,10000,13000.0,30,3000.0,23.07692307692308,5.0,100000000.0,130000000.0,30.0,3609.222222222222,1
34,0,1,0,0,0,0,0,1,0,0,0,0,0,0,0,0,0,0,0,0,1,0,0,0,0,100000000,130000000.0,30,30000000.0,23.07692307692308,1.0,100000000.0,130000000.0,30.0,3669.0,1
45,0,1,0,0,0,0,0,1,0,0,0,0,0,0,0,0,0,0,0,0,1,0,0,0,0,100000000,130000000.0,30,30000000.0,23.07692307692308,1.0,100000000.0,130000000.0,30.0,3615.0,1
34,0,1,0,0,0,0,1,0,0,0,0,0,0,0,0,0,0,0,0,0,1,0,0,0,0,100000000,130000000.0,30,30000000.0,23.07692307692308,1.5,100000000.0,130000000.0,30.0,3606.5,1
32,1,0,0,0,0,0,0,1,0,0,0,0,0,0,0,0,0,0,0,0,1,0,0,0,0,100000000,130000000.0,30,30000000.0,23.07692307692308,7.5,135714285.7142857,166857142.85714287,26.785714285714285,3611.785714285714,1
34,1,0,0,0,0,0,0,1,0,0,0,0,0,0,0,0,0,0,0,0,1,0,0,0,0,300000000,345000000.0,30,45000000.0,13.043478260869565,4.5,187500000.0,220000000.0,26.25,3612.0,1
32,0,1,0,0,0,0,0,0,0,0,0,0,0,0,1,0,0,0,0,0,1,0,0,0,0,40000,44000.0,30,4000.0,9.090909090909092,5.0,200000000.0,240222222.2222222,33.333333333333336,3615.3333333333335,1
37,1,0,0,0,0,0,0,1,0,0,0,0,0,0,0,0,0,0,0,0,1,0,0,0,0,25000,27500.0,30,2500.0,9.090909090909092,5.5,178000000.0,210900000.0,31.5,3613.0,1
37,0,1,0,0,0,0,0,1,0,0,0,0,0,0,0,0,0,0,0,1,0,0,0,0,0,100000000,111250000.0,15,11250000.0,10.112359550561797,3.0,140000000.0,167000000.0,21.0,3606.8,0
41,1,0,0,0,0,0,0,0,0,0,0,0,0,0,0,0,0,0,1,0,1,0,0,0,0,20000,24500.0,30,4500.0,18.367346938775512,4.5,100000000.0,115000000.0,15.0,3616.5,1
33,0,1,0,0,0,0,0,1,0,0,0,0,0,0,0,0,0,0,0,1,0,0,0,0,0,100000000,130000000.0,30,30000000.0,23.07692307692308,1.5,100000000.0,115000000.0,15.0,3608.0,1
30,0,1,0,0,0,0,0,0,0,0,0,0,0,0,0,0,0,0,0,0,1,0,0,0,0,100000000,130000000.0,30,30000000.0,23.07692307692308,1.5,100000000.0,122500000.0,22.5,3638.5,1
38,0,1,0,1,0,0,0,0,0,0,0,0,0,0,0,0,0,0,0,0,1,0,0,0,0,100000000,130000000.0,30,30000000.0,23.07692307692308,1.0,100000000.0,115000000.0,15.0,3668.0,1
46,0,1,0,0,0,0,1,0,0,0,0,0,0,0,0,0,0,0,0,1,0,0,0,0,0,400000000,440000000.0,30,40000000.0,9.090909090909092,7.5,257142857.14285716,287214285.71428573,22.5,3616.571428571429,1
36,0,1,0,0,0,0,0,0,0,0,0,0,0,0,0,0,0,0,1,0,1,0,0,0,0,500000000,525000000.0,30,25000000.0,4.761904761904762,7.5,292857142.85714287,330964285.71428573,30.0,3609.571428571429,1
30,0,1,0,0,0,0,1,0,0,0,0,0,0,0,0,0,0,0,0,0,1,0,0,0,0,10000,11500.0,15,1500.0,13.043478260869565,1.5,100000000.0,130000000.0,30.0,3607.0,0
45,0,1,0,0,0,0,0,0,0,0,0,0,0,0,1,0,0,0,0,1,0,0,0,0,0,100000000,130000000.0,30,30000000.0,23.07692307692308,1.5,100000000.0,130000000.0,30.0,3637.0,1
42,0,1,0,0,0,0,0,0,0,0,0,0,0,0,0,0,0,0,0,0,1,0,0,0,0,30000,39000.0,60,9000.0,23.07692307692308,3.5,166666666.66666666,204166666.66666663,30.0,3608.0,3
60,0,1,0,0,0,0,0,0,0,0,0,0,0,0,0,0,0,0,0,0,1,0,0,0,0,200000000,245000000.0,30,45000000.0,18.367346938775512,3.0,140000000.0,174600000.0,30.0,3610.6,1
32,1,0,0,0,0,0,0,1,0,0,0,0,0,0,0,0,0,0,0,0,0,0,1,0,0,30000,34500.0,30,4500.0,13.043478260869565,4.5,187500000.0,220500000.0,26.25,3617.0,1
39,0,1,0,0,0,0,0,0,0,0,0,1,0,0,0,0,0,0,0,0,1,0,0,0,0,300000000,390000000.0,60,90000000.0,23.07692307692308,5.0,188888888.8888889,228555555.55555555,35.0,3610.3333333333335,3
32,1,0,1,0,0,0,0,0,0,0,0,0,0,0,0,0,0,0,0,0,1,0,0,0,0,30000,34500.0,30,4500.0,13.043478260869565,4.5,156250000.0,189562500.0,28.125,3608.5,1
43,0,1,0,0,0,0,0,1,0,0,0,0,0,0,0,0,0,0,0,1,0,0,0,0,0,100000000,130000000.0,30,30000000.0,23.07692307692308,1.0,100000000.0,130000000.0,30.0,3668.0,1
38,0,1,0,0,0,0,0,0,0,0,0,0,0,0,0,0,0,0,1,0,1,0,0,0,0,200000000,245000000.0,30,45000000.0,18.367346938775512,2.0,100000000.0,130000000.0,30.0,3610.3333333333335,1
44,0,1,0,0,0,0,0,1,0,0,0,0,0,0,0,0,0,0,0,0,1,0,0,0,0,100000000,130000000.0,30,30000000.0,23.07692307692308,1.0,100000000.0,130000000.0,30.0,3669.0,1
44,0,1,0,0,0,0,0,1,0,0,0,0,0,0,0,0,0,0,0,1,0,0,0,0,0,200000000,245000000.0,30,45000000.0,18.367346938775512,2.5,125000000.0,147500000.0,18.75,3608.5,1
35,1,0,0,0,0,0,0,1,0,0,0,0,0,0,0,0,0,0,0,0,1,0,0,0,0,200000000,245000000.0,30,45000000.0,18.367346938775512,4.0,142857142.85714287,175142857.14285713,27.857142857142858,3609.714285714286,1
32,0,1,0,0,0,0,1,0,0,0,0,0,0,0,0,0,0,0,0,0,1,0,0,0,0,300000000,345000000.0,30,45000000.0,13.043478260869565,5.0,200000000.0,233777777.7777778,26.666666666666668,3608.0,1
40,0,1,0,0,0,0,1,0,0,0,0,0,0,0,0,0,0,0,0,0,0,0,1,0,0,100000000,115000000.0,15,15000000.0,13.043478260869565,1.0,100000000.0,130000000.0,30.0,3669.0,0
38,0,1,0,0,0,0,0,1,0,0,0,0,0,0,0,0,0,0,0,1,0,0,0,0,0,300000000,345000000.0,30,45000000.0,13.043478260869565,4.0,157142857.14285713,175250000.0,17.142857142857142,3616.0,1
39,1,0,0,0,0,0,0,1,0,0,0,0,0,0,0,0,0,0,0,0,0,0,1,0,0,400000000,440000000.0,30,40000000.0,9.090909090909092,8.5,243750000.0,274796875.0,23.4375,3609.6875,1
46,0,1,0,0,0,0,1,0,0,0,0,0,0,0,0,0,0,0,0,0,1,0,0,0,0,100000000,130000000.0,30,30000000.0,23.07692307692308,1.0,100000000.0,130000000.0,30.0,3613.0,1
40,0,1,0,0,0,0,1,0,0,0,0,0,0,0,0,0,0,0,0,0,1,0,0,0,0,100000000,115000000.0,15,15000000.0,13.043478260869565,2.5,100000000.0,115000000.0,15.0,3607.5,0
37,0,1,0,0,0,0,0,1,0,0,0,0,0,0,0,0,0,0,0,0,1,0,0,0,0,10000,11500.0,15,1500.0,13.043478260869565,1.0,100000000.0,115000000.0,15.0,3612.0,0
39,1,0,0,0,0,0,0,0,0,0,0,0,0,0,1,0,0,0,0,0,0,0,1,0,0,300000000,345000000.0,30,45000000.0,13.043478260869565,6.0,200000000.0,240363636.3636364,30.0,3610.363636363637,1
46,0,1,0,0,0,0,0,0,0,0,0,0,0,0,0,0,0,0,0,1,0,0,0,0,0,100000000,130000000.0,30,30000000.0,23.07692307692308,1.0,100000000.0,130000000.0,30.0,3668.0,1
50,1,0,0,0,0,0,0,1,0,0,0,0,0,0,0,0,0,0,0,0,1,0,0,0,0,40000,44000.0,30,4000.0,9.090909090909092,6.0,245454545.45454547,283090909.09090906,28.63636363636364,3617.363636363637,1
35,0,1,0,0,0,0,0,0,0,0,0,0,0,0,1,0,0,0,0,0,1,0,0,0,0,500000000,575000000.0,90,75000000.0,13.043478260869565,6.5,258333333.3333333,307000000.0,37.5,3610.4166666666665,2
35,0,1,0,0,0,0,0,1,0,0,0,0,0,0,0,0,0,0,0,0,1,0,0,0,0,100000000,130000000.0,30,30000000.0,23.07692307692308,1.0,100000000.0,130000000.0,30.0,3611.0,1
32,0,1,0,0,0,0,0,0,0,0,0,0,0,0,0,0,0,0,1,0,1,0,0,0,0,20000,24500.0,30,4500.0,18.367346938775512,4.0,142857142.85714287,173000000.0,25.714285714285715,3608.0,1
27,0,1,0,0,0,0,0,0,0,0,0,0,0,0,0,0,0,0,0,0,1,0,0,0,0,100000000,130000000.0,30,30000000.0,23.07692307692308,1.5,100000000.0,122500000.0,22.5,3637.0,1
30,0,1,0,0,0,1,0,0,0,0,0,0,0,0,0,0,0,0,0,0,0,0,0,1,0,100000000,130000000.0,30,30000000.0,23.07692307692308,1.5,100000000.0,130000000.0,30.0,3615.0,1
32,0,1,0,0,0,0,0,0,0,0,0,0,0,0,1,0,0,0,0,0,1,0,0,0,0,100000000,115000000.0,15,15000000.0,13.043478260869565,1.0,100000000.0,115000000.0,15.0,3668.0,0
39,0,1,0,0,0,0,1,0,0,0,0,0,0,0,0,0,0,0,0,0,1,0,0,0,0,100000000,130000000.0,30,30000000.0,23.07692307692308,1.0,100000000.0,130000000.0,30.0,3614.0,1
35,0,1,0,0,0,0,0,0,0,0,0,0,0,0,1,0,0,0,0,0,1,0,0,0,0,200000000,245000000.0,30,45000000.0,18.367346938775512,2.0,100000000.0,125000000.0,25.0,3608.0,1
38,0,1,0,0,0,0,0,0,0,0,0,0,0,0,0,0,0,0,0,0,1,0,0,0,0,10000,13000.0,30,3000.0,23.07692307692308,1.0,100000000.0,115000000.0,15.0,3668.0,1
49,0,1,0,0,0,1,0,0,0,0,0,0,0,0,0,0,0,0,0,0,1,0,0,0,0,10000,13000.0,30,3000.0,23.07692307692308,2.0,100000000.0,130000000.0,30.0,3610.3333333333335,1
33,0,1,0,0,0,0,0,0,0,0,0,0,0,0,1,0,0,0,0,0,1,0,0,0,0,100000000,130000000.0,30,30000000.0,23.07692307692308,1.0,100000000.0,130000000.0,30.0,3616.0,1
36,0,1,0,0,0,0,0,1,0,0,0,0,0,0,0,0,0,0,0,0,1,0,0,0,0,150000000,183750000.0,30,33750000.0,18.367346938775512,2.0,100000000.0,130000000.0,30.0,3607.3333333333335,1
31,0,1,0,0,0,0,0,1,0,0,0,0,0,0,0,0,0,0,0,0,1,0,0,0,0,20000,24500.0,30,4500.0,18.367346938775512,2.0,100000000.0,130000000.0,30.0,3607.6666666666665,1
34,0,1,0,0,0,0,1,0,0,0,0,0,0,0,0,0,0,0,0,0,1,0,0,0,0,300000000,345000000.0,30,45000000.0,13.043478260869565,3.5,150000000.0,171250000.0,17.5,3943.8333333333335,1
32,0,1,0,0,0,0,0,0,0,0,0,0,0,0,0,0,0,0,1,0,0,0,0,1,0,150000000,172500000.0,30,22500000.0,13.043478260869565,4.0,128571428.57142857,158500000.0,30.0,3617.142857142857,1
38,0,1,0,0,0,0,0,1,0,0,0,0,0,0,0,0,0,0,0,0,1,0,0,0,0,100000000,130000000.0,30,30000000.0,23.07692307692308,1.0,100000000.0,130000000.0,30.0,3668.0,1
60,1,0,0,0,0,0,0,1,0,0,0,0,0,0,0,0,0,0,0,0,0,0,1,0,0,400000000,440000000.0,30,40000000.0,9.090909090909092,7.0,292307692.3076923,330076923.0769231,26.53846153846154,3614.153846153846,1
37,0,1,0,0,0,0,0,1,0,0,0,0,0,0,0,0,0,0,0,0,1,0,0,0,0,200000000,222500000.0,15,22500000.0,10.112359550561797,2.0,100000000.0,115000000.0,15.0,4306.0,0
37,0,1,0,0,0,0,0,0,0,0,1,0,0,0,0,0,0,0,0,0,1,0,0,0,0,100000000,130000000.0,30,30000000.0,23.07692307692308,1.5,100000000.0,122500000.0,22.5,3637.0,1
40,0,1,0,0,0,0,0,1,0,0,0,0,0,0,0,0,0,0,0,0,1,0,0,0,0,10000,13000.0,30,3000.0,23.07692307692308,1.0,100000000.0,130000000.0,30.0,3669.0,1
43,0,1,0,0,0,0,1,0,0,0,0,0,0,0,0,0,0,0,0,1,0,0,0,0,0,300000000,345000000.0,30,45000000.0,13.043478260869565,3.5,166666666.66666666,189166666.66666663,17.5,3608.0,1
42,0,1,0,0,0,0,0,1,0,0,0,0,0,0,0,0,0,0,0,1,0,0,0,0,0,100000000,130000000.0,30,30000000.0,23.07692307692308,3.0,100000000.0,130000000.0,30.0,3621.6,1
43,0,1,0,0,0,0,0,1,0,0,0,0,0,0,0,0,0,0,0,1,0,0,0,0,0,100000000,130000000.0,30,30000000.0,23.07692307692308,1.0,100000000.0,130000000.0,30.0,3674.0,1
27,1,0,0,0,0,0,0,1,0,0,0,0,0,0,0,0,0,0,0,0,1,0,0,0,0,500000000,525000000.0,30,25000000.0,4.761904761904762,7.5,309285714.28571427,351062500.0,33.214285714285715,3609.785714285714,1
35,0,1,1,0,0,0,0,0,0,0,0,0,0,0,0,0,0,0,0,0,1,0,0,0,0,20000,24500.0,30,4500.0,18.367346938775512,2.5,125000000.0,158750000.0,30.0,3621.25,1
39,0,1,0,0,0,0,0,1,0,0,0,0,0,0,0,0,0,0,0,0,1,0,0,0,0,100000000,130000000.0,30,30000000.0,23.07692307692308,2.0,100000000.0,120000000.0,20.0,3611.3333333333335,1
35,0,1,0,0,0,1,0,0,0,0,0,0,0,0,0,0,0,0,0,0,1,0,0,0,0,100000000,130000000.0,30,30000000.0,23.07692307692308,1.0,100000000.0,130000000.0,30.0,3618.0,1
37,1,0,0,0,0,0,0,1,0,0,0,0,0,0,0,0,0,0,0,0,1,0,0,0,0,300000000,345000000.0,30,45000000.0,13.043478260869565,3.5,183333333.3333333,222833333.3333333,30.0,3618.8333333333335,1
33,0,1,0,0,0,0,0,1,0,0,0,0,0,0,0,0,0,0,0,0,1,0,0,0,0,100000000,130000000.0,30,30000000.0,23.07692307692308,1.0,100000000.0,130000000.0,30.0,3624.0,1
39,0,1,0,0,0,0,0,0,0,0,0,0,0,0,0,0,0,0,1,1,0,0,0,0,0,30000,34500.0,30,4500.0,13.043478260869565,5.5,150000000.0,173900000.0,21.0,3607.4,1
42,0,1,0,0,0,0,0,0,0,0,0,0,0,0,0,0,0,0,0,0,1,0,0,0,0,100000000,130000000.0,30,30000000.0,23.07692307692308,1.0,100000000.0,115000000.0,15.0,3668.0,1
47,0,1,0,0,0,1,0,0,0,0,0,0,0,0,0,0,0,0,0,0,1,0,0,0,0,200000000,245000000.0,30,45000000.0,18.367346938775512,2.0,100000000.0,130000000.0,30.0,4250.333333333333,4
36,0,1,0,0,0,0,0,1,0,0,0,0,0,0,0,0,0,0,0,1,0,0,0,0,0,100000000,115000000.0,15,15000000.0,13.043478260869565,1.0,100000000.0,115000000.0,15.0,3618.0,0
26,0,1,0,0,0,0,0,1,0,0,0,0,0,0,0,0,0,0,0,0,0,0,0,1,0,100000000,130000000.0,30,30000000.0,23.07692307692308,1.0,100000000.0,130000000.0,30.0,3614.0,1
40,0,1,0,0,0,0,0,1,0,0,0,0,0,0,0,0,0,0,0,0,1,0,0,0,0,200000000,245000000.0,30,45000000.0,18.367346938775512,1.5,100000000.0,115000000.0,15.0,3636.5,1
28,0,1,0,0,0,0,1,0,0,0,0,0,0,0,0,0,0,0,0,0,0,0,1,0,0,10000,13000.0,30,3000.0,23.07692307692308,1.0,100000000.0,130000000.0,30.0,3609.0,1
27,0,1,0,0,0,0,1,0,0,0,0,0,0,0,0,0,0,0,0,0,1,0,0,0,0,10000,11500.0,15,1500.0,13.043478260869565,2.5,125000000.0,147500000.0,18.75,3608.75,0
42,0,1,0,0,0,0,0,1,0,0,0,0,0,0,0,0,0,0,0,0,1,0,0,0,0,300000000,345000000.0,30,45000000.0,13.043478260869565,4.0,114285714.28571428,146428571.42857143,30.0,3612.0,1
45,0,1,0,0,0,0,1,0,0,0,0,0,0,0,0,0,0,0,0,0,0,0,1,0,0,200000000,230000000.0,30,30000000.0,13.043478260869565,7.5,170000000.0,201214285.7142857,28.928571428571427,3614.071428571429,1
32,0,1,0,1,0,0,0,0,0,0,0,0,0,0,0,0,0,0,0,0,1,0,0,0,0,100000000,130000000.0,30,30000000.0,23.07692307692308,1.0,100000000.0,115000000.0,15.0,3673.0,1
39,0,1,0,0,0,0,1,0,0,0,0,0,0,0,0,0,0,0,0,0,1,0,0,0,0,100000000,115000000.0,15,15000000.0,13.043478260869565,1.0,100000000.0,115000000.0,15.0,3612.0,0
33,0,1,0,0,0,0,0,1,0,0,0,0,0,0,0,0,0,0,0,0,0,0,1,0,0,200000000,245000000.0,30,45000000.0,18.367346938775512,3.5,100000000.0,130000000.0,30.0,3629.6666666666665,1
50,0,0,0,0,0,0,0,1,0,0,0,0,0,0,0,0,0,0,0,0,1,0,0,0,0,100000000,130000000.0,30,30000000.0,23.07692307692308,3.5,133333333.33333331,166000000.0,30.0,3608.6666666666665,1
33,0,1,0,0,0,0,1,0,0,0,0,0,0,0,0,0,0,0,0,0,1,0,0,0,0,100000000,115000000.0,15,15000000.0,13.043478260869565,1.0,100000000.0,115000000.0,15.0,3669.0,0
32,0,1,0,0,0,0,0,1,0,0,0,0,0,0,0,0,0,0,0,0,1,0,0,0,0,10000,13000.0,30,3000.0,23.07692307692308,1.5,100000000.0,130000000.0,30.0,3609.0,1
30,0,1,0,0,0,0,0,0,0,0,0,0,0,0,0,0,0,0,0,0,1,0,0,0,0,20000,24500.0,30,4500.0,18.367346938775512,3.0,140000000.0,176000000.0,30.0,3610.2,1
33,0,1,0,0,1,0,0,0,0,0,0,0,0,0,0,0,0,0,0,0,1,0,0,0,0,20000,22250.0,15,2250.0,10.112359550561797,3.5,150000000.0,168750000.0,15.0,3607.5,0
37,0,1,0,0,0,0,1,0,0,0,0,0,0,0,0,0,0,0,0,0,1,0,0,0,0,100000000,130000000.0,30,30000000.0,23.07692307692308,1.0,100000000.0,130000000.0,30.0,3668.0,1
38,0,1,0,0,0,0,1,0,0,0,0,0,0,0,0,0,0,0,0,0,1,0,0,0,0,30000,34500.0,30,4500.0,13.043478260869565,5.0,138888888.8888889,172500000.0,30.0,5258.0,4
47,0,1,0,0,0,0,0,0,0,0,0,0,0,0,1,0,0,0,0,0,1,0,0,0,0,300000000,390000000.0,60,90000000.0,23.07692307692308,3.5,183333333.3333333,222833333.3333333,30.0,3618.5,3
32,0,1,0,0,0,0,0,0,0,0,0,0,0,0,1,0,0,0,0,0,1,0,0,0,0,100000000,115000000.0,15,15000000.0,13.043478260869565,1.0,100000000.0,115000000.0,15.0,3669.0,0
40,1,0,0,1,0,0,0,0,0,0,0,0,0,0,0,0,0,0,0,0,1,0,0,0,0,300000000,345000000.0,30,45000000.0,13.043478260869565,5.5,190000000.0,226800000.0,30.0,3608.3,1
31,0,1,0,0,0,0,0,0,0,0,0,0,0,0,0,0,0,0,0,0,1,0,0,0,0,200000000,222500000.0,15,22500000.0,10.112359550561797,3.0,140000000.0,161100000.0,18.0,3619.4,0
42,1,0,0,0,0,0,1,0,0,0,0,0,0,0,0,0,0,0,0,0,0,0,1,0,0,200000000,222500000.0,15,22500000.0,10.112359550561797,4.0,114285714.28571428,135714285.7142857,19.285714285714285,3618.142857142857,0
36,0,1,0,0,0,0,0,0,0,0,0,0,0,0,0,0,0,0,0,0,1,0,0,0,0,100000000,130000000.0,30,30000000.0,23.07692307692308,1.0,100000000.0,115000000.0,15.0,3628.0,1
31,0,1,0,0,0,0,0,0,0,0,0,0,0,0,1,0,0,0,0,0,1,0,0,0,0,100000000,130000000.0,30,30000000.0,23.07692307692308,1.5,100000000.0,122500000.0,22.5,3606.5,1
31,0,1,0,0,0,0,0,0,0,0,0,0,0,0,0,0,0,0,1,0,1,0,0,0,0,100000000,115000000.0,15,15000000.0,13.043478260869565,1.0,100000000.0,115000000.0,15.0,3669.0,0
42,0,1,0,0,0,0,0,1,0,0,0,0,0,0,0,0,0,0,0,0,1,0,0,0,0,100000000,130000000.0,30,30000000.0,23.07692307692308,2.5,100000000.0,126250000.0,26.25,3609.0,1
42,0,1,0,0,0,0,0,0,0,0,0,0,0,0,0,0,0,0,0,1,0,0,0,0,0,100000000,115000000.0,15,15000000.0,13.043478260869565,1.0,100000000.0,130000000.0,30.0,3667.0,0
45,0,1,0,0,0,0,0,1,0,0,0,0,0,0,0,0,0,0,0,0,0,0,1,0,0,10000,13000.0,30,3000.0,23.07692307692308,1.5,100000000.0,130000000.0,30.0,3608.5,1
26,1,0,0,0,0,0,0,0,0,0,0,0,0,0,0,0,0,0,1,0,1,0,0,0,0,10000,10500.0,15,500.0,4.761904761904762,6.0,127272727.27272728,148136363.63636363,20.454545454545453,4252.363636363636,0
38,0,1,0,0,0,0,0,1,0,0,0,0,0,0,0,0,0,0,0,0,1,0,0,0,0,100000000,130000000.0,30,30000000.0,23.07692307692308,1.5,100000000.0,122500000.0,22.5,3637.5,1
48,0,1,0,0,0,0,1,0,0,0,0,0,0,0,0,0,0,0,0,1,0,0,0,0,0,100000000,130000000.0,30,30000000.0,23.07692307692308,1.5,100000000.0,122500000.0,22.5,3637.0,1
36,0,1,0,0,0,0,0,0,0,0,0,0,0,0,1,0,0,0,0,0,1,0,0,0,0,100000000,130000000.0,30,30000000.0,23.07692307692308,1.5,100000000.0,130000000.0,30.0,3611.0,1
31,1,0,0,0,0,0,0,0,0,0,0,0,0,0,0,0,0,0,0,0,1,0,0,0,0,20000,22250.0,15,2250.0,10.112359550561797,6.0,209090909.0909091,244500000.0,25.90909090909091,3682.4545454545455,0
32,0,1,0,0,0,0,0,1,0,0,0,0,0,0,0,0,0,0,0,0,1,0,0,0,0,200000000,222500000.0,15,22500000.0,10.112359550561797,2.5,125000000.0,155000000.0,26.25,3606.75,0
42,0,1,0,0,0,0,0,0,0,0,0,0,0,0,1,0,0,0,0,0,1,0,0,0,0,100000000,130000000.0,30,30000000.0,23.07692307692308,1.0,100000000.0,130000000.0,30.0,3669.0,1
38,0,1,0,0,0,0,0,1,0,0,0,0,0,0,0,0,0,0,0,0,1,0,0,0,0,100000000,130000000.0,30,30000000.0,23.07692307692308,1.0,100000000.0,130000000.0,30.0,3614.0,1
39,0,1,1,0,0,0,0,0,0,0,0,0,0,0,0,0,0,0,0,1,0,0,0,0,0,100000000,122500000.0,30,22500000.0,18.367346938775512,3.0,120000000.0,151500000.0,30.0,3619.0,1
43,0,1,0,0,0,0,0,1,0,0,0,0,0,0,0,0,0,0,0,0,1,0,0,0,0,200000000,245000000.0,30,45000000.0,18.367346938775512,1.5,100000000.0,127500000.0,30.0,3613.0,1
31,0,1,0,0,0,0,0,0,0,0,0,0,0,0,1,0,0,0,0,0,1,0,0,0,0,100000000,130000000.0,30,30000000.0,23.07692307692308,1.0,100000000.0,130000000.0,30.0,3668.0,1
34,0,1,0,0,0,0,0,0,0,0,0,0,0,0,1,0,0,0,0,1,0,0,0,0,0,20000,22250.0,15,2250.0,10.112359550561797,3.0,140000000.0,166000000.0,21.0,3607.6,0
44,0,1,0,0,0,0,0,0,0,0,0,0,0,0,0,0,0,0,0,0,1,0,0,0,0,15000,16687.5,15,1687.5,10.112359550561797,2.5,100000000.0,114062500.0,15.0,3608.25,0
32,1,0,0,0,0,0,0,0,0,0,0,0,0,0,0,0,0,0,1,0,1,0,0,0,0,100000000,130000000.0,30,30000000.0,23.07692307692308,1.0,100000000.0,130000000.0,30.0,3670.0,1
43,0,1,1,0,0,0,0,0,0,0,0,0,0,0,0,0,0,0,0,0,0,0,1,0,0,100000000,130000000.0,30,30000000.0,23.07692307692308,1.5,100000000.0,122500000.0,22.5,3611.0,1
42,0,1,0,0,1,0,0,0,0,0,0,0,0,0,0,0,0,0,0,0,1,0,0,0,0,100000000,130000000.0,30,30000000.0,23.07692307692308,2.5,100000000.0,113125000.0,15.0,3608.5,1
36,0,1,0,0,0,0,0,0,0,0,0,0,0,0,0,0,0,0,1,0,1,0,0,0,0,100000000,115000000.0,15,15000000.0,13.043478260869565,1.5,100000000.0,122500000.0,22.5,4406.0,0
32,0,1,0,0,0,0,0,1,0,0,0,0,0,0,0,0,0,0,0,0,1,0,0,0,0,100000000,115000000.0,15,15000000.0,13.043478260869565,1.0,100000000.0,115000000.0,15.0,3669.0,0
36,0,1,0,0,0,0,0,1,0,0,0,0,0,0,0,0,0,0,0,0,1,0,0,0,0,200000000,245000000.0,30,45000000.0,18.367346938775512,1.5,100000000.0,122500000.0,22.5,3638.5,1
36,0,1,0,0,0,0,0,0,0,0,0,0,0,0,0,0,0,0,0,1,0,0,0,0,0,300000000,345000000.0,30,45000000.0,13.043478260869565,3.5,150000000.0,183833333.3333333,27.5,3607.6666666666665,1
30,0,1,0,0,0,0,0,1,0,0,0,0,0,0,0,0,0,0,0,0,1,0,0,0,0,100000000,115000000.0,15,15000000.0,13.043478260869565,3.5,100000000.0,115000000.0,15.0,3609.1666666666665,0
28,0,1,0,0,0,0,1,0,0,0,0,0,0,0,0,0,0,0,0,0,1,0,0,0,0,100000000,130000000.0,30,30000000.0,23.07692307692308,1.5,100000000.0,130000000.0,30.0,3607.0,1
33,0,1,0,0,0,0,0,0,0,0,0,0,0,0,0,0,0,0,0,0,1,0,0,0,0,10000,13000.0,30,3000.0,23.07692307692308,4.0,100000000.0,123571428.57142857,23.571428571428573,3608.571428571429,1
37,0,1,0,0,0,0,1,0,0,0,0,0,0,0,0,0,0,0,0,0,1,0,0,0,0,100000000,107500000.0,15,7500000.0,6.976744186046512,4.5,181250000.0,213312500.0,26.25,3608.75,0
34,0,1,0,0,0,0,0,0,0,0,0,1,0,0,0,0,0,0,0,0,1,0,0,0,0,40000,44000.0,30,4000.0,9.090909090909092,5.0,188888888.8888889,218194444.44444445,26.666666666666668,3609.222222222222,1
35,0,1,0,0,0,1,0,0,0,0,0,0,0,0,0,0,0,0,0,1,0,0,0,0,0,100000000,130000000.0,30,30000000.0,23.07692307692308,1.0,100000000.0,130000000.0,30.0,3668.0,1
34,0,1,0,0,0,0,0,1,0,0,0,0,0,0,0,0,0,0,0,1,0,0,0,0,0,200000000,245000000.0,30,45000000.0,18.367346938775512,2.5,125000000.0,151250000.0,22.5,3608.5,1
51,0,1,0,0,0,0,1,0,0,0,0,0,0,0,0,0,0,0,0,1,0,0,0,0,0,100000000,130000000.0,30,30000000.0,23.07692307692308,2.0,100000000.0,115000000.0,15.0,3610.0,1
44,1,0,0,0,0,0,0,1,0,0,0,0,0,0,0,0,0,0,0,0,0,0,1,0,0,400000000,435000000.0,30,35000000.0,8.045977011494253,11.0,233333333.3333333,263333333.3333333,22.142857142857142,3610.9523809523807,1
38,0,1,0,0,0,0,0,0,0,0,0,0,0,0,0,0,0,0,1,0,1,0,0,0,0,100000000,115000000.0,15,15000000.0,13.043478260869565,6.0,100000000.0,115000000.0,15.0,3614.727272727273,0
48,1,0,0,0,0,0,1,0,0,0,0,0,0,0,0,0,0,0,0,0,1,0,0,0,0,100000000,130000000.0,30,30000000.0,23.07692307692308,1.5,100000000.0,130000000.0,30.0,3608.0,1
34,0,1,0,0,0,0,0,1,0,0,0,0,0,0,0,0,0,0,0,0,1,0,0,0,0,400000000,435000000.0,30,35000000.0,8.045977011494253,4.0,214285714.2857143,251785714.2857143,30.0,3619.857142857143,1
40,0,1,1,0,0,0,0,0,0,0,0,0,0,0,0,0,0,0,0,0,0,0,1,0,0,300000000,390000000.0,60,90000000.0,23.07692307692308,7.5,164285714.2857143,196785714.2857143,27.857142857142858,3609.857142857143,3
37,0,1,1,0,0,0,0,0,0,0,0,0,0,0,0,0,0,0,0,0,1,0,0,0,0,300000000,345000000.0,30,45000000.0,13.043478260869565,4.5,150000000.0,172312500.0,18.75,3611.0,1
33,0,1,0,0,0,0,0,0,0,0,0,0,0,0,1,0,0,0,0,1,0,0,0,0,0,200000000,245000000.0,30,45000000.0,18.367346938775512,2.0,100000000.0,115000000.0,15.0,3611.0,1
34,1,0,0,0,1,0,0,0,0,0,0,0,0,0,0,0,0,0,0,0,0,0,1,0,0,100000000,122500000.0,30,22500000.0,18.367346938775512,2.5,100000000.0,122500000.0,22.5,3612.5,1
34,0,1,0,0,0,0,0,0,0,0,0,0,0,0,0,0,0,0,0,0,1,0,0,0,0,20000,24500.0,30,4500.0,18.367346938775512,6.0,159090909.0909091,192409090.9090909,30.0,7482.636363636364,5
33,0,1,0,0,0,0,0,1,0,0,0,0,0,0,0,0,0,0,0,0,1,0,0,0,0,10000,11500.0,15,1500.0,13.043478260869565,2.0,133333333.33333331,163333333.33333334,25.0,3609.0,0
37,0,1,0,0,0,0,0,1,0,0,0,0,0,0,0,0,0,0,0,1,0,0,0,0,0,300000000,345000000.0,30,45000000.0,13.043478260869565,3.0,160000000.0,179500000.0,15.0,3608.0,1
43,1,0,0,0,0,0,1,0,0,0,0,0,0,0,0,0,0,0,0,0,1,0,0,0,0,10000,11500.0,15,1500.0,13.043478260869565,1.0,100000000.0,115000000.0,15.0,3612.0,0
37,1,0,0,0,0,0,0,0,0,0,0,0,0,0,0,0,0,0,1,0,1,0,0,0,0,150000000,172500000.0,30,22500000.0,13.043478260869565,4.0,178571428.57142857,205535714.2857143,21.428571428571427,3610.142857142857,1
38,0,1,0,0,0,0,1,0,0,0,0,0,0,0,0,0,0,0,0,0,1,0,0,0,0,300000000,390000000.0,60,90000000.0,23.07692307692308,2.0,300000000.0,390000000.0,60.0,3670.0,3
41,0,1,0,0,0,0,0,0,0,0,0,0,0,0,1,0,0,0,0,0,1,0,0,0,0,200000000,245000000.0,30,45000000.0,18.367346938775512,4.0,142857142.85714287,173000000.0,25.714285714285715,3609.428571428572,1
37,0,1,0,0,0,0,0,1,0,0,0,0,0,0,0,0,0,0,0,0,1,0,0,0,0,200000000,245000000.0,30,45000000.0,18.367346938775512,2.5,125000000.0,151250000.0,22.5,3608.0,1
46,0,1,0,0,0,0,0,0,0,0,0,0,0,0,0,0,0,0,1,0,1,0,0,0,0,100000000,115000000.0,15,15000000.0,13.043478260869565,5.0,100000000.0,115000000.0,15.0,3617.1111111111113,0
39,0,1,0,0,0,0,1,0,0,0,0,0,0,0,0,0,0,0,0,0,1,0,0,0,0,100000000,130000000.0,30,30000000.0,23.07692307692308,1.0,100000000.0,130000000.0,30.0,3629.0,1
48,0,1,0,0,0,0,1,0,0,0,0,0,0,0,0,0,0,0,0,1,0,0,0,0,0,100000000,130000000.0,30,30000000.0,23.07692307692308,1.0,100000000.0,130000000.0,30.0,3671.0,1
42,0,1,0,0,0,0,0,0,0,0,0,1,0,0,0,0,0,0,0,0,1,0,0,0,0,300000000,345000000.0,30,45000000.0,13.043478260869565,3.0,140000000.0,175000000.0,30.0,3607.8,1
47,1,0,0,1,0,0,0,0,0,0,0,0,0,0,0,0,0,0,0,0,1,0,0,0,0,100000000,130000000.0,30,30000000.0,23.07692307692308,1.0,100000000.0,130000000.0,30.0,3668.0,1
37,1,0,0,0,0,0,0,1,0,0,0,0,0,0,0,0,0,0,0,0,1,0,0,0,0,10000,13000.0,30,3000.0,23.07692307692308,1.0,100000000.0,130000000.0,30.0,3668.0,1
38,0,1,0,0,0,0,1,0,0,0,0,0,0,0,0,0,0,0,0,0,1,0,0,0,0,100000000,115000000.0,15,15000000.0,13.043478260869565,1.0,100000000.0,115000000.0,15.0,3667.0,0
46,0,1,0,1,0,0,0,0,0,0,0,0,0,0,0,0,0,0,0,0,1,0,0,0,0,100000000,115000000.0,15,15000000.0,13.043478260869565,1.0,100000000.0,115000000.0,15.0,3670.0,0
35,1,0,0,0,0,0,0,1,0,0,0,0,0,0,0,0,0,0,0,0,1,0,0,0,0,400000000,480000000.0,60,80000000.0,16.666666666666664,6.0,145454545.45454547,164227272.72727272,19.09090909090909,3610.818181818182,3
40,0,1,0,0,0,0,0,1,0,0,0,0,0,0,0,0,0,0,0,0,1,0,0,0,0,150000000,183750000.0,30,33750000.0,18.367346938775512,3.0,110000000.0,128000000.0,18.0,3610.2,1
32,0,1,0,0,0,0,0,0,0,0,0,0,0,0,1,0,0,0,0,0,1,0,0,0,0,100000000,130000000.0,30,30000000.0,23.07692307692308,1.0,100000000.0,130000000.0,30.0,3668.0,1
42,0,1,0,0,0,0,1,0,0,0,0,0,0,0,0,0,0,0,0,0,1,0,0,0,0,100000000,115000000.0,15,15000000.0,13.043478260869565,1.5,100000000.0,122500000.0,30.0,3609.5,0
33,1,0,0,0,0,0,0,0,0,0,0,0,0,0,0,0,0,0,1,0,1,0,0,0,0,400000000,480000000.0,60,80000000.0,16.666666666666664,5.0,200000000.0,240833333.3333333,31.666666666666668,3610.0,3
36,0,1,0,0,0,0,0,0,0,0,0,0,0,0,1,0,0,0,0,0,1,0,0,0,0,100000000,130000000.0,30,30000000.0,23.07692307692308,1.5,100000000.0,130000000.0,30.0,3611.5,1
44,0,1,0,0,0,0,0,0,0,0,0,0,0,0,0,0,0,0,0,0,1,0,0,0,0,100000000,130000000.0,30,30000000.0,23.07692307692308,2.5,100000000.0,130000000.0,30.0,3613.0,1
32,0,1,0,0,1,0,0,0,0,0,0,0,0,0,0,0,0,0,0,0,1,0,0,0,0,100000000,130000000.0,30,30000000.0,23.07692307692308,1.0,100000000.0,130000000.0,30.0,3609.0,1
29,0,1,0,0,0,0,1,0,0,0,0,0,0,0,0,0,0,0,0,0,1,0,0,0,0,200000000,245000000.0,30,45000000.0,18.367346938775512,4.5,150000000.0,175437500.0,20.625,3608.875,1
34,0,1,0,0,0,0,1,0,0,0,0,0,0,0,0,0,0,0,0,0,1,0,0,0,0,100000000,130000000.0,30,30000000.0,23.07692307692308,1.5,100000000.0,130000000.0,30.0,3609.0,1
39,1,0,0,0,0,0,0,1,0,0,0,0,0,0,0,0,0,0,0,0,1,0,0,0,0,400000000,440000000.0,30,40000000.0,9.090909090909092,7.0,276923076.9230769,314653846.15384614,26.53846153846154,3616.6153846153848,1
44,0,1,1,0,0,0,0,0,0,0,0,0,0,0,0,0,0,0,0,1,0,0,0,0,0,100000000,130000000.0,30,30000000.0,23.07692307692308,1.0,100000000.0,115000000.0,15.0,3668.0,1
33,0,1,0,0,0,0,0,1,0,0,0,0,0,0,0,0,0,0,0,0,1,0,0,0,0,100000000,115000000.0,15,15000000.0,13.043478260869565,1.0,100000000.0,115000000.0,15.0,3668.0,0
37,0,1,0,0,0,0,0,1,0,0,0,0,0,0,0,0,0,0,0,0,1,0,0,0,0,100000000,130000000.0,30,30000000.0,23.07692307692308,1.0,100000000.0,130000000.0,30.0,3668.0,1
42,0,1,0,0,0,0,1,0,0,0,0,0,0,0,0,0,0,0,0,0,1,0,0,0,0,100000000,130000000.0,30,30000000.0,23.07692307692308,1.0,100000000.0,130000000.0,30.0,3616.0,1
53,0,1,0,0,0,0,0,0,0,0,0,0,0,0,0,0,0,0,0,0,1,0,0,0,0,100000000,111250000.0,15,11250000.0,10.112359550561797,4.0,100000000.0,113321428.57142857,15.0,3607.714285714286,0
44,0,1,0,0,1,0,0,0,0,0,0,0,0,0,0,0,0,0,0,0,1,0,0,0,0,10000,13000.0,30,3000.0,23.07692307692308,1.5,100000000.0,122500000.0,22.5,3611.5,1
36,0,1,0,0,0,0,0,1,0,0,0,0,0,0,0,0,0,0,0,0,1,0,0,0,0,10000,13000.0,30,3000.0,23.07692307692308,2.5,100000000.0,122500000.0,22.5,3608.0,1
36,0,1,0,0,0,0,0,1,0,0,0,0,0,0,0,0,0,0,0,0,0,0,1,0,0,200000000,245000000.0,30,45000000.0,18.367346938775512,2.5,150000000.0,180000000.0,22.5,3610.75,1
31,0,1,0,0,0,0,1,0,0,0,0,0,0,0,0,0,0,0,0,0,1,0,0,0,0,10000,13000.0,30,3000.0,23.07692307692308,1.5,100000000.0,130000000.0,30.0,3608.5,1
33,0,1,0,0,0,0,0,1,0,0,0,0,0,0,0,0,0,0,0,0,1,0,0,0,0,100000000,115000000.0,15,15000000.0,13.043478260869565,1.0,100000000.0,115000000.0,15.0,3673.0,0
33,0,1,1,0,0,0,0,0,0,0,0,0,0,0,0,0,0,0,0,0,1,0,0,0,0,100000000,130000000.0,30,30000000.0,23.07692307692308,1.5,100000000.0,122500000.0,22.5,3642.0,1
45,1,0,0,0,0,0,0,1,0,0,0,0,0,0,0,0,0,0,0,0,1,0,0,0,0,100000000,115000000.0,15,15000000.0,13.043478260869565,1.0,100000000.0,115000000.0,15.0,3612.0,0
37,0,1,0,0,0,0,0,1,0,0,0,0,0,0,0,0,0,0,0,1,0,0,0,0,0,300000000,345000000.0,30,45000000.0,13.043478260869565,4.5,187500000.0,212812500.0,18.75,3612.125,1
33,1,0,0,0,0,0,0,1,0,0,0,0,0,0,0,0,0,0,0,0,1,0,0,0,0,30000,39000.0,60,9000.0,23.07692307692308,4.0,142857142.85714287,178285714.2857143,30.0,3611.428571428572,3
32,1,0,0,0,0,0,0,0,0,0,0,0,0,0,1,0,0,0,0,0,1,0,0,0,0,40000,48000.0,60,8000.0,16.666666666666664,6.5,250000000.0,299125000.0,41.25,3611.0,3
42,0,1,0,0,0,0,1,0,0,0,0,0,0,0,0,0,0,0,0,1,0,0,0,0,0,200000000,245000000.0,30,45000000.0,18.367346938775512,3.0,140000000.0,168600000.0,24.0,3619.6,1
38,1,0,0,0,0,0,0,1,0,0,0,0,0,0,0,0,0,0,0,0,0,0,1,0,0,300000000,390000000.0,60,90000000.0,23.07692307692308,5.0,172222222.2222222,210041666.66666663,31.666666666666668,3617.0,3
52,0,1,0,0,0,0,0,1,0,0,0,0,0,0,0,0,0,0,0,1,0,0,0,0,0,100000000,130000000.0,30,30000000.0,23.07692307692308,1.0,100000000.0,130000000.0,30.0,3668.0,1
32,0,1,0,0,0,0,0,1,0,0,0,0,0,0,0,0,0,0,0,0,1,0,0,0,0,100000000,130000000.0,30,30000000.0,23.07692307692308,1.0,100000000.0,130000000.0,30.0,3612.0,1
36,0,1,0,0,0,0,1,0,0,0,0,0,0,0,0,0,0,0,0,0,1,0,0,0,0,20000,24500.0,30,4500.0,18.367346938775512,2.0,133333333.33333331,168333333.33333334,30.0,3609.3333333333335,1
40,1,0,0,0,0,0,0,1,0,0,0,0,0,0,0,0,0,0,0,0,0,0,1,0,0,200000000,245000000.0,30,45000000.0,18.367346938775512,3.5,108333333.33333331,138958333.33333334,30.0,3608.1666666666665,1
31,0,1,0,0,0,1,0,0,0,0,0,0,0,0,0,0,0,0,0,0,1,0,0,0,0,100000000,122500000.0,30,22500000.0,18.367346938775512,2.5,125000000.0,151250000.0,22.5,3622.25,1
37,1,0,0,0,0,0,0,1,0,0,0,0,0,0,0,0,0,0,0,0,1,0,0,0,0,45000,47250.0,30,2250.0,4.761904761904762,7.5,278571428.5714286,315330357.14285713,26.785714285714285,3617.428571428572,1
42,0,1,0,0,0,0,0,0,0,0,0,0,0,0,0,0,0,0,0,0,1,0,0,0,0,100000000,130000000.0,30,30000000.0,23.07692307692308,1.0,100000000.0,115000000.0,15.0,3668.0,1
33,0,1,0,0,0,0,0,1,0,0,0,0,0,0,0,0,0,0,0,1,0,0,0,0,0,100000000,115000000.0,15,15000000.0,13.043478260869565,2.0,100000000.0,115000000.0,15.0,3608.3333333333335,0
33,0,1,0,0,0,0,0,1,0,0,0,0,0,0,0,0,0,0,0,0,1,0,0,0,0,100000000,130000000.0,30,30000000.0,23.07692307692308,1.0,100000000.0,130000000.0,30.0,3668.0,1
51,0,1,1,0,0,0,0,0,0,0,0,0,0,0,0,0,0,0,0,0,1,0,0,0,0,100000000,130000000.0,30,30000000.0,23.07692307692308,1.0,100000000.0,130000000.0,30.0,3668.0,1
32,1,0,0,0,0,0,0,0,0,0,0,0,0,0,0,0,0,0,1,0,1,0,0,0,0,100000000,130000000.0,30,30000000.0,23.07692307692308,4.0,100000000.0,123571428.57142857,23.571428571428573,3610.428571428572,1
37,0,1,0,0,0,0,1,0,0,0,0,0,0,0,0,0,0,0,0,0,1,0,0,0,0,100000000,130000000.0,30,30000000.0,23.07692307692308,1.5,100000000.0,130000000.0,30.0,3639.5,1
36,0,1,0,0,0,0,0,0,0,0,0,0,0,0,1,0,0,0,0,1,0,0,0,0,0,10000,11500.0,15,1500.0,13.043478260869565,1.5,100000000.0,130000000.0,30.0,3637.0,0
34,0,1,0,0,0,0,1,0,0,0,0,0,0,0,0,0,0,0,0,0,1,0,0,0,0,100000000,130000000.0,30,30000000.0,23.07692307692308,3.5,100000000.0,127500000.0,27.5,3619.8333333333335,1
30,0,1,0,1,0,0,0,0,0,0,0,0,0,0,0,0,0,0,0,0,1,0,0,0,0,10000,11500.0,15,1500.0,13.043478260869565,1.0,100000000.0,115000000.0,15.0,3668.0,0
47,1,0,0,0,0,0,1,0,0,0,0,0,0,0,0,0,0,0,0,0,1,0,0,0,0,200000000,245000000.0,30,45000000.0,18.367346938775512,1.5,100000000.0,130000000.0,30.0,3607.0,1
39,1,0,0,0,0,0,0,1,0,0,0,0,0,0,0,0,0,0,0,0,0,0,0,1,0,40000,44000.0,30,4000.0,9.090909090909092,5.0,211111111.1111111,257111111.1111111,36.66666666666666,3608.6666666666665,1
29,0,1,0,0,0,0,0,0,0,0,0,0,0,0,0,0,0,0,0,0,0,0,0,1,0,100000000,115000000.0,15,15000000.0,13.043478260869565,1.0,100000000.0,115000000.0,15.0,3669.0,0
27,1,0,1,0,0,0,0,0,0,0,0,0,0,0,0,0,0,0,0,0,1,0,0,0,0,50000,52500.0,30,2500.0,4.761904761904762,7.5,289285714.28571427,339633928.5714286,40.71428571428572,3617.642857142857,1
50,0,1,0,0,0,0,0,0,0,0,0,0,0,0,0,0,0,0,1,0,0,0,1,0,0,10000,13000.0,30,3000.0,23.07692307692308,2.0,100000000.0,120000000.0,20.0,3627.6666666666665,1
44,0,1,0,0,0,0,0,0,0,0,0,0,0,0,0,0,0,0,0,1,0,0,0,0,0,300000000,390000000.0,60,90000000.0,23.07692307692308,3.5,150000000.0,172500000.0,17.5,3608.0,3
37,0,1,0,0,0,1,0,0,0,0,0,0,0,0,0,0,0,0,0,0,1,0,0,0,0,100000000,130000000.0,30,30000000.0,23.07692307692308,1.5,100000000.0,122500000.0,22.5,3637.5,1
34,0,1,0,0,0,0,0,0,0,0,0,0,0,0,0,0,0,0,0,0,1,0,0,0,0,100000000,130000000.0,30,30000000.0,23.07692307692308,1.0,100000000.0,130000000.0,30.0,3669.0,1
31,1,0,0,0,0,0,0,1,0,0,0,0,0,0,0,0,0,0,0,0,1,0,0,0,0,30000,34500.0,30,4500.0,13.043478260869565,6.0,154545454.54545453,183318181.8181818,23.181818181818183,3615.272727272728,1
35,0,1,0,0,0,0,0,1,0,0,0,0,0,0,0,0,0,0,0,1,0,0,0,0,0,300000000,339999000.0,30,39999000.0,11.764446366018722,2.5,150000000.0,165000000.0,15.0,3622.75,1
30,0,1,0,0,0,0,0,1,0,0,0,0,0,0,0,0,0,0,0,0,1,0,0,0,0,10000,13000.0,30,3000.0,23.07692307692308,2.0,100000000.0,125000000.0,25.0,3637.3333333333335,1
39,0,1,0,0,0,0,0,1,0,0,0,0,0,0,0,0,0,0,0,0,1,0,0,0,0,100000000,130000000.0,30,30000000.0,23.07692307692308,1.5,100000000.0,130000000.0,30.0,3608.0,1
38,0,1,0,0,1,0,0,0,0,0,0,0,0,0,0,0,0,0,0,0,1,0,0,0,0,10000,11500.0,15,1500.0,13.043478260869565,1.0,100000000.0,115000000.0,15.0,3670.0,0
32,0,1,0,0,0,0,0,0,0,0,0,0,0,0,0,0,0,0,0,0,1,0,0,0,0,100000000,130000000.0,30,30000000.0,23.07692307692308,1.0,100000000.0,130000000.0,30.0,3668.0,1
32,0,1,0,0,0,0,1,0,0,0,0,0,0,0,0,0,0,0,0,1,0,0,0,0,0,300000000,390000000.0,60,90000000.0,23.07692307692308,4.5,187500000.0,211312500.0,18.75,3607.625,3
36,0,1,0,0,0,0,0,0,0,0,0,0,0,0,0,0,0,0,0,1,0,0,0,0,0,100000000,130000000.0,30,30000000.0,23.07692307692308,1.0,100000000.0,130000000.0,30.0,3668.0,1
28,1,0,0,0,0,0,0,0,0,0,0,0,0,0,1,0,0,0,0,0,1,0,0,0,0,100000000,130000000.0,30,30000000.0,23.07692307692308,4.5,100000000.0,130000000.0,30.0,3621.125,1
45,1,0,0,0,0,0,0,1,0,0,0,0,0,0,0,0,0,0,0,0,1,0,0,0,0,100000000,107500000.0,15,7500000.0,6.976744186046512,4.5,150000000.0,165828125.0,15.0,7294.25,5
35,0,0,0,0,0,0,0,0,0,0,0,1,0,0,0,0,0,0,0,0,1,0,0,0,0,100000000,130000000.0,30,30000000.0,23.07692307692308,1.0,100000000.0,115000000.0,15.0,3667.0,1
40,0,1,0,0,0,0,0,0,0,0,0,0,0,0,0,0,0,0,0,0,1,0,0,0,0,200000000,245000000.0,30,45000000.0,18.367346938775512,2.0,100000000.0,125000000.0,25.0,3631.0,1
34,0,1,0,0,0,0,1,0,0,0,0,0,0,0,0,0,0,0,0,1,0,0,0,0,0,300000000,345000000.0,30,45000000.0,13.043478260869565,5.0,200000000.0,230000000.0,23.33333333333333,3615.1111111111113,1
30,0,0,0,0,0,0,1,0,0,0,0,0,0,0,0,0,0,0,0,0,1,0,0,0,0,100000000,115000000.0,15,15000000.0,13.043478260869565,1.0,100000000.0,115000000.0,15.0,3673.0,0
39,0,1,0,0,1,0,0,0,0,0,0,0,0,0,0,0,0,0,0,0,1,0,0,0,0,10000,13000.0,30,3000.0,23.07692307692308,1.0,100000000.0,130000000.0,30.0,3608.0,1
35,0,1,0,0,0,0,0,1,0,0,0,0,0,0,0,0,0,0,0,0,1,0,0,0,0,400000000,480000000.0,60,80000000.0,16.666666666666664,5.0,200000000.0,233777777.7777778,26.666666666666668,4035.0,3
37,0,1,0,0,0,0,0,0,0,0,0,0,0,0,0,0,0,0,1,0,1,0,0,0,0,300000000,345000000.0,30,45000000.0,13.043478260869565,3.0,140000000.0,173000000.0,27.0,3610.0,1
30,0,1,0,0,1,0,0,0,0,0,0,0,0,0,0,0,0,0,0,0,1,0,0,0,0,100000000,115000000.0,15,15000000.0,13.043478260869565,1.0,100000000.0,115000000.0,15.0,3669.0,0
39,0,1,0,0,0,0,0,1,0,0,0,0,0,0,0,0,0,0,0,1,0,0,0,0,0,10000,11500.0,15,1500.0,13.043478260869565,1.5,100000000.0,115000000.0,15.0,3609.0,0
33,0,1,0,1,0,0,0,0,0,0,0,0,0,0,0,0,0,0,0,0,1,0,0,0,0,100000000,130000000.0,30,30000000.0,23.07692307692308,1.0,100000000.0,130000000.0,30.0,3667.0,1
38,0,1,0,0,0,0,0,1,0,0,0,0,0,0,0,0,0,0,0,0,1,0,0,0,0,100000000,115000000.0,15,15000000.0,13.043478260869565,1.0,100000000.0,115000000.0,15.0,3669.0,0
27,1,0,0,0,0,0,0,0,0,0,0,0,0,0,0,0,0,0,1,0,1,0,0,0,0,100000000,115000000.0,15,15000000.0,13.043478260869565,3.0,100000000.0,118000000.0,18.0,3620.4,0
34,0,1,0,0,0,0,0,1,0,0,0,0,0,0,0,0,0,0,0,0,1,0,0,0,0,100000000,130000000.0,30,30000000.0,23.07692307692308,2.0,100000000.0,130000000.0,30.0,3607.6666666666665,1
41,0,1,0,0,0,0,0,1,0,0,0,0,0,0,0,0,0,0,0,0,1,0,0,0,0,100000000,130000000.0,30,30000000.0,23.07692307692308,1.0,100000000.0,130000000.0,30.0,3668.0,1
29,0,1,0,0,1,0,0,0,0,0,0,0,0,0,0,0,0,0,0,0,1,0,0,0,0,100000000,130000000.0,30,30000000.0,23.07692307692308,1.0,100000000.0,115000000.0,15.0,3668.0,1
40,1,0,0,0,0,0,0,0,0,0,0,0,0,0,0,0,0,0,1,0,0,0,1,0,0,400000000,440000000.0,30,40000000.0,9.090909090909092,6.0,236363636.3636364,269136363.6363636,25.90909090909091,3929.5454545454554,1
30,0,1,0,0,1,0,0,0,0,0,0,0,0,0,0,0,0,0,0,0,1,0,0,0,0,10000,13000.0,30,3000.0,23.07692307692308,1.0,100000000.0,130000000.0,30.0,3668.0,1
43,0,1,0,0,0,0,1,0,0,0,0,0,0,0,0,0,0,0,0,0,1,0,0,0,0,100000000,115000000.0,15,15000000.0,13.043478260869565,2.5,100000000.0,126250000.0,26.25,3624.25,0
32,0,1,0,0,0,0,0,0,0,0,0,0,0,0,0,0,0,0,1,0,1,0,0,0,0,100000000,115000000.0,15,15000000.0,13.043478260869565,1.5,100000000.0,122500000.0,22.5,3608.0,0
33,0,1,0,0,0,0,0,0,0,0,0,0,0,0,0,0,0,0,1,0,1,0,0,0,0,100000000,115000000.0,15,15000000.0,13.043478260869565,1.0,100000000.0,130000000.0,30.0,3669.0,0
43,0,1,0,0,0,0,0,0,0,0,0,0,0,0,0,0,0,0,0,1,0,0,0,0,0,100000000,130000000.0,30,30000000.0,23.07692307692308,2.5,100000000.0,130000000.0,30.0,3611.0,1
33,0,1,0,0,0,0,0,1,0,0,0,0,0,0,0,0,0,0,0,0,1,0,0,0,0,200000000,245000000.0,30,45000000.0,18.367346938775512,2.5,125000000.0,145500000.0,18.75,3614.0,1
53,0,1,0,0,0,0,0,0,0,0,0,1,0,0,0,0,0,0,0,0,1,0,0,0,0,100000000,130000000.0,30,30000000.0,23.07692307692308,1.5,100000000.0,122500000.0,22.5,3609.0,1
37,0,1,0,0,0,0,0,0,0,0,0,0,0,0,0,0,0,0,1,1,0,0,0,0,0,30000,34500.0,30,4500.0,13.043478260869565,3.0,180000000.0,225600000.0,36.0,3632.4,1
36,0,1,0,0,0,0,0,0,0,0,0,1,0,0,0,0,0,0,0,0,1,0,0,0,0,300000000,390000000.0,60,90000000.0,23.07692307692308,3.5,150000000.0,186333333.3333333,30.0,3609.8333333333335,3
53,0,1,0,0,0,0,1,0,0,0,0,0,0,0,0,0,0,0,0,0,1,0,0,0,0,100000000,130000000.0,30,30000000.0,23.07692307692308,2.0,100000000.0,125000000.0,25.0,3612.0,1
27,0,1,0,0,0,0,0,0,0,0,0,0,0,0,1,0,0,0,0,0,1,0,0,0,0,100000000,130000000.0,30,30000000.0,23.07692307692308,1.0,100000000.0,130000000.0,30.0,3667.0,1
27,0,1,0,0,0,0,1,0,0,0,0,0,0,0,0,0,0,0,0,0,1,0,0,0,0,15000,18375.0,30,3375.0,18.367346938775512,2.0,133333333.33333331,163333333.33333334,25.0,3627.6666666666665,1
41,1,0,0,1,0,0,0,0,0,0,0,0,0,0,0,0,0,0,0,0,0,0,1,0,0,400000000,480000000.0,60,80000000.0,16.666666666666664,5.0,244444444.44444445,291444444.4444444,36.66666666666666,3609.444444444444,3
37,1,0,0,0,0,0,0,0,0,0,0,0,0,0,1,0,0,0,0,0,1,0,0,0,0,10000,13000.0,30,3000.0,23.07692307692308,1.5,100000000.0,130000000.0,30.0,3611.0,1
41,1,0,0,0,0,0,0,1,0,0,0,0,0,0,0,0,0,0,0,0,0,0,1,0,0,300000000,345000000.0,30,45000000.0,13.043478260869565,6.0,213636363.63636363,244500000.0,23.181818181818183,3613.4545454545455,1
41,0,1,0,0,0,0,0,1,0,0,0,0,0,0,0,0,0,0,0,0,1,0,0,0,0,100000000,130000000.0,30,30000000.0,23.07692307692308,1.0,100000000.0,130000000.0,30.0,3668.0,1
39,0,1,0,0,0,0,0,0,0,0,0,0,0,0,0,0,0,0,1,0,1,0,0,0,0,100000000,130000000.0,30,30000000.0,23.07692307692308,1.0,100000000.0,130000000.0,30.0,3613.0,1
40,0,1,0,0,0,0,0,1,0,0,0,0,0,0,0,0,0,0,0,1,0,0,0,0,0,100000000,115000000.0,15,15000000.0,13.043478260869565,1.5,100000000.0,115000000.0,15.0,3610.0,0
31,0,1,0,0,0,0,0,0,0,0,0,1,0,0,0,0,0,0,0,0,1,0,0,0,0,100000000,130000000.0,30,30000000.0,23.07692307692308,1.5,100000000.0,130000000.0,30.0,3615.0,1
51,0,1,0,0,0,0,0,1,0,0,0,0,0,0,0,0,0,0,0,0,1,0,0,0,0,100000000,130000000.0,30,30000000.0,23.07692307692308,1.0,100000000.0,130000000.0,30.0,3608.0,1
32,1,0,0,0,0,0,0,1,0,0,0,0,0,0,0,0,0,0,0,0,1,0,0,0,0,500000000,525000000.0,30,25000000.0,4.761904761904762,7.5,296428571.4285714,347767857.14285713,40.71428571428572,3613.214285714286,1
39,0,1,0,0,0,0,0,1,0,0,0,0,0,0,0,0,0,0,0,0,1,0,0,0,0,20000,24500.0,30,4500.0,18.367346938775512,2.0,100000000.0,125000000.0,25.0,3608.6666666666665,1
26,0,1,0,0,0,1,0,0,0,0,0,0,0,0,0,0,0,0,0,1,0,0,0,0,0,100000000,115000000.0,15,15000000.0,13.043478260869565,1.0,100000000.0,115000000.0,15.0,3669.0,0
38,0,1,0,0,0,0,0,0,0,0,0,0,0,0,0,0,0,0,1,0,1,0,0,0,0,300000000,345000000.0,30,45000000.0,13.043478260869565,5.0,200000000.0,226222222.2222222,20.0,3609.777777777778,1
39,0,1,0,0,0,0,0,1,0,0,0,0,0,0,0,0,0,0,0,0,1,0,0,0,0,100000000,130000000.0,30,30000000.0,23.07692307692308,1.0,100000000.0,115000000.0,15.0,3669.0,1
27,1,0,0,0,0,0,0,0,0,0,0,0,0,0,1,0,0,0,0,0,0,0,0,1,0,150000000,172500000.0,30,22500000.0,13.043478260869565,4.0,142857142.85714287,161589285.7142857,17.142857142857142,3615.571428571429,1
34,0,1,0,1,0,0,0,0,0,0,0,0,0,0,0,0,0,0,0,0,1,0,0,0,0,100000000,122500000.0,30,22500000.0,18.367346938775512,2.0,100000000.0,130000000.0,30.0,3609.3333333333335,1
36,0,1,0,0,0,0,0,1,0,0,0,0,0,0,0,0,0,0,0,0,1,0,0,0,0,200000000,222500000.0,15,22500000.0,10.112359550561797,2.0,100000000.0,125000000.0,25.0,3610.3333333333335,0
41,0,1,0,0,0,0,0,1,0,0,0,0,0,0,0,0,0,0,0,0,0,0,1,0,0,100000000,122500000.0,30,22500000.0,18.367346938775512,3.0,100000000.0,130000000.0,30.0,3610.2,1
49,0,1,0,1,0,0,0,0,0,0,0,0,0,0,0,0,0,0,0,0,1,0,0,0,0,250000000,287500000.0,30,37500000.0,13.043478260869565,2.0,83333333.33333333,105833333.33333331,30.0,3606.0,1
49,0,1,0,0,0,0,1,0,0,0,0,0,0,0,0,0,0,0,0,0,1,0,0,0,0,10000,11500.0,15,1500.0,13.043478260869565,1.0,100000000.0,130000000.0,30.0,3669.0,0
31,0,1,0,0,0,0,1,0,0,0,0,0,0,0,0,0,0,0,0,0,0,0,1,0,0,400000000,480000000.0,60,80000000.0,16.666666666666664,4.5,250000000.0,300625000.0,41.25,3611.5,3
39,0,1,0,0,0,0,0,0,0,0,0,0,0,0,0,0,0,0,1,0,1,0,0,0,0,100000000,115000000.0,15,15000000.0,13.043478260869565,1.0,100000000.0,115000000.0,15.0,3668.0,0
36,0,1,0,0,0,0,1,0,0,0,0,0,0,0,0,0,0,0,0,0,1,0,0,0,0,100000000,115000000.0,15,15000000.0,13.043478260869565,1.0,100000000.0,115000000.0,15.0,3669.0,0
41,0,1,1,0,0,0,0,0,0,0,0,0,0,0,0,0,0,0,0,0,1,0,0,0,0,10000,13000.0,30,3000.0,23.07692307692308,1.0,100000000.0,115000000.0,15.0,3623.0,1
38,0,1,0,0,0,0,1,0,0,0,0,0,0,0,0,0,0,0,0,0,1,0,0,0,0,200000000,245000000.0,30,45000000.0,18.367346938775512,3.0,140000000.0,167000000.0,21.0,3607.6,1
39,1,0,0,0,0,0,0,1,0,0,0,0,0,0,0,0,0,0,0,0,0,0,1,0,0,400000000,480000000.0,60,80000000.0,16.666666666666664,5.5,225000000.0,260437500.0,25.5,3611.2,3
32,0,1,0,0,0,0,0,0,0,0,0,0,0,0,0,0,0,0,0,0,1,0,0,0,0,100000000,130000000.0,30,30000000.0,23.07692307692308,1.5,100000000.0,130000000.0,30.0,3612.5,1
30,1,0,1,0,0,0,0,0,0,0,0,0,0,0,0,0,0,0,0,0,1,0,0,0,0,350000000,385000000.0,30,35000000.0,9.090909090909092,4.0,207142857.14285716,244714285.7142857,30.0,3616.428571428572,1
35,0,1,0,0,0,0,0,0,0,0,0,0,0,0,1,0,0,0,0,0,1,0,0,0,0,100000000,115000000.0,15,15000000.0,13.043478260869565,1.0,100000000.0,130000000.0,30.0,3668.0,0
37,0,1,0,1,0,0,0,0,0,0,0,0,0,0,0,0,0,0,0,0,1,0,0,0,0,100000000,115000000.0,15,15000000.0,13.043478260869565,1.0,100000000.0,115000000.0,15.0,3669.0,0
39,1,0,0,0,0,0,0,1,0,0,0,0,0,0,0,0,0,0,0,0,1,0,0,0,0,400000000,480000000.0,60,80000000.0,16.666666666666664,5.5,240000000.0,284850000.0,36.0,3611.1,3
41,0,1,0,0,0,0,0,1,0,0,0,0,0,0,0,0,0,0,0,0,1,0,0,0,0,10000,13000.0,30,3000.0,23.07692307692308,1.0,100000000.0,130000000.0,30.0,3668.0,1
37,0,1,0,0,0,0,0,0,0,0,0,0,0,0,0,0,0,0,1,1,0,0,0,0,0,200000000,245000000.0,30,45000000.0,18.367346938775512,2.0,100000000.0,125000000.0,25.0,3608.3333333333335,1
28,0,1,0,0,0,0,0,0,0,0,0,0,0,0,0,0,0,0,1,0,1,0,0,0,0,10000,13000.0,30,3000.0,23.07692307692308,1.0,100000000.0,115000000.0,15.0,3669.0,1
41,1,0,1,0,0,0,0,0,0,0,0,0,0,0,0,0,0,0,0,0,0,0,1,0,0,200000000,245000000.0,30,45000000.0,18.367346938775512,2.5,145000000.0,178000000.0,26.25,3610.0,1
36,0,1,0,0,0,0,0,1,0,0,0,0,0,0,0,0,0,0,0,0,1,0,0,0,0,100000000,130000000.0,30,30000000.0,23.07692307692308,1.0,100000000.0,115000000.0,15.0,3668.0,1
45,1,0,0,0,0,0,1,0,0,0,0,0,0,0,0,0,0,0,0,0,1,0,0,0,0,30000,34500.0,30,4500.0,13.043478260869565,4.0,200000000.0,247142857.14285716,34.285714285714285,3610.0,1
45,0,1,0,0,0,0,0,1,0,0,0,0,0,0,0,0,0,0,0,0,1,0,0,0,0,10000,13000.0,30,3000.0,23.07692307692308,1.0,100000000.0,130000000.0,30.0,3668.0,1
31,0,1,0,0,0,0,0,1,0,0,0,0,0,0,0,0,0,0,0,0,1,0,0,0,0,10000,13000.0,30,3000.0,23.07692307692308,1.0,100000000.0,130000000.0,30.0,3668.0,1
36,0,1,0,0,0,0,1,0,0,0,0,0,0,0,0,0,0,0,0,0,0,0,1,0,0,400000000,440000000.0,30,40000000.0,9.090909090909092,6.5,262500000.0,304000000.0,31.25,3614.25,1
39,0,1,0,0,0,0,0,0,0,0,0,0,0,0,0,0,0,0,0,0,1,0,0,0,0,20000,24500.0,30,4500.0,18.367346938775512,1.5,100000000.0,122500000.0,22.5,3609.5,1
37,0,1,0,0,0,0,1,0,0,0,0,0,0,0,0,0,0,0,0,0,1,0,0,0,0,100000000,130000000.0,30,30000000.0,23.07692307692308,1.0,100000000.0,115000000.0,15.0,3669.0,1
40,0,1,0,0,0,0,0,0,0,0,0,0,0,0,1,0,0,0,0,0,1,0,0,0,0,100000000,130000000.0,30,30000000.0,23.07692307692308,1.5,100000000.0,130000000.0,30.0,5037.5,4
36,0,1,0,0,0,0,1,0,0,0,0,0,0,0,0,0,0,0,0,0,1,0,0,0,0,300000000,345000000.0,30,45000000.0,13.043478260869565,5.0,177777777.7777778,217111111.1111111,35.0,3612.222222222222,1
31,0,1,0,0,0,0,0,1,0,0,0,0,0,0,0,0,0,0,0,1,0,0,0,0,0,100000000,130000000.0,30,30000000.0,23.07692307692308,1.0,100000000.0,130000000.0,30.0,3669.0,1
41,0,1,0,1,0,0,0,0,0,0,0,0,0,0,0,0,0,0,0,0,1,0,0,0,0,200000000,245000000.0,30,45000000.0,18.367346938775512,2.0,100000000.0,128333333.33333331,30.0,3606.6666666666665,1
39,0,1,0,0,0,0,0,0,0,0,1,0,0,0,0,0,0,0,0,1,0,0,0,0,0,30000,34500.0,30,4500.0,13.043478260869565,3.5,150000000.0,180000000.0,22.5,3607.5,1
40,0,1,0,0,0,0,0,1,0,0,0,0,0,0,0,0,0,0,0,0,1,0,0,0,0,300000000,390000000.0,60,90000000.0,23.07692307692308,3.5,150000000.0,175083333.33333334,20.0,3617.1666666666665,3
47,0,1,0,0,0,1,0,0,0,0,0,0,0,0,0,0,0,0,0,0,1,0,0,0,0,10000,13000.0,30,3000.0,23.07692307692308,1.5,100000000.0,130000000.0,30.0,3637.5,1
49,0,1,0,0,0,0,1,0,0,0,0,0,0,0,0,0,0,0,0,0,1,0,0,0,0,20000,24500.0,30,4500.0,18.367346938775512,2.5,100000000.0,114062500.0,15.0,3610.75,1
48,0,1,0,0,0,0,0,1,0,0,0,0,0,0,0,0,0,0,0,1,0,0,0,0,0,100000000,115000000.0,15,15000000.0,13.043478260869565,1.0,100000000.0,115000000.0,15.0,3609.0,0
43,0,1,0,0,0,0,0,0,0,0,0,0,0,0,0,0,0,0,1,1,0,0,0,0,0,100000000,130000000.0,30,30000000.0,23.07692307692308,1.0,100000000.0,130000000.0,30.0,3669.0,1
28,1,0,0,0,0,0,0,0,0,0,0,0,0,0,0,0,0,0,1,0,0,0,1,0,0,500000000,550000000.0,60,50000000.0,9.090909090909092,4.5,225000000.0,268812500.0,41.25,3617.125,3
31,1,0,0,0,0,0,0,1,0,0,0,0,0,0,0,0,0,0,0,0,0,0,0,1,0,30000,34500.0,30,4500.0,13.043478260869565,5.0,150000000.0,169819444.44444445,16.666666666666668,3608.6666666666665,1
36,0,1,1,0,0,0,0,0,0,0,0,0,0,0,0,0,0,0,0,0,1,0,0,0,0,150000000,183750000.0,30,33750000.0,18.367346938775512,2.0,100000000.0,115000000.0,15.0,3627.3333333333335,1
37,0,1,0,0,0,0,0,0,0,0,0,1,0,0,0,0,0,0,0,0,1,0,0,0,0,100000000,130000000.0,30,30000000.0,23.07692307692308,1.5,100000000.0,130000000.0,30.0,3637.0,1
33,0,1,0,0,0,0,0,0,0,0,0,0,0,0,0,0,0,0,1,0,1,0,0,0,0,300000000,345000000.0,30,45000000.0,13.043478260869565,3.5,133333333.33333331,153958333.33333334,17.5,3607.5,1
37,1,0,0,0,0,0,0,1,0,0,0,0,0,0,0,0,0,0,0,0,1,0,0,0,0,400000000,440000000.0,30,40000000.0,9.090909090909092,3.5,200000000.0,245333333.3333333,40.0,3612.5,1
35,0,1,0,0,0,0,0,0,0,0,0,0,0,0,1,0,0,0,0,0,0,0,1,0,0,100000000,122500000.0,30,22500000.0,18.367346938775512,2.0,100000000.0,130000000.0,30.0,3628.0,1
36,0,1,0,0,0,0,0,0,0,0,1,0,0,0,0,0,0,0,0,0,1,0,0,0,0,10000,13000.0,30,3000.0,23.07692307692308,1.0,100000000.0,130000000.0,30.0,3668.0,1
31,1,0,1,0,0,0,0,0,0,0,0,0,0,0,0,0,0,0,0,0,1,0,0,0,0,200000000,245000000.0,30,45000000.0,18.367346938775512,2.5,125000000.0,144687500.0,18.75,3623.25,1
32,0,1,0,0,0,0,0,1,0,0,0,0,0,0,0,0,0,0,0,0,1,0,0,0,0,200000000,245000000.0,30,45000000.0,18.367346938775512,2.5,112500000.0,143437500.0,30.0,3607.75,1
37,0,1,0,0,0,0,0,0,0,0,0,0,0,0,1,0,0,0,0,0,1,0,0,0,0,100000000,130000000.0,30,30000000.0,23.07692307692308,1.0,100000000.0,130000000.0,30.0,3668.0,1
43,0,1,0,1,0,0,0,0,0,0,0,0,0,0,0,0,0,0,0,0,1,0,0,0,0,100000000,130000000.0,30,30000000.0,23.07692307692308,3.5,116666666.66666669,145500000.0,27.5,3609.8333333333335,1
36,0,1,0,0,0,0,0,0,0,0,0,0,0,0,0,0,0,0,0,0,1,0,0,0,0,10000,13000.0,30,3000.0,23.07692307692308,1.0,100000000.0,130000000.0,30.0,3615.0,1
38,0,1,0,0,0,1,0,0,0,0,0,0,0,0,0,0,0,0,0,0,1,0,0,0,0,20000,24500.0,30,4500.0,18.367346938775512,2.0,100000000.0,130000000.0,30.0,3611.3333333333335,1
35,0,1,0,0,0,0,0,1,0,0,0,0,0,0,0,0,0,0,0,0,1,0,0,0,0,100000000,111250000.0,15,11250000.0,10.112359550561797,2.0,100000000.0,130000000.0,30.0,3607.3333333333335,0
28,1,0,0,0,0,0,0,0,0,0,0,0,0,0,1,0,0,0,0,0,0,0,0,1,0,200000000,222500000.0,15,22500000.0,10.112359550561797,2.5,150000000.0,187500000.0,30.0,3609.5,0
37,0,1,0,0,0,0,0,0,0,0,0,0,0,0,0,0,0,0,0,0,1,0,0,0,0,100000000,130000000.0,30,30000000.0,23.07692307692308,1.0,100000000.0,130000000.0,30.0,3669.0,1
34,0,1,0,0,0,0,0,0,0,0,0,0,0,0,0,0,0,0,1,1,0,0,0,0,0,200000000,222500000.0,15,22500000.0,10.112359550561797,2.0,100000000.0,115000000.0,15.0,3608.0,0
37,0,1,0,0,0,0,0,0,0,0,0,0,0,0,1,0,0,0,0,0,1,0,0,0,0,100000000,130000000.0,30,30000000.0,23.07692307692308,1.0,100000000.0,115000000.0,15.0,3612.0,1
29,0,1,0,0,0,0,0,1,0,0,0,0,0,0,0,0,0,0,0,1,0,0,0,0,0,100000000,130000000.0,30,30000000.0,23.07692307692308,1.0,100000000.0,115000000.0,15.0,3668.0,1
42,0,1,0,0,0,0,0,1,0,0,0,0,0,0,0,0,0,0,0,0,1,0,0,0,0,100000000,115000000.0,15,15000000.0,13.043478260869565,1.5,100000000.0,122500000.0,22.5,3637.5,0
37,0,1,0,0,0,0,0,0,0,0,0,0,0,0,0,0,0,0,0,1,0,0,0,0,0,20000,22250.0,15,2250.0,10.112359550561797,3.0,120000000.0,136500000.0,15.0,3608.0,0
36,0,1,0,0,0,0,1,0,0,0,0,0,0,0,0,0,0,0,0,0,1,0,0,0,0,300000000,390000000.0,60,90000000.0,23.07692307692308,3.0,150000000.0,189400000.0,33.0,3606.6,3
34,0,1,0,0,0,0,0,0,0,0,0,0,0,0,0,0,0,0,1,0,1,0,0,0,0,100000000,130000000.0,30,30000000.0,23.07692307692308,1.0,100000000.0,130000000.0,30.0,3669.0,1
37,1,0,0,0,0,0,0,0,0,0,0,0,0,0,0,0,0,0,0,0,0,0,1,0,0,100000000,115000000.0,15,15000000.0,13.043478260869565,3.5,100000000.0,115000000.0,15.0,3609.6666666666665,0
31,0,1,0,0,0,0,0,1,0,0,0,0,0,0,0,0,0,0,0,0,1,0,0,0,0,100000000,115000000.0,15,15000000.0,13.043478260869565,1.5,100000000.0,122500000.0,22.5,3610.5,0
36,1,0,0,0,0,0,0,1,0,0,0,0,0,0,0,0,0,0,0,0,1,0,0,0,0,100000000,130000000.0,30,30000000.0,23.07692307692308,2.0,100000000.0,120000000.0,20.0,3609.3333333333335,1
32,0,1,0,0,0,0,0,1,0,0,0,0,0,0,0,0,0,0,0,0,1,0,0,0,0,10000,13000.0,30,3000.0,23.07692307692308,3.0,100000000.0,130000000.0,30.0,3608.8,1
53,0,1,0,1,0,0,0,0,0,0,0,0,0,0,0,0,0,0,0,1,0,0,0,0,0,10000,13000.0,30,3000.0,23.07692307692308,1.0,100000000.0,130000000.0,30.0,3669.0,1
36,0,1,0,0,0,0,0,0,0,0,0,0,0,0,0,0,0,0,1,0,1,0,0,0,0,100000000,130000000.0,30,30000000.0,23.07692307692308,1.5,100000000.0,122500000.0,22.5,3637.5,1
30,0,1,0,0,1,0,0,0,0,0,0,0,0,0,0,0,0,0,0,0,1,0,0,0,0,100000000,115000000.0,15,15000000.0,13.043478260869565,2.5,100000000.0,118750000.0,18.75,3615.0,0
31,0,1,0,0,0,0,0,1,0,0,0,0,0,0,0,0,0,0,0,0,1,0,0,0,0,200000000,222500000.0,15,22500000.0,10.112359550561797,2.5,112500000.0,131718750.0,18.75,3623.0,0
51,0,1,0,0,0,0,0,0,0,0,0,1,0,0,0,0,0,0,0,0,1,0,0,0,0,100000000,130000000.0,30,30000000.0,23.07692307692308,1.5,100000000.0,130000000.0,30.0,3613.0,1
33,0,1,0,0,0,0,0,1,0,0,0,0,0,0,0,0,0,0,0,0,1,0,0,0,0,100000000,130000000.0,30,30000000.0,23.07692307692308,1.0,100000000.0,130000000.0,30.0,3607.0,1
40,0,1,0,0,0,0,0,0,0,0,0,0,0,0,0,0,0,0,0,0,1,0,0,0,0,100000000,130000000.0,30,30000000.0,23.07692307692308,1.0,100000000.0,130000000.0,30.0,3611.0,1
31,1,0,0,0,0,0,0,1,0,0,0,0,0,0,0,0,0,0,0,0,1,0,0,0,0,400000000,440000000.0,30,40000000.0,9.090909090909092,4.5,218750000.0,257468750.0,30.0,3610.375,1
30,0,1,0,0,0,0,0,1,0,0,0,0,0,0,0,0,0,0,0,0,1,0,0,0,0,100000000,111250000.0,15,11250000.0,10.112359550561797,3.5,100000000.0,118750000.0,20.0,3610.0,0
40,1,0,0,0,0,0,0,1,0,0,0,0,0,0,0,0,0,0,0,0,1,0,0,0,0,20000,24500.0,30,4500.0,18.367346938775512,3.0,140000000.0,168150000.0,27.0,3609.0,1
27,0,1,0,0,0,0,0,1,0,0,0,0,0,0,0,0,0,0,0,1,0,0,0,0,0,100000000,130000000.0,30,30000000.0,23.07692307692308,1.0,100000000.0,130000000.0,30.0,3613.0,1
32,0,1,0,0,0,0,0,1,0,0,0,0,0,0,0,0,0,0,0,0,1,0,0,0,0,10000,13000.0,30,3000.0,23.07692307692308,1.0,100000000.0,130000000.0,30.0,3668.0,1
45,0,1,0,0,0,0,0,1,0,0,0,0,0,0,0,0,0,0,0,0,0,0,1,0,0,30000,34500.0,30,4500.0,13.043478260869565,3.5,200000000.0,242666666.66666663,35.0,3609.5,1
32,1,0,0,0,0,0,0,1,0,0,0,0,0,0,0,0,0,0,0,0,1,0,0,0,0,10000,11500.0,15,1500.0,13.043478260869565,1.0,100000000.0,130000000.0,30.0,3611.0,0
33,0,1,0,0,0,0,0,1,0,0,0,0,0,0,0,0,0,0,0,0,1,0,0,0,0,20000,24500.0,30,4500.0,18.367346938775512,2.0,100000000.0,130000000.0,30.0,3609.3333333333335,1
33,0,1,0,0,0,0,0,0,0,0,0,0,0,0,0,0,0,0,0,0,1,0,0,0,0,100000000,130000000.0,30,30000000.0,23.07692307692308,1.0,100000000.0,115000000.0,15.0,3614.0,1
29,0,1,0,1,0,0,0,0,0,0,0,0,0,0,0,0,0,0,0,0,0,0,1,0,0,300000000,345000000.0,30,45000000.0,13.043478260869565,6.0,254545454.54545453,289272727.27272725,24.545454545454547,3615.4545454545455,1
46,0,1,0,0,0,0,0,0,0,0,0,0,0,0,0,0,0,0,1,0,1,0,0,0,0,300000000,345000000.0,30,45000000.0,13.043478260869565,5.0,200000000.0,226222222.2222222,20.0,3613.6666666666665,1
37,0,1,0,0,0,0,0,0,0,0,0,0,0,0,0,0,0,0,0,0,1,0,0,0,0,100000000,130000000.0,30,30000000.0,23.07692307692308,1.0,100000000.0,115000000.0,15.0,3618.0,1
50,1,0,0,0,0,0,0,1,0,0,0,0,0,0,0,0,0,0,0,0,0,0,1,0,0,200000000,245000000.0,30,45000000.0,18.367346938775512,4.5,150000000.0,183750000.0,28.125,3609.25,1
27,0,1,0,0,0,0,0,1,0,0,0,0,0,0,0,0,0,0,0,0,1,0,0,0,0,100000000,130000000.0,30,30000000.0,23.07692307692308,2.5,100000000.0,130000000.0,30.0,3608.75,1
40,0,1,0,0,0,0,0,0,0,0,0,0,0,0,0,0,0,0,1,1,0,0,0,0,0,10000,11500.0,15,1500.0,13.043478260869565,1.0,100000000.0,115000000.0,15.0,3628.0,0
41,1,0,0,0,0,0,1,0,0,0,0,0,0,0,0,0,0,0,0,0,1,0,0,0,0,10000,13000.0,30,3000.0,23.07692307692308,1.5,100000000.0,130000000.0,30.0,3613.0,1
36,0,1,0,0,0,0,0,0,0,0,0,0,0,0,0,0,0,0,1,1,0,0,0,0,0,100000000,130000000.0,30,30000000.0,23.07692307692308,1.5,100000000.0,130000000.0,30.0,3637.0,1
52,0,1,0,0,0,1,0,0,0,0,0,0,0,0,0,0,0,0,0,1,0,0,0,0,0,200000000,245000000.0,30,45000000.0,18.367346938775512,2.5,125000000.0,147500000.0,18.75,3622.5,1
29,0,1,0,0,0,0,0,1,0,0,0,0,0,0,0,0,0,0,0,0,1,0,0,0,0,10000,13000.0,30,3000.0,23.07692307692308,1.0,100000000.0,130000000.0,30.0,3668.0,1
37,0,1,1,0,0,0,0,0,0,0,0,0,0,0,0,0,0,0,0,1,0,0,0,0,0,100000000,115000000.0,15,15000000.0,13.043478260869565,1.0,100000000.0,115000000.0,15.0,3673.0,0
34,0,1,0,0,0,0,0,0,0,0,0,0,0,0,0,0,0,0,0,0,1,0,0,0,0,20000,24500.0,30,4500.0,18.367346938775512,3.5,116666666.66666669,145500000.0,27.5,3609.1666666666665,1
46,1,0,0,1,0,0,0,0,0,0,0,0,0,0,0,0,0,0,0,0,0,0,1,0,0,300000000,390000000.0,60,90000000.0,23.07692307692308,5.0,222222222.2222222,265972222.2222222,35.0,4013.777777777778,3
35,0,1,0,0,0,0,0,0,0,0,0,0,0,0,0,0,0,0,1,0,1,0,0,0,0,10000,13000.0,30,3000.0,23.07692307692308,1.0,100000000.0,130000000.0,30.0,3668.0,1
28,1,0,0,0,0,0,0,1,0,0,0,0,0,0,0,0,0,0,0,0,0,0,1,0,0,10000,11000.0,30,1000.0,9.090909090909092,3.5,200000000.0,237666666.66666663,32.5,3619.5,1
30,0,1,0,0,0,0,0,0,0,0,0,1,0,0,0,0,0,0,0,0,1,0,0,0,0,100000000,130000000.0,30,30000000.0,23.07692307692308,1.5,100000000.0,122500000.0,22.5,3610.0,1
30,1,0,0,0,0,0,0,0,0,0,0,0,0,0,1,0,0,0,0,0,0,0,1,0,0,100000000,130000000.0,30,30000000.0,23.07692307692308,1.5,100000000.0,130000000.0,30.0,3609.0,1
37,1,0,0,0,0,0,0,0,0,0,0,0,0,0,0,0,0,0,0,0,0,0,1,0,0,10000,13000.0,30,3000.0,23.07692307692308,1.0,100000000.0,130000000.0,30.0,3609.0,1
37,1,0,0,0,0,0,0,1,0,0,0,0,0,0,0,0,0,0,0,0,1,0,0,0,0,50000,52500.0,30,2500.0,4.761904761904762,8.0,306666666.6666667,346216666.6666667,29.0,3613.4,1
28,1,0,0,0,0,0,0,0,0,0,0,0,0,0,0,0,0,0,0,0,0,0,0,1,0,100000000,130000000.0,30,30000000.0,23.07692307692308,3.5,100000000.0,130000000.0,30.0,3612.8333333333335,1
30,0,1,0,0,0,0,0,0,0,0,0,0,0,0,0,0,0,0,1,0,0,0,0,1,0,100000000,130000000.0,30,30000000.0,23.07692307692308,1.0,100000000.0,130000000.0,30.0,3668.0,1
38,0,1,0,0,0,0,0,0,0,0,1,0,0,0,0,0,0,0,0,0,0,0,0,1,0,100000000,115000000.0,15,15000000.0,13.043478260869565,1.0,100000000.0,115000000.0,15.0,3609.0,0
31,1,0,0,0,0,0,0,1,0,0,0,0,0,0,0,0,0,0,0,0,1,0,0,0,0,200000000,245000000.0,30,45000000.0,18.367346938775512,3.0,120000000.0,139500000.0,18.0,3607.8,1
38,0,1,0,0,1,0,0,0,0,0,0,0,0,0,0,0,0,0,0,0,1,0,0,0,0,100000000,130000000.0,30,30000000.0,23.07692307692308,1.5,100000000.0,122500000.0,22.5,3611.0,1
39,0,1,0,0,0,0,0,0,0,0,0,0,0,0,0,0,0,0,1,0,1,0,0,0,0,10000,13000.0,30,3000.0,23.07692307692308,1.0,100000000.0,130000000.0,30.0,3668.0,1
40,0,1,0,0,0,0,0,0,0,0,0,0,0,0,0,0,0,0,0,1,0,0,0,0,0,300000000,345000000.0,30,45000000.0,13.043478260869565,3.5,183333333.3333333,227333333.3333333,35.0,3745.5,1
35,0,1,0,0,0,0,0,1,0,0,0,0,0,0,0,0,0,0,0,0,1,0,0,0,0,200000000,245000000.0,30,45000000.0,18.367346938775512,2.0,100000000.0,130000000.0,30.0,3608.6666666666665,1
34,0,1,0,0,0,0,0,1,0,0,0,0,0,0,0,0,0,0,0,0,1,0,0,0,0,10000,11500.0,15,1500.0,13.043478260869565,1.5,100000000.0,122500000.0,22.5,3637.0,0
40,0,1,1,0,0,0,0,0,0,0,0,0,0,0,0,0,0,0,0,1,0,0,0,0,0,300000000,345000000.0,30,45000000.0,13.043478260869565,4.0,171428571.42857143,201428571.42857143,23.571428571428573,3608.857142857143,1
42,1,0,0,0,0,0,0,1,0,0,0,0,0,0,0,0,0,0,0,0,1,0,0,0,0,40000,44000.0,30,4000.0,9.090909090909092,8.5,240625000.0,280406250.0,31.875,3697.4375,1
51,0,1,0,0,0,0,0,0,0,0,0,0,0,0,0,0,0,0,0,0,0,0,1,0,0,300000000,390000000.0,60,90000000.0,23.07692307692308,5.5,220000000.0,269500000.0,39.0,3614.5,3
41,0,1,0,0,0,0,0,0,0,0,0,1,0,0,0,0,0,0,0,0,1,0,0,0,0,100000000,130000000.0,30,30000000.0,23.07692307692308,1.0,100000000.0,130000000.0,30.0,3668.0,1
40,0,1,0,0,0,0,0,0,0,0,0,0,0,0,1,0,0,0,0,0,1,0,0,0,0,100000000,130000000.0,30,30000000.0,23.07692307692308,2.0,100000000.0,130000000.0,30.0,3610.0,1
36,1,0,0,0,0,0,0,1,0,0,0,0,0,0,0,0,0,0,0,0,1,0,0,0,0,250000000,287500000.0,30,37500000.0,13.043478260869565,6.5,200000000.0,238645833.3333333,33.75,3612.0,1
34,0,1,0,0,0,0,0,0,0,0,0,0,0,0,0,0,0,0,0,0,1,0,0,0,0,300000000,345000000.0,30,45000000.0,13.043478260869565,3.5,183333333.3333333,209000000.0,20.0,3616.8333333333335,1
31,0,1,0,0,0,0,0,1,0,0,0,0,0,0,0,0,0,0,0,0,1,0,0,0,0,100000000,115000000.0,15,15000000.0,13.043478260869565,1.5,100000000.0,115000000.0,15.0,3637.0,0
28,0,1,0,0,0,0,0,1,0,0,0,0,0,0,0,0,0,0,0,0,0,0,0,1,0,150000000,183750000.0,30,33750000.0,18.367346938775512,1.5,100000000.0,130000000.0,30.0,3609.5,1
46,0,1,0,0,0,0,1,0,0,0,0,0,0,0,0,0,0,0,0,1,0,0,0,0,0,400000000,440000000.0,30,40000000.0,9.090909090909092,5.5,195000000.0,220175000.0,19.5,3613.3,1
35,0,1,0,0,0,0,0,1,0,0,0,0,0,0,0,0,0,0,0,0,1,0,0,0,0,100000000,125000000.0,30,25000000.0,20.0,1.0,100000000.0,130000000.0,30.0,3668.0,1
32,0,1,0,1,0,0,0,0,0,0,0,0,0,0,0,0,0,0,0,0,1,0,0,0,0,100000000,130000000.0,30,30000000.0,23.07692307692308,1.5,100000000.0,130000000.0,30.0,3607.0,1
34,0,1,0,0,0,0,0,0,0,0,0,0,0,0,1,0,0,0,0,0,1,0,0,0,0,200000000,245000000.0,30,45000000.0,18.367346938775512,2.5,100000000.0,130000000.0,30.0,3611.5,1
38,0,1,0,0,0,0,0,0,0,0,0,0,0,0,1,0,0,0,0,1,0,0,0,0,0,100000000,130000000.0,30,30000000.0,23.07692307692308,1.0,100000000.0,130000000.0,30.0,3613.0,1
35,0,1,0,0,0,1,0,0,0,0,0,0,0,0,0,0,0,0,0,1,0,0,0,0,0,100000000,130000000.0,30,30000000.0,23.07692307692308,1.0,100000000.0,130000000.0,30.0,3614.0,1
39,0,1,0,0,0,0,0,0,0,0,0,1,0,0,0,0,0,0,0,0,1,0,0,0,0,40000,44000.0,30,4000.0,9.090909090909092,7.5,245714285.7142857,282321428.5714286,30.0,3614.928571428572,1
44,0,1,0,0,0,0,0,0,0,0,0,0,0,0,0,0,0,0,0,1,0,0,0,0,0,100000000,115000000.0,15,15000000.0,13.043478260869565,1.5,100000000.0,122500000.0,22.5,3613.5,0
28,1,0,0,0,0,0,0,0,0,0,0,0,0,0,0,0,0,0,0,0,0,0,0,1,0,200000000,245000000.0,30,45000000.0,18.367346938775512,2.5,100000000.0,126250000.0,26.25,3611.5,1
35,0,1,0,1,0,0,0,0,0,0,0,0,0,0,0,0,0,0,0,0,1,0,0,0,0,100000000,125000000.0,30,25000000.0,20.0,1.5,100000000.0,130000000.0,30.0,3637.5,1
37,0,1,1,0,0,0,0,0,0,0,0,0,0,0,0,0,0,0,0,0,1,0,0,0,0,100000000,130000000.0,30,30000000.0,23.07692307692308,1.0,100000000.0,130000000.0,30.0,3668.0,1
33,0,1,0,0,0,0,1,0,0,0,0,0,0,0,0,0,0,0,0,0,1,0,0,0,0,100000000,130000000.0,30,30000000.0,23.07692307692308,1.0,100000000.0,130000000.0,30.0,3667.0,1
37,1,0,0,0,0,0,0,1,0,0,0,0,0,0,0,0,0,0,0,0,0,0,1,0,0,100000000,115000000.0,15,15000000.0,13.043478260869565,1.5,100000000.0,115000000.0,15.0,3612.0,0
28,0,1,1,0,0,0,0,0,0,0,0,0,0,0,0,0,0,0,0,0,1,0,0,0,0,100000000,130000000.0,30,30000000.0,23.07692307692308,1.0,100000000.0,130000000.0,30.0,3669.0,1
28,0,1,0,0,0,0,1,0,0,0,0,0,0,0,0,0,0,0,0,0,1,0,0,0,0,100000000,115000000.0,15,15000000.0,13.043478260869565,2.0,100000000.0,115000000.0,15.0,3607.3333333333335,0
36,0,1,0,0,0,0,0,1,0,0,0,0,0,0,0,0,0,0,0,0,1,0,0,0,0,100000000,130000000.0,30,30000000.0,23.07692307692308,1.0,100000000.0,130000000.0,30.0,3672.0,1
41,1,0,0,0,0,0,0,0,0,0,0,0,0,0,1,0,0,0,0,0,0,0,1,0,0,400000000,440000000.0,30,40000000.0,9.090909090909092,7.5,285714285.71428573,318464285.71428573,22.5,3613.571428571429,1
45,0,1,0,0,0,0,0,1,0,0,0,0,0,0,0,0,0,0,0,1,0,0,0,0,0,100000000,115000000.0,15,15000000.0,13.043478260869565,1.0,100000000.0,115000000.0,15.0,3668.0,0
36,0,1,0,0,0,0,0,1,0,0,0,0,0,0,0,0,0,0,0,0,0,0,1,0,0,400000000,440000000.0,30,40000000.0,9.090909090909092,5.5,240000000.0,280550000.0,33.0,3609.8,1
34,0,1,0,0,0,0,0,0,0,0,0,1,0,0,0,0,0,0,0,0,1,0,0,0,0,100000000,115000000.0,15,15000000.0,13.043478260869565,1.0,100000000.0,115000000.0,15.0,3673.0,0
57,0,1,0,0,0,0,1,0,0,0,0,0,0,0,0,0,0,0,0,1,0,0,0,0,0,300000000,345000000.0,30,45000000.0,13.043478260869565,3.5,150000000.0,178833333.33333334,22.5,3617.5,1
39,0,1,0,0,0,0,0,0,0,0,0,0,0,0,0,0,0,0,0,1,0,0,0,0,0,10000,13000.0,30,3000.0,23.07692307692308,1.0,100000000.0,130000000.0,30.0,3609.0,1
31,1,0,0,0,0,0,0,1,0,0,0,0,0,0,0,0,0,0,0,0,0,0,0,1,0,400000000,480000000.0,60,80000000.0,16.666666666666664,6.0,195454545.45454547,230227272.72727272,32.72727272727273,3609.0,3
38,0,1,0,0,0,0,0,1,0,0,0,0,0,0,0,0,0,0,0,1,0,0,0,0,0,100000000,115000000.0,15,15000000.0,13.043478260869565,2.0,100000000.0,115000000.0,15.0,3607.0,0
28,0,1,0,0,0,0,0,1,0,0,0,0,0,0,0,0,0,0,0,0,1,0,0,0,0,40000,44000.0,30,4000.0,9.090909090909092,6.0,200000000.0,233181818.1818182,30.0,3619.818181818182,1
39,0,1,0,0,0,0,0,0,0,0,0,0,0,0,0,0,0,0,0,0,1,0,0,0,0,300000000,345000000.0,30,45000000.0,13.043478260869565,3.5,166666666.66666666,205500000.0,30.0,3609.3333333333335,1
47,0,1,0,0,0,0,0,1,0,0,0,0,0,0,0,0,0,0,0,0,1,0,0,0,0,100000000,130000000.0,30,30000000.0,23.07692307692308,1.0,100000000.0,130000000.0,30.0,3668.0,1
35,0,1,0,0,0,0,0,1,0,0,0,0,0,0,0,0,0,0,0,0,1,0,0,0,0,20000,22250.0,15,2250.0,10.112359550561797,2.5,125000000.0,151250000.0,22.5,3621.25,0
37,0,1,0,0,0,0,0,1,0,0,0,0,0,0,0,0,0,0,0,0,1,0,0,0,0,100000000,130000000.0,30,30000000.0,23.07692307692308,1.5,100000000.0,112500000.0,15.0,3614.5,1
35,1,0,0,0,0,0,1,0,0,0,0,0,0,0,0,0,0,0,0,0,0,0,1,0,0,500000000,525000000.0,30,25000000.0,4.761904761904762,11.0,276190476.1904762,305047619.04761904,21.428571428571427,4119.333333333333,1
35,0,1,0,0,0,0,0,0,0,0,0,0,0,0,1,0,0,0,0,0,1,0,0,0,0,30000,34500.0,30,4500.0,13.043478260869565,2.5,150000000.0,174375000.0,18.75,3607.25,1
39,0,1,0,0,0,0,0,1,0,0,0,0,0,0,0,0,0,0,0,1,0,0,0,0,0,100000000,115000000.0,15,15000000.0,13.043478260869565,1.0,100000000.0,115000000.0,15.0,3616.0,0
30,0,1,0,0,0,0,1,0,0,0,0,0,0,0,0,0,0,0,0,1,0,0,0,0,0,100000000,130000000.0,30,30000000.0,23.07692307692308,2.0,100000000.0,130000000.0,30.0,3628.6666666666665,1
32,0,1,0,0,0,0,0,0,0,0,0,0,0,0,0,0,0,0,1,0,1,0,0,0,0,20000,24500.0,30,4500.0,18.367346938775512,2.5,125000000.0,155000000.0,26.25,3608.0,1
33,0,1,0,0,0,0,0,0,0,0,0,0,0,0,1,0,0,0,0,0,1,0,0,0,0,200000000,222500000.0,15,22500000.0,10.112359550561797,2.5,125000000.0,151250000.0,22.5,3630.5,0
39,1,0,0,0,0,0,0,0,0,0,0,0,0,0,0,0,0,0,0,0,0,0,1,0,0,100000000,111250000.0,15,11250000.0,10.112359550561797,3.0,120000000.0,142500000.0,21.0,3609.2,0
27,0,1,1,0,0,0,0,0,0,0,0,0,0,0,0,0,0,0,0,0,1,0,0,0,0,100000000,130000000.0,30,30000000.0,23.07692307692308,3.5,100000000.0,130000000.0,30.0,3612.3333333333335,1
29,1,0,0,0,0,0,1,0,0,0,0,0,0,0,0,0,0,0,0,0,1,0,0,0,0,400000000,440000000.0,30,40000000.0,9.090909090909092,6.0,254545454.54545453,289363636.3636364,25.90909090909091,3612.363636363637,1
36,0,1,0,0,0,0,0,1,0,0,0,0,0,0,0,0,0,0,0,1,0,0,0,0,0,100000000,115000000.0,15,15000000.0,13.043478260869565,1.0,100000000.0,115000000.0,15.0,3668.0,0
42,0,1,0,0,0,0,1,0,0,0,0,0,0,0,0,0,0,0,0,0,1,0,0,0,0,200000000,245000000.0,30,45000000.0,18.367346938775512,3.0,140000000.0,170000000.0,24.0,3631.4,1
32,1,0,0,0,0,0,1,0,0,0,0,0,0,0,0,0,0,0,0,0,1,0,0,0,0,200000000,245000000.0,30,45000000.0,18.367346938775512,4.5,150000000.0,174937500.0,20.625,3610.25,1
48,0,1,0,0,0,1,0,0,0,0,0,0,0,0,0,0,0,0,0,0,1,0,0,0,0,100000000,115000000.0,15,15000000.0,13.043478260869565,3.5,100000000.0,130000000.0,30.0,3618.1666666666665,0
30,0,1,0,1,0,0,0,0,0,0,0,0,0,0,0,0,0,0,0,0,1,0,0,0,0,30000,34500.0,30,4500.0,13.043478260869565,3.5,133333333.33333331,149416666.66666666,17.5,3607.1666666666665,1
31,1,0,0,0,0,0,0,1,0,0,0,0,0,0,0,0,0,0,0,0,1,0,0,0,0,400000000,480000000.0,60,80000000.0,16.666666666666664,6.0,209090909.0909091,245431818.1818182,30.0,3609.181818181818,3
33,0,1,0,0,0,0,1,0,0,0,0,0,0,0,0,0,0,0,0,1,0,0,0,0,0,10000,11500.0,15,1500.0,13.043478260869565,2.5,100000000.0,115000000.0,15.0,3609.75,0
33,0,1,0,0,0,0,0,0,0,0,0,0,0,0,1,0,0,0,0,0,1,0,0,0,0,100000000,115000000.0,15,15000000.0,13.043478260869565,1.0,100000000.0,130000000.0,30.0,3668.0,0
36,0,1,0,0,0,0,0,1,0,0,0,0,0,0,0,0,0,0,0,0,1,0,0,0,0,100000000,115000000.0,15,15000000.0,13.043478260869565,1.0,100000000.0,130000000.0,30.0,3668.0,0
41,0,1,0,0,0,0,0,1,0,0,0,0,0,0,0,0,0,0,0,1,0,0,0,0,0,100000000,130000000.0,30,30000000.0,23.07692307692308,1.0,100000000.0,130000000.0,30.0,3624.0,1
37,0,1,0,0,0,0,0,0,0,0,0,0,0,0,0,0,0,0,0,0,1,0,0,0,0,100000000,130000000.0,30,30000000.0,23.07692307692308,1.5,100000000.0,122500000.0,22.5,3615.0,1
32,0,1,0,0,1,0,0,0,0,0,0,0,0,0,0,0,0,0,0,1,0,0,0,0,0,10000,11500.0,15,1500.0,13.043478260869565,1.0,100000000.0,115000000.0,15.0,3668.0,0
35,0,1,0,0,0,0,1,0,0,0,0,0,0,0,0,0,0,0,0,0,1,0,0,0,0,100000000,115000000.0,15,15000000.0,13.043478260869565,2.0,100000000.0,115000000.0,15.0,3610.0,0
41,0,0,0,0,0,1,0,0,0,0,0,0,0,0,0,0,0,0,0,0,1,0,0,0,0,400000000,440000000.0,30,40000000.0,9.090909090909092,6.5,250000000.0,282166666.6666667,25.0,3608.0833333333335,1
39,0,1,0,0,0,0,0,1,0,0,0,0,0,0,0,0,0,0,0,0,1,0,0,0,0,30000,34500.0,30,4500.0,13.043478260869565,4.5,187500000.0,211937500.0,18.75,3615.75,1
58,0,1,0,0,0,0,0,0,0,0,0,0,0,0,0,0,0,0,1,1,0,0,0,0,0,100000000,115000000.0,15,15000000.0,13.043478260869565,1.0,100000000.0,115000000.0,15.0,3671.0,0
37,0,1,0,0,0,0,1,0,0,0,0,0,0,0,0,0,0,0,0,1,0,0,0,0,0,100000000,115000000.0,15,15000000.0,13.043478260869565,1.0,100000000.0,115000000.0,15.0,3641.0,0
36,0,1,0,0,0,0,0,1,0,0,0,0,0,0,0,0,0,0,0,0,1,0,0,0,0,100000000,115000000.0,15,15000000.0,13.043478260869565,1.5,100000000.0,122500000.0,22.5,3609.0,0
42,1,0,0,0,0,0,0,0,0,0,0,0,0,0,0,0,0,0,1,0,1,0,0,0,0,40000,48000.0,60,8000.0,16.666666666666664,6.0,227272727.27272728,277727272.72727275,40.90909090909091,3611.090909090909,3
56,0,1,0,1,0,0,0,0,0,0,0,0,0,0,0,0,0,0,0,1,0,0,0,0,0,200000000,245000000.0,30,45000000.0,18.367346938775512,2.5,125000000.0,151250000.0,22.5,3608.0,1
31,0,1,0,0,0,0,0,1,0,0,0,0,0,0,0,0,0,0,0,0,1,0,0,0,0,100000000,130000000.0,30,30000000.0,23.07692307692308,1.0,100000000.0,115000000.0,15.0,3609.0,1
39,0,1,0,0,0,0,0,0,0,0,0,0,0,0,0,0,0,0,0,1,0,0,0,0,0,100000000,115000000.0,15,15000000.0,13.043478260869565,1.0,100000000.0,115000000.0,15.0,3668.0,0
28,1,0,0,0,0,0,0,1,0,0,0,0,0,0,0,0,0,0,0,0,0,0,0,1,0,100000000,115000000.0,15,15000000.0,13.043478260869565,1.5,100000000.0,130000000.0,30.0,3610.0,0
42,0,1,0,0,0,0,0,1,0,0,0,0,0,0,0,0,0,0,0,0,1,0,0,0,0,300000000,345000000.0,30,45000000.0,13.043478260869565,3.5,150000000.0,176250000.0,20.0,3608.6666666666665,1
40,0,1,0,0,0,0,0,1,0,0,0,0,0,0,0,0,0,0,0,0,1,0,0,0,0,10000,13000.0,30,3000.0,23.07692307692308,2.0,100000000.0,125000000.0,25.0,3609.0,1
43,0,1,0,0,0,0,0,1,0,0,0,0,0,0,0,0,0,0,0,1,0,0,0,0,0,200000000,222500000.0,15,22500000.0,10.112359550561797,2.0,100000000.0,115000000.0,15.0,3609.3333333333335,0
28,0,1,0,0,0,0,0,0,0,0,0,0,0,0,0,0,0,0,1,0,1,0,0,0,0,100000000,130000000.0,30,30000000.0,23.07692307692308,1.0,100000000.0,130000000.0,30.0,3669.0,1
37,0,1,0,0,0,0,0,1,0,0,0,0,0,0,0,0,0,0,0,0,1,0,0,0,0,100000000,130000000.0,30,30000000.0,23.07692307692308,1.5,100000000.0,122500000.0,22.5,3609.0,1
27,0,1,0,0,0,0,0,1,0,0,0,0,0,0,0,0,0,0,0,0,0,0,0,1,0,200000000,222500000.0,15,22500000.0,10.112359550561797,2.5,125000000.0,145625000.0,18.75,3639.0,0
36,0,1,0,0,0,0,0,0,0,0,0,0,0,0,0,0,0,0,0,1,0,0,0,0,0,100000000,115000000.0,15,15000000.0,13.043478260869565,1.0,100000000.0,115000000.0,15.0,3608.0,0
31,1,0,0,0,0,1,0,0,0,0,0,0,0,0,0,0,0,0,0,0,0,0,0,1,0,200000000,245000000.0,30,45000000.0,18.367346938775512,4.0,100000000.0,125714285.71428572,25.714285714285715,3610.428571428572,1
42,0,1,0,0,0,0,0,0,0,0,0,0,0,0,0,0,0,0,1,0,1,0,0,0,0,200000000,245000000.0,30,45000000.0,18.367346938775512,2.5,125000000.0,158750000.0,30.0,3608.25,1
30,0,1,0,1,0,0,0,0,0,0,0,0,0,0,0,0,0,0,0,1,0,0,0,0,0,10000,11500.0,15,1500.0,13.043478260869565,1.0,100000000.0,115000000.0,15.0,3615.0,0
30,0,1,0,0,0,0,0,0,0,0,0,0,0,0,1,0,0,0,0,0,1,0,0,0,0,20000,22250.0,15,2250.0,10.112359550561797,4.0,128571428.57142857,148928571.42857143,17.142857142857142,3608.571428571429,0
30,0,1,0,0,0,0,0,0,0,0,1,0,0,0,0,0,0,0,0,0,1,0,0,0,0,100000000,115000000.0,15,15000000.0,13.043478260869565,1.0,100000000.0,115000000.0,15.0,3608.0,0
44,0,1,0,0,0,0,0,1,0,0,0,0,0,0,0,0,0,0,0,0,1,0,0,0,0,20000,24500.0,30,4500.0,18.367346938775512,2.5,125000000.0,158750000.0,30.0,3608.5,1
31,0,1,0,0,0,0,0,0,0,0,0,0,0,0,0,0,0,0,1,0,0,0,0,1,0,100000000,115000000.0,15,15000000.0,13.043478260869565,1.0,100000000.0,130000000.0,30.0,3609.0,0
36,1,0,0,0,0,0,0,1,0,0,0,0,0,0,0,0,0,0,0,0,0,0,1,0,0,100000000,115000000.0,15,15000000.0,13.043478260869565,6.0,109090909.0909091,126818181.8181818,16.363636363636363,3614.090909090909,0
31,0,1,0,0,0,0,0,1,0,0,0,0,0,0,0,0,0,0,0,1,0,0,0,0,0,100000000,115000000.0,15,15000000.0,13.043478260869565,1.5,100000000.0,115000000.0,15.0,3607.0,0
37,0,1,0,0,0,0,0,1,0,0,0,0,0,0,0,0,0,0,0,0,1,0,0,0,0,200000000,245000000.0,30,45000000.0,18.367346938775512,2.0,100000000.0,130000000.0,30.0,3608.0,1
36,0,1,0,0,0,0,1,0,0,0,0,0,0,0,0,0,0,0,0,0,1,0,0,0,0,300000000,345000000.0,30,45000000.0,13.043478260869565,5.0,133333333.33333331,154319444.44444445,21.666666666666668,3610.777777777778,1
36,0,1,0,0,0,0,0,0,0,0,0,0,0,0,0,0,0,0,0,0,1,0,0,0,0,100000000,130000000.0,30,30000000.0,23.07692307692308,5.0,100000000.0,126666666.66666669,26.666666666666668,5207.111111111111,4
27,1,0,1,0,0,0,0,0,0,0,0,0,0,0,0,0,0,0,0,0,1,0,0,0,0,300000000,345000000.0,30,45000000.0,13.043478260869565,4.0,171428571.42857143,203142857.14285716,25.714285714285715,3607.0,1
39,0,1,0,0,0,0,0,1,0,0,0,0,0,0,0,0,0,0,0,0,1,0,0,0,0,10000,11500.0,15,1500.0,13.043478260869565,3.0,100000000.0,124000000.0,27.0,4888.2,4
34,1,0,0,0,0,0,0,1,0,0,0,0,0,0,0,0,0,0,0,0,1,0,0,0,0,30000,34500.0,30,4500.0,13.043478260869565,6.0,163636363.63636363,195136363.63636363,25.90909090909091,3613.636363636364,1
42,0,1,0,0,0,0,1,0,0,0,0,0,0,0,0,0,0,0,0,0,1,0,0,0,0,400000000,440000000.0,30,40000000.0,9.090909090909092,6.5,183333333.3333333,211416666.66666663,22.5,3609.3333333333335,1
35,0,1,0,0,0,0,0,0,0,0,0,0,0,0,1,0,0,0,0,0,1,0,0,0,0,100000000,130000000.0,30,30000000.0,23.07692307692308,1.0,100000000.0,130000000.0,30.0,3668.0,1
36,0,1,0,0,0,0,0,1,0,0,0,0,0,0,0,0,0,0,0,1,0,0,0,0,0,100000000,130000000.0,30,30000000.0,23.07692307692308,1.0,100000000.0,130000000.0,30.0,3669.0,1
31,0,1,0,0,0,0,0,0,0,0,0,0,0,0,1,0,0,0,0,1,0,0,0,0,0,30000,34500.0,30,4500.0,13.043478260869565,2.0,133333333.33333331,166666666.66666666,30.0,3609.3333333333335,1
33,0,1,0,0,0,0,1,0,0,0,0,0,0,0,0,0,0,0,0,0,1,0,0,0,0,10000,11500.0,15,1500.0,13.043478260869565,1.5,100000000.0,115000000.0,15.0,3609.5,0
30,1,0,0,0,0,0,0,1,0,0,0,0,0,0,0,0,0,0,0,0,1,0,0,0,0,50000,52500.0,30,2500.0,4.761904761904762,6.0,263636363.63636363,311431818.1818182,38.18181818181818,3615.727272727273,1
33,1,0,0,0,0,0,0,0,0,0,0,0,0,0,0,0,0,0,0,0,1,0,0,0,0,300000000,345000000.0,30,45000000.0,13.043478260869565,4.5,168750000.0,197734375.0,24.375,3610.0,1
38,0,1,0,0,0,0,0,0,0,0,0,0,0,0,0,0,0,0,0,0,1,0,0,0,0,200000000,245000000.0,30,45000000.0,18.367346938775512,2.0,100000000.0,125000000.0,25.0,3606.6666666666665,1
35,0,1,0,0,0,0,0,0,0,0,0,0,0,0,0,0,0,0,0,1,0,0,0,0,0,100000000,130000000.0,30,30000000.0,23.07692307692308,1.5,100000000.0,130000000.0,30.0,3611.5,1
34,0,1,0,0,0,0,0,0,0,0,0,0,0,0,1,0,0,0,0,0,1,0,0,0,0,200000000,245000000.0,30,45000000.0,18.367346938775512,2.5,125000000.0,158750000.0,30.0,3621.75,1
40,0,1,0,0,1,0,0,0,0,0,0,0,0,0,0,0,0,0,0,0,1,0,0,0,0,300000000,345000000.0,30,45000000.0,13.043478260869565,3.5,166666666.66666666,200916666.66666663,30.0,3607.1666666666665,1
33,0,1,0,0,0,0,0,0,0,0,1,0,0,0,0,0,0,0,0,0,1,0,0,0,0,10000,11500.0,15,1500.0,13.043478260869565,1.0,100000000.0,115000000.0,15.0,3669.0,0
31,0,1,1,0,0,0,0,0,0,0,0,0,0,0,0,0,0,0,0,0,1,0,0,0,0,10000,13000.0,30,3000.0,23.07692307692308,1.0,100000000.0,130000000.0,30.0,3668.0,1
33,0,1,0,0,0,0,0,0,0,0,1,0,0,0,0,0,0,0,0,0,1,0,0,0,0,200000000,215000000.0,15,15000000.0,6.976744186046512,3.5,150000000.0,166875000.0,15.0,3607.8333333333335,0
29,0,1,0,0,0,0,0,1,0,0,0,0,0,0,0,0,0,0,0,0,0,0,0,1,0,100000000,130000000.0,30,30000000.0,23.07692307692308,1.0,100000000.0,115000000.0,15.0,3669.0,1
30,0,1,0,0,0,0,0,0,0,0,0,0,0,0,0,0,0,0,0,0,1,0,0,0,0,10000,11500.0,15,1500.0,13.043478260869565,2.5,100000000.0,115000000.0,15.0,3622.75,0
32,0,1,0,0,0,0,0,1,0,0,0,0,0,0,0,0,0,0,0,0,1,0,0,0,0,100000000,130000000.0,30,30000000.0,23.07692307692308,1.5,100000000.0,122500000.0,22.5,3610.0,1
45,0,1,1,0,0,0,0,0,0,0,0,0,0,0,0,0,0,0,0,0,0,0,1,0,0,400000000,440000000.0,30,40000000.0,9.090909090909092,5.0,211111111.1111111,246000000.0,26.666666666666668,3625.555555555556,1
42,0,1,0,0,0,0,0,1,0,0,0,0,0,0,0,0,0,0,0,0,1,0,0,0,0,100000000,130000000.0,30,30000000.0,23.07692307692308,1.5,100000000.0,130000000.0,30.0,3607.5,1
32,1,0,0,0,0,0,0,0,0,0,0,0,0,0,1,0,0,0,0,0,0,0,1,0,0,20000,22250.0,15,2250.0,10.112359550561797,2.5,100000000.0,130000000.0,30.0,3613.0,0
42,1,0,1,0,0,0,0,0,0,0,0,0,0,0,0,0,0,0,0,0,1,0,0,0,0,400000000,480000000.0,60,80000000.0,16.666666666666664,5.0,211111111.1111111,248222222.2222222,30.0,3609.777777777778,3
42,0,1,0,0,0,0,0,1,0,0,0,0,0,0,0,0,0,0,0,1,0,0,0,0,0,100000000,115000000.0,15,15000000.0,13.043478260869565,1.0,100000000.0,115000000.0,15.0,3613.0,0
34,1,0,0,0,0,0,0,1,0,0,0,0,0,0,0,0,0,0,0,0,1,0,0,0,0,50000,57500.0,90,7500.0,13.043478260869565,6.5,300000000.0,351000000.0,43.75,3614.3333333333335,2
38,1,0,0,0,0,0,0,1,0,0,0,0,0,0,0,0,0,0,0,0,1,0,0,0,0,400000000,440000000.0,30,40000000.0,9.090909090909092,6.0,240909090.9090909,279954545.45454544,32.72727272727273,7449.090909090909,5
34,0,1,0,0,0,0,0,1,0,0,0,0,0,0,0,0,0,0,0,0,1,0,0,0,0,100000000,130000000.0,30,30000000.0,23.07692307692308,1.5,100000000.0,130000000.0,30.0,3611.0,1
45,0,1,0,0,0,0,0,0,0,0,0,0,0,0,0,0,0,0,0,0,0,0,1,0,0,500000000,525000000.0,30,25000000.0,4.761904761904762,5.5,290000000.0,338050000.0,40.5,7218.0,5
41,1,0,1,0,0,0,0,0,0,0,0,0,0,0,0,0,0,0,0,0,1,0,0,0,0,300000000,345000000.0,30,45000000.0,13.043478260869565,4.5,187500000.0,213812500.0,20.625,3611.0,1
27,0,1,1,0,0,0,0,0,0,0,0,0,0,0,0,0,0,0,0,0,0,0,0,1,0,400000000,480000000.0,60,80000000.0,16.666666666666664,5.0,183333333.3333333,224944444.44444445,40.0,3610.1111111111113,3
43,0,1,0,0,0,0,0,1,0,0,0,0,0,0,0,0,0,0,0,0,1,0,0,0,0,100000000,130000000.0,30,30000000.0,23.07692307692308,2.5,112500000.0,135875000.0,22.5,4322.75,4
29,0,1,0,0,0,1,0,0,0,0,0,0,0,0,0,0,0,0,0,0,1,0,0,0,0,100000000,130000000.0,30,30000000.0,23.07692307692308,1.5,100000000.0,122500000.0,22.5,3637.0,1
44,0,1,0,0,0,0,0,1,0,0,0,0,0,0,0,0,0,0,0,1,0,0,0,0,0,100000000,130000000.0,30,30000000.0,23.07692307692308,1.0,100000000.0,115000000.0,15.0,3669.0,1
36,0,1,0,0,0,1,0,0,0,0,0,0,0,0,0,0,0,0,0,0,1,0,0,0,0,100000000,130000000.0,30,30000000.0,23.07692307692308,1.0,100000000.0,130000000.0,30.0,3608.0,1
37,0,1,0,0,0,0,0,0,0,0,0,0,0,0,0,0,0,0,0,0,0,0,1,0,0,150000000,183750000.0,30,33750000.0,18.367346938775512,3.5,183333333.3333333,218666666.66666663,30.0,3609.1666666666665,1
35,1,0,0,0,0,0,0,1,0,0,0,0,0,0,0,0,0,0,0,0,0,0,1,0,0,400000000,480000000.0,60,80000000.0,16.666666666666664,7.5,207142857.14285716,240857142.85714287,26.785714285714285,3609.214285714286,3
36,0,1,0,0,0,0,1,0,0,0,0,0,0,0,0,0,0,0,0,0,1,0,0,0,0,100000000,130000000.0,30,30000000.0,23.07692307692308,1.0,100000000.0,130000000.0,30.0,3667.0,1
41,0,1,0,0,0,0,1,0,0,0,0,0,0,0,0,0,0,0,0,0,1,0,0,0,0,10000,13000.0,30,3000.0,23.07692307692308,2.0,100000000.0,120000000.0,20.0,3628.3333333333335,1
34,0,1,0,0,1,0,0,0,0,0,0,0,0,0,0,0,0,0,0,0,1,0,0,0,0,100000000,130000000.0,30,30000000.0,23.07692307692308,1.0,100000000.0,130000000.0,30.0,3668.0,1
43,0,1,0,0,0,0,0,0,0,0,0,0,0,0,0,0,0,0,1,1,0,0,0,0,0,200000000,222500000.0,15,22500000.0,10.112359550561797,2.0,100000000.0,115000000.0,15.0,3626.6666666666665,0
45,0,1,0,0,0,0,1,0,0,0,0,0,0,0,0,0,0,0,0,1,0,0,0,0,0,100000000,130000000.0,30,30000000.0,23.07692307692308,1.5,100000000.0,130000000.0,30.0,3610.0,1
37,1,0,0,0,0,0,0,1,0,0,0,0,0,0,0,0,0,0,0,0,1,0,0,0,0,500000000,525000000.0,30,25000000.0,4.761904761904762,5.0,300000000.0,351222222.2222222,43.333333333333336,3616.777777777778,1
36,1,0,0,0,0,0,1,0,0,0,0,0,0,0,0,0,0,0,0,0,1,0,0,0,0,100000000,115000000.0,15,15000000.0,13.043478260869565,1.0,100000000.0,115000000.0,15.0,3668.0,0
40,0,1,0,0,0,0,0,1,0,0,0,0,0,0,0,0,0,0,0,1,0,0,0,0,0,300000000,345000000.0,30,45000000.0,13.043478260869565,5.0,200000000.0,230444444.44444445,23.33333333333333,3613.6666666666665,1
37,0,1,0,0,0,0,0,0,0,0,0,0,0,0,1,0,0,0,0,1,0,0,0,0,0,200000000,245000000.0,30,45000000.0,18.367346938775512,2.0,100000000.0,125000000.0,25.0,4368.0,4
54,0,1,0,0,0,0,0,0,0,0,0,0,0,0,0,0,0,0,1,0,1,0,0,0,0,10000,11500.0,15,1500.0,13.043478260869565,1.0,100000000.0,115000000.0,15.0,3669.0,0
41,0,1,0,0,0,0,0,0,0,0,0,0,0,0,1,0,0,0,0,0,1,0,0,0,0,100000000,130000000.0,30,30000000.0,23.07692307692308,1.5,100000000.0,130000000.0,30.0,3609.0,1
37,1,0,0,0,0,0,0,0,0,0,0,0,0,0,0,0,0,0,1,0,0,0,1,0,0,200000000,245000000.0,30,45000000.0,18.367346938775512,3.5,116666666.66666669,144166666.66666666,25.0,3612.0,1
48,0,1,0,0,0,0,0,0,0,0,0,0,0,0,1,0,0,0,0,1,0,0,0,0,0,300000000,345000000.0,30,45000000.0,13.043478260869565,4.0,171428571.42857143,208000000.0,30.0,3609.142857142857,1
46,1,0,0,0,0,0,0,0,0,0,0,0,0,0,0,0,0,0,0,0,1,0,0,0,0,100000000,130000000.0,30,30000000.0,23.07692307692308,1.5,100000000.0,130000000.0,30.0,3610.0,1
38,0,1,1,0,0,0,0,0,0,0,0,0,0,0,0,0,0,0,0,0,1,0,0,0,0,20000,24500.0,30,4500.0,18.367346938775512,2.0,96666666.66666669,125666666.66666669,30.0,3610.6666666666665,1
37,0,0,0,0,1,0,0,0,0,0,0,0,0,0,0,0,0,0,0,0,1,0,0,0,0,10000,13000.0,30,3000.0,23.07692307692308,1.0,100000000.0,130000000.0,30.0,3668.0,1
40,0,1,0,0,0,0,0,1,0,0,0,0,0,0,0,0,0,0,0,1,0,0,0,0,0,10000,13000.0,30,3000.0,23.07692307692308,1.5,100000000.0,130000000.0,30.0,3637.5,1
38,0,1,0,0,0,0,0,1,0,0,0,0,0,0,0,0,0,0,0,0,1,0,0,0,0,15000,16687.5,15,1687.5,10.112359550561797,3.5,100000000.0,115000000.0,15.0,3620.3333333333335,0
41,0,0,0,0,0,0,1,0,0,0,0,0,0,0,0,0,0,0,0,0,1,0,0,0,0,20000,24500.0,30,4500.0,18.367346938775512,3.5,133333333.33333331,164583333.33333334,27.5,3608.6666666666665,1
50,0,1,1,0,0,0,0,0,0,0,0,0,0,0,0,0,0,0,0,0,1,0,0,0,0,100000000,130000000.0,30,30000000.0,23.07692307692308,1.5,100000000.0,130000000.0,30.0,3638.5,1
36,0,1,0,0,0,0,1,0,0,0,0,0,0,0,0,0,0,0,0,0,1,0,0,0,0,300000000,345000000.0,30,45000000.0,13.043478260869565,4.0,185714285.7142857,218000000.0,25.714285714285715,3609.285714285714,1
38,0,1,0,0,1,0,0,0,0,0,0,0,0,0,0,0,0,0,0,0,0,0,1,0,0,400000000,480000000.0,60,80000000.0,16.666666666666664,6.0,240909090.9090909,290590909.09090906,40.90909090909091,3610.727272727273,3
44,0,1,0,0,0,0,0,0,0,0,0,0,0,0,1,0,0,0,0,1,0,0,0,0,0,20000,22250.0,15,2250.0,10.112359550561797,3.0,100000000.0,118000000.0,18.0,3609.0,0
36,0,1,0,0,0,0,0,1,0,0,0,0,0,0,0,0,0,0,0,0,1,0,0,0,0,100000000,130000000.0,30,30000000.0,23.07692307692308,1.0,100000000.0,130000000.0,30.0,3613.0,1
36,0,1,0,0,0,0,0,1,0,0,0,0,0,0,0,0,0,0,0,0,1,0,0,0,0,100000000,115000000.0,15,15000000.0,13.043478260869565,1.5,100000000.0,115000000.0,15.0,3643.5,0
43,0,1,0,0,0,0,0,1,0,0,0,0,0,0,0,0,0,0,0,0,1,0,0,0,0,10000,13000.0,30,3000.0,23.07692307692308,1.5,100000000.0,130000000.0,30.0,3637.5,1
54,0,1,0,0,0,0,1,0,0,0,0,0,0,0,0,0,0,0,0,0,1,0,0,0,0,10000,13000.0,30,3000.0,23.07692307692308,1.0,100000000.0,130000000.0,30.0,3669.0,1
45,1,0,0,0,0,0,1,0,0,0,0,0,0,0,0,0,0,0,0,0,0,0,1,0,0,100000000,130000000.0,30,30000000.0,23.07692307692308,3.5,100000000.0,130000000.0,30.0,3610.6666666666665,1
42,0,1,0,0,0,0,0,0,0,0,0,0,0,0,0,0,0,0,0,0,1,0,0,0,0,100000000,130000000.0,30,30000000.0,23.07692307692308,1.5,100000000.0,130000000.0,30.0,3637.0,1
41,0,1,0,0,0,0,0,0,0,0,0,1,0,0,0,0,0,0,0,0,1,0,0,0,0,300000000,345000000.0,30,45000000.0,13.043478260869565,4.5,212500000.0,242500000.0,22.5,3609.25,1
30,1,0,0,0,0,0,0,1,0,0,0,0,0,0,0,0,0,0,0,0,1,0,0,0,0,400000000,480000000.0,60,80000000.0,16.666666666666664,4.5,225000000.0,272750000.0,39.375,3613.75,3
36,0,1,0,0,0,0,1,0,0,0,0,0,0,0,0,0,0,0,0,0,1,0,0,0,0,300000000,345000000.0,30,45000000.0,13.043478260869565,4.0,171428571.42857143,193928571.42857143,17.142857142857142,3611.285714285714,1
33,1,0,0,0,0,0,0,1,0,0,0,0,0,0,0,0,0,0,0,0,0,0,1,0,0,400000000,440000000.0,30,40000000.0,9.090909090909092,8.5,281250000.0,314750000.0,23.4375,4487.75,4
28,0,1,0,0,0,0,0,1,0,0,0,0,0,0,0,0,0,0,0,0,1,0,0,0,0,300000000,390000000.0,60,90000000.0,23.07692307692308,3.5,133333333.33333331,165916666.66666666,30.0,3618.1666666666665,3
37,1,0,0,0,0,0,1,0,0,0,0,0,0,0,0,0,0,0,0,0,0,0,1,0,0,30000,34500.0,30,4500.0,13.043478260869565,4.0,200000000.0,236857000.0,27.857142857142858,3608.285714285714,1
35,0,1,0,0,0,0,0,0,0,0,0,0,0,0,0,0,0,0,1,1,0,0,0,0,0,100000000,130000000.0,30,30000000.0,23.07692307692308,1.0,100000000.0,130000000.0,30.0,3668.0,1
32,1,0,1,0,0,0,0,0,0,0,0,0,0,0,0,0,0,0,0,0,1,0,0,0,0,10000,13000.0,30,3000.0,23.07692307692308,3.5,100000000.0,122500000.0,22.5,3619.1666666666665,1
38,0,1,0,0,0,0,0,0,0,0,0,0,0,0,0,0,0,0,1,0,1,0,0,0,0,10000,13000.0,30,3000.0,23.07692307692308,1.0,100000000.0,130000000.0,30.0,3668.0,1
39,0,1,0,0,0,0,1,0,0,0,0,0,0,0,0,0,0,0,0,0,0,0,1,0,0,400000000,440000000.0,30,40000000.0,9.090909090909092,6.5,283333333.3333333,325916666.6666667,30.0,3610.3333333333335,1
31,0,1,0,0,0,0,0,0,0,0,0,0,0,0,0,0,0,0,0,0,1,0,0,0,0,100000000,130000000.0,30,30000000.0,23.07692307692308,1.0,100000000.0,130000000.0,30.0,3613.0,1
41,0,1,0,0,0,0,0,1,0,0,0,0,0,0,0,0,0,0,0,1,0,0,0,0,0,30000,34500.0,30,4500.0,13.043478260869565,3.0,160000000.0,189100000.0,24.0,3620.2,1
40,0,1,0,0,0,0,0,1,0,0,0,0,0,0,0,0,0,0,0,0,1,0,0,0,0,100000000,130000000.0,30,30000000.0,23.07692307692308,1.5,100000000.0,130000000.0,30.0,3611.0,1
37,1,0,0,0,0,0,0,1,0,0,0,0,0,0,0,0,0,0,0,0,0,0,1,0,0,40000,44000.0,30,4000.0,9.090909090909092,6.0,263636363.63636363,303000000.0,28.63636363636364,3616.636363636364,1
39,0,1,0,0,0,0,0,1,0,0,0,0,0,0,0,0,0,0,0,1,0,0,0,0,0,100000000,115000000.0,15,15000000.0,13.043478260869565,1.5,100000000.0,122500000.0,22.5,3637.0,0
27,0,1,0,0,0,0,0,1,0,0,0,0,0,0,0,0,0,0,0,0,0,0,1,0,0,200000000,245000000.0,30,45000000.0,18.367346938775512,4.0,164285714.2857143,195535714.2857143,25.714285714285715,3610.857142857143,1
35,0,1,0,0,0,0,0,1,0,0,0,0,0,0,0,0,0,0,0,0,1,0,0,0,0,10000,13000.0,30,3000.0,23.07692307692308,1.0,100000000.0,130000000.0,30.0,3668.0,1
30,0,1,0,0,0,0,0,1,0,0,0,0,0,0,0,0,0,0,0,0,0,0,1,0,0,200000000,245000000.0,30,45000000.0,18.367346938775512,2.0,133333333.33333331,166000000.0,30.0,3611.3333333333335,1
39,0,1,0,1,0,0,0,0,0,0,0,0,0,0,0,0,0,0,0,1,0,0,0,0,0,100000000,115000000.0,30,15000000.0,13.043478260869565,3.5,133333333.33333331,165916666.66666666,30.0,3609.8333333333335,1
32,0,1,0,1,0,0,0,0,0,0,0,0,0,0,0,0,0,0,0,0,1,0,0,0,0,100000000,115000000.0,15,15000000.0,13.043478260869565,2.0,100000000.0,125000000.0,25.0,3608.0,0
28,0,1,0,0,0,0,0,0,0,0,0,0,0,0,0,0,0,0,0,0,1,0,0,0,0,150000000,161250000.0,15,11250000.0,6.976744186046512,5.0,111111111.1111111,125833333.33333331,18.33333333333333,3614.1111111111113,0
45,0,1,0,0,0,0,0,1,0,0,0,0,0,0,0,0,0,0,0,0,1,0,0,0,0,10000,13000.0,30,3000.0,23.07692307692308,1.0,100000000.0,115000000.0,15.0,3608.0,1
35,0,1,0,0,0,0,0,0,0,0,1,0,0,0,0,0,0,0,0,0,1,0,0,0,0,30000,34500.0,30,4500.0,13.043478260869565,4.0,142857142.85714287,162142857.14285713,17.142857142857142,3607.142857142857,1
41,0,1,0,0,0,0,1,0,0,0,0,0,0,0,0,0,0,0,0,1,0,0,0,0,0,10000,13000.0,30,3000.0,23.07692307692308,1.0,100000000.0,130000000.0,30.0,3670.0,1
31,1,0,0,0,0,0,0,0,0,0,0,0,0,0,0,0,0,0,0,0,1,0,0,0,0,10000,13000.0,30,3000.0,23.07692307692308,2.5,100000000.0,118750000.0,18.75,3612.25,1
35,0,1,0,0,0,0,0,1,0,0,0,0,0,0,0,0,0,0,0,0,1,0,0,0,0,100000000,115000000.0,15,15000000.0,13.043478260869565,1.0,100000000.0,130000000.0,30.0,3673.0,0
53,0,1,0,0,0,1,0,0,0,0,0,0,0,0,0,0,0,0,0,0,0,0,1,0,0,30000,39000.0,60,9000.0,23.07692307692308,3.0,160000000.0,199000000.0,30.0,3610.2,3
35,0,1,0,0,0,0,0,0,0,0,0,0,0,0,1,0,0,0,0,0,1,0,0,0,0,100000000,130000000.0,30,30000000.0,23.07692307692308,1.0,100000000.0,130000000.0,30.0,3618.0,1
44,0,0,0,0,0,0,0,1,0,0,0,0,0,0,0,0,0,0,0,0,1,0,0,0,0,100000000,130000000.0,30,30000000.0,23.07692307692308,1.0,100000000.0,130000000.0,30.0,3612.0,1
30,0,1,0,1,0,0,0,0,0,0,0,0,0,0,0,0,0,0,0,0,1,0,0,0,0,100000000,115000000.0,15,15000000.0,13.043478260869565,3.0,100000000.0,115000000.0,15.0,3609.6,0
57,1,0,0,0,0,0,0,1,0,0,0,0,0,0,0,0,0,0,0,0,0,0,1,0,0,300000000,390000000.0,60,90000000.0,23.07692307692308,3.5,183333333.3333333,218250000.0,27.5,3618.5,3
39,0,1,0,0,0,0,0,0,0,0,0,0,0,0,0,0,0,0,1,0,1,0,0,0,0,200000000,245000000.0,30,45000000.0,18.367346938775512,3.0,140000000.0,168500000.0,24.0,3620.2,1
43,0,1,1,0,0,0,0,0,0,0,0,0,0,0,0,0,0,0,0,0,1,0,0,0,0,100000000,130000000.0,30,30000000.0,23.07692307692308,3.0,100000000.0,127000000.0,27.0,3607.8,1
43,0,1,0,0,0,0,0,0,0,0,0,1,0,0,0,0,0,0,0,1,0,0,0,0,0,200000000,222500000.0,15,22500000.0,10.112359550561797,2.0,100000000.0,115000000.0,15.0,3608.3333333333335,0
53,0,1,0,0,0,0,0,0,0,0,0,0,0,0,1,0,0,0,0,1,0,0,0,0,0,100000000,130000000.0,30,30000000.0,23.07692307692308,1.0,100000000.0,130000000.0,30.0,3670.0,1
41,0,1,0,0,0,0,1,0,0,0,0,0,0,0,0,0,0,0,0,1,0,0,0,0,0,300000000,345000000.0,30,45000000.0,13.043478260869565,4.0,164285714.2857143,193553571.42857143,23.571428571428573,3617.428571428572,1
47,0,1,0,0,0,0,0,1,0,0,0,0,0,0,0,0,0,0,0,0,1,0,0,0,0,100000000,130000000.0,30,30000000.0,23.07692307692308,1.0,100000000.0,130000000.0,30.0,3669.0,1
41,0,1,0,0,0,1,0,0,0,0,0,0,0,0,0,0,0,0,0,0,1,0,0,0,0,10000,13000.0,30,3000.0,23.07692307692308,1.5,100000000.0,130000000.0,30.0,3619.0,1
45,1,0,0,0,0,0,0,0,0,0,0,0,0,0,0,0,0,0,1,0,0,0,1,0,0,400000000,440000000.0,30,40000000.0,9.090909090909092,6.5,204166666.66666663,230979166.66666663,21.25,3614.5,1
31,0,1,1,0,0,0,0,0,0,0,0,0,0,0,0,0,0,0,0,0,1,0,0,0,0,10000,11500.0,15,1500.0,13.043478260869565,1.0,100000000.0,115000000.0,15.0,3607.0,0
31,0,1,0,0,0,0,0,1,0,0,0,0,0,0,0,0,0,0,0,0,1,0,0,0,0,100000000,115000000.0,15,15000000.0,13.043478260869565,1.0,100000000.0,115000000.0,15.0,3613.0,0
30,0,1,0,0,0,0,0,0,0,0,0,1,0,0,0,0,0,0,0,0,1,0,0,0,0,100000000,130000000.0,30,30000000.0,23.07692307692308,1.0,100000000.0,115000000.0,15.0,3668.0,1
52,0,1,0,0,0,0,0,1,0,0,0,0,0,0,0,0,0,0,0,0,1,0,0,0,0,100000000,130000000.0,30,30000000.0,23.07692307692308,1.0,100000000.0,130000000.0,30.0,3668.0,1
37,0,1,0,0,0,0,0,1,0,0,0,0,0,0,0,0,0,0,0,0,1,0,0,0,0,200000000,222500000.0,15,22500000.0,10.112359550561797,2.5,125000000.0,150000000.0,22.5,3610.0,0
43,0,1,1,0,0,0,0,0,0,0,0,0,0,0,0,0,0,0,0,0,1,0,0,0,0,300000000,345000000.0,30,45000000.0,13.043478260869565,3.5,150000000.0,183833333.3333333,27.5,3609.0,1
41,0,1,0,0,0,0,0,1,0,0,0,0,0,0,0,0,0,0,0,0,1,0,0,0,0,200000000,245000000.0,30,45000000.0,18.367346938775512,2.5,125000000.0,158750000.0,30.0,3625.5,1
35,0,1,0,0,0,0,0,1,0,0,0,0,0,0,0,0,0,0,0,0,1,0,0,0,0,100000000,130000000.0,30,30000000.0,23.07692307692308,1.5,100000000.0,122500000.0,22.5,3607.5,1
40,0,1,0,0,0,1,0,0,0,0,0,0,0,0,0,0,0,0,0,0,1,0,0,0,0,100000000,130000000.0,30,30000000.0,23.07692307692308,1.0,100000000.0,130000000.0,30.0,3668.0,1
37,0,1,0,0,0,0,0,0,0,0,0,1,0,0,0,0,0,0,0,0,1,0,0,0,0,100000000,130000000.0,30,30000000.0,23.07692307692308,1.5,100000000.0,130000000.0,30.0,3609.5,1
45,0,1,0,0,0,0,0,0,0,0,0,0,0,0,0,0,0,0,0,1,0,0,0,0,0,20000,24500.0,30,4500.0,18.367346938775512,2.0,100000000.0,125000000.0,25.0,3607.6666666666665,1
31,0,1,1,0,0,0,0,0,0,0,0,0,0,0,0,0,0,0,0,0,1,0,0,0,0,30000,34500.0,30,4500.0,13.043478260869565,4.0,164285714.2857143,200214285.7142857,30.0,3608.857142857143,1
35,1,0,0,0,0,1,0,0,0,0,0,0,0,0,0,0,0,0,0,0,1,0,0,0,0,40000,44000.0,30,4000.0,9.090909090909092,4.5,206250000.0,249468750.0,37.5,3617.75,1
35,1,0,0,0,0,0,0,1,0,0,0,0,0,0,0,0,0,0,0,0,1,0,0,0,0,300000000,345000000.0,30,45000000.0,13.043478260869565,5.5,158000000.0,191499900.0,30.0,3609.0,1
35,0,1,0,0,0,0,0,0,0,0,0,0,0,0,1,0,0,0,0,1,0,0,0,0,0,10000,13000.0,30,3000.0,23.07692307692308,1.0,100000000.0,130000000.0,30.0,3620.0,1
36,0,1,0,0,0,0,0,1,0,0,0,0,0,0,0,0,0,0,0,0,1,0,0,0,0,200000000,215000000.0,15,15000000.0,6.976744186046512,5.0,177777777.7777778,203361111.1111111,21.666666666666668,3609.0,0
38,0,1,0,0,0,0,0,0,0,0,0,0,0,0,1,0,0,0,0,0,1,0,0,0,0,15000,16687.5,15,1687.5,10.112359550561797,2.0,100000000.0,115000000.0,15.0,3609.3333333333335,0
43,0,1,0,0,0,0,0,0,0,0,0,1,0,0,0,0,0,0,0,0,1,0,0,0,0,100000000,130000000.0,30,30000000.0,23.07692307692308,2.0,100000000.0,130000000.0,30.0,3607.3333333333335,1
30,0,1,0,0,0,0,0,1,0,0,0,0,0,0,0,0,0,0,0,1,0,0,0,0,0,100000000,130000000.0,30,30000000.0,23.07692307692308,1.5,100000000.0,130000000.0,30.0,3609.5,1
28,0,1,0,0,0,0,0,1,0,0,0,0,0,0,0,0,0,0,0,0,1,0,0,0,0,100000000,115000000.0,15,15000000.0,13.043478260869565,1.0,100000000.0,115000000.0,15.0,3669.0,0
39,0,1,1,0,0,0,0,0,0,0,0,0,0,0,0,0,0,0,0,0,1,0,0,0,0,200000000,245000000.0,30,45000000.0,18.367346938775512,2.5,125000000.0,147500000.0,18.75,3607.25,1
38,0,1,0,0,0,0,1,0,0,0,0,0,0,0,0,0,0,0,0,0,0,0,1,0,0,200000000,245000000.0,30,45000000.0,18.367346938775512,5.0,155555555.55555555,180500000.0,20.0,3614.6666666666665,1
29,0,1,0,0,0,0,0,1,0,0,0,0,0,0,0,0,0,0,0,0,1,0,0,0,0,100000000,130000000.0,30,30000000.0,23.07692307692308,1.0,100000000.0,130000000.0,30.0,3614.0,1
33,0,1,0,0,0,0,0,1,0,0,0,0,0,0,0,0,0,0,0,0,1,0,0,0,0,100000000,130000000.0,30,30000000.0,23.07692307692308,1.5,100000000.0,122500000.0,22.5,3614.0,1
37,1,0,0,0,0,0,0,1,0,0,0,0,0,0,0,0,0,0,0,0,1,0,0,0,0,300000000,345000000.0,30,45000000.0,13.043478260869565,5.5,190000000.0,215200000.0,19.5,3661.2,1
36,0,1,0,0,0,0,0,0,0,0,0,0,0,0,0,0,0,0,0,0,1,0,0,0,0,100000000,130000000.0,30,30000000.0,23.07692307692308,4.0,100000000.0,119285714.28571428,19.285714285714285,3618.571428571429,1
31,0,1,0,1,0,0,0,0,0,0,0,0,0,0,0,0,0,0,0,0,1,0,0,0,0,100000000,130000000.0,30,30000000.0,23.07692307692308,1.0,100000000.0,130000000.0,30.0,3671.0,1
30,0,1,0,0,0,0,0,0,0,0,1,0,0,0,0,0,0,0,0,0,1,0,0,0,0,100000000,130000000.0,30,30000000.0,23.07692307692308,1.0,100000000.0,115000000.0,15.0,3667.0,1
38,1,0,0,0,0,0,0,1,0,0,0,0,0,0,0,0,0,0,0,0,1,0,0,0,0,40000,48000.0,60,8000.0,16.666666666666664,6.5,216666666.66666663,261666666.66666663,35.0,3609.25,3
55,0,1,0,0,0,0,0,1,0,0,0,0,0,0,0,0,0,0,0,0,1,0,0,0,0,200000000,245000000.0,30,45000000.0,18.367346938775512,3.0,120000000.0,140250000.0,18.0,3607.6,1
37,0,1,0,0,0,0,0,0,0,0,0,1,0,0,0,0,0,0,0,0,1,0,0,0,0,20000,24500.0,30,4500.0,18.367346938775512,2.0,100000000.0,115000000.0,15.0,3626.6666666666665,1
37,1,0,0,0,0,0,0,1,0,0,0,0,0,0,0,0,0,0,0,0,0,0,1,0,0,350000000,420000000.0,60,70000000.0,16.666666666666664,5.0,222222222.2222222,269222222.2222222,40.0,3615.3333333333335,3
31,0,1,0,0,0,0,0,1,0,0,0,0,0,0,0,0,0,0,0,0,0,0,0,1,0,20000,24500.0,30,4500.0,18.367346938775512,3.0,140000000.0,173000000.0,27.0,3610.0,1
39,1,0,0,0,0,0,0,0,0,0,0,0,0,0,1,0,0,0,0,0,1,0,0,0,0,15000,18375.0,30,3375.0,18.367346938775512,1.5,100000000.0,115000000.0,15.0,3606.5,1
42,0,1,0,0,0,0,0,0,0,0,1,0,0,0,0,0,0,0,0,0,1,0,0,0,0,200000000,245000000.0,30,45000000.0,18.367346938775512,1.5,100000000.0,130000000.0,30.0,3631.5,1
32,0,1,0,0,0,0,0,1,0,0,0,0,0,0,0,0,0,0,0,0,1,0,0,0,0,200000000,245000000.0,30,45000000.0,18.367346938775512,3.0,140000000.0,170000000.0,24.0,3633.0,1
33,0,1,0,0,0,0,0,0,0,0,0,0,0,0,1,0,0,0,0,0,1,0,0,0,0,100000000,115000000.0,15,15000000.0,13.043478260869565,1.0,100000000.0,115000000.0,15.0,3608.0,0
36,1,0,0,0,0,0,0,0,0,0,0,0,0,0,0,0,0,0,0,0,1,0,0,0,0,300000000,345000000.0,30,45000000.0,13.043478260869565,3.5,150000000.0,183000000.0,27.5,3610.0,1
35,0,1,1,0,0,0,0,0,0,0,0,0,0,0,0,0,0,0,0,0,1,0,0,0,0,100000000,130000000.0,30,30000000.0,23.07692307692308,1.0,100000000.0,130000000.0,30.0,3666.0,1
35,0,1,0,0,0,0,1,0,0,0,0,0,0,0,0,0,0,0,0,0,1,0,0,0,0,100000000,130000000.0,30,30000000.0,23.07692307692308,1.5,100000000.0,130000000.0,30.0,3609.5,1
43,1,0,0,0,0,0,0,0,0,0,0,0,0,0,0,0,0,0,1,0,1,0,0,0,0,40000,44000.0,30,4000.0,9.090909090909092,6.0,254545454.54545453,291818181.8181818,27.272727272727277,3614.363636363637,1
27,0,1,0,0,0,0,0,1,0,0,0,0,0,0,0,0,0,0,0,0,1,0,0,0,0,100000000,115000000.0,15,15000000.0,13.043478260869565,1.0,100000000.0,115000000.0,15.0,3607.0,0
30,0,1,0,0,0,0,0,0,0,0,0,0,0,0,1,0,0,0,0,1,0,0,0,0,0,100000000,130000000.0,30,30000000.0,23.07692307692308,1.0,100000000.0,130000000.0,30.0,3668.0,1
40,1,0,0,0,0,0,0,1,0,0,0,0,0,0,0,0,0,0,0,0,0,0,1,0,0,100000000,130000000.0,30,30000000.0,23.07692307692308,1.0,100000000.0,130000000.0,30.0,3609.0,1
43,0,1,0,0,0,0,0,1,0,0,0,0,0,0,0,0,0,0,0,0,1,0,0,0,0,200000000,245000000.0,30,45000000.0,18.367346938775512,3.0,140000000.0,161500000.0,18.0,3615.2,1
33,0,1,0,0,0,0,0,1,0,0,0,0,0,0,0,0,0,0,0,1,0,0,0,0,0,100000000,115000000.0,15,15000000.0,13.043478260869565,1.0,100000000.0,115000000.0,15.0,3617.0,0
37,1,0,0,0,0,0,0,1,0,0,0,0,0,0,0,0,0,0,0,0,1,0,0,0,0,100000000,115000000.0,15,15000000.0,13.043478260869565,1.0,100000000.0,115000000.0,15.0,3669.0,0
28,0,1,0,1,0,0,0,0,0,0,0,0,0,0,0,0,0,0,0,0,1,0,0,0,0,10000,13000.0,30,3000.0,23.07692307692308,1.0,100000000.0,130000000.0,30.0,3669.0,1
34,0,1,0,0,0,0,0,1,0,0,0,0,0,0,0,0,0,0,0,0,1,0,0,0,0,10000,11500.0,15,1500.0,13.043478260869565,1.0,100000000.0,115000000.0,15.0,3669.0,0
34,0,1,0,0,0,0,0,1,0,0,0,0,0,0,0,0,0,0,0,0,1,0,0,0,0,10000,11500.0,15,1500.0,13.043478260869565,1.0,100000000.0,130000000.0,30.0,3608.0,0
28,0,1,1,0,0,0,0,0,0,0,0,0,0,0,0,0,0,0,0,0,1,0,0,0,0,500000000,550000000.0,60,50000000.0,9.090909090909092,6.5,291666666.6666667,339833333.3333333,38.75,3611.75,3
31,0,1,0,0,0,0,0,0,0,0,0,0,0,0,0,0,0,0,0,0,1,0,0,0,0,100000000,130000000.0,30,30000000.0,23.07692307692308,1.0,100000000.0,115000000.0,15.0,3676.0,1
50,0,1,0,0,0,0,0,0,0,0,0,0,0,0,0,0,0,0,0,0,1,0,0,0,0,100000000,130000000.0,30,30000000.0,23.07692307692308,2.0,100000000.0,130000000.0,30.0,3609.3333333333335,1
33,1,0,0,0,0,0,0,1,0,0,0,0,0,0,0,0,0,0,0,0,1,0,0,0,0,40000,44000.0,30,4000.0,9.090909090909092,5.0,233333333.3333333,264666666.66666663,25.0,3607.777777777778,1
42,0,1,0,0,1,0,0,0,0,0,0,0,0,0,0,0,0,0,0,0,1,0,0,0,0,10000,13000.0,30,3000.0,23.07692307692308,1.0,100000000.0,130000000.0,30.0,3616.0,1
40,0,1,0,0,0,0,0,1,0,0,0,0,0,0,0,0,0,0,0,0,1,0,0,0,0,100000000,115000000.0,15,15000000.0,13.043478260869565,1.0,100000000.0,130000000.0,30.0,3668.0,0
31,0,1,0,0,0,0,0,1,0,0,0,0,0,0,0,0,0,0,0,0,1,0,0,0,0,200000000,245000000.0,30,45000000.0,18.367346938775512,2.0,100000000.0,115000000.0,15.0,3609.3333333333335,1
43,0,1,0,0,0,0,1,0,0,0,0,0,0,0,0,0,0,0,0,0,1,0,0,0,0,100000000,130000000.0,30,30000000.0,23.07692307692308,1.0,100000000.0,115000000.0,15.0,3673.0,1
26,1,0,0,0,0,0,0,1,0,0,0,0,0,0,0,0,0,0,0,0,0,0,1,0,0,100000000,130000000.0,30,30000000.0,23.07692307692308,1.0,100000000.0,130000000.0,30.0,3668.0,1
41,0,1,0,0,0,0,0,1,0,0,0,0,0,0,0,0,0,0,0,1,0,0,0,0,0,300000000,390000000.0,60,90000000.0,23.07692307692308,4.5,187500000.0,229875000.0,33.75,4245.625,3
37,0,1,0,0,0,0,0,1,0,0,0,0,0,0,0,0,0,0,0,1,0,0,0,0,0,100000000,130000000.0,30,30000000.0,23.07692307692308,1.0,100000000.0,130000000.0,30.0,3608.0,1
33,0,1,0,0,0,0,0,0,0,0,0,0,0,0,1,0,0,0,0,0,1,0,0,0,0,200000000,245000000.0,30,45000000.0,18.367346938775512,2.5,125000000.0,158750000.0,30.0,3622.75,1
35,0,1,0,0,0,0,0,1,0,0,0,0,0,0,0,0,0,0,0,0,1,0,0,0,0,200000000,245000000.0,30,45000000.0,18.367346938775512,2.0,100000000.0,120000000.0,20.0,3609.6666666666665,1
44,0,1,0,0,0,0,0,0,0,0,0,0,0,0,0,0,0,0,0,0,1,0,0,0,0,20000,23000.0,30,3000.0,13.043478260869565,2.0,100000000.0,117500000.0,20.0,3627.3333333333335,1
32,0,1,0,0,1,0,0,0,0,0,0,0,0,0,0,0,0,0,0,1,0,0,0,0,0,100000000,130000000.0,30,30000000.0,23.07692307692308,1.0,100000000.0,130000000.0,30.0,3613.0,1
32,1,0,1,0,0,0,0,0,0,0,0,0,0,0,0,0,0,0,0,0,1,0,0,0,0,300000000,345000000.0,30,45000000.0,13.043478260869565,5.0,155555555.55555555,182833333.3333333,25.0,3610.0,1
39,0,1,0,0,0,1,0,0,0,0,0,0,0,0,0,0,0,0,0,0,1,0,0,0,0,400000000,440000000.0,30,40000000.0,9.090909090909092,6.0,209090909.0909091,237363636.3636364,21.818181818181817,3617.363636363637,1
42,1,0,0,0,0,0,0,1,0,0,0,0,0,0,0,0,0,0,0,0,0,0,1,0,0,40000,44000.0,30,4000.0,9.090909090909092,7.0,238461538.4615385,278923076.9230769,33.46153846153846,3608.0,1
43,0,1,0,0,0,0,0,1,0,0,0,0,0,0,0,0,0,0,0,1,0,0,0,0,0,10000,11500.0,15,1500.0,13.043478260869565,1.0,100000000.0,115000000.0,15.0,3668.0,0
45,0,1,0,0,0,0,0,1,0,0,0,0,0,0,0,0,0,0,0,0,1,0,0,0,0,100000000,130000000.0,30,30000000.0,23.07692307692308,1.5,100000000.0,130000000.0,30.0,3608.5,1
36,0,1,0,0,0,0,1,0,0,0,0,0,0,0,0,0,0,0,0,1,0,0,0,0,0,10000,13000.0,30,3000.0,23.07692307692308,1.0,100000000.0,130000000.0,30.0,3613.0,1
44,1,0,0,0,0,0,0,0,0,0,0,0,0,0,0,0,0,0,0,0,1,0,0,0,0,300000000,390000000.0,60,90000000.0,23.07692307692308,6.0,136363636.36363637,158659090.9090909,19.09090909090909,3619.636363636364,3
31,0,1,0,0,0,0,0,1,0,0,0,0,0,0,0,0,0,0,0,0,1,0,0,0,0,100000000,130000000.0,30,30000000.0,23.07692307692308,2.0,100000000.0,125000000.0,25.0,3608.0,1
29,1,0,0,0,0,0,0,1,0,0,0,0,0,0,0,0,0,0,0,0,1,0,0,0,0,400000000,480000000.0,60,80000000.0,16.666666666666664,5.0,233333333.3333333,284222222.2222222,43.333333333333336,3610.0,3
36,0,1,0,0,0,0,0,1,0,0,0,0,0,0,0,0,0,0,0,0,1,0,0,0,0,10000,11500.0,15,1500.0,13.043478260869565,2.0,100000000.0,115000000.0,15.0,3609.3333333333335,0
47,1,0,0,0,0,0,0,1,0,0,0,0,0,0,0,0,0,0,0,0,1,0,0,0,0,400000000,440000000.0,30,40000000.0,9.090909090909092,6.5,266666666.66666663,301083333.3333333,25.0,3610.3333333333335,1
40,0,1,0,0,0,0,1,0,0,0,0,0,0,0,0,0,0,0,0,1,0,0,0,0,0,100000000,115000000.0,15,15000000.0,13.043478260869565,3.5,116666666.66666669,132333333.33333331,15.0,3610.0,0
38,0,1,0,0,0,0,0,0,0,0,0,1,0,0,0,0,0,0,0,1,0,0,0,0,0,100000000,115000000.0,15,15000000.0,13.043478260869565,1.0,100000000.0,115000000.0,15.0,3668.0,0
29,1,0,0,0,0,0,0,1,0,0,0,0,0,0,0,0,0,0,0,0,1,0,0,0,0,20000,22250.0,15,2250.0,10.112359550561797,3.5,116666666.66666669,132333333.33333331,15.0,3618.5,0
31,0,1,0,0,0,0,0,0,0,0,1,0,0,0,0,0,0,0,0,0,1,0,0,0,0,100000000,115000000.0,15,15000000.0,13.043478260869565,1.0,100000000.0,115000000.0,15.0,3612.0,0
26,0,1,0,0,0,0,0,1,0,0,0,0,0,0,0,0,0,0,0,0,0,0,0,1,0,100000000,115000000.0,15,15000000.0,13.043478260869565,1.0,100000000.0,115000000.0,15.0,3612.0,0
35,0,1,0,0,0,0,0,1,0,0,0,0,0,0,0,0,0,0,0,0,1,0,0,0,0,100000000,130000000.0,30,30000000.0,23.07692307692308,1.0,100000000.0,130000000.0,30.0,3614.0,1
39,0,1,0,0,0,0,0,1,0,0,0,0,0,0,0,0,0,0,0,0,1,0,0,0,0,100000000,130000000.0,30,30000000.0,23.07692307692308,1.5,100000000.0,122500000.0,22.5,3610.0,1
31,0,1,0,0,0,0,0,0,0,0,0,0,0,0,1,0,0,0,0,0,1,0,0,0,0,100000000,130000000.0,30,30000000.0,23.07692307692308,1.5,100000000.0,115000000.0,15.0,3610.0,1
46,1,0,0,0,0,0,0,1,0,0,0,0,0,0,0,0,0,0,0,0,1,0,0,0,0,200000000,220000000.0,30,20000000.0,9.090909090909092,6.5,179166666.66666666,210552083.3333333,28.75,4052.9166666666665,1
31,1,0,0,1,0,0,0,0,0,0,0,0,0,0,0,0,0,0,0,0,1,0,0,0,0,400000000,440000000.0,30,40000000.0,9.090909090909092,7.0,284615384.61538464,319884615.38461536,24.23076923076923,3610.153846153846,1
35,1,0,1,0,0,0,0,0,0,0,0,0,0,0,0,0,0,0,0,0,1,0,0,0,0,100000000,130000000.0,30,30000000.0,23.07692307692308,1.0,100000000.0,115000000.0,15.0,3611.0,1
39,0,1,0,0,0,0,0,1,0,0,0,0,0,0,0,0,0,0,0,1,0,0,0,0,0,100000000,130000000.0,30,30000000.0,23.07692307692308,1.5,100000000.0,130000000.0,30.0,3608.5,1
26,0,1,0,0,0,0,0,0,0,0,0,0,0,0,0,0,0,0,1,1,0,0,0,0,0,100000000,130000000.0,30,30000000.0,23.07692307692308,1.0,100000000.0,115000000.0,15.0,3672.0,1
28,0,1,0,0,0,0,0,0,0,0,0,0,0,0,0,0,0,0,1,0,1,0,0,0,0,10000,13000.0,30,3000.0,23.07692307692308,1.0,100000000.0,130000000.0,30.0,3615.0,1
40,0,1,0,0,0,0,1,0,0,0,0,0,0,0,0,0,0,0,0,0,1,0,0,0,0,300000000,345000000.0,30,45000000.0,13.043478260869565,3.0,160000000.0,184000000.0,18.0,3608.2,1
37,1,0,0,0,0,0,0,1,0,0,0,0,0,0,0,0,0,0,0,0,1,0,0,0,0,30000,34500.0,30,4500.0,13.043478260869565,3.5,216666666.66666663,250166666.66666663,25.0,3611.6666666666665,1
34,0,1,0,0,0,0,0,0,0,0,0,0,0,0,1,0,0,0,0,0,1,0,0,0,0,20000,24500.0,30,4500.0,18.367346938775512,2.5,125000000.0,141875000.0,15.0,3622.0,1
34,0,1,0,0,0,0,0,1,0,0,0,0,0,0,0,0,0,0,0,1,0,0,0,0,0,100000000,130000000.0,30,30000000.0,23.07692307692308,1.0,100000000.0,115000000.0,15.0,3668.0,1
38,1,0,0,0,1,0,0,0,0,0,0,0,0,0,0,0,0,0,0,0,0,0,1,0,0,400000000,440000000.0,30,40000000.0,9.090909090909092,5.5,260000000.0,308000000.0,40.5,3610.4,1
44,0,1,0,0,0,0,0,0,0,0,0,0,0,0,0,0,0,0,0,1,0,0,0,0,0,15000,18375.0,30,3375.0,18.367346938775512,2.5,100000000.0,128125000.0,30.0,3608.25,1
33,0,1,0,0,0,0,0,0,0,0,0,0,0,0,0,0,0,0,1,0,1,0,0,0,0,300000000,345000000.0,30,45000000.0,13.043478260869565,4.0,171428571.42857143,196642857.14285716,19.285714285714285,3611.285714285714,1
38,0,1,0,0,0,0,0,0,0,0,0,0,0,0,1,0,0,0,0,0,1,0,0,0,0,100000000,105000000.0,15,5000000.0,4.761904761904762,5.0,93333333.33333331,112000000.0,23.33333333333333,3608.444444444444,0
49,0,1,0,0,0,1,0,0,0,0,0,0,0,0,0,0,0,0,0,0,1,0,0,0,0,100000000,115000000.0,15,15000000.0,13.043478260869565,1.0,100000000.0,130000000.0,30.0,3668.0,0
37,0,1,0,0,0,0,0,0,0,0,0,0,0,0,0,0,0,0,0,0,1,0,0,0,0,100000000,130000000.0,30,30000000.0,23.07692307692308,1.0,100000000.0,130000000.0,30.0,3671.0,1
33,0,1,0,0,0,0,0,0,0,0,0,0,0,0,1,0,0,0,0,0,1,0,0,0,0,100000000,111250000.0,15,11250000.0,10.112359550561797,3.0,140000000.0,173000000.0,27.0,3608.4,0
38,0,1,0,0,0,0,0,0,0,0,0,0,0,0,0,0,0,0,0,0,1,0,0,0,0,100000000,130000000.0,30,30000000.0,23.07692307692308,1.5,100000000.0,130000000.0,30.0,3637.5,1
43,0,1,0,0,0,0,0,0,0,0,0,0,0,0,0,0,0,0,1,1,0,0,0,0,0,10000,13000.0,30,3000.0,23.07692307692308,1.0,100000000.0,130000000.0,30.0,3668.0,1
32,0,1,0,0,0,0,1,0,0,0,0,0,0,0,0,0,0,0,0,0,1,0,0,0,0,300000000,345000000.0,30,45000000.0,13.043478260869565,4.0,157142857.14285713,183357142.85714287,21.428571428571427,3616.0,1
39,0,1,0,0,0,0,0,0,0,0,0,0,0,0,0,0,0,0,0,0,1,0,0,0,0,10000,13000.0,30,3000.0,23.07692307692308,1.5,100000000.0,122500000.0,22.5,3637.5,1
30,1,0,1,0,0,0,0,0,0,0,0,0,0,0,0,0,0,0,0,0,0,0,1,0,0,300000000,345000000.0,30,45000000.0,13.043478260869565,7.0,184615384.6153846,213076923.07692307,21.923076923076923,3613.0,1
39,0,1,0,0,0,0,0,1,0,0,0,0,0,0,0,0,0,0,0,0,1,0,0,0,0,20000,24500.0,30,4500.0,18.367346938775512,2.0,100000000.0,115000000.0,15.0,3612.6666666666665,1
34,0,1,0,0,0,0,0,1,0,0,0,0,0,0,0,0,0,0,0,0,1,0,0,0,0,100000000,115000000.0,15,15000000.0,13.043478260869565,1.0,100000000.0,130000000.0,30.0,3672.0,0
36,1,0,0,0,0,0,0,0,0,0,0,0,0,0,0,0,0,0,0,0,0,0,1,0,0,300000000,390000000.0,60,90000000.0,23.07692307692308,3.0,160000000.0,197600000.0,30.0,3619.2,3
36,0,1,0,0,0,0,0,1,0,0,0,0,0,0,0,0,0,0,0,0,0,0,0,1,0,100000000,130000000.0,30,30000000.0,23.07692307692308,1.0,100000000.0,130000000.0,30.0,3617.0,1
35,0,1,0,0,0,0,0,0,0,0,0,0,0,0,0,0,0,0,1,1,0,0,0,0,0,100000000,130000000.0,30,30000000.0,23.07692307692308,1.0,100000000.0,130000000.0,30.0,3668.0,1
34,0,0,0,0,0,0,0,0,0,0,0,0,0,0,1,0,0,0,0,0,1,0,0,0,0,100000000,130000000.0,30,30000000.0,23.07692307692308,1.5,100000000.0,130000000.0,30.0,3637.5,1
37,0,1,0,1,0,0,0,0,0,0,0,0,0,0,0,0,0,0,0,0,1,0,0,0,0,20000,24500.0,30,4500.0,18.367346938775512,2.5,150000000.0,176375000.0,22.5,3637.25,1
31,0,1,0,0,0,0,0,0,0,0,0,1,0,0,0,0,0,0,0,1,0,0,0,0,0,100000000,115000000.0,15,15000000.0,13.043478260869565,1.0,100000000.0,130000000.0,30.0,3670.0,0
49,0,1,0,0,0,0,0,0,0,0,0,0,0,0,0,0,0,0,0,0,1,0,0,0,0,200000000,245000000.0,30,45000000.0,18.367346938775512,2.0,116666666.66666669,147916666.66666666,30.0,3609.3333333333335,1
39,0,1,0,0,0,0,0,1,0,0,0,0,0,0,0,0,0,0,0,1,0,0,0,0,0,10000,11500.0,15,1500.0,13.043478260869565,1.0,100000000.0,115000000.0,15.0,3667.0,0
32,0,1,0,0,0,0,0,0,0,0,0,0,0,0,1,0,0,0,0,0,1,0,0,0,0,10000,13000.0,30,3000.0,23.07692307692308,1.0,100000000.0,115000000.0,15.0,3669.0,1
29,0,1,0,0,0,0,1,0,0,0,0,0,0,0,0,0,0,0,0,0,1,0,0,0,0,20000,22250.0,15,2250.0,10.112359550561797,2.0,100000000.0,125000000.0,25.0,3608.0,0
35,0,1,0,0,0,0,0,1,0,0,0,0,0,0,0,0,0,0,0,0,1,0,0,0,0,10000,11500.0,15,1500.0,13.043478260869565,1.0,100000000.0,115000000.0,15.0,3667.0,0
28,1,0,0,0,0,0,0,1,0,0,0,0,0,0,0,0,0,0,0,0,0,0,0,1,0,200000000,245000000.0,30,45000000.0,18.367346938775512,4.0,142857142.85714287,177285714.2857143,30.0,3607.428571428572,1
47,0,1,0,0,0,0,0,0,0,0,0,0,0,0,0,0,0,0,1,0,1,0,0,0,0,100000000,130000000.0,30,30000000.0,23.07692307692308,1.0,100000000.0,130000000.0,30.0,3670.0,1
32,0,1,0,0,0,0,0,0,0,0,0,0,0,0,0,0,0,0,0,0,1,0,0,0,0,30000,34500.0,30,4500.0,13.043478260869565,5.0,200000000.0,232555555.55555555,25.0,3615.8888888888887,1
33,0,1,0,0,0,0,0,1,0,0,0,0,0,0,0,0,0,0,0,0,1,0,0,0,0,100000000,130000000.0,30,30000000.0,23.07692307692308,1.5,100000000.0,130000000.0,30.0,3607.0,1
31,0,1,0,0,0,0,0,1,0,0,0,0,0,0,0,0,0,0,0,1,0,0,0,0,0,100000000,130000000.0,30,30000000.0,23.07692307692308,1.0,100000000.0,130000000.0,30.0,3667.0,1
39,0,1,0,0,0,0,1,0,0,0,0,0,0,0,0,0,0,0,0,0,1,0,0,0,0,150000000,183750000.0,30,33750000.0,18.367346938775512,3.0,100000000.0,118750000.0,21.0,3622.2,1
34,0,1,0,0,0,0,0,1,0,0,0,0,0,0,0,0,0,0,0,0,0,0,1,0,0,300000000,345000000.0,30,45000000.0,13.043478260869565,3.0,200000000.0,237200000.0,30.0,3610.8,1
41,0,1,0,0,0,0,0,0,0,0,0,0,0,0,0,0,0,0,1,0,1,0,0,0,0,100000000,130000000.0,30,30000000.0,23.07692307692308,1.5,100000000.0,130000000.0,30.0,3610.5,1
41,0,1,0,0,0,0,0,0,0,0,0,0,0,0,1,0,0,0,0,0,1,0,0,0,0,100000000,130000000.0,30,30000000.0,23.07692307692308,1.0,100000000.0,130000000.0,30.0,3611.0,1
31,0,1,0,0,0,0,0,0,0,0,0,0,0,0,0,0,0,0,0,0,1,0,0,0,0,100000000,130000000.0,30,30000000.0,23.07692307692308,1.5,100000000.0,130000000.0,30.0,3637.0,1
40,0,1,0,0,0,0,0,0,0,0,0,0,0,0,0,0,0,0,0,0,1,0,0,0,0,100000000,130000000.0,30,30000000.0,23.07692307692308,1.0,100000000.0,115000000.0,15.0,3607.0,1
41,0,1,0,0,0,0,0,1,0,0,0,0,0,0,0,0,0,0,0,0,1,0,0,0,0,20000,24500.0,30,4500.0,18.367346938775512,2.0,100000000.0,120000000.0,20.0,3607.3333333333335,1
35,1,0,0,0,0,0,0,1,0,0,0,0,0,0,0,0,0,0,0,0,1,0,0,0,0,150000000,157500000.0,30,7500000.0,4.761904761904762,8.0,210000000.0,238975000.0,27.0,5425.0,4
38,0,1,0,0,0,0,0,1,0,0,0,0,0,0,0,0,0,0,0,0,1,0,0,0,0,300000000,345000000.0,30,45000000.0,13.043478260869565,4.0,185714285.7142857,214999857.14285716,23.571428571428573,3616.857142857143,1
36,0,1,0,0,0,0,0,1,0,0,0,0,0,0,0,0,0,0,0,0,1,0,0,0,0,20000,24500.0,30,4500.0,18.367346938775512,4.0,128571428.57142857,162857142.85714287,30.0,3611.285714285714,1
44,0,1,0,0,0,0,0,0,0,0,0,0,0,0,0,0,0,0,0,0,1,0,0,0,0,20000,22250.0,15,2250.0,10.112359550561797,2.5,100000000.0,115000000.0,15.0,3607.25,0
35,1,0,0,0,0,0,0,1,0,0,0,0,0,0,0,0,0,0,0,0,0,0,0,1,0,300000000,345000000.0,30,45000000.0,13.043478260869565,3.5,183333333.3333333,219833333.3333333,30.0,3611.5,1
51,0,1,0,0,0,0,0,1,0,0,0,0,0,0,0,0,0,0,0,1,0,0,0,0,0,200000000,245000000.0,30,45000000.0,18.367346938775512,3.0,140000000.0,167000000.0,21.0,3607.6,1
38,0,1,0,0,1,0,0,0,0,0,0,0,0,0,0,0,0,0,0,0,1,0,0,0,0,100000000,130000000.0,30,30000000.0,23.07692307692308,1.5,100000000.0,130000000.0,30.0,3637.5,1
35,0,1,1,0,0,0,0,0,0,0,0,0,0,0,0,0,0,0,0,1,0,0,0,0,0,200000000,245000000.0,30,45000000.0,18.367346938775512,2.0,100000000.0,115000000.0,15.0,3607.3333333333335,1
27,1,0,0,0,0,0,0,1,0,0,0,0,0,0,0,0,0,0,0,0,0,0,0,1,0,300000000,345000000.0,30,45000000.0,13.043478260869565,4.5,162500000.0,187812500.0,20.625,3610.75,1
37,0,0,0,0,0,0,0,0,0,0,0,0,0,0,0,0,0,0,1,0,1,0,0,0,0,200000000,245000000.0,30,45000000.0,18.367346938775512,3.5,133333333.33333331,166000000.0,30.0,3614.1666666666665,1
37,1,0,0,0,0,0,0,1,0,0,0,0,0,0,0,0,0,0,0,0,0,0,1,0,0,400000000,440000000.0,30,40000000.0,9.090909090909092,3.5,198333333.3333333,235666666.66666663,30.0,3610.8333333333335,1
36,0,1,0,0,0,0,0,0,0,0,0,0,0,0,0,0,0,0,0,0,1,0,0,0,0,100000000,115000000.0,15,15000000.0,13.043478260869565,1.0,100000000.0,115000000.0,15.0,3672.0,0
32,0,1,0,0,0,0,1,0,0,0,0,0,0,0,0,0,0,0,0,0,0,0,1,0,0,100000000,130000000.0,30,30000000.0,23.07692307692308,2.0,100000000.0,125000000.0,25.0,3632.0,1
30,0,1,0,0,0,0,0,0,0,0,0,1,0,0,0,0,0,0,0,0,1,0,0,0,0,10000,13000.0,30,3000.0,23.07692307692308,2.5,100000000.0,126250000.0,26.25,3609.0,1
43,0,1,0,0,0,0,0,0,0,0,1,0,0,0,0,0,0,0,0,0,1,0,0,0,0,100000000,115000000.0,15,15000000.0,13.043478260869565,1.5,100000000.0,115000000.0,15.0,3611.5,0
28,0,1,1,0,0,0,0,0,0,0,0,0,0,0,0,0,0,0,0,0,1,0,0,0,0,10000,13000.0,30,3000.0,23.07692307692308,1.0,100000000.0,130000000.0,30.0,3669.0,1
45,0,1,0,0,0,0,0,0,0,0,0,0,0,0,0,0,0,0,0,1,0,0,0,0,0,150000000,183750000.0,30,33750000.0,18.367346938775512,2.0,100000000.0,125000000.0,25.0,3626.6666666666665,1
32,0,1,0,0,0,0,1,0,0,0,0,0,0,0,0,0,0,0,0,0,1,0,0,0,0,200000000,245000000.0,30,45000000.0,18.367346938775512,2.5,125000000.0,158750000.0,30.0,3607.25,1
37,0,1,0,0,0,0,0,0,0,0,0,0,0,0,0,0,0,0,0,1,0,0,0,0,0,100000000,130000000.0,30,30000000.0,23.07692307692308,1.0,100000000.0,115000000.0,15.0,3668.0,1
40,1,0,1,0,0,0,0,0,0,0,0,0,0,0,0,0,0,0,0,0,1,0,0,0,0,10000,11500.0,15,1500.0,13.043478260869565,1.5,100000000.0,122500000.0,22.5,3609.5,0
27,0,1,0,0,0,0,0,0,0,0,0,0,0,0,0,0,0,0,1,1,0,0,0,0,0,100000000,130000000.0,30,30000000.0,23.07692307692308,1.0,100000000.0,115000000.0,15.0,3613.0,1
29,0,1,0,0,0,0,0,0,0,0,0,1,0,0,0,0,0,0,0,1,0,0,0,0,0,100000000,130000000.0,30,30000000.0,23.07692307692308,1.0,100000000.0,130000000.0,30.0,3667.0,1
34,0,1,0,0,0,0,0,1,0,0,0,0,0,0,0,0,0,0,0,0,1,0,0,0,0,300000000,345000000.0,30,45000000.0,13.043478260869565,4.5,175000000.0,201250000.0,20.625,3617.25,1
40,0,1,0,0,0,1,0,0,0,0,0,0,0,0,0,0,0,0,0,1,0,0,0,0,0,100000000,130000000.0,30,30000000.0,23.07692307692308,1.0,100000000.0,130000000.0,30.0,3609.0,1
43,0,1,0,0,0,0,0,1,0,0,0,0,0,0,0,0,0,0,0,0,1,0,0,0,0,300000000,345000000.0,30,45000000.0,13.043478260869565,3.5,150000000.0,186333333.3333333,30.0,3607.5,1
39,0,1,0,0,0,0,0,0,0,0,0,0,0,0,0,0,0,0,0,0,1,0,0,0,0,400000000,440000000.0,30,40000000.0,9.090909090909092,5.0,266666666.66666663,306111111.1111111,30.0,3615.444444444444,1
37,0,1,1,0,0,0,0,0,0,0,0,0,0,0,0,0,0,0,0,0,1,0,0,0,0,250000000,287500000.0,30,37500000.0,13.043478260869565,2.5,125000000.0,153125000.0,30.0,3607.75,1
26,1,0,0,0,0,0,0,0,0,0,1,0,0,0,0,0,0,0,0,0,0,0,1,0,0,200000000,222500000.0,15,22500000.0,10.112359550561797,4.0,128571428.57142857,150000000.0,19.285714285714285,3607.857142857143,0
31,1,0,0,0,0,0,0,0,0,0,0,1,0,0,0,0,0,0,0,0,1,0,0,0,0,200000000,245000000.0,30,45000000.0,18.367346938775512,5.5,100000000.0,115750000.0,16.5,3608.6,1
31,0,1,0,0,0,0,0,0,0,0,0,0,0,0,1,0,0,0,0,0,1,0,0,0,0,100000000,111250000.0,15,11250000.0,10.112359550561797,3.0,130000000.0,154750000.0,21.0,3619.8,0
36,0,1,0,0,1,0,0,0,0,0,0,0,0,0,0,0,0,0,0,1,0,0,0,0,0,10000,11000.0,15,1000.0,9.090909090909092,1.5,100000000.0,122500000.0,22.5,3639.0,0
42,0,1,0,0,0,0,0,0,0,0,0,0,0,0,0,0,0,0,0,1,0,0,0,0,0,100000000,130000000.0,30,30000000.0,23.07692307692308,1.0,100000000.0,130000000.0,30.0,3668.0,1
28,0,1,0,0,0,0,1,0,0,0,0,0,0,0,0,0,0,0,0,1,0,0,0,0,0,100000000,130000000.0,30,30000000.0,23.07692307692308,3.0,120000000.0,151600000.0,30.0,3613.0,1
30,1,0,0,0,0,0,0,0,0,0,0,0,0,0,0,0,0,0,0,0,0,0,1,0,0,350000000,420000000.0,60,70000000.0,16.666666666666664,4.0,221428571.42857143,272285714.28571427,42.85714285714285,3618.285714285714,3
57,0,1,0,0,0,0,0,0,0,0,0,0,0,0,0,0,0,0,1,1,0,0,0,0,0,10000,13000.0,30,3000.0,23.07692307692308,1.0,100000000.0,130000000.0,30.0,3670.0,1
35,0,1,0,0,0,0,0,1,0,0,0,0,0,0,0,0,0,0,0,0,1,0,0,0,0,10000,12250.0,30,2250.0,18.367346938775512,2.0,100000000.0,130000000.0,30.0,3608.3333333333335,1
32,0,1,0,0,0,0,0,1,0,0,0,0,0,0,0,0,0,0,0,1,0,0,0,0,0,100000000,130000000.0,30,30000000.0,23.07692307692308,1.0,100000000.0,115000000.0,15.0,3609.0,1
35,0,1,0,0,0,0,0,1,0,0,0,0,0,0,0,0,0,0,0,0,1,0,0,0,0,100000000,115000000.0,15,15000000.0,13.043478260869565,1.0,100000000.0,115000000.0,15.0,3669.0,0
33,1,0,0,0,0,0,0,1,0,0,0,0,0,0,0,0,0,0,0,0,1,0,0,0,0,400000000,440000000.0,30,40000000.0,9.090909090909092,7.5,292857142.85714287,334857142.85714287,30.0,3735.785714285714,1
54,0,1,0,0,0,0,0,0,0,0,0,0,0,0,0,0,0,0,0,0,1,0,0,0,0,100000000,130000000.0,30,30000000.0,23.07692307692308,1.0,100000000.0,130000000.0,30.0,3616.0,1
41,0,1,1,0,0,0,0,0,0,0,0,0,0,0,0,0,0,0,0,0,1,0,0,0,0,200000000,245000000.0,30,45000000.0,18.367346938775512,1.5,100000000.0,130000000.0,30.0,3638.5,1
38,0,1,0,0,0,0,0,1,0,0,0,0,0,0,0,0,0,0,0,0,1,0,0,0,0,100000000,111250000.0,15,11250000.0,10.112359550561797,2.0,100000000.0,115000000.0,15.0,3608.6666666666665,0
47,1,0,0,0,0,0,0,1,0,0,0,0,0,0,0,0,0,0,0,0,1,0,0,0,0,200000000,245000000.0,30,45000000.0,18.367346938775512,4.0,192857142.85714287,231964285.7142857,32.142857142857146,3609.0,1
36,0,1,0,0,0,0,0,1,0,0,0,0,0,0,0,0,0,0,0,0,0,0,1,0,0,100000000,111250000.0,15,11250000.0,10.112359550561797,4.0,107142857.14285716,133392857.14285716,25.714285714285715,3616.571428571429,0
37,1,0,0,0,0,0,0,1,0,0,0,0,0,0,0,0,0,0,0,0,1,0,0,0,0,100000000,130000000.0,30,30000000.0,23.07692307692308,1.5,100000000.0,130000000.0,30.0,3612.0,1
45,0,1,0,0,0,0,1,0,0,0,0,0,0,0,0,0,0,0,0,0,1,0,0,0,0,20000,24500.0,30,4500.0,18.367346938775512,2.0,133333333.33333331,165000000.0,30.0,3609.6666666666665,1
30,0,1,0,0,0,0,0,0,0,0,0,0,0,0,1,0,0,0,0,0,1,0,0,0,0,300000000,390000000.0,60,90000000.0,23.07692307692308,6.0,163636363.63636363,191590909.0909091,23.181818181818183,3610.181818181818,3
38,0,1,0,0,0,0,0,0,0,0,0,0,0,0,0,0,0,0,1,0,1,0,0,0,0,300000000,339999000.0,30,39999000.0,11.764446366018722,5.0,155555555.55555555,177111111.1111111,18.33333333333333,3609.1111111111113,1
41,0,1,0,0,0,0,0,1,0,0,0,0,0,0,0,0,0,0,0,0,1,0,0,0,0,150000000,183750000.0,30,33750000.0,18.367346938775512,2.0,100000000.0,130000000.0,30.0,3610.0,1
32,0,1,0,0,0,1,0,0,0,0,0,0,0,0,0,0,0,0,0,1,0,0,0,0,0,200000000,245000000.0,30,45000000.0,18.367346938775512,2.5,125000000.0,151250000.0,22.5,3607.0,1
38,0,1,0,0,0,0,0,1,0,0,0,0,0,0,0,0,0,0,0,0,1,0,0,0,0,150000000,183750000.0,30,33750000.0,18.367346938775512,2.0,100000000.0,130000000.0,30.0,3610.6666666666665,1
38,1,0,0,0,0,0,0,1,0,0,0,0,0,0,0,0,0,0,0,0,1,0,0,0,0,10000,13000.0,30,3000.0,23.07692307692308,1.0,100000000.0,130000000.0,30.0,3609.0,1
35,0,1,0,0,0,0,0,1,0,0,0,0,0,0,0,0,0,0,0,0,1,0,0,0,0,100000000,130000000.0,30,30000000.0,23.07692307692308,1.0,100000000.0,115000000.0,15.0,3669.0,1
31,0,1,0,0,0,0,0,0,0,0,0,0,0,0,0,0,0,0,1,0,1,0,0,0,0,400000000,480000000.0,60,80000000.0,16.666666666666664,4.5,218750000.0,262000000.0,41.25,3616.0,3
27,0,1,0,0,0,1,0,0,0,0,0,0,0,0,0,0,0,0,0,0,0,0,0,1,0,100000000,130000000.0,30,30000000.0,23.07692307692308,1.0,100000000.0,130000000.0,30.0,3668.0,1
39,0,1,0,0,0,0,0,1,0,0,0,0,0,0,0,0,0,0,0,0,1,0,0,0,0,150000000,183750000.0,30,33750000.0,18.367346938775512,1.5,100000000.0,130000000.0,30.0,3668.0,1
36,0,1,0,0,0,0,1,0,0,0,0,0,0,0,0,0,0,0,0,1,0,0,0,0,0,100000000,130000000.0,30,30000000.0,23.07692307692308,1.0,100000000.0,130000000.0,30.0,3607.0,1
31,0,1,0,0,0,0,0,1,0,0,0,0,0,0,0,0,0,0,0,0,1,0,0,0,0,100000000,130000000.0,30,30000000.0,23.07692307692308,1.0,100000000.0,130000000.0,30.0,3670.0,1
36,0,1,0,0,0,0,0,1,0,0,0,0,0,0,0,0,0,0,0,0,1,0,0,0,0,100000000,130000000.0,30,30000000.0,23.07692307692308,1.5,100000000.0,130000000.0,30.0,3637.0,1
41,0,1,0,0,0,0,0,0,0,0,0,0,0,0,1,0,0,0,0,0,1,0,0,0,0,200000000,245000000.0,30,45000000.0,18.367346938775512,3.0,140000000.0,170000000.0,24.0,3608.2,1
41,1,0,1,0,0,0,0,0,0,0,0,0,0,0,0,0,0,0,0,0,0,0,1,0,0,300000000,345000000.0,30,45000000.0,13.043478260869565,5.5,180000000.0,217600000.0,28.5,3619.6,1
38,0,1,0,0,0,0,1,0,0,0,0,0,0,0,0,0,0,0,0,0,1,0,0,0,0,200000000,245000000.0,30,45000000.0,18.367346938775512,2.5,100000000.0,130000000.0,30.0,3611.5,1
29,1,0,0,0,0,0,0,1,0,0,0,0,0,0,0,0,0,0,0,0,1,0,0,0,0,400000000,480000000.0,60,80000000.0,16.666666666666664,6.0,254545454.54545453,307727272.72727275,43.63636363636363,3615.727272727273,3
39,0,1,0,0,0,0,0,0,0,0,0,0,0,0,1,0,0,0,0,0,1,0,0,0,0,100000000,130000000.0,30,30000000.0,23.07692307692308,1.0,100000000.0,130000000.0,30.0,3668.0,1
32,1,0,0,0,1,0,0,0,0,0,0,0,0,0,0,0,0,0,0,0,0,0,1,0,0,40000,44000.0,30,4000.0,9.090909090909092,7.0,276923076.9230769,319076923.0769231,30.0,3613.538461538461,1
34,1,0,0,0,0,0,0,0,0,0,0,0,0,0,1,0,0,0,0,0,1,0,0,0,0,150000000,183750000.0,30,33750000.0,18.367346938775512,4.0,135714285.7142857,169392857.14285713,30.0,3609.0,1
40,1,0,0,0,0,0,0,1,0,0,0,0,0,0,0,0,0,0,0,0,1,0,0,0,0,300000000,345000000.0,30,45000000.0,13.043478260869565,4.5,187500000.0,222375000.0,28.125,3609.0,1
34,0,1,1,0,0,0,0,0,0,0,0,0,0,0,0,0,0,0,0,0,1,0,0,0,0,20000,24500.0,30,4500.0,18.367346938775512,1.5,100000000.0,122500000.0,22.5,3606.0,1
32,0,1,0,0,0,0,1,0,0,0,0,0,0,0,0,0,0,0,0,0,1,0,0,0,0,20000,24500.0,30,4500.0,18.367346938775512,2.5,125000000.0,147500000.0,18.75,3622.0,1
38,0,1,0,0,0,0,0,0,0,0,0,0,0,0,1,0,0,0,0,0,1,0,0,0,0,100000000,130000000.0,30,30000000.0,23.07692307692308,1.5,100000000.0,122500000.0,22.5,3641.0,1
37,0,1,0,1,0,0,0,0,0,0,0,0,0,0,0,0,0,0,0,0,1,0,0,0,0,300000000,345000000.0,30,45000000.0,13.043478260869565,5.0,155555555.55555555,191555555.55555555,30.0,3609.8888888888887,1
34,1,0,0,0,0,0,0,1,0,0,0,0,0,0,0,0,0,0,0,0,1,0,0,0,0,40000,48000.0,60,8000.0,16.666666666666664,5.0,205555555.55555555,241500000.0,33.333333333333336,3613.1111111111113,3
35,0,1,0,0,0,0,0,0,0,0,0,0,0,0,0,0,0,0,1,0,1,0,0,0,0,300000000,345000000.0,30,45000000.0,13.043478260869565,4.0,150000000.0,170089285.7142857,17.142857142857142,3615.428571428572,1
46,0,1,0,0,0,0,0,1,0,0,0,0,0,0,0,0,0,0,0,0,1,0,0,0,0,10000,13000.0,30,3000.0,23.07692307692308,1.0,100000000.0,130000000.0,30.0,3668.0,1
41,0,1,0,0,0,0,0,0,0,0,0,0,0,0,0,0,0,0,1,0,1,0,0,0,0,100000000,130000000.0,30,30000000.0,23.07692307692308,1.5,100000000.0,130000000.0,30.0,3636.5,1
37,0,1,0,0,0,0,0,1,0,0,0,0,0,0,0,0,0,0,0,0,1,0,0,0,0,300000000,345000000.0,30,45000000.0,13.043478260869565,3.5,133333333.33333331,159583333.33333334,22.5,3607.6666666666665,1
39,1,0,0,0,0,0,0,1,0,0,0,0,0,0,0,0,0,0,0,0,1,0,0,0,0,30000,33000.0,30,3000.0,9.090909090909092,7.5,217857142.85714287,255928571.42857143,30.0,4054.428571428572,1
29,0,1,0,1,0,0,0,0,0,0,0,0,0,0,0,0,0,0,0,0,1,0,0,0,0,100000000,130000000.0,30,30000000.0,23.07692307692308,1.0,100000000.0,130000000.0,30.0,3609.0,1
37,1,0,0,0,0,0,0,1,0,0,0,0,0,0,0,0,0,0,0,0,1,0,0,0,0,200000000,245000000.0,30,45000000.0,18.367346938775512,4.0,171428571.42857143,189285714.2857143,15.0,3610.285714285714,1
34,0,1,0,0,0,0,0,1,0,0,0,0,0,0,0,0,0,0,0,0,1,0,0,0,0,20000,24500.0,30,4500.0,18.367346938775512,2.0,100000000.0,120000000.0,20.0,3608.0,1
41,0,1,0,0,0,0,0,0,0,0,0,0,0,0,0,0,0,0,0,1,0,0,0,0,0,300000000,390000000.0,60,90000000.0,23.07692307692308,3.5,150000000.0,182666666.66666663,27.5,3607.8333333333335,3
34,0,1,0,0,0,0,1,0,0,0,0,0,0,0,0,0,0,0,0,0,1,0,0,0,0,400000000,440000000.0,30,40000000.0,9.090909090909092,6.0,218181818.1818182,246818181.8181818,21.818181818181817,3607.272727272728,1
38,0,1,0,0,0,0,0,1,0,0,0,0,0,0,0,0,0,0,0,0,1,0,0,0,0,100000000,115000000.0,15,15000000.0,13.043478260869565,1.0,100000000.0,115000000.0,15.0,3610.0,0
51,0,1,0,0,0,0,0,1,0,0,0,0,0,0,0,0,0,0,0,0,1,0,0,0,0,100000000,115000000.0,15,15000000.0,13.043478260869565,1.0,100000000.0,130000000.0,30.0,3669.0,0
46,0,1,0,0,0,0,0,0,0,0,0,0,0,0,0,0,0,0,1,0,1,0,0,0,0,100000000,130000000.0,30,30000000.0,23.07692307692308,1.0,100000000.0,130000000.0,30.0,3668.0,1
35,0,1,0,0,0,0,1,0,0,0,0,0,0,0,0,0,0,0,0,1,0,0,0,0,0,200000000,245000000.0,30,45000000.0,18.367346938775512,3.5,166666666.66666666,194250000.0,22.5,3609.5,1
30,0,1,1,0,0,0,0,0,0,0,0,0,0,0,0,0,0,0,0,0,0,0,1,0,0,300000000,345000000.0,30,45000000.0,13.043478260869565,6.0,172727272.72727272,198272727.27272728,20.454545454545453,3622.272727272728,1
39,0,1,0,0,0,0,0,0,0,0,0,0,0,0,1,0,0,0,0,0,1,0,0,0,0,100000000,130000000.0,30,30000000.0,23.07692307692308,2.5,100000000.0,130000000.0,30.0,3620.5,1
36,0,1,0,0,0,0,0,0,0,0,0,0,0,0,1,0,0,0,0,0,1,0,0,0,0,20000,22250.0,15,2250.0,10.112359550561797,2.0,100000000.0,120000000.0,20.0,3608.0,0
32,0,1,0,0,0,0,0,0,0,0,0,0,0,0,0,0,0,0,0,0,1,0,0,0,0,10000,13000.0,30,3000.0,23.07692307692308,1.0,100000000.0,130000000.0,30.0,3671.0,1
37,0,1,0,0,0,0,0,1,0,0,0,0,0,0,0,0,0,0,0,1,0,0,0,0,0,10000,11500.0,15,1500.0,13.043478260869565,1.5,100000000.0,115000000.0,15.0,3639.5,0
46,0,1,0,0,0,0,0,1,0,0,0,0,0,0,0,0,0,0,0,0,0,0,1,0,0,400000000,480000000.0,60,80000000.0,16.666666666666664,4.0,171428571.42857143,208000000.0,30.0,3611.571428571429,3
41,0,1,1,0,0,0,0,0,0,0,0,0,0,0,0,0,0,0,0,0,1,0,0,0,0,100000000,115000000.0,15,15000000.0,13.043478260869565,1.0,100000000.0,115000000.0,15.0,3668.0,0
42,1,0,0,0,0,0,0,1,0,0,0,0,0,0,0,0,0,0,0,0,0,0,1,0,0,100000000,115000000.0,15,15000000.0,13.043478260869565,1.0,100000000.0,115000000.0,15.0,3613.0,0
44,0,1,0,0,0,0,1,0,0,0,0,0,0,0,0,0,0,0,0,0,1,0,0,0,0,20000,22250.0,15,2250.0,10.112359550561797,3.0,140000000.0,162500000.0,18.0,4072.6,0
36,0,1,0,0,0,1,0,0,0,0,0,0,0,0,0,0,0,0,0,0,1,0,0,0,0,100000000,130000000.0,30,30000000.0,23.07692307692308,1.0,100000000.0,115000000.0,15.0,3668.0,1
39,0,1,0,0,0,0,0,0,0,0,0,0,0,0,0,0,0,0,0,0,1,0,0,0,0,40000,48000.0,60,8000.0,16.666666666666664,5.0,177777777.7777778,221333333.3333333,36.66666666666666,7290.222222222223,5
39,0,1,0,0,0,0,1,0,0,0,0,0,0,0,0,0,0,0,0,0,1,0,0,0,0,10000,13000.0,30,3000.0,23.07692307692308,1.5,100000000.0,122500000.0,22.5,3636.5,1
34,0,1,0,0,0,0,0,1,0,0,0,0,0,0,0,0,0,0,0,0,1,0,0,0,0,100000000,130000000.0,30,30000000.0,23.07692307692308,1.5,100000000.0,122500000.0,22.5,3637.5,1
31,0,1,0,0,0,0,0,1,0,0,0,0,0,0,0,0,0,0,0,0,1,0,0,0,0,300000000,390000000.0,60,90000000.0,23.07692307692308,3.5,150000000.0,187500000.0,30.0,3617.6666666666665,3
31,0,1,0,0,0,0,0,1,0,0,0,0,0,0,0,0,0,0,0,0,1,0,0,0,0,100000000,115000000.0,15,15000000.0,13.043478260869565,1.5,100000000.0,115000000.0,15.0,3608.0,0
37,0,1,0,0,0,0,0,1,0,0,0,0,0,0,0,0,0,0,0,0,1,0,0,0,0,20000,24500.0,30,4500.0,18.367346938775512,3.0,140000000.0,174600000.0,30.0,3608.4,1
44,0,1,0,0,0,0,0,0,0,0,1,0,0,0,0,0,0,0,0,0,1,0,0,0,0,100000000,130000000.0,30,30000000.0,23.07692307692308,2.5,125000000.0,158750000.0,30.0,3607.75,1
48,0,1,0,0,0,0,1,0,0,0,0,0,0,0,0,0,0,0,0,0,1,0,0,0,0,100000000,115000000.0,15,15000000.0,13.043478260869565,2.0,100000000.0,115000000.0,15.0,3633.3333333333335,0
32,0,1,0,0,0,0,0,1,0,0,0,0,0,0,0,0,0,0,0,0,1,0,0,0,0,100000000,130000000.0,30,30000000.0,23.07692307692308,1.0,100000000.0,130000000.0,30.0,3668.0,1
30,0,1,0,0,0,0,1,0,0,0,0,0,0,0,0,0,0,0,0,1,0,0,0,0,0,100000000,130000000.0,30,30000000.0,23.07692307692308,1.0,100000000.0,130000000.0,30.0,3668.0,1
35,0,1,0,0,0,0,0,1,0,0,0,0,0,0,0,0,0,0,0,0,1,0,0,0,0,10000,13000.0,30,3000.0,23.07692307692308,3.5,100000000.0,122500000.0,22.5,7544.333333333333,5
39,0,1,0,0,0,0,0,1,0,0,0,0,0,0,0,0,0,0,0,0,1,0,0,0,0,100000000,130000000.0,30,30000000.0,23.07692307692308,1.0,100000000.0,130000000.0,30.0,3613.0,1
34,0,1,0,0,0,0,0,1,0,0,0,0,0,0,0,0,0,0,0,0,1,0,0,0,0,200000000,245000000.0,30,45000000.0,18.367346938775512,2.0,100000000.0,113333333.33333331,15.0,3611.6666666666665,1
44,0,1,0,0,0,0,0,0,0,0,0,0,0,0,0,0,0,0,1,0,1,0,0,0,0,10000,11500.0,15,1500.0,13.043478260869565,1.0,100000000.0,130000000.0,30.0,3615.0,0
37,0,1,1,0,0,0,0,0,0,0,0,0,0,0,0,0,0,0,0,0,1,0,0,0,0,10000,11500.0,15,1500.0,13.043478260869565,1.0,100000000.0,130000000.0,30.0,3615.0,0
37,0,1,0,0,0,0,1,0,0,0,0,0,0,0,0,0,0,0,0,1,0,0,0,0,0,200000000,222500000.0,15,22500000.0,10.112359550561797,3.0,140000000.0,162500000.0,18.0,3609.2,0
43,0,1,0,0,0,0,0,0,0,0,0,0,0,0,1,0,0,0,0,0,1,0,0,0,0,100000000,111250000.0,15,11250000.0,10.112359550561797,2.0,100000000.0,120000000.0,20.0,3608.3333333333335,0
35,0,0,0,0,1,0,0,0,0,0,0,0,0,0,0,0,0,0,0,0,1,0,0,0,0,400000000,440000000.0,30,40000000.0,9.090909090909092,7.0,230769230.7692308,260846153.84615383,23.07692307692308,3607.4615384615386,1
37,0,1,0,0,0,0,0,1,0,0,0,0,0,0,0,0,0,0,0,0,1,0,0,0,0,100000000,130000000.0,30,30000000.0,23.07692307692308,1.5,100000000.0,130000000.0,30.0,3610.5,1
28,0,1,0,0,0,0,0,0,0,0,1,0,0,0,0,0,0,0,0,1,0,0,0,0,0,100000000,130000000.0,30,30000000.0,23.07692307692308,1.0,100000000.0,130000000.0,30.0,3607.0,1
37,0,1,0,0,0,0,0,0,0,0,0,0,0,0,0,0,0,0,0,1,0,0,0,0,0,100000000,122500000.0,30,22500000.0,18.367346938775512,2.0,100000000.0,130000000.0,30.0,3609.6666666666665,1
52,0,1,0,0,1,0,0,0,0,0,0,0,0,0,0,0,0,0,0,0,1,0,0,0,0,200000000,245000000.0,30,45000000.0,18.367346938775512,2.0,133333333.33333331,158333333.33333334,20.0,3608.0,1
36,0,1,0,0,0,0,0,1,0,0,0,0,0,0,0,0,0,0,0,0,1,0,0,0,0,20000,24500.0,30,4500.0,18.367346938775512,2.0,100000000.0,115000000.0,15.0,3607.6666666666665,1
43,0,1,0,0,0,1,0,0,0,0,0,0,0,0,0,0,0,0,0,1,0,0,0,0,0,100000000,130000000.0,30,30000000.0,23.07692307692308,1.5,100000000.0,122500000.0,22.5,3609.0,1
42,0,1,0,0,0,0,0,1,0,0,0,0,0,0,0,0,0,0,0,0,1,0,0,0,0,100000000,115000000.0,15,15000000.0,13.043478260869565,1.5,100000000.0,130000000.0,30.0,3637.5,0
41,0,1,1,0,0,0,0,0,0,0,0,0,0,0,0,0,0,0,0,1,0,0,0,0,0,20000,24500.0,30,4500.0,18.367346938775512,2.0,100000000.0,120000000.0,20.0,3627.6666666666665,1
45,0,1,1,0,0,0,0,0,0,0,0,0,0,0,0,0,0,0,0,0,1,0,0,0,0,20000,22250.0,15,2250.0,10.112359550561797,2.0,100000000.0,120000000.0,20.0,3607.0,0
38,0,1,0,0,0,0,0,1,0,0,0,0,0,0,0,0,0,0,0,0,1,0,0,0,0,100000000,130000000.0,30,30000000.0,23.07692307692308,1.0,100000000.0,130000000.0,30.0,3668.0,1
35,0,1,0,0,0,0,1,0,0,0,0,0,0,0,0,0,0,0,0,0,1,0,0,0,0,100000000,115000000.0,15,15000000.0,13.043478260869565,1.0,100000000.0,115000000.0,15.0,3607.0,0
45,0,1,0,0,0,0,0,0,0,0,0,0,0,0,1,0,0,0,0,0,1,0,0,0,0,100000000,115000000.0,15,15000000.0,13.043478260869565,1.5,100000000.0,130000000.0,30.0,3611.5,0
35,0,1,0,0,0,0,0,1,0,0,0,0,0,0,0,0,0,0,0,0,1,0,0,0,0,100000000,130000000.0,30,30000000.0,23.07692307692308,1.0,100000000.0,130000000.0,30.0,3614.0,1
45,0,1,0,0,0,0,1,0,0,0,0,0,0,0,0,0,0,0,0,0,1,0,0,0,0,100000000,130000000.0,30,30000000.0,23.07692307692308,1.0,100000000.0,115000000.0,15.0,3667.0,1
42,0,1,1,0,0,0,0,0,0,0,0,0,0,0,0,0,0,0,0,1,0,0,0,0,0,100000000,130000000.0,30,30000000.0,23.07692307692308,1.0,100000000.0,130000000.0,30.0,3669.0,1
38,0,1,0,0,0,0,0,1,0,0,0,0,0,0,0,0,0,0,0,0,1,0,0,0,0,100000000,130000000.0,30,30000000.0,23.07692307692308,1.0,100000000.0,115000000.0,15.0,3668.0,1
36,0,1,0,0,0,1,0,0,0,0,0,0,0,0,0,0,0,0,0,0,1,0,0,0,0,10000,13000.0,30,3000.0,23.07692307692308,1.0,100000000.0,115000000.0,15.0,3669.0,1
37,0,1,0,0,0,0,0,1,0,0,0,0,0,0,0,0,0,0,0,0,1,0,0,0,0,200000000,245000000.0,30,45000000.0,18.367346938775512,2.0,133333333.33333331,166666666.66666666,30.0,3610.0,1
28,0,1,0,0,0,0,0,0,0,0,1,0,0,0,0,0,0,0,0,1,0,0,0,0,0,100000000,115000000.0,15,15000000.0,13.043478260869565,3.5,100000000.0,120000000.0,20.0,3609.3333333333335,0
38,0,1,0,0,0,0,0,0,0,0,0,1,0,0,0,0,0,0,0,0,1,0,0,0,0,100000000,130000000.0,30,30000000.0,23.07692307692308,1.0,100000000.0,115000000.0,15.0,3607.0,1
43,0,1,0,0,0,0,0,1,0,0,0,0,0,0,0,0,0,0,0,1,0,0,0,0,0,100000000,130000000.0,30,30000000.0,23.07692307692308,1.0,100000000.0,130000000.0,30.0,3613.0,1
33,1,0,0,0,0,0,0,0,0,0,0,1,0,0,0,0,0,0,0,0,0,0,1,0,0,40000,44000.0,30,4000.0,9.090909090909092,6.5,287500000.0,325187500.0,27.5,3610.0833333333335,1
39,0,1,0,0,0,0,1,0,0,0,0,0,0,0,0,0,0,0,0,1,0,0,0,0,0,300000000,345000000.0,30,45000000.0,13.043478260869565,3.5,150000000.0,168750000.0,15.0,3606.6666666666665,1
39,0,1,0,0,0,0,1,0,0,0,0,0,0,0,0,0,0,0,0,0,1,0,0,0,0,100000000,130000000.0,30,30000000.0,23.07692307692308,1.0,100000000.0,130000000.0,30.0,3614.0,1
35,0,1,0,0,0,0,0,1,0,0,0,0,0,0,0,0,0,0,0,0,1,0,0,0,0,100000000,115000000.0,15,15000000.0,13.043478260869565,1.5,100000000.0,115000000.0,15.0,3607.5,0
40,0,1,0,0,1,0,0,0,0,0,0,0,0,0,0,0,0,0,0,0,1,0,0,0,0,100000000,130000000.0,30,30000000.0,23.07692307692308,1.0,100000000.0,130000000.0,30.0,3612.0,1
43,0,1,1,0,0,0,0,0,0,0,0,0,0,0,0,0,0,0,0,0,1,0,0,0,0,200000000,245000000.0,30,45000000.0,18.367346938775512,2.5,125000000.0,149375000.0,22.5,3607.5,1
31,0,1,0,0,0,0,1,0,0,0,0,0,0,0,0,0,0,0,0,1,0,0,0,0,0,100000000,115000000.0,15,15000000.0,13.043478260869565,1.5,100000000.0,115000000.0,15.0,3613.0,0
48,0,1,0,0,1,0,0,0,0,0,0,0,0,0,0,0,0,0,0,0,1,0,0,0,0,10000,13000.0,30,3000.0,23.07692307692308,1.0,100000000.0,130000000.0,30.0,3668.0,1
27,0,1,0,0,0,0,0,1,0,0,0,0,0,0,0,0,0,0,0,0,1,0,0,0,0,200000000,245000000.0,30,45000000.0,18.367346938775512,4.5,112500000.0,132656250.0,18.75,3614.875,1
39,0,1,0,1,0,0,0,0,0,0,0,0,0,0,0,0,0,0,0,1,0,0,0,0,0,10000,11500.0,15,1500.0,13.043478260869565,1.0,100000000.0,115000000.0,15.0,3668.0,0
35,0,1,0,0,0,0,0,0,0,0,1,0,0,0,0,0,0,0,0,0,1,0,0,0,0,200000000,245000000.0,30,45000000.0,18.367346938775512,2.0,100000000.0,130000000.0,30.0,3618.0,1
33,0,1,0,0,0,0,0,1,0,0,0,0,0,0,0,0,0,0,0,0,1,0,0,0,0,10000,13000.0,30,3000.0,23.07692307692308,1.0,100000000.0,130000000.0,30.0,3668.0,1
28,0,1,0,0,0,1,0,0,0,0,0,0,0,0,0,0,0,0,0,1,0,0,0,0,0,100000000,130000000.0,30,30000000.0,23.07692307692308,1.5,100000000.0,130000000.0,30.0,3611.5,1
32,0,1,0,0,0,0,1,0,0,0,0,0,0,0,0,0,0,0,0,0,1,0,0,0,0,350000000,385000000.0,30,35000000.0,9.090909090909092,6.5,223333333.3333333,258250000.0,27.5,3611.1666666666665,1
35,0,1,0,0,0,0,0,1,0,0,0,0,0,0,0,0,0,0,0,0,1,0,0,0,0,100000000,130000000.0,30,30000000.0,23.07692307692308,1.0,100000000.0,130000000.0,30.0,3668.0,1
29,0,1,0,0,0,0,1,0,0,0,0,0,0,0,0,0,0,0,0,0,1,0,0,0,0,200000000,245000000.0,30,45000000.0,18.367346938775512,1.5,100000000.0,122500000.0,22.5,3637.5,1
32,1,0,0,0,0,0,0,0,0,0,0,0,0,0,0,0,0,0,1,0,1,0,0,0,0,100000000,130000000.0,30,30000000.0,23.07692307692308,1.5,100000000.0,130000000.0,30.0,3611.5,1
38,0,1,0,0,0,0,0,0,0,0,0,0,0,0,0,0,0,0,0,0,1,0,0,0,0,10000,13000.0,30,3000.0,23.07692307692308,1.5,100000000.0,115000000.0,15.0,3637.5,1
36,0,1,0,0,0,0,0,1,0,0,0,0,0,0,0,0,0,0,0,1,0,0,0,0,0,30000,34500.0,30,4500.0,13.043478260869565,4.0,185714285.7142857,222285714.2857143,30.0,3624.714285714286,1
39,0,1,0,0,0,0,1,0,0,0,0,0,0,0,0,0,0,0,0,0,1,0,0,0,0,100000000,115000000.0,15,15000000.0,13.043478260869565,1.0,100000000.0,115000000.0,15.0,3608.0,0
37,1,0,0,0,0,0,0,0,0,0,0,0,0,0,0,0,0,0,1,0,1,0,0,0,0,100000000,130000000.0,30,30000000.0,23.07692307692308,1.5,100000000.0,130000000.0,30.0,3608.5,1
33,0,1,0,0,0,0,0,0,0,0,0,0,0,0,0,0,0,0,0,0,1,0,0,0,0,10000,13000.0,30,3000.0,23.07692307692308,1.0,100000000.0,130000000.0,30.0,3668.0,1
37,0,1,0,0,0,0,0,1,0,0,0,0,0,0,0,0,0,0,0,0,1,0,0,0,0,100000000,115000000.0,15,15000000.0,13.043478260869565,1.0,100000000.0,130000000.0,30.0,3610.0,0
34,0,1,0,0,0,0,1,0,0,0,0,0,0,0,0,0,0,0,0,1,0,0,0,0,0,100000000,122500000.0,30,22500000.0,18.367346938775512,2.5,125000000.0,158750000.0,30.0,3623.0,1
38,1,0,0,0,0,0,0,0,0,0,0,0,0,0,1,0,0,0,0,0,1,0,0,0,0,300000000,345000000.0,30,45000000.0,13.043478260869565,5.0,155555555.55555555,191444444.44444445,30.0,3615.1111111111113,1
34,0,1,0,0,0,0,0,1,0,0,0,0,0,0,0,0,0,0,0,1,0,0,0,0,0,100000000,130000000.0,30,30000000.0,23.07692307692308,3.0,100000000.0,127000000.0,27.0,3621.8,1
29,0,1,0,0,0,0,1,0,0,0,0,0,0,0,0,0,0,0,0,1,0,0,0,0,0,10000,13000.0,30,3000.0,23.07692307692308,1.0,100000000.0,130000000.0,30.0,3612.0,1
34,0,1,0,0,0,0,0,0,0,0,0,0,0,0,1,0,0,0,0,0,0,0,1,0,0,200000000,245000000.0,30,45000000.0,18.367346938775512,2.5,125000000.0,158750000.0,30.0,3623.0,1
29,0,1,0,0,0,0,0,0,0,0,1,0,0,0,0,0,0,0,0,0,1,0,0,0,0,100000000,130000000.0,30,30000000.0,23.07692307692308,1.5,100000000.0,130000000.0,30.0,3611.0,1
40,1,0,0,0,0,0,0,1,0,0,0,0,0,0,0,0,0,0,0,0,0,0,1,0,0,40000,44000.0,30,4000.0,9.090909090909092,6.0,272727272.72727275,313363636.3636364,30.0,3615.272727272728,1
44,0,1,0,0,0,0,0,1,0,0,0,0,0,0,0,0,0,0,0,0,1,0,0,0,0,100000000,130000000.0,30,30000000.0,23.07692307692308,1.0,100000000.0,130000000.0,30.0,3614.0,1
34,0,1,0,0,0,0,0,0,0,0,0,0,0,0,0,0,0,0,0,0,1,0,0,0,0,300000000,345000000.0,30,45000000.0,13.043478260869565,3.5,183333333.3333333,206500000.0,17.5,3606.0,1
35,1,0,0,0,0,0,0,0,0,0,0,0,0,0,1,0,0,0,0,0,1,0,0,0,0,400000000,435000000.0,30,35000000.0,8.045977011494253,8.0,260000000.0,289208333.3333333,22.0,3610.3333333333335,1
45,0,1,0,0,0,0,0,1,0,0,0,0,0,0,0,0,0,0,0,1,0,0,0,0,0,300000000,345000000.0,30,45000000.0,13.043478260869565,4.0,171428571.42857143,193928571.42857143,17.142857142857142,3607.714285714286,1
41,0,1,0,0,0,0,1,0,0,0,0,0,0,0,0,0,0,0,0,0,1,0,0,0,0,100000000,130000000.0,30,30000000.0,23.07692307692308,1.0,100000000.0,130000000.0,30.0,3668.0,1
34,1,0,0,0,0,0,0,0,0,0,0,0,0,0,1,0,0,0,0,0,0,0,1,0,0,300000000,345000000.0,30,45000000.0,13.043478260869565,4.0,164285714.2857143,188035714.2857143,19.285714285714285,3619.428571428572,1
40,0,1,0,0,0,0,0,1,0,0,0,0,0,0,0,0,0,0,0,1,0,0,0,0,0,200000000,217500000.0,15,17500000.0,8.045977011494253,2.5,125000000.0,147500000.0,18.75,3606.75,0
31,0,1,0,0,0,0,1,0,0,0,0,0,0,0,0,0,0,0,0,0,1,0,0,0,0,300000000,345000000.0,30,45000000.0,13.043478260869565,3.5,208333333.3333333,245916666.66666663,30.0,3612.5,1
31,1,0,0,0,0,1,0,0,0,0,0,0,0,0,0,0,0,0,0,0,0,0,1,0,0,100000000,115000000.0,15,15000000.0,13.043478260869565,2.0,133333333.33333331,166000000.0,30.0,3612.3333333333335,0
47,0,1,0,0,0,0,1,0,0,0,0,0,0,0,0,0,0,0,0,0,1,0,0,0,0,400000000,440000000.0,30,40000000.0,9.090909090909092,5.5,230000000.0,276000000.0,39.0,3615.6,1
34,0,1,0,0,0,0,0,0,0,0,0,0,0,0,0,0,0,0,1,0,1,0,0,0,0,10000,13000.0,30,3000.0,23.07692307692308,1.5,100000000.0,130000000.0,30.0,5328.0,4
27,1,0,0,0,0,0,0,1,0,0,0,0,0,0,0,0,0,0,0,0,0,0,0,1,0,500000000,550000000.0,60,50000000.0,9.090909090909092,9.0,255882352.94117647,287375000.0,25.58823529411765,3610.941176470588,3
37,0,1,0,1,0,0,0,0,0,0,0,0,0,0,0,0,0,0,0,0,1,0,0,0,0,10000,13000.0,30,3000.0,23.07692307692308,1.0,100000000.0,115000000.0,15.0,3668.0,1
33,0,1,0,0,0,0,0,0,0,0,0,0,0,0,1,0,0,0,0,0,1,0,0,0,0,100000000,130000000.0,30,30000000.0,23.07692307692308,1.0,100000000.0,130000000.0,30.0,3668.0,1
40,0,1,0,0,0,0,0,1,0,0,0,0,0,0,0,0,0,0,0,0,1,0,0,0,0,200000000,245000000.0,30,45000000.0,18.367346938775512,2.5,112500000.0,135937500.0,22.5,3608.25,1
53,0,1,0,1,0,0,0,0,0,0,0,0,0,0,0,0,0,0,0,0,1,0,0,0,0,100000000,130000000.0,30,30000000.0,23.07692307692308,2.0,100000000.0,130000000.0,30.0,3607.3333333333335,1
33,1,0,0,0,0,0,0,0,0,0,0,0,0,0,1,0,0,0,0,0,0,0,1,0,0,200000000,222500000.0,15,22500000.0,10.112359550561797,5.5,240000000.0,281300000.0,31.5,6557.0,5
40,0,1,0,0,0,0,0,0,0,0,0,0,0,0,0,0,0,0,1,0,1,0,0,0,0,10000,13000.0,30,3000.0,23.07692307692308,1.0,100000000.0,130000000.0,30.0,4069.0,1
39,0,1,0,0,0,0,0,0,0,0,0,1,0,0,0,0,0,0,0,1,0,0,0,0,0,100000000,130000000.0,30,30000000.0,23.07692307692308,1.0,100000000.0,130000000.0,30.0,3668.0,1
41,0,1,0,0,0,0,0,1,0,0,0,0,0,0,0,0,0,0,0,0,1,0,0,0,0,350000000,385000000.0,30,35000000.0,9.090909090909092,5.0,216666666.66666663,261416666.66666663,36.66666666666666,4991.777777777777,4
33,0,1,0,0,0,0,0,1,0,0,0,0,0,0,0,0,0,0,0,0,1,0,0,0,0,200000000,245000000.0,30,45000000.0,18.367346938775512,2.5,125000000.0,147500000.0,18.75,3607.0,1
31,0,1,0,0,0,0,0,1,0,0,0,0,0,0,0,0,0,0,0,0,1,0,0,0,0,200000000,245000000.0,30,45000000.0,18.367346938775512,2.5,112500000.0,143437500.0,30.0,3637.0,1
36,0,1,0,0,0,0,1,0,0,0,0,0,0,0,0,0,0,0,0,0,1,0,0,0,0,10000,11500.0,15,1500.0,13.043478260869565,1.0,100000000.0,130000000.0,30.0,3668.0,0
42,0,1,0,0,1,0,0,0,0,0,0,0,0,0,0,0,0,0,0,1,0,0,0,0,0,200000000,245000000.0,30,45000000.0,18.367346938775512,2.5,125000000.0,155000000.0,26.25,3607.5,1
43,0,1,0,0,0,0,0,1,0,0,0,0,0,0,0,0,0,0,0,0,1,0,0,0,0,10000,13000.0,30,3000.0,23.07692307692308,1.0,100000000.0,130000000.0,30.0,3669.0,1
33,0,1,1,0,0,0,0,0,0,0,0,0,0,0,0,0,0,0,0,0,1,0,0,0,0,200000000,222500000.0,15,22500000.0,10.112359550561797,2.0,100000000.0,120000000.0,20.0,3609.0,0
59,0,1,0,0,0,0,1,0,0,0,0,0,0,0,0,0,0,0,0,0,1,0,0,0,0,100000000,115000000.0,15,15000000.0,13.043478260869565,1.0,100000000.0,130000000.0,30.0,3669.0,0
41,0,1,0,0,0,0,1,0,0,0,0,0,0,0,0,0,0,0,0,1,0,0,0,0,0,100000000,130000000.0,30,30000000.0,23.07692307692308,2.0,116666666.66666669,147916666.66666666,30.0,3627.6666666666665,1
36,0,1,0,0,0,0,0,0,0,0,0,0,0,0,1,0,0,0,0,1,0,0,0,0,0,200000000,222500000.0,15,22500000.0,10.112359550561797,2.5,125000000.0,141875000.0,15.0,3608.5,0
37,0,1,0,1,0,0,0,0,0,0,0,0,0,0,0,0,0,0,0,1,0,0,0,0,0,300000000,345000000.0,30,45000000.0,13.043478260869565,3.5,150000000.0,169791500.0,17.5,3607.1666666666665,1
35,0,1,0,0,0,0,0,1,0,0,0,0,0,0,0,0,0,0,0,0,1,0,0,0,0,100000000,130000000.0,30,30000000.0,23.07692307692308,1.5,100000000.0,130000000.0,30.0,3637.5,1
40,0,1,0,0,0,0,1,0,0,0,0,0,0,0,0,0,0,0,0,1,0,0,0,0,0,10000,12500.0,30,2500.0,20.0,1.0,100000000.0,115000000.0,15.0,3669.0,1
40,1,0,0,0,1,0,0,0,0,0,0,0,0,0,0,0,0,0,0,0,1,0,0,0,0,300000000,390000000.0,60,90000000.0,23.07692307692308,5.5,170000000.0,210700000.0,36.0,3613.4,3
39,0,1,0,0,0,0,1,0,0,0,0,0,0,0,0,0,0,0,0,1,0,0,0,0,0,20000,22250.0,15,2250.0,10.112359550561797,3.0,140000000.0,167000000.0,21.0,3608.0,0
27,0,1,0,0,0,0,0,0,0,0,0,0,0,0,1,0,0,0,0,0,1,0,0,0,0,200000000,245000000.0,30,45000000.0,18.367346938775512,2.0,100000000.0,120000000.0,20.0,3608.6666666666665,1
39,1,0,0,0,0,0,0,1,0,0,0,0,0,0,0,0,0,0,0,0,1,0,0,0,0,300000000,345000000.0,30,45000000.0,13.043478260869565,4.5,187500000.0,224000000.0,30.0,5194.375,4
34,0,1,0,0,0,0,0,1,0,0,0,0,0,0,0,0,0,0,0,0,1,0,0,0,0,100000000,130000000.0,30,30000000.0,23.07692307692308,1.0,100000000.0,130000000.0,30.0,3670.0,1
30,1,0,1,0,0,0,0,0,0,0,0,0,0,0,0,0,0,0,0,0,0,0,1,0,0,200000000,245000000.0,30,45000000.0,18.367346938775512,3.5,100000000.0,127500000.0,27.5,3614.6666666666665,1
38,0,1,0,0,1,0,0,0,0,0,0,0,0,0,0,0,0,0,0,0,1,0,0,0,0,200000000,245000000.0,30,45000000.0,18.367346938775512,2.0,100000000.0,125000000.0,25.0,3610.6666666666665,1
44,0,1,0,0,0,0,0,1,0,0,0,0,0,0,0,0,0,0,0,0,1,0,0,0,0,10000,13000.0,30,3000.0,23.07692307692308,1.0,100000000.0,130000000.0,30.0,3618.0,1
46,0,1,0,0,0,0,0,1,0,0,0,0,0,0,0,0,0,0,0,0,1,0,0,0,0,100000000,130000000.0,30,30000000.0,23.07692307692308,1.5,100000000.0,122500000.0,22.5,3607.0,1
26,0,1,0,0,0,0,1,0,0,0,0,0,0,0,0,0,0,0,0,0,0,0,0,1,0,300000000,345000000.0,30,45000000.0,13.043478260869565,4.0,171428571.42857143,208000000.0,30.0,3608.428571428572,1
35,1,0,0,0,0,0,0,0,0,0,0,1,0,0,0,0,0,0,0,0,1,0,0,0,0,40000,48000.0,60,8000.0,16.666666666666664,5.0,200000000.0,230277777.7777778,23.33333333333333,3610.3333333333335,3
45,0,1,0,0,0,0,1,0,0,0,0,0,0,0,0,0,0,0,0,1,0,0,0,0,0,200000000,245000000.0,30,45000000.0,18.367346938775512,2.5,125000000.0,158750000.0,30.0,3621.75,1
39,0,1,0,0,0,0,0,1,0,0,0,0,0,0,0,0,0,0,0,0,1,0,0,0,0,20000,24500.0,30,4500.0,18.367346938775512,2.5,125000000.0,158750000.0,30.0,3610.5,1
38,0,1,0,0,0,0,0,1,0,0,0,0,0,0,0,0,0,0,0,0,1,0,0,0,0,300000000,345000000.0,30,45000000.0,13.043478260869565,4.0,171428571.42857143,207000000.0,30.0,3611.714285714286,1
35,0,1,0,0,0,0,0,0,0,0,0,0,0,0,1,0,0,0,0,0,0,0,1,0,0,30000,39000.0,60,9000.0,23.07692307692308,4.0,164285714.2857143,195500000.0,27.857142857142858,3612.285714285714,3
34,0,1,0,0,0,0,0,0,0,0,0,0,0,0,1,0,0,0,0,0,0,0,0,1,0,100000000,130000000.0,30,30000000.0,23.07692307692308,1.5,100000000.0,122500000.0,22.5,3607.5,1
28,0,1,0,0,0,0,0,1,0,0,0,0,0,0,0,0,0,0,0,1,0,0,0,0,0,100000000,115000000.0,15,15000000.0,13.043478260869565,2.5,100000000.0,115000000.0,15.0,3607.75,0
42,0,1,0,0,0,0,0,1,0,0,0,0,0,0,0,0,0,0,0,0,1,0,0,0,0,10000,13000.0,30,3000.0,23.07692307692308,2.5,100000000.0,130000000.0,30.0,3608.25,1
31,0,1,0,0,0,0,0,1,0,0,0,0,0,0,0,0,0,0,0,0,1,0,0,0,0,200000000,222500000.0,15,22500000.0,10.112359550561797,2.5,112500000.0,139687500.0,26.25,3609.0,0
47,0,1,0,0,0,0,0,1,0,0,0,0,0,0,0,0,0,0,0,0,1,0,0,0,0,100000000,130000000.0,30,30000000.0,23.07692307692308,1.0,100000000.0,130000000.0,30.0,3668.0,1
34,0,1,0,1,0,0,0,0,0,0,0,0,0,0,0,0,0,0,0,0,1,0,0,0,0,100000000,115000000.0,15,15000000.0,13.043478260869565,2.0,100000000.0,115000000.0,15.0,3606.6666666666665,0
32,0,1,0,1,0,0,0,0,0,0,0,0,0,0,0,0,0,0,0,1,0,0,0,0,0,10000,11500.0,15,1500.0,13.043478260869565,1.5,100000000.0,115000000.0,15.0,3667.5,0
30,0,1,0,0,0,0,0,1,0,0,0,0,0,0,0,0,0,0,0,0,1,0,0,0,0,150000000,161250000.0,15,11250000.0,6.976744186046512,3.0,120000000.0,135000000.0,15.0,3619.4,0
35,0,1,0,0,0,0,1,0,0,0,0,0,0,0,0,0,0,0,0,1,0,0,0,0,0,300000000,345000000.0,30,45000000.0,13.043478260869565,3.5,150000000.0,168750000.0,15.0,3612.5,1
37,0,1,0,0,0,0,1,0,0,0,0,0,0,0,0,0,0,0,0,1,0,0,0,0,0,20000,24500.0,30,4500.0,18.367346938775512,2.5,125000000.0,153250000.0,26.25,3606.5,1
50,0,1,0,0,0,0,0,1,0,0,0,0,0,0,0,0,0,0,0,0,1,0,0,0,0,100000000,130000000.0,30,30000000.0,23.07692307692308,1.5,100000000.0,130000000.0,30.0,3610.0,1
36,0,1,0,0,0,0,0,0,0,0,0,0,0,0,0,0,0,0,0,0,1,0,0,0,0,10000,11500.0,15,1500.0,13.043478260869565,6.5,100000000.0,118750000.0,18.75,3615.5,0
47,0,1,0,0,0,0,1,0,0,0,0,0,0,0,0,0,0,0,0,0,1,0,0,0,0,300000000,390000000.0,60,90000000.0,23.07692307692308,3.5,150000000.0,187500000.0,30.0,3620.3333333333335,3
42,0,1,0,0,0,0,0,0,0,0,0,0,0,0,1,0,0,0,0,0,1,0,0,0,0,100000000,130000000.0,30,30000000.0,23.07692307692308,1.5,100000000.0,122500000.0,22.5,3626.0,1
45,1,0,0,0,0,0,0,1,0,0,0,0,0,0,0,0,0,0,0,0,1,0,0,0,0,100000000,122500000.0,30,22500000.0,18.367346938775512,3.0,120000000.0,150000000.0,27.0,3608.8,1
33,0,1,0,0,0,0,0,0,0,0,1,0,0,0,0,0,0,0,0,0,0,0,1,0,0,20000,24500.0,30,4500.0,18.367346938775512,3.0,160000000.0,190200000.0,27.0,3609.4,1
38,0,1,0,0,0,0,0,1,0,0,0,0,0,0,0,0,0,0,0,0,1,0,0,0,0,10000,11500.0,15,1500.0,13.043478260869565,1.0,100000000.0,130000000.0,30.0,3609.0,0
38,0,1,0,0,0,0,0,0,0,0,0,0,0,0,1,0,0,0,0,0,1,0,0,0,0,10000,13000.0,30,3000.0,23.07692307692308,1.0,100000000.0,130000000.0,30.0,3669.0,1
38,0,1,0,0,0,0,0,1,0,0,0,0,0,0,0,0,0,0,0,1,0,0,0,0,0,100000000,115000000.0,15,15000000.0,13.043478260869565,1.5,100000000.0,115000000.0,15.0,3607.0,0
38,0,1,0,0,0,0,0,1,0,0,0,0,0,0,0,0,0,0,0,0,1,0,0,0,0,100000000,130000000.0,30,30000000.0,23.07692307692308,1.0,100000000.0,115000000.0,15.0,3668.0,1
33,1,0,0,0,1,0,0,0,0,0,0,0,0,0,0,0,0,0,0,0,1,0,0,0,0,20000,24500.0,30,4500.0,18.367346938775512,2.0,100000000.0,130000000.0,30.0,3607.6666666666665,1
38,0,1,0,0,0,0,0,0,0,0,0,0,0,0,0,0,0,0,0,0,1,0,0,0,0,100000000,130000000.0,30,30000000.0,23.07692307692308,1.5,100000000.0,130000000.0,30.0,3618.5,1
53,1,0,0,0,0,0,1,0,0,0,0,0,0,0,0,0,0,0,0,0,1,0,0,0,0,300000000,345000000.0,30,45000000.0,13.043478260869565,4.5,162500000.0,192625000.0,24.375,3618.75,1
34,1,0,0,0,0,0,0,0,0,0,0,0,0,0,1,0,0,0,0,0,1,0,0,0,0,600000000,654000000.0,60,54000000.0,8.256880733944955,13.5,146153846.15384614,161932692.30769232,20.76923076923077,3613.3846153846152,3
38,0,1,1,0,0,0,0,0,0,0,0,0,0,0,0,0,0,0,0,0,1,0,0,0,0,150000000,183750000.0,30,33750000.0,18.367346938775512,2.0,100000000.0,125000000.0,25.0,3606.6666666666665,1
35,0,1,0,0,0,0,0,1,0,0,0,0,0,0,0,0,0,0,0,0,1,0,0,0,0,100000000,125000000.0,30,25000000.0,20.0,1.5,100000000.0,130000000.0,30.0,3609.0,1
46,0,1,0,1,0,0,0,0,0,0,0,0,0,0,0,0,0,0,0,0,1,0,0,0,0,100000000,130000000.0,30,30000000.0,23.07692307692308,1.0,100000000.0,115000000.0,15.0,3668.0,1
35,0,1,0,0,1,0,0,0,0,0,0,0,0,0,0,0,0,0,0,0,1,0,0,0,0,100000000,130000000.0,30,30000000.0,23.07692307692308,1.5,100000000.0,130000000.0,30.0,3610.5,1
41,1,0,0,0,0,0,0,1,0,0,0,0,0,0,0,0,0,0,0,0,0,0,1,0,0,100000000,115000000.0,15,15000000.0,13.043478260869565,2.5,100000000.0,126250000.0,26.25,5619.0,4
44,0,1,0,0,0,0,0,0,0,0,0,0,0,0,0,0,0,0,1,0,1,0,0,0,0,400000000,440000000.0,30,40000000.0,9.090909090909092,4.5,250000000.0,285625000.0,26.25,3616.0,1
34,0,1,0,0,0,1,0,0,0,0,0,0,0,0,0,0,0,0,0,0,1,0,0,0,0,100000000,130000000.0,30,30000000.0,23.07692307692308,1.5,100000000.0,122500000.0,22.5,3637.0,1
44,0,1,0,0,0,0,0,1,0,0,0,0,0,0,0,0,0,0,0,0,1,0,0,0,0,100000000,130000000.0,30,30000000.0,23.07692307692308,1.0,100000000.0,130000000.0,30.0,3668.0,1
42,0,1,0,0,0,0,0,1,0,0,0,0,0,0,0,0,0,0,0,0,1,0,0,0,0,200000000,245000000.0,30,45000000.0,18.367346938775512,4.5,187500000.0,225125000.0,30.0,3608.625,1
34,0,1,0,0,0,0,1,0,0,0,0,0,0,0,0,0,0,0,0,0,1,0,0,0,0,10000,11500.0,15,1500.0,13.043478260869565,1.0,100000000.0,115000000.0,15.0,3673.0,0
54,0,0,1,0,0,0,0,0,0,0,0,0,0,0,0,0,0,0,0,0,1,0,0,0,0,100000000,130000000.0,30,30000000.0,23.07692307692308,1.5,100000000.0,130000000.0,30.0,3638.0,1
26,0,1,0,0,0,0,0,0,0,0,0,1,0,0,0,0,0,0,0,0,1,0,0,0,0,200000000,245000000.0,30,45000000.0,18.367346938775512,2.0,100000000.0,130000000.0,30.0,3627.0,1
34,0,1,0,0,0,0,0,1,0,0,0,0,0,0,0,0,0,0,0,0,1,0,0,0,0,10000,13000.0,30,3000.0,23.07692307692308,1.0,100000000.0,130000000.0,30.0,3669.0,1
30,0,1,0,0,0,0,0,0,0,0,0,0,0,0,1,0,0,0,0,0,1,0,0,0,0,300000000,385002000.0,60,85002000.0,22.078326865834462,2.0,133333333.33333331,166666666.66666666,30.0,3608.0,3
38,0,1,0,0,0,0,0,0,0,0,0,0,0,0,1,0,0,0,0,0,1,0,0,0,0,100000000,130000000.0,30,30000000.0,23.07692307692308,2.0,100000000.0,130000000.0,30.0,3608.3333333333335,1
37,0,1,0,0,0,1,0,0,0,0,0,0,0,0,0,0,0,0,0,0,1,0,0,0,0,10000,13000.0,30,3000.0,23.07692307692308,1.0,100000000.0,130000000.0,30.0,3668.0,1
32,0,1,0,0,0,0,0,1,0,0,0,0,0,0,0,0,0,0,0,0,1,0,0,0,0,200000000,245000000.0,30,45000000.0,18.367346938775512,4.0,142857142.85714287,168785714.2857143,23.571428571428573,3607.857142857143,1
46,1,0,0,0,0,0,1,0,0,0,0,0,0,0,0,0,0,0,0,0,1,0,0,0,0,200000000,245000000.0,30,45000000.0,18.367346938775512,3.5,116666666.66666669,146666666.66666666,27.5,3618.5,1
38,0,1,0,0,0,0,1,0,0,0,0,0,0,0,0,0,0,0,0,0,1,0,0,0,0,10000,13000.0,30,3000.0,23.07692307692308,1.0,100000000.0,130000000.0,30.0,3668.0,1
38,0,1,0,0,0,0,1,0,0,0,0,0,0,0,0,0,0,0,0,0,1,0,0,0,0,100000000,130000000.0,30,30000000.0,23.07692307692308,1.0,100000000.0,130000000.0,30.0,3668.0,1
37,0,1,0,0,0,0,0,1,0,0,0,0,0,0,0,0,0,0,0,0,1,0,0,0,0,200000000,245000000.0,30,45000000.0,18.367346938775512,2.0,100000000.0,125000000.0,25.0,3608.0,1
33,0,1,1,0,0,0,0,0,0,0,0,0,0,0,0,0,0,0,0,0,1,0,0,0,0,100000000,130000000.0,30,30000000.0,23.07692307692308,1.5,100000000.0,130000000.0,30.0,3637.0,1
33,0,1,0,0,0,0,0,1,0,0,0,0,0,0,0,0,0,0,0,1,0,0,0,0,0,10000,13000.0,30,3000.0,23.07692307692308,1.5,100000000.0,130000000.0,30.0,3637.5,1
39,0,1,0,0,0,0,0,1,0,0,0,0,0,0,0,0,0,0,0,0,1,0,0,0,0,200000000,245000000.0,30,45000000.0,18.367346938775512,2.5,125000000.0,147500000.0,18.75,3609.0,1
41,0,1,0,0,0,0,0,1,0,0,0,0,0,0,0,0,0,0,0,0,1,0,0,0,0,10000,11500.0,15,1500.0,13.043478260869565,1.5,100000000.0,115000000.0,15.0,3638.0,0
37,0,1,0,0,0,0,0,1,0,0,0,0,0,0,0,0,0,0,0,0,1,0,0,0,0,200000000,245000000.0,30,45000000.0,18.367346938775512,3.0,140000000.0,173000000.0,27.0,6045.4,5
35,1,0,0,0,0,0,0,1,0,0,0,0,0,0,0,0,0,0,0,0,1,0,0,0,0,200000000,230000000.0,30,30000000.0,13.043478260869565,6.5,208333333.3333333,248281250.0,33.75,3614.6666666666665,1
33,0,1,0,0,0,0,0,1,0,0,0,0,0,0,0,0,0,0,0,0,1,0,0,0,0,100000000,115000000.0,15,15000000.0,13.043478260869565,1.0,100000000.0,115000000.0,15.0,3614.0,0
38,0,1,0,0,0,1,0,0,0,0,0,0,0,0,0,0,0,0,0,0,1,0,0,0,0,20000,24500.0,30,4500.0,18.367346938775512,2.0,100000000.0,130000000.0,30.0,3609.6666666666665,1
29,1,0,0,0,0,0,0,0,0,0,0,1,0,0,0,0,0,0,0,0,1,0,0,0,0,100000000,130000000.0,30,30000000.0,23.07692307692308,4.0,100000000.0,127857142.85714284,27.857142857142858,3620.142857142857,1
37,0,1,0,0,0,0,0,0,0,0,0,0,0,0,0,0,0,0,0,1,0,0,0,0,0,300000000,345000000.0,30,45000000.0,13.043478260869565,5.0,188888888.8888889,218888888.8888889,23.33333333333333,3614.1111111111113,1
47,0,1,0,0,0,0,0,1,0,0,0,0,0,0,0,0,0,0,0,0,1,0,0,0,0,10000,13000.0,30,3000.0,23.07692307692308,1.5,100000000.0,122500000.0,22.5,3637.0,1
41,0,1,0,0,0,0,0,1,0,0,0,0,0,0,0,0,0,0,0,1,0,0,0,0,0,100000000,130000000.0,30,30000000.0,23.07692307692308,1.5,100000000.0,130000000.0,30.0,3636.5,1
49,0,1,0,0,0,0,0,0,0,0,0,0,0,0,1,0,0,0,0,1,0,0,0,0,0,200000000,245000000.0,30,45000000.0,18.367346938775512,3.5,133333333.33333331,167166666.66666666,30.0,3607.6666666666665,1
43,1,0,0,0,0,0,1,0,0,0,0,0,0,0,0,0,0,0,0,0,1,0,0,0,0,40000,48000.0,60,8000.0,16.666666666666664,3.5,216666666.66666663,262666666.66666663,35.0,3615.3333333333335,3
47,0,1,1,0,0,0,0,0,0,0,0,0,0,0,0,0,0,0,0,1,0,0,0,0,0,10000,13000.0,30,3000.0,23.07692307692308,1.5,100000000.0,130000000.0,30.0,3610.5,1
33,1,0,1,0,0,0,0,0,0,0,0,0,0,0,0,0,0,0,0,0,0,0,0,1,0,400000000,480000000.0,60,80000000.0,16.666666666666664,4.5,225000000.0,268500000.0,35.625,3617.0,3
41,1,0,0,0,0,0,1,0,0,0,0,0,0,0,0,0,0,0,0,0,0,0,1,0,0,250000000,287500000.0,30,37500000.0,13.043478260869565,4.5,160000000.0,197875000.0,31.875,3610.375,1
36,0,1,0,0,0,0,0,1,0,0,0,0,0,0,0,0,0,0,0,0,1,0,0,0,0,100000000,130000000.0,30,30000000.0,23.07692307692308,1.0,100000000.0,115000000.0,15.0,3668.0,1
58,0,1,0,0,0,0,0,1,0,0,0,0,0,0,0,0,0,0,0,0,1,0,0,0,0,10000,13000.0,30,3000.0,23.07692307692308,3.5,133333333.33333331,166000000.0,30.0,3608.5,1
32,0,1,0,0,0,0,0,1,0,0,0,0,0,0,0,0,0,0,0,0,0,0,0,1,0,100000000,130000000.0,30,30000000.0,23.07692307692308,1.5,100000000.0,130000000.0,30.0,3612.5,1
41,0,1,0,0,0,0,0,0,0,0,0,0,0,0,1,0,0,0,0,1,0,0,0,0,0,200000000,222500000.0,15,22500000.0,10.112359550561797,2.5,125000000.0,141875000.0,15.0,3608.75,0
40,0,1,0,0,0,0,0,1,0,0,0,0,0,0,0,0,0,0,0,1,0,0,0,0,0,100000000,130000000.0,30,30000000.0,23.07692307692308,1.0,100000000.0,130000000.0,30.0,3669.0,1
29,0,1,0,0,0,0,0,1,0,0,0,0,0,0,0,0,0,0,0,0,1,0,0,0,0,100000000,130000000.0,30,30000000.0,23.07692307692308,2.0,100000000.0,125000000.0,25.0,3607.0,1
38,0,1,0,0,0,0,0,0,0,0,0,0,0,0,1,0,0,0,0,0,1,0,0,0,0,100000000,115000000.0,15,15000000.0,13.043478260869565,1.5,100000000.0,122500000.0,22.5,3636.5,0
46,0,1,0,0,0,0,0,1,0,0,0,0,0,0,0,0,0,0,0,1,0,0,0,0,0,100000000,115000000.0,15,15000000.0,13.043478260869565,1.5,100000000.0,115000000.0,15.0,3613.0,0
33,0,1,0,0,0,0,0,0,0,0,0,0,0,0,0,0,0,0,1,0,1,0,0,0,0,200000000,245000000.0,30,45000000.0,18.367346938775512,2.5,125000000.0,155000000.0,26.25,3608.0,1
38,0,1,0,0,0,0,0,0,0,0,0,0,0,0,0,0,0,0,0,0,1,0,0,0,0,200000000,245000000.0,30,45000000.0,18.367346938775512,2.5,125000000.0,158750000.0,30.0,4375.5,4
34,0,1,0,1,0,0,0,0,0,0,0,0,0,0,0,0,0,0,0,0,1,0,0,0,0,100000000,130000000.0,30,30000000.0,23.07692307692308,1.0,100000000.0,130000000.0,30.0,3669.0,1
33,0,1,0,0,0,0,0,0,0,0,0,0,0,0,0,0,0,0,0,0,1,0,0,0,0,100000000,130000000.0,30,30000000.0,23.07692307692308,2.0,100000000.0,125000000.0,25.0,3608.6666666666665,1
37,0,1,0,0,0,0,0,1,0,0,0,0,0,0,0,0,0,0,0,1,0,0,0,0,0,100000000,130000000.0,30,30000000.0,23.07692307692308,2.0,100000000.0,120000000.0,20.0,3607.3333333333335,1
38,0,1,0,0,0,0,0,0,0,0,0,0,0,0,1,0,0,0,0,0,1,0,0,0,0,10000,11500.0,15,1500.0,13.043478260869565,3.5,150000000.0,170083333.33333334,17.5,3619.1666666666665,0
29,0,1,0,0,0,0,0,0,0,0,0,0,0,0,0,0,0,0,0,0,0,0,0,1,0,100000000,115000000.0,15,15000000.0,13.043478260869565,1.0,100000000.0,115000000.0,15.0,3668.0,0
36,0,1,1,0,0,0,0,0,0,0,0,0,0,0,0,0,0,0,0,0,0,0,0,1,0,150000000,183750000.0,30,33750000.0,18.367346938775512,4.0,135714285.7142857,169500000.0,30.0,3609.142857142857,1
34,0,1,0,0,0,0,0,1,0,0,0,0,0,0,0,0,0,0,0,0,1,0,0,0,0,10000,13000.0,30,3000.0,23.07692307692308,1.0,100000000.0,130000000.0,30.0,3668.0,1
39,0,1,0,0,0,0,0,1,0,0,0,0,0,0,0,0,0,0,0,0,1,0,0,0,0,200000000,245000000.0,30,45000000.0,18.367346938775512,2.0,100000000.0,130000000.0,30.0,3610.0,1
38,1,0,0,0,0,0,0,1,0,0,0,0,0,0,0,0,0,0,0,0,1,0,0,0,0,10000,11125.0,15,1125.0,10.112359550561797,2.5,100000000.0,122500000.0,22.5,3610.0,0
34,0,1,0,0,0,0,0,1,0,0,0,0,0,0,0,0,0,0,0,1,0,0,0,0,0,20000,24500.0,30,4500.0,18.367346938775512,2.0,133333333.33333331,163333333.33333334,25.0,3627.0,1
31,0,1,0,0,0,0,0,0,0,0,0,0,0,0,1,0,0,0,0,0,1,0,0,0,0,200000000,245000000.0,30,45000000.0,18.367346938775512,2.0,100000000.0,115000000.0,15.0,3627.6666666666665,1
40,0,1,0,0,1,0,0,0,0,0,0,0,0,0,0,0,0,0,0,1,0,0,0,0,0,300000000,345000000.0,30,45000000.0,13.043478260869565,4.0,185714285.7142857,210428571.42857143,19.285714285714285,3623.714285714286,1
26,1,0,0,0,0,1,0,0,0,0,0,0,0,0,0,0,0,0,0,0,1,0,0,0,0,100000000,130000000.0,30,30000000.0,23.07692307692308,1.0,100000000.0,115000000.0,15.0,3668.0,1
57,0,1,0,0,0,0,0,0,0,0,0,0,0,0,0,0,0,0,0,0,1,0,0,0,0,10000,11500.0,15,1500.0,13.043478260869565,1.0,100000000.0,130000000.0,30.0,3667.0,0
47,0,1,0,0,1,0,0,0,0,0,0,0,0,0,0,0,0,0,0,0,0,0,1,0,0,200000000,245000000.0,30,45000000.0,18.367346938775512,4.0,128571428.57142857,161857142.85714287,30.0,3608.428571428572,1
33,0,1,0,0,0,0,1,0,0,0,0,0,0,0,0,0,0,0,0,0,1,0,0,0,0,100000000,130000000.0,30,30000000.0,23.07692307692308,3.0,100000000.0,127000000.0,27.0,3620.8,1
27,1,0,0,0,0,0,0,1,0,0,0,0,0,0,0,0,0,0,0,0,1,0,0,0,0,100000000,130000000.0,30,30000000.0,23.07692307692308,1.0,100000000.0,130000000.0,30.0,3667.0,1
32,0,1,0,0,0,0,0,1,0,0,0,0,0,0,0,0,0,0,0,1,0,0,0,0,0,100000000,130000000.0,30,30000000.0,23.07692307692308,1.0,100000000.0,130000000.0,30.0,3630.0,1
28,1,0,0,0,0,0,1,0,0,0,0,0,0,0,0,0,0,0,0,0,0,0,0,1,0,400000000,480000000.0,60,80000000.0,16.666666666666664,5.5,240000000.0,285450000.0,36.0,3610.4,3
45,1,0,0,0,0,0,0,0,0,0,0,0,0,0,1,0,0,0,0,0,1,0,0,0,0,150000000,183750000.0,30,33750000.0,18.367346938775512,2.5,100000000.0,130000000.0,30.0,3627.25,1
37,0,1,0,0,0,0,0,1,0,0,0,0,0,0,0,0,0,0,0,0,1,0,0,0,0,100000000,130000000.0,30,30000000.0,23.07692307692308,1.0,100000000.0,130000000.0,30.0,3606.0,1
48,1,0,0,0,0,0,1,0,0,0,0,0,0,0,0,0,0,0,0,0,1,0,0,0,0,10000,11500.0,15,1500.0,13.043478260869565,1.0,100000000.0,115000000.0,15.0,3620.0,0
39,0,1,0,0,0,0,0,0,0,0,0,0,0,0,0,0,0,0,1,0,1,0,0,0,0,10000,11500.0,15,1500.0,13.043478260869565,1.0,100000000.0,115000000.0,15.0,3611.0,0
35,0,1,0,0,0,0,0,0,0,0,0,0,0,0,0,0,0,0,1,0,1,0,0,0,0,100000000,130000000.0,30,30000000.0,23.07692307692308,1.0,100000000.0,130000000.0,30.0,3614.0,1
38,1,0,0,0,0,0,0,1,0,0,0,0,0,0,0,0,0,0,0,0,1,0,0,0,0,400000000,440000000.0,30,40000000.0,9.090909090909092,6.5,225000000.0,261500000.0,27.5,4188.416666666667,1
44,0,1,0,0,1,0,0,0,0,0,0,0,0,0,0,0,0,0,0,0,1,0,0,0,0,300000000,345000000.0,30,45000000.0,13.043478260869565,3.5,150000000.0,171666666.66666666,17.5,3608.5,1
43,0,1,1,0,0,0,0,0,0,0,0,0,0,0,0,0,0,0,0,0,1,0,0,0,0,30000,34500.0,30,4500.0,13.043478260869565,3.0,180000000.0,214500000.0,27.0,3621.0,1
33,0,1,0,0,0,0,0,0,0,0,0,1,0,0,0,0,0,0,0,0,1,0,0,0,0,100000000,130000000.0,30,30000000.0,23.07692307692308,1.0,100000000.0,130000000.0,30.0,3668.0,1
54,0,1,0,0,0,0,0,1,0,0,0,0,0,0,0,0,0,0,0,0,1,0,0,0,0,10000,13000.0,30,3000.0,23.07692307692308,1.0,100000000.0,130000000.0,30.0,3667.0,1
40,0,1,0,0,0,0,0,1,0,0,0,0,0,0,0,0,0,0,0,1,0,0,0,0,0,100000000,130000000.0,30,30000000.0,23.07692307692308,1.5,100000000.0,122500000.0,22.5,3638.5,1
36,0,1,0,0,0,1,0,0,0,0,0,0,0,0,0,0,0,0,0,0,1,0,0,0,0,100000000,115000000.0,15,15000000.0,13.043478260869565,2.0,100000000.0,115000000.0,15.0,3627.3333333333335,0
31,1,0,0,0,0,0,0,0,0,0,0,0,0,0,0,0,0,0,1,0,1,0,0,0,0,200000000,245000000.0,30,45000000.0,18.367346938775512,5.0,200000000.0,229055555.55555555,21.666666666666668,3609.777777777778,1
33,0,1,0,0,0,0,0,1,0,0,0,0,0,0,0,0,0,0,0,0,1,0,0,0,0,100000000,115000000.0,15,15000000.0,13.043478260869565,1.0,100000000.0,115000000.0,15.0,3613.0,0
33,0,1,0,0,0,0,0,1,0,0,0,0,0,0,0,0,0,0,0,0,1,0,0,0,0,100000000,115000000.0,15,15000000.0,13.043478260869565,1.0,100000000.0,115000000.0,15.0,3670.0,0
46,0,1,0,0,0,0,1,0,0,0,0,0,0,0,0,0,0,0,0,0,1,0,0,0,0,10000,13000.0,30,3000.0,23.07692307692308,1.0,100000000.0,130000000.0,30.0,3607.0,1
37,0,1,0,0,0,0,1,0,0,0,0,0,0,0,0,0,0,0,0,0,1,0,0,0,0,100000000,130000000.0,30,30000000.0,23.07692307692308,1.5,100000000.0,130000000.0,30.0,3606.5,1
33,1,0,0,0,0,0,1,0,0,0,0,0,0,0,0,0,0,0,0,0,1,0,0,0,0,300000000,390000000.0,60,90000000.0,23.07692307692308,3.5,130000000.0,164000000.0,30.0,3619.1666666666665,3
37,0,1,0,1,0,0,0,0,0,0,0,0,0,0,0,0,0,0,0,0,1,0,0,0,0,100000000,130000000.0,30,30000000.0,23.07692307692308,1.5,100000000.0,127500000.0,30.0,3637.5,1
34,0,1,0,1,0,0,0,0,0,0,0,0,0,0,0,0,0,0,0,0,1,0,0,0,0,200000000,240000000.0,30,40000000.0,16.666666666666664,1.5,100000000.0,122500000.0,22.5,3610.5,1
40,0,1,0,0,0,0,0,1,0,0,0,0,0,0,0,0,0,0,0,0,1,0,0,0,0,30000,34500.0,30,4500.0,13.043478260869565,4.0,171428571.42857143,193928571.42857143,17.142857142857142,3606.714285714286,1
36,0,1,0,0,0,0,0,0,0,0,0,0,0,0,1,0,0,0,0,0,1,0,0,0,0,100000000,130000000.0,30,30000000.0,23.07692307692308,1.0,100000000.0,130000000.0,30.0,3614.0,1
52,0,1,0,0,0,0,0,1,0,0,0,0,0,0,0,0,0,0,0,0,1,0,0,0,0,100000000,130000000.0,30,30000000.0,23.07692307692308,1.5,100000000.0,122500000.0,22.5,3610.5,1
30,0,1,1,0,0,0,0,0,0,0,0,0,0,0,0,0,0,0,0,0,1,0,0,0,0,300000000,345000000.0,30,45000000.0,13.043478260869565,6.5,191666666.66666663,217708333.3333333,20.0,3607.6666666666665,1
39,0,1,0,0,0,0,0,0,0,0,0,0,0,0,1,0,0,0,0,0,1,0,0,0,0,300000000,390000000.0,60,90000000.0,23.07692307692308,4.5,187500000.0,232750000.0,37.5,3618.5,3
38,0,1,0,0,0,0,0,1,0,0,0,0,0,0,0,0,0,0,0,0,1,0,0,0,0,200000000,245000000.0,30,45000000.0,18.367346938775512,3.0,140000000.0,167000000.0,21.0,3619.4,1
38,0,1,1,0,0,0,0,0,0,0,0,0,0,0,0,0,0,0,0,1,0,0,0,0,0,20000,24500.0,30,4500.0,18.367346938775512,2.0,100000000.0,130000000.0,30.0,3627.0,1
32,0,1,0,0,0,0,1,0,0,0,0,0,0,0,0,0,0,0,0,0,1,0,0,0,0,10000,13000.0,30,3000.0,23.07692307692308,1.0,100000000.0,115000000.0,15.0,3670.0,1
33,0,1,0,0,0,0,0,0,0,0,0,0,0,0,0,0,0,0,1,1,0,0,0,0,0,100000000,130000000.0,30,30000000.0,23.07692307692308,1.0,100000000.0,115000000.0,15.0,3669.0,1
35,0,1,1,0,0,0,0,0,0,0,0,0,0,0,0,0,0,0,0,0,1,0,0,0,0,200000000,245000000.0,30,45000000.0,18.367346938775512,2.0,100000000.0,130000000.0,30.0,3607.6666666666665,1
37,0,1,0,0,0,0,1,0,0,0,0,0,0,0,0,0,0,0,0,0,1,0,0,0,0,100000000,130000000.0,30,30000000.0,23.07692307692308,1.5,100000000.0,130000000.0,30.0,3610.5,1
31,0,1,0,0,0,0,0,0,0,0,0,1,0,0,0,0,0,0,0,0,1,0,0,0,0,100000000,130000000.0,30,30000000.0,23.07692307692308,1.0,100000000.0,130000000.0,30.0,3668.0,1
37,0,1,0,0,0,0,0,1,0,0,0,0,0,0,0,0,0,0,0,0,1,0,0,0,0,150000000,183750000.0,30,33750000.0,18.367346938775512,2.5,92500000.0,113875000.0,22.5,3607.0,1
49,1,0,0,0,1,0,0,0,0,0,0,0,0,0,0,0,0,0,0,0,0,0,1,0,0,100000000,130000000.0,30,30000000.0,23.07692307692308,2.0,100000000.0,130000000.0,30.0,3632.3333333333335,1
39,0,1,0,0,0,0,0,1,0,0,0,0,0,0,0,0,0,0,0,1,0,0,0,0,0,10000,13000.0,30,3000.0,23.07692307692308,1.0,100000000.0,115000000.0,15.0,3668.0,1
39,0,1,0,0,0,0,0,1,0,0,0,0,0,0,0,0,0,0,0,0,1,0,0,0,0,100000000,115000000.0,15,15000000.0,13.043478260869565,1.0,100000000.0,115000000.0,15.0,3671.0,0
60,0,1,0,0,0,0,0,0,0,0,0,0,0,0,0,0,0,0,0,0,1,0,0,0,0,100000000,115000000.0,15,15000000.0,13.043478260869565,1.5,100000000.0,130000000.0,30.0,3609.5,0
38,0,1,0,0,0,0,0,1,0,0,0,0,0,0,0,0,0,0,0,0,1,0,0,0,0,100000000,130000000.0,30,30000000.0,23.07692307692308,2.0,100000000.0,130000000.0,30.0,3613.0,1
31,1,0,1,0,0,0,0,0,0,0,0,0,0,0,0,0,0,0,0,0,0,0,1,0,0,300000000,345000000.0,30,45000000.0,13.043478260869565,4.0,200000000.0,237571428.57142857,30.0,3607.142857142857,1
42,0,1,0,0,1,0,0,0,0,0,0,0,0,0,0,0,0,0,0,0,1,0,0,0,0,10000,13000.0,30,3000.0,23.07692307692308,2.0,100000000.0,125000000.0,25.0,3606.3333333333335,1
33,0,1,0,0,0,0,0,0,0,0,0,0,0,0,0,0,0,0,1,0,1,0,0,0,0,100000000,130000000.0,30,30000000.0,23.07692307692308,1.0,100000000.0,130000000.0,30.0,3669.0,1
29,0,1,0,0,0,0,0,0,0,0,0,0,0,0,0,0,0,0,0,1,0,0,0,0,0,200000000,245000000.0,30,45000000.0,18.367346938775512,2.5,125000000.0,158750000.0,30.0,3623.25,1
36,0,1,0,0,1,0,0,0,0,0,0,0,0,0,0,0,0,0,0,0,1,0,0,0,0,10000,13000.0,30,3000.0,23.07692307692308,1.5,100000000.0,130000000.0,30.0,3638.0,1
44,1,0,0,0,0,0,0,0,0,0,0,0,0,0,0,0,0,0,1,0,0,0,1,0,0,100000000,115000000.0,15,15000000.0,13.043478260869565,1.0,100000000.0,115000000.0,15.0,3671.0,0
36,1,0,0,0,0,0,0,1,0,0,0,0,0,0,0,0,0,0,0,0,1,0,0,0,0,400000000,480000000.0,60,80000000.0,16.666666666666664,6.0,222727272.72727272,271613636.3636364,40.90909090909091,3616.5454545454554,3
41,0,1,0,0,0,0,0,1,0,0,0,0,0,0,0,0,0,0,0,0,1,0,0,0,0,100000000,110000000.0,15,10000000.0,9.090909090909092,1.0,100000000.0,115000000.0,15.0,3669.0,0
43,0,1,0,0,0,0,0,0,0,0,0,0,0,0,0,0,0,0,0,1,0,0,0,0,0,100000000,130000000.0,30,30000000.0,23.07692307692308,1.0,100000000.0,115000000.0,15.0,3614.0,1
31,1,0,0,0,0,0,0,0,0,0,0,0,0,0,0,0,0,0,0,0,1,0,0,0,0,150000000,166875000.0,15,16875000.0,10.112359550561797,5.0,200000000.0,226222222.2222222,20.0,3615.8888888888887,0
42,0,1,0,0,0,0,0,0,0,0,0,0,0,0,0,0,0,0,0,0,1,0,0,0,0,100000000,115000000.0,15,15000000.0,13.043478260869565,5.0,97777777.77777778,118777777.77777778,21.666666666666668,3608.777777777778,0
33,0,1,0,0,0,0,0,0,0,0,0,0,0,0,1,0,0,0,0,0,1,0,0,0,0,100000000,130000000.0,30,30000000.0,23.07692307692308,1.5,100000000.0,130000000.0,30.0,3610.5,1
33,1,0,0,0,0,0,0,1,0,0,0,0,0,0,0,0,0,0,0,0,1,0,0,0,0,300000000,345000000.0,30,45000000.0,13.043478260869565,4.5,212500000.0,244875000.0,24.375,3617.125,1
41,0,1,1,0,0,0,0,0,0,0,0,0,0,0,0,0,0,0,0,0,1,0,0,0,0,100000000,130000000.0,30,30000000.0,23.07692307692308,1.5,100000000.0,130000000.0,30.0,3640.0,1
35,1,0,0,0,0,0,1,0,0,0,0,0,0,0,0,0,0,0,0,0,1,0,0,0,0,300000000,345000000.0,30,45000000.0,13.043478260869565,5.0,177777777.7777778,200777777.7777778,18.33333333333333,3610.222222222222,1
32,0,1,0,0,0,0,1,0,0,0,0,0,0,0,0,0,0,0,0,0,1,0,0,0,0,100000000,130000000.0,30,30000000.0,23.07692307692308,1.0,100000000.0,130000000.0,30.0,3609.0,1
45,0,1,1,0,0,0,0,0,0,0,0,0,0,0,0,0,0,0,0,0,1,0,0,0,0,100000000,130000000.0,30,30000000.0,23.07692307692308,1.0,100000000.0,130000000.0,30.0,3667.0,1
39,0,1,0,0,0,0,0,0,0,0,0,0,0,0,0,0,0,0,0,0,1,0,0,0,0,20000,24500.0,30,4500.0,18.367346938775512,3.0,140000000.0,171600000.0,27.0,3607.6,1
35,0,1,0,0,0,0,0,1,0,0,0,0,0,0,0,0,0,0,0,0,1,0,0,0,0,100000000,115000000.0,15,15000000.0,13.043478260869565,1.5,100000000.0,115000000.0,15.0,3637.5,0
34,0,1,0,0,0,0,0,0,0,0,0,1,0,0,0,0,0,0,0,0,1,0,0,0,0,200000000,245000000.0,30,45000000.0,18.367346938775512,2.5,125000000.0,153750000.0,26.25,3611.75,1
29,0,1,0,0,0,0,0,1,0,0,0,0,0,0,0,0,0,0,0,0,1,0,0,0,0,200000000,245000000.0,30,45000000.0,18.367346938775512,2.0,100000000.0,130000000.0,30.0,3609.3333333333335,1
37,0,1,0,0,0,0,0,1,0,0,0,0,0,0,0,0,0,0,0,1,0,0,0,0,0,100000000,115000000.0,15,15000000.0,13.043478260869565,1.5,100000000.0,122500000.0,22.5,3637.5,0
45,0,1,0,0,0,0,0,0,0,0,1,0,0,0,0,0,0,0,0,0,1,0,0,0,0,10000,13000.0,30,3000.0,23.07692307692308,1.5,100000000.0,130000000.0,30.0,3611.0,1
33,0,1,0,0,0,0,1,0,0,0,0,0,0,0,0,0,0,0,0,1,0,0,0,0,0,100000000,115000000.0,15,15000000.0,13.043478260869565,1.0,100000000.0,115000000.0,15.0,3670.0,0
27,1,0,0,0,0,0,1,0,0,0,0,0,0,0,0,0,0,0,0,0,0,0,0,1,0,200000000,245000000.0,30,45000000.0,18.367346938775512,6.0,127272727.27272728,142863636.36363637,15.0,3613.5454545454554,1
44,0,1,0,0,0,0,0,1,0,0,0,0,0,0,0,0,0,0,0,0,1,0,0,0,0,100000000,115000000.0,15,15000000.0,13.043478260869565,2.5,100000000.0,121562500.0,22.5,3610.75,0
40,0,1,0,0,0,0,1,0,0,0,0,0,0,0,0,0,0,0,0,0,1,0,0,0,0,10000,13000.0,30,3000.0,23.07692307692308,1.5,100000000.0,130000000.0,30.0,3609.5,1
46,0,1,0,0,0,0,0,0,0,0,0,0,0,0,0,0,0,0,0,0,1,0,0,0,0,200000000,245000000.0,30,45000000.0,18.367346938775512,2.5,125000000.0,158750000.0,30.0,3608.5,1
33,0,1,0,0,0,0,0,0,0,0,0,0,0,0,0,0,0,0,0,0,1,0,0,0,0,100000000,130000000.0,30,30000000.0,23.07692307692308,2.0,100000000.0,130000000.0,30.0,3606.3333333333335,1
48,0,1,0,0,0,0,1,0,0,0,0,0,0,0,0,0,0,0,0,0,1,0,0,0,0,10000,13000.0,30,3000.0,23.07692307692308,1.0,100000000.0,115000000.0,15.0,3668.0,1
36,1,0,0,1,0,0,0,0,0,0,0,0,0,0,0,0,0,0,0,0,0,0,1,0,0,300000000,345000000.0,30,45000000.0,13.043478260869565,3.0,180000000.0,206499800.0,21.0,3608.0,1
36,0,1,0,0,0,0,0,0,0,0,0,0,0,0,0,0,0,0,1,1,0,0,0,0,0,10000,13000.0,30,3000.0,23.07692307692308,1.5,100000000.0,115000000.0,15.0,3638.0,1
36,0,1,0,0,0,0,0,0,0,0,0,0,0,0,0,0,0,0,0,0,1,0,0,0,0,100000000,115000000.0,15,15000000.0,13.043478260869565,1.5,100000000.0,115000000.0,15.0,3613.5,0
32,0,1,0,0,0,0,0,0,0,0,1,0,0,0,0,0,0,0,0,0,1,0,0,0,0,20000,24500.0,30,4500.0,18.367346938775512,4.0,200000000.0,245000000.0,30.0,3668.0,1
37,0,1,0,0,0,0,0,1,0,0,0,0,0,0,0,0,0,0,0,0,1,0,0,0,0,100000000,130000000.0,30,30000000.0,23.07692307692308,1.0,100000000.0,115000000.0,15.0,3668.0,1
35,0,1,1,0,0,0,0,0,0,0,0,0,0,0,0,0,0,0,0,0,1,0,0,0,0,100000000,111250000.0,15,11250000.0,10.112359550561797,2.0,100000000.0,115000000.0,15.0,3606.6666666666665,0
42,0,1,0,0,0,0,0,0,0,0,0,0,0,0,0,0,0,0,1,0,1,0,0,0,0,100000000,130000000.0,30,30000000.0,23.07692307692308,1.5,100000000.0,130000000.0,30.0,3670.0,1
42,0,1,0,0,0,0,0,1,0,0,0,0,0,0,0,0,0,0,0,0,1,0,0,0,0,100000000,130000000.0,30,30000000.0,23.07692307692308,1.0,100000000.0,130000000.0,30.0,3612.0,1
37,0,1,0,0,0,0,0,0,0,0,0,0,0,0,0,0,0,0,0,1,0,0,0,0,0,100000000,130000000.0,30,30000000.0,23.07692307692308,1.0,100000000.0,115000000.0,15.0,3669.0,1
28,0,1,0,0,0,0,0,0,0,0,0,0,0,0,0,0,0,0,1,0,1,0,0,0,0,400000000,480000000.0,60,80000000.0,16.666666666666664,8.5,209375000.0,248312500.0,32.8125,5327.75,5
40,1,0,0,0,0,0,0,1,0,0,0,0,0,0,0,0,0,0,0,0,0,0,1,0,0,400000000,480000000.0,60,80000000.0,16.666666666666664,4.5,250000000.0,304375000.0,45.0,3610.625,3
41,0,1,0,0,0,0,0,1,0,0,0,0,0,0,0,0,0,0,0,1,0,0,0,0,0,100000000,130000000.0,30,30000000.0,23.07692307692308,1.0,100000000.0,130000000.0,30.0,3614.0,1
38,0,1,0,0,0,0,0,1,0,0,0,0,0,0,0,0,0,0,0,0,1,0,0,0,0,300000000,390000000.0,60,90000000.0,23.07692307692308,3.5,150000000.0,178833333.33333334,22.5,3608.5,3
31,0,1,0,0,0,0,1,0,0,0,0,0,0,0,0,0,0,0,0,0,1,0,0,0,0,100000000,122500000.0,30,22500000.0,18.367346938775512,2.5,125000000.0,155625000.0,30.0,3607.75,1
42,0,1,0,0,0,0,0,1,0,0,0,0,0,0,0,0,0,0,0,0,1,0,0,0,0,200000000,245000000.0,30,45000000.0,18.367346938775512,2.5,112500000.0,135468750.0,22.5,3622.5,1
51,0,0,0,0,0,0,0,0,0,0,0,1,0,0,0,0,0,0,0,0,1,0,0,0,0,100000000,130000000.0,30,30000000.0,23.07692307692308,1.0,100000000.0,130000000.0,30.0,3674.0,1
35,0,1,0,0,0,0,0,1,0,0,0,0,0,0,0,0,0,0,0,0,1,0,0,0,0,100000000,115000000.0,15,15000000.0,13.043478260869565,1.5,100000000.0,115000000.0,15.0,3609.5,0
32,0,1,0,1,0,0,0,0,0,0,0,0,0,0,0,0,0,0,0,0,1,0,0,0,0,100000000,130000000.0,30,30000000.0,23.07692307692308,1.0,100000000.0,115000000.0,15.0,3614.0,1
43,0,1,0,0,0,0,0,0,0,0,0,1,0,0,0,0,0,0,0,0,1,0,0,0,0,10000,11500.0,15,1500.0,13.043478260869565,1.0,100000000.0,130000000.0,30.0,3668.0,0
36,0,1,0,0,0,0,0,1,0,0,0,0,0,0,0,0,0,0,0,0,1,0,0,0,0,200000000,245000000.0,30,45000000.0,18.367346938775512,2.5,125000000.0,146250000.0,18.75,3608.0,1
33,0,1,0,0,0,0,0,1,0,0,0,0,0,0,0,0,0,0,0,0,1,0,0,0,0,100000000,130000000.0,30,30000000.0,23.07692307692308,1.5,100000000.0,130000000.0,30.0,3610.0,1
36,0,1,0,0,0,0,0,0,0,0,0,0,0,0,0,0,0,0,0,0,1,0,0,0,0,100000000,130000000.0,30,30000000.0,23.07692307692308,1.0,100000000.0,115000000.0,15.0,3608.0,1
32,0,1,0,0,0,0,0,1,0,0,0,0,0,0,0,0,0,0,0,0,1,0,0,0,0,300000000,360000000.0,60,60000000.0,16.666666666666664,5.5,150000000.0,187050000.0,36.0,3610.9,3
40,0,1,0,0,0,0,0,0,0,0,0,1,0,0,0,0,0,0,0,0,1,0,0,0,0,100000000,115000000.0,15,15000000.0,13.043478260869565,1.0,100000000.0,115000000.0,15.0,6545.0,5
32,0,1,0,0,0,0,1,0,0,0,0,0,0,0,0,0,0,0,0,0,1,0,0,0,0,100000000,115000000.0,15,15000000.0,13.043478260869565,1.5,100000000.0,122500000.0,22.5,3610.0,0
36,0,1,0,0,0,0,0,0,0,0,0,0,0,0,0,0,0,0,1,0,1,0,0,0,0,100000000,122500000.0,30,22500000.0,18.367346938775512,2.0,100000000.0,130000000.0,30.0,3607.6666666666665,1
35,0,1,0,0,0,0,0,1,0,0,0,0,0,0,0,0,0,0,0,0,1,0,0,0,0,150000000,166875000.0,15,16875000.0,10.112359550561797,3.0,100000000.0,113500000.0,15.0,3619.4,0
27,0,1,0,0,0,0,0,0,0,0,0,0,0,0,0,0,0,0,0,0,0,0,0,1,0,300000000,345000000.0,30,45000000.0,13.043478260869565,3.0,160000000.0,186250000.0,21.0,3619.8,1
29,0,1,0,0,0,0,0,1,0,0,0,0,0,0,0,0,0,0,0,0,1,0,0,0,0,10000,13000.0,30,3000.0,23.07692307692308,1.5,100000000.0,130000000.0,30.0,3637.0,1
41,0,1,0,0,0,0,0,0,0,0,0,0,0,0,0,0,0,0,0,0,1,0,0,0,0,100000000,130000000.0,30,30000000.0,23.07692307692308,1.0,100000000.0,130000000.0,30.0,3668.0,1
37,0,1,0,0,0,0,0,1,0,0,0,0,0,0,0,0,0,0,0,0,1,0,0,0,0,100000000,115000000.0,15,15000000.0,13.043478260869565,1.0,100000000.0,115000000.0,15.0,3668.0,0
31,0,1,0,0,0,0,0,1,0,0,0,0,0,0,0,0,0,0,0,1,0,0,0,0,0,100000000,130000000.0,30,30000000.0,23.07692307692308,1.0,100000000.0,115000000.0,15.0,3668.0,1
42,0,1,0,0,0,0,0,1,0,0,0,0,0,0,0,0,0,0,0,0,1,0,0,0,0,100000000,130000000.0,30,30000000.0,23.07692307692308,1.5,100000000.0,122500000.0,22.5,3614.0,1
58,1,0,0,0,0,0,1,0,0,0,0,0,0,0,0,0,0,0,0,0,1,0,0,0,0,300000000,345000000.0,30,45000000.0,13.043478260869565,3.0,180000000.0,206200000.0,21.0,3612.8,1
41,0,1,0,0,0,0,0,1,0,0,0,0,0,0,0,0,0,0,0,1,0,0,0,0,0,300000000,345000000.0,30,45000000.0,13.043478260869565,4.5,187500000.0,216187500.0,22.5,3607.25,1
48,0,1,0,0,0,0,1,0,0,0,0,0,0,0,0,0,0,0,0,0,0,0,1,0,0,30000,34500.0,30,4500.0,13.043478260869565,5.0,233333333.3333333,269611111.1111111,26.666666666666668,3609.0,1
43,1,0,0,0,0,0,1,0,0,0,0,0,0,0,0,0,0,0,0,0,1,0,0,0,0,400000000,480000000.0,60,80000000.0,16.666666666666664,5.5,229000000.0,269850000.0,34.5,3611.6,3
36,0,1,0,0,0,0,0,0,0,0,0,0,0,0,0,0,0,0,0,0,1,0,0,0,0,10000,12250.0,30,2250.0,18.367346938775512,2.5,112500000.0,135937500.0,22.5,3608.25,1
31,0,1,0,0,0,0,0,0,0,0,0,0,0,0,0,0,0,0,0,0,1,0,0,0,0,100000000,130000000.0,30,30000000.0,23.07692307692308,1.0,100000000.0,115000000.0,15.0,3608.0,1
56,0,1,0,0,0,0,0,1,0,0,0,0,0,0,0,0,0,0,0,0,1,0,0,0,0,100000000,130000000.0,30,30000000.0,23.07692307692308,1.0,100000000.0,130000000.0,30.0,3668.0,1
28,0,1,0,0,0,1,0,0,0,0,0,0,0,0,0,0,0,0,0,0,1,0,0,0,0,10000,13000.0,30,3000.0,23.07692307692308,1.0,100000000.0,130000000.0,30.0,3670.0,1
37,0,1,0,0,0,0,0,0,0,0,0,0,0,0,1,0,0,0,0,0,1,0,0,0,0,100000000,115000000.0,15,15000000.0,13.043478260869565,1.5,100000000.0,115000000.0,15.0,3614.0,0
40,0,1,0,0,0,0,0,0,0,0,0,1,0,0,0,0,0,0,0,0,1,0,0,0,0,100000000,130000000.0,30,30000000.0,23.07692307692308,1.5,100000000.0,130000000.0,30.0,3612.0,1
38,0,1,0,0,0,0,0,0,0,0,0,0,0,0,0,0,0,0,0,0,1,0,0,0,0,100000000,130000000.0,30,30000000.0,23.07692307692308,1.0,100000000.0,130000000.0,30.0,3669.0,1
43,0,1,0,0,1,0,0,0,0,0,0,0,0,0,0,0,0,0,0,1,0,0,0,0,0,30000,34500.0,30,4500.0,13.043478260869565,3.5,150000000.0,186333333.3333333,30.0,3608.5,1
36,0,1,0,0,0,0,0,1,0,0,0,0,0,0,0,0,0,0,0,0,1,0,0,0,0,100000000,130000000.0,30,30000000.0,23.07692307692308,1.0,100000000.0,130000000.0,30.0,3607.0,1
35,0,1,0,0,0,0,0,1,0,0,0,0,0,0,0,0,0,0,0,0,1,0,0,0,0,200000000,245000000.0,30,45000000.0,18.367346938775512,2.5,125000000.0,140625000.0,15.0,3607.0,1
33,0,1,0,0,0,0,1,0,0,0,0,0,0,0,0,0,0,0,0,0,1,0,0,0,0,300000000,390000000.0,60,90000000.0,23.07692307692308,4.0,171428571.42857143,199357142.85714287,21.428571428571427,3623.428571428572,3
34,0,1,0,0,0,0,0,1,0,0,0,0,0,0,0,0,0,0,0,0,1,0,0,0,0,400000000,440000000.0,30,40000000.0,9.090909090909092,6.5,266666666.66666663,297416666.6666667,22.5,3614.0833333333335,1
34,0,1,0,0,0,0,1,0,0,0,0,0,0,0,0,0,0,0,0,0,1,0,0,0,0,300000000,345000000.0,30,45000000.0,13.043478260869565,3.5,150000000.0,183833333.3333333,27.5,3617.3333333333335,1
33,0,1,0,0,0,0,0,0,0,0,0,0,0,0,0,0,0,0,0,0,1,0,0,0,0,30000,34500.0,30,4500.0,13.043478260869565,4.0,157142857.14285713,183571428.57142857,23.571428571428573,3608.0,1
56,0,1,0,0,0,0,1,0,0,0,0,0,0,0,0,0,0,0,0,0,1,0,0,0,0,100000000,130000000.0,30,30000000.0,23.07692307692308,1.5,100000000.0,130000000.0,30.0,3608.5,1
30,0,1,0,0,0,0,0,0,0,0,0,0,0,0,1,0,0,0,0,0,1,0,0,0,0,100000000,125000000.0,30,25000000.0,20.0,1.0,100000000.0,130000000.0,30.0,3668.0,1
32,0,1,0,0,0,0,0,1,0,0,0,0,0,0,0,0,0,0,0,0,1,0,0,0,0,100000000,122500000.0,30,22500000.0,18.367346938775512,2.0,100000000.0,125000000.0,25.0,3609.0,1
27,0,1,0,0,0,0,0,1,0,0,0,0,0,0,0,0,0,0,0,0,1,0,0,0,0,10000,13000.0,30,3000.0,23.07692307692308,1.0,100000000.0,130000000.0,30.0,3608.0,1
27,0,1,0,0,0,0,1,0,0,0,0,0,0,0,0,0,0,0,0,0,0,0,0,1,0,10000,11500.0,15,1500.0,13.043478260869565,1.0,100000000.0,115000000.0,15.0,3668.0,0
38,0,1,0,0,0,0,0,1,0,0,0,0,0,0,0,0,0,0,0,0,1,0,0,0,0,10000,11500.0,15,1500.0,13.043478260869565,1.5,100000000.0,115000000.0,15.0,3612.0,0
46,0,1,0,0,0,1,0,0,0,0,0,0,0,0,0,0,0,0,0,1,0,0,0,0,0,100000000,130000000.0,30,30000000.0,23.07692307692308,1.5,100000000.0,130000000.0,30.0,3606.5,1
59,1,0,0,0,0,0,1,0,0,0,0,0,0,0,0,0,0,0,0,0,1,0,0,0,0,100000000,130000000.0,30,30000000.0,23.07692307692308,2.5,125000000.0,157000000.0,30.0,3610.75,1
36,0,1,0,0,0,0,1,0,0,0,0,0,0,0,0,0,0,0,0,0,1,0,0,0,0,40000,44000.0,30,4000.0,9.090909090909092,5.0,238888888.8888889,276000000.0,31.666666666666668,3607.8888888888887,1
39,0,1,0,0,0,0,0,1,0,0,0,0,0,0,0,0,0,0,0,1,0,0,0,0,0,100000000,130000000.0,30,30000000.0,23.07692307692308,1.0,100000000.0,130000000.0,30.0,3668.0,1
35,1,0,0,0,0,0,0,0,0,0,0,0,0,0,1,0,0,0,0,0,1,0,0,0,0,20000,22000.0,30,2000.0,9.090909090909092,6.0,213636363.63636363,256409090.9090909,36.81818181818182,3610.090909090909,1
44,0,1,0,0,0,0,0,0,0,0,0,0,0,0,0,0,0,0,0,0,1,0,0,0,0,300000000,345000000.0,30,45000000.0,13.043478260869565,4.0,171428571.42857143,207000000.0,30.0,3609.571428571429,1
30,1,0,0,0,0,0,0,1,0,0,0,0,0,0,0,0,0,0,0,0,0,0,1,0,0,100000000,115000000.0,15,15000000.0,13.043478260869565,4.5,106250000.0,129218750.0,22.5,3609.625,0
43,0,1,0,0,0,0,0,0,0,0,0,0,0,0,1,0,0,0,0,1,0,0,0,0,0,20000,22250.0,15,2250.0,10.112359550561797,3.0,140000000.0,165600000.0,21.0,3607.6,0
35,0,1,0,0,0,0,1,0,0,0,0,0,0,0,0,0,0,0,0,0,1,0,0,0,0,15000,17250.0,30,2250.0,13.043478260869565,3.5,108333333.33333331,137541666.66666666,30.0,3610.0,1
37,0,1,0,0,0,0,1,0,0,0,0,0,0,0,0,0,0,0,0,0,1,0,0,0,0,10000,11500.0,15,1500.0,13.043478260869565,1.0,100000000.0,115000000.0,15.0,3667.0,0
33,0,1,0,0,0,0,0,1,0,0,0,0,0,0,0,0,0,0,0,0,1,0,0,0,0,200000000,222500000.0,15,22500000.0,10.112359550561797,2.0,100000000.0,125000000.0,25.0,3608.6666666666665,0
33,0,1,0,0,1,0,0,0,0,0,0,0,0,0,0,0,0,0,0,1,0,0,0,0,0,200000000,222500000.0,15,22500000.0,10.112359550561797,2.5,125000000.0,141875000.0,15.0,3608.5,0
30,0,1,0,0,0,0,1,0,0,0,0,0,0,0,0,0,0,0,0,0,1,0,0,0,0,200000000,245000000.0,30,45000000.0,18.367346938775512,2.0,100000000.0,130000000.0,30.0,3608.3333333333335,1
34,0,1,0,0,0,0,0,1,0,0,0,0,0,0,0,0,0,0,0,1,0,0,0,0,0,100000000,130000000.0,30,30000000.0,23.07692307692308,1.0,100000000.0,115000000.0,15.0,6927.0,5
30,0,1,1,0,0,0,0,0,0,0,0,0,0,0,0,0,0,0,0,1,0,0,0,0,0,100000000,130000000.0,30,30000000.0,23.07692307692308,1.0,100000000.0,130000000.0,30.0,3613.0,1
42,0,1,0,0,0,0,0,1,0,0,0,0,0,0,0,0,0,0,0,0,1,0,0,0,0,100000000,130000000.0,30,30000000.0,23.07692307692308,1.5,100000000.0,130000000.0,30.0,3638.0,1
36,0,1,0,0,0,0,1,0,0,0,0,0,0,0,0,0,0,0,0,1,0,0,0,0,0,100000000,115000000.0,15,15000000.0,13.043478260869565,3.0,100000000.0,115000000.0,15.0,3607.8,0
33,0,1,0,0,0,0,1,0,0,0,0,0,0,0,0,0,0,0,0,0,1,0,0,0,0,30000,34500.0,30,4500.0,13.043478260869565,3.0,160000000.0,181750000.0,18.0,3610.2,1
44,0,1,0,0,0,0,0,1,0,0,0,0,0,0,0,0,0,0,0,0,1,0,0,0,0,10000,11500.0,15,1500.0,13.043478260869565,1.0,100000000.0,115000000.0,15.0,3668.0,0
47,0,1,0,0,0,0,0,1,0,0,0,0,0,0,0,0,0,0,0,1,0,0,0,0,0,20000,24500.0,30,4500.0,18.367346938775512,2.5,125000000.0,151250000.0,22.5,3608.25,1
32,0,1,0,1,0,0,0,0,0,0,0,0,0,0,0,0,0,0,0,0,1,0,0,0,0,100000000,115000000.0,15,15000000.0,13.043478260869565,1.0,100000000.0,115000000.0,15.0,3669.0,0
43,0,0,0,0,0,0,0,0,0,0,0,0,0,0,0,0,0,0,0,0,1,0,0,0,0,40000,44000.0,30,4000.0,9.090909090909092,5.5,210000000.0,238000000.0,21.0,3989.0,1
49,0,1,0,0,0,0,0,1,0,0,0,0,0,0,0,0,0,0,0,0,1,0,0,0,0,100000000,115000000.0,15,15000000.0,13.043478260869565,1.5,100000000.0,122500000.0,22.5,3614.5,0
40,1,0,0,0,0,0,1,0,0,0,0,0,0,0,0,0,0,0,0,0,1,0,0,0,0,400000000,440000000.0,30,40000000.0,9.090909090909092,4.0,214285714.2857143,248571428.57142857,30.0,3620.571428571429,1
37,0,1,0,0,0,0,0,0,0,0,0,0,0,0,0,0,0,0,1,1,0,0,0,0,0,100000000,115000000.0,15,15000000.0,13.043478260869565,1.0,100000000.0,115000000.0,15.0,3615.0,0
37,0,1,0,0,0,1,0,0,0,0,0,0,0,0,0,0,0,0,0,1,0,0,0,0,0,100000000,130000000.0,30,30000000.0,23.07692307692308,1.0,100000000.0,130000000.0,30.0,3616.0,1
38,0,1,0,0,0,0,0,0,0,0,0,0,0,0,0,0,0,0,1,0,1,0,0,0,0,100000000,115000000.0,15,15000000.0,13.043478260869565,1.5,100000000.0,115000000.0,15.0,3637.0,0
30,1,0,1,0,0,0,0,0,0,0,0,0,0,0,0,0,0,0,0,0,1,0,0,0,0,100000000,130000000.0,30,30000000.0,23.07692307692308,1.0,100000000.0,115000000.0,15.0,3644.0,1
35,0,1,0,0,0,0,0,0,0,0,0,0,0,0,1,0,0,0,0,0,1,0,0,0,0,100000000,130000000.0,30,30000000.0,23.07692307692308,1.0,100000000.0,130000000.0,30.0,3607.0,1
33,0,1,0,0,0,0,0,1,0,0,0,0,0,0,0,0,0,0,0,0,1,0,0,0,0,100000000,130000000.0,30,30000000.0,23.07692307692308,1.5,100000000.0,130000000.0,30.0,3612.5,1
36,0,1,0,0,0,0,1,0,0,0,0,0,0,0,0,0,0,0,0,0,1,0,0,0,0,300000000,345000000.0,30,45000000.0,13.043478260869565,4.0,171428571.42857143,198857142.85714287,21.428571428571427,3616.142857142857,1
37,0,1,0,0,0,0,0,0,0,0,0,1,0,0,0,0,0,0,0,0,1,0,0,0,0,10000,11500.0,15,1500.0,13.043478260869565,1.5,100000000.0,115000000.0,15.0,3667.5,0
41,0,1,0,0,0,0,0,1,0,0,0,0,0,0,0,0,0,0,0,0,1,0,0,0,0,20000,24500.0,30,4500.0,18.367346938775512,1.5,100000000.0,130000000.0,30.0,3609.0,1
33,0,1,0,0,0,0,0,0,0,0,0,0,0,0,0,0,0,0,1,0,1,0,0,0,0,100000000,115000000.0,15,15000000.0,13.043478260869565,1.0,100000000.0,115000000.0,15.0,3668.0,0
37,1,0,0,0,0,0,0,1,0,0,0,0,0,0,0,0,0,0,0,0,1,0,0,0,0,40000,48000.0,60,8000.0,16.666666666666664,5.0,200000000.0,245222222.2222222,36.66666666666666,3616.1111111111113,3
40,0,1,0,0,0,0,1,0,0,0,0,0,0,0,0,0,0,0,0,0,1,0,0,0,0,10000,13000.0,30,3000.0,23.07692307692308,1.0,100000000.0,130000000.0,30.0,3667.0,1
31,0,1,0,0,0,0,0,1,0,0,0,0,0,0,0,0,0,0,0,0,1,0,0,0,0,100000000,115000000.0,15,15000000.0,13.043478260869565,1.5,100000000.0,130000000.0,30.0,3610.5,0
37,0,1,0,0,0,0,0,0,0,0,0,0,0,0,0,0,0,0,0,1,0,0,0,0,0,200000000,245000000.0,30,45000000.0,18.367346938775512,3.0,140000000.0,173000000.0,27.0,3619.0,1
40,0,1,0,0,0,1,0,0,0,0,0,0,0,0,0,0,0,0,0,1,0,0,0,0,0,100000000,130000000.0,30,30000000.0,23.07692307692308,1.5,100000000.0,127500000.0,30.0,3609.0,1
42,0,1,0,0,0,0,0,0,0,0,0,0,0,0,0,0,0,0,1,1,0,0,0,0,0,100000000,130000000.0,30,30000000.0,23.07692307692308,1.0,100000000.0,115000000.0,15.0,3667.0,1
39,0,1,0,0,0,0,0,1,0,0,0,0,0,0,0,0,0,0,0,1,0,0,0,0,0,100000000,130000000.0,30,30000000.0,23.07692307692308,1.0,100000000.0,130000000.0,30.0,3668.0,1
34,0,0,0,0,0,0,0,0,0,0,0,1,0,0,0,0,0,0,0,0,1,0,0,0,0,200000000,230000000.0,30,30000000.0,13.043478260869565,4.5,118750000.0,145343750.0,26.25,3615.625,1
37,0,1,0,0,0,0,0,1,0,0,0,0,0,0,0,0,0,0,0,0,1,0,0,0,0,100000000,130000000.0,30,30000000.0,23.07692307692308,1.5,100000000.0,122500000.0,22.5,3614.5,1
34,0,1,0,0,0,0,0,1,0,0,0,0,0,0,0,0,0,0,0,0,1,0,0,0,0,10000,13000.0,30,3000.0,23.07692307692308,1.5,100000000.0,130000000.0,30.0,3617.0,1
40,0,1,0,0,0,0,0,1,0,0,0,0,0,0,0,0,0,0,0,0,1,0,0,0,0,100000000,130000000.0,30,30000000.0,23.07692307692308,1.0,100000000.0,130000000.0,30.0,3617.0,1
42,0,1,0,0,0,0,0,1,0,0,0,0,0,0,0,0,0,0,0,0,1,0,0,0,0,200000000,245000000.0,30,45000000.0,18.367346938775512,2.5,125000000.0,147500000.0,18.75,3625.25,1
43,1,0,0,0,0,0,0,1,0,0,0,0,0,0,0,0,0,0,0,0,1,0,0,0,0,500000000,525000000.0,30,25000000.0,4.761904761904762,9.5,302777777.7777778,331979166.6666667,22.5,3613.1666666666665,1
27,0,1,0,0,0,0,0,1,0,0,0,0,0,0,0,0,0,0,0,0,1,0,0,0,0,100000000,122500000.0,30,22500000.0,18.367346938775512,2.0,100000000.0,130000000.0,30.0,3607.3333333333335,1
57,0,1,0,0,0,0,1,0,0,0,0,0,0,0,0,0,0,0,0,0,1,0,0,0,0,100000000,130000000.0,30,30000000.0,23.07692307692308,1.0,100000000.0,130000000.0,30.0,3668.0,1
35,0,1,0,0,0,0,1,0,0,0,0,0,0,0,0,0,0,0,0,0,1,0,0,0,0,300000000,345000000.0,30,45000000.0,13.043478260869565,5.5,190000000.0,223400000.0,27.0,3615.9,1
37,0,1,0,0,0,0,0,1,0,0,0,0,0,0,0,0,0,0,0,0,1,0,0,0,0,200000000,222500000.0,15,22500000.0,10.112359550561797,2.5,112500000.0,127968750.0,15.0,3608.75,0
43,0,1,0,0,0,0,1,0,0,0,0,0,0,0,0,0,0,0,0,0,1,0,0,0,0,20000,24500.0,30,4500.0,18.367346938775512,3.0,140000000.0,176000000.0,30.0,3609.2,1
41,0,1,0,0,0,0,1,0,0,0,0,0,0,0,0,0,0,0,0,0,1,0,0,0,0,100000000,130000000.0,30,30000000.0,23.07692307692308,2.0,100000000.0,125000000.0,25.0,3609.6666666666665,1
39,0,1,0,0,0,0,0,0,0,0,0,0,0,0,0,0,0,0,1,0,1,0,0,0,0,100000000,115000000.0,15,15000000.0,13.043478260869565,2.0,133333333.33333331,163333333.33333334,25.0,3618.0,0
38,0,1,0,0,0,0,0,1,0,0,0,0,0,0,0,0,0,0,0,0,1,0,0,0,0,200000000,245000000.0,30,45000000.0,18.367346938775512,2.0,103333333.33333331,121916666.66666669,20.0,3613.6666666666665,1
38,0,1,0,0,0,0,1,0,0,0,0,0,0,0,0,0,0,0,0,0,1,0,0,0,0,100000000,130000000.0,30,30000000.0,23.07692307692308,1.0,100000000.0,130000000.0,30.0,3670.0,1
35,1,0,0,0,0,0,0,1,0,0,0,0,0,0,0,0,0,0,0,0,0,0,1,0,0,200000000,222500000.0,15,22500000.0,10.112359550561797,2.5,150000000.0,178125000.0,22.5,3627.0,0
42,0,1,0,0,0,0,0,1,0,0,0,0,0,0,0,0,0,0,0,0,1,0,0,0,0,200000000,245000000.0,30,45000000.0,18.367346938775512,2.5,125000000.0,158750000.0,30.0,3608.25,1
42,0,1,0,0,0,0,0,0,0,0,0,0,0,0,1,0,0,0,0,0,1,0,0,0,0,100000000,110000000.0,15,10000000.0,9.090909090909092,1.0,100000000.0,115000000.0,15.0,3667.0,0
30,0,1,0,1,0,0,0,0,0,0,0,0,0,0,0,0,0,0,0,0,1,0,0,0,0,100000000,115000000.0,15,15000000.0,13.043478260869565,1.0,100000000.0,115000000.0,15.0,3669.0,0
38,0,1,0,0,0,0,0,1,0,0,0,0,0,0,0,0,0,0,0,0,1,0,0,0,0,30000,34500.0,30,4500.0,13.043478260869565,3.5,150000000.0,182666666.66666663,27.5,3609.5,1
34,0,1,0,0,0,0,0,1,0,0,0,0,0,0,0,0,0,0,0,0,1,0,0,0,0,100000000,130000000.0,30,30000000.0,23.07692307692308,1.5,100000000.0,122500000.0,22.5,3639.0,1
38,0,0,0,0,0,0,0,0,0,0,0,1,0,0,0,0,0,0,0,0,1,0,0,0,0,10000,11500.0,15,1500.0,13.043478260869565,1.0,100000000.0,115000000.0,15.0,3673.0,0
47,0,1,0,0,0,0,1,0,0,0,0,0,0,0,0,0,0,0,0,0,1,0,0,0,0,200000000,245000000.0,30,45000000.0,18.367346938775512,3.5,116666666.66666669,139833333.33333334,22.5,3608.6666666666665,1
33,1,0,0,0,0,0,0,1,0,0,0,0,0,0,0,0,0,0,0,0,0,0,0,1,0,200000000,222500000.0,15,22500000.0,10.112359550561797,1.5,100000000.0,115000000.0,15.0,3608.5,0
33,1,0,1,0,0,0,0,0,0,0,0,0,0,0,0,0,0,0,0,0,1,0,0,0,0,200000000,245000000.0,30,45000000.0,18.367346938775512,2.5,137500000.0,161750000.0,22.5,3639.5,1
36,0,1,0,0,0,0,0,1,0,0,0,0,0,0,0,0,0,0,0,0,1,0,0,0,0,100000000,111250000.0,15,11250000.0,10.112359550561797,2.0,100000000.0,115000000.0,15.0,3627.0,0
36,0,1,0,0,0,0,0,0,0,0,0,0,0,0,0,0,0,0,0,0,1,0,0,0,0,100000000,130000000.0,30,30000000.0,23.07692307692308,1.0,100000000.0,130000000.0,30.0,3669.0,1
30,0,1,0,0,0,0,0,1,0,0,0,0,0,0,0,0,0,0,0,0,1,0,0,0,0,300000000,345000000.0,30,45000000.0,13.043478260869565,3.0,140000000.0,165500000.0,21.0,3631.0,1
35,0,1,0,0,0,0,0,1,0,0,0,0,0,0,0,0,0,0,0,0,1,0,0,0,0,100000000,130000000.0,30,30000000.0,23.07692307692308,1.0,100000000.0,130000000.0,30.0,3607.0,1
50,0,1,0,0,0,0,0,1,0,0,0,0,0,0,0,0,0,0,0,0,1,0,0,0,0,20000,24500.0,30,4500.0,18.367346938775512,3.0,140000000.0,176000000.0,30.0,3631.6,1
42,0,1,0,0,0,0,0,1,0,0,0,0,0,0,0,0,0,0,0,1,0,0,0,0,0,200000000,245000000.0,30,45000000.0,18.367346938775512,1.5,100000000.0,130000000.0,30.0,3612.0,1
48,1,0,0,0,0,0,0,0,0,0,0,0,0,0,0,0,0,0,0,0,1,0,0,0,0,40000,48000.0,60,8000.0,16.666666666666664,5.0,255555555.55555555,304888888.8888889,38.333333333333336,3612.8888888888887,3
30,0,1,0,0,0,0,0,1,0,0,0,0,0,0,0,0,0,0,0,0,0,0,0,1,0,100000000,130000000.0,30,30000000.0,23.07692307692308,1.0,100000000.0,130000000.0,30.0,3614.0,1
29,0,1,0,0,0,0,0,1,0,0,0,0,0,0,0,0,0,0,0,0,1,0,0,0,0,20000,24500.0,30,4500.0,18.367346938775512,3.5,150000000.0,182666666.66666663,27.5,3607.5,1
38,1,0,0,0,0,0,0,1,0,0,0,0,0,0,0,0,0,0,0,0,0,0,1,0,0,40000,48000.0,60,8000.0,16.666666666666664,6.0,200000000.0,236454545.45454547,30.0,3608.181818181818,3
36,0,1,0,0,0,0,0,1,0,0,0,0,0,0,0,0,0,0,0,0,1,0,0,0,0,20000,24500.0,30,4500.0,18.367346938775512,2.0,100000000.0,130000000.0,30.0,3609.0,1
32,0,1,0,0,0,0,0,0,0,0,0,0,0,0,1,0,0,0,0,0,1,0,0,0,0,10000,13000.0,30,3000.0,23.07692307692308,1.5,100000000.0,115000000.0,15.0,3637.0,1
38,0,1,0,0,1,0,0,0,0,0,0,0,0,0,0,0,0,0,0,0,1,0,0,0,0,300000000,345000000.0,30,45000000.0,13.043478260869565,4.5,137500000.0,175062500.0,33.75,3619.5,1
34,0,1,0,0,0,0,0,0,0,0,0,0,0,0,1,0,0,0,0,0,1,0,0,0,0,500000000,525000000.0,30,25000000.0,4.761904761904762,8.5,281250000.0,315625000.0,24.375,3667.0,1
37,0,1,0,0,0,0,1,0,0,0,0,0,0,0,0,0,0,0,0,0,1,0,0,0,0,200000000,245000000.0,30,45000000.0,18.367346938775512,2.5,125000000.0,145625000.0,18.75,4005.5,1
41,0,1,0,0,0,0,0,1,0,0,0,0,0,0,0,0,0,0,0,1,0,0,0,0,0,20000,24500.0,30,4500.0,18.367346938775512,3.5,133333333.33333331,160833333.33333334,22.5,3616.6666666666665,1
44,0,1,0,0,0,0,0,1,0,0,0,0,0,0,0,0,0,0,0,0,1,0,0,0,0,100000000,130000000.0,30,30000000.0,23.07692307692308,1.0,100000000.0,130000000.0,30.0,3668.0,1
37,0,1,0,0,0,0,0,1,0,0,0,0,0,0,0,0,0,0,0,0,1,0,0,0,0,100000000,115000000.0,15,15000000.0,13.043478260869565,1.5,100000000.0,115000000.0,15.0,3637.5,0
45,0,1,0,0,0,0,0,1,0,0,0,0,0,0,0,0,0,0,0,1,0,0,0,0,0,100000000,130000000.0,30,30000000.0,23.07692307692308,1.0,100000000.0,130000000.0,30.0,3613.0,1
37,0,1,0,0,0,0,0,1,0,0,0,0,0,0,0,0,0,0,0,0,0,0,0,1,0,10000,13000.0,30,3000.0,23.07692307692308,1.0,100000000.0,130000000.0,30.0,3617.0,1
38,0,1,0,0,0,0,0,0,0,0,0,0,0,0,0,0,0,0,1,0,1,0,0,0,0,10000,11500.0,15,1500.0,13.043478260869565,1.0,100000000.0,115000000.0,15.0,3669.0,0
32,0,1,0,0,0,0,1,0,0,0,0,0,0,0,0,0,0,0,0,0,1,0,0,0,0,100000000,130000000.0,30,30000000.0,23.07692307692308,2.0,100000000.0,120000000.0,20.0,3607.3333333333335,1
38,0,1,0,0,0,0,0,1,0,0,0,0,0,0,0,0,0,0,0,0,1,0,0,0,0,100000000,130000000.0,30,30000000.0,23.07692307692308,1.5,100000000.0,122500000.0,22.5,3610.5,1
36,0,1,0,0,0,0,1,0,0,0,0,0,0,0,0,0,0,0,0,0,1,0,0,0,0,200000000,245000000.0,30,45000000.0,18.367346938775512,2.0,116666666.66666669,137916666.66666666,20.0,3607.0,1
31,0,1,0,0,0,0,0,0,0,0,0,1,0,0,0,0,0,0,0,0,1,0,0,0,0,200000000,222500000.0,15,22500000.0,10.112359550561797,2.5,125000000.0,141875000.0,15.0,3616.75,0
36,0,1,0,0,0,0,0,0,0,0,0,0,0,0,0,0,0,0,0,0,1,0,0,0,0,100000000,130000000.0,30,30000000.0,23.07692307692308,1.0,100000000.0,130000000.0,30.0,3668.0,1
41,0,1,0,0,0,0,0,0,0,0,0,0,0,0,0,0,0,0,1,0,1,0,0,0,0,10000,11500.0,15,1500.0,13.043478260869565,1.0,100000000.0,115000000.0,15.0,3667.0,0
35,1,0,0,0,0,0,0,1,0,0,0,0,0,0,0,0,0,0,0,0,0,0,1,0,0,40000,48000.0,60,8000.0,16.666666666666664,4.0,200000000.0,249428571.42857143,38.57142857142857,3621.714285714286,3
49,0,1,0,0,0,0,0,1,0,0,0,0,0,0,0,0,0,0,0,0,1,0,0,0,0,100000000,115000000.0,30,15000000.0,13.043478260869565,3.5,100000000.0,113125000.0,15.0,3607.1666666666665,1
40,0,1,0,0,0,0,0,1,0,0,0,0,0,0,0,0,0,0,0,0,1,0,0,0,0,100000000,115000000.0,15,15000000.0,13.043478260869565,1.5,100000000.0,115000000.0,15.0,3638.0,0
32,1,0,0,0,0,0,0,1,0,0,0,0,0,0,0,0,0,0,0,0,0,0,0,1,0,20000,24500.0,30,4500.0,18.367346938775512,4.0,142857142.85714287,178285714.2857143,30.0,3618.571428571429,1
32,0,1,0,0,0,0,0,0,0,0,0,0,0,0,0,0,0,0,0,0,1,0,0,0,0,30000,34500.0,30,4500.0,13.043478260869565,2.5,150000000.0,183750000.0,26.25,3609.5,1
36,0,1,0,0,0,0,0,0,0,0,0,0,0,0,0,0,0,0,0,0,1,0,0,0,0,100000000,130000000.0,30,30000000.0,23.07692307692308,1.0,100000000.0,130000000.0,30.0,3667.0,1
43,1,0,0,0,0,0,1,0,0,0,0,0,0,0,0,0,0,0,0,0,1,0,0,0,0,500000000,525000000.0,30,25000000.0,4.761904761904762,7.5,267857142.85714287,305607142.85714287,34.285714285714285,3614.071428571429,1
32,0,1,0,0,0,0,0,1,0,0,0,0,0,0,0,0,0,0,0,0,0,0,0,1,0,100000000,130000000.0,30,30000000.0,23.07692307692308,1.0,100000000.0,130000000.0,30.0,3667.0,1
36,0,1,0,0,0,0,0,0,0,0,0,0,0,0,0,0,0,0,0,0,1,0,0,0,0,100000000,115000000.0,15,15000000.0,13.043478260869565,2.0,100000000.0,115000000.0,15.0,3627.6666666666665,0
32,0,1,0,1,0,0,0,0,0,0,0,0,0,0,0,0,0,0,0,0,1,0,0,0,0,100000000,115000000.0,15,15000000.0,13.043478260869565,2.5,95000000.0,116000000.0,22.5,4351.25,0
34,1,0,0,0,0,0,0,1,0,0,0,0,0,0,0,0,0,0,0,0,1,0,0,0,0,300000000,345000000.0,30,45000000.0,13.043478260869565,6.0,170000000.0,192450000.0,18.0,3622.2,1
36,0,1,0,0,0,1,0,0,0,0,0,0,0,0,0,0,0,0,0,0,1,0,0,0,0,300000000,390000000.0,60,90000000.0,23.07692307692308,2.5,150000000.0,187500000.0,30.0,3608.0,3
32,0,1,0,0,0,0,1,0,0,0,0,0,0,0,0,0,0,0,0,0,1,0,0,0,0,100000000,115000000.0,15,15000000.0,13.043478260869565,1.5,100000000.0,122500000.0,22.5,3610.5,0
40,1,0,0,0,0,0,0,0,0,0,0,0,0,0,1,0,0,0,0,0,1,0,0,0,0,100000000,115000000.0,15,15000000.0,13.043478260869565,1.5,100000000.0,122500000.0,22.5,3612.0,0
44,0,0,0,0,0,0,0,0,0,0,0,0,0,0,0,0,0,0,1,0,1,0,0,0,0,100000000,130000000.0,30,30000000.0,23.07692307692308,1.0,100000000.0,130000000.0,30.0,3669.0,1
43,0,1,0,0,0,0,1,0,0,0,0,0,0,0,0,0,0,0,0,0,1,0,0,0,0,100000000,130000000.0,30,30000000.0,23.07692307692308,1.0,100000000.0,130000000.0,30.0,3668.0,1
44,1,0,0,0,0,0,0,0,0,0,0,0,0,0,0,0,0,0,0,0,1,0,0,0,0,10000,11500.0,15,1500.0,13.043478260869565,1.5,100000000.0,115000000.0,15.0,3609.5,0
43,0,1,0,0,1,0,0,0,0,0,0,0,0,0,0,0,0,0,0,0,1,0,0,0,0,100000000,130000000.0,30,30000000.0,23.07692307692308,1.0,100000000.0,130000000.0,30.0,3667.0,1
35,0,1,0,0,0,0,0,0,0,0,0,1,0,0,0,0,0,0,0,0,1,0,0,0,0,100000000,130000000.0,30,30000000.0,23.07692307692308,1.0,100000000.0,130000000.0,30.0,3668.0,1
49,0,1,0,0,0,0,0,0,0,0,0,1,0,0,0,0,0,0,0,1,0,0,0,0,0,100000000,130000000.0,30,30000000.0,23.07692307692308,1.0,100000000.0,130000000.0,30.0,3615.0,1
50,0,1,0,0,0,0,0,0,0,0,0,0,0,0,0,0,0,0,0,0,1,0,0,0,0,200000000,245000000.0,30,45000000.0,18.367346938775512,3.0,140000000.0,170200000.0,27.0,3621.6,1
36,1,0,0,0,0,0,0,0,0,0,0,0,0,0,0,0,0,0,0,0,1,0,0,0,0,40000,48000.0,60,8000.0,16.666666666666664,5.0,166666666.66666666,200611111.1111111,30.0,3616.1111111111113,3
40,1,0,0,0,0,0,1,0,0,0,0,0,0,0,0,0,0,0,0,0,0,0,1,0,0,100000000,130000000.0,30,30000000.0,23.07692307692308,5.0,127777777.77777778,151416666.66666666,21.666666666666668,3609.222222222222,1
33,0,1,0,0,0,0,1,0,0,0,0,0,0,0,0,0,0,0,0,0,1,0,0,0,0,100000000,115000000.0,15,15000000.0,13.043478260869565,1.5,100000000.0,115000000.0,15.0,3637.5,0
40,0,1,0,0,0,0,0,0,0,0,0,0,0,0,1,0,0,0,0,1,0,0,0,0,0,100000000,115000000.0,15,15000000.0,13.043478260869565,1.0,100000000.0,130000000.0,30.0,3670.0,0
38,0,1,0,0,0,0,1,0,0,0,0,0,0,0,0,0,0,0,0,0,1,0,0,0,0,100000000,115000000.0,15,15000000.0,13.043478260869565,2.0,100000000.0,115000000.0,15.0,3628.0,0
32,0,1,0,0,0,0,0,0,0,0,0,0,0,0,1,0,0,0,0,1,0,0,0,0,0,20000,24500.0,30,4500.0,18.367346938775512,4.0,171428571.42857143,202714285.7142857,25.714285714285715,3608.571428571429,1
36,0,1,0,0,0,0,1,0,0,0,0,0,0,0,0,0,0,0,0,0,1,0,0,0,0,300000000,345000000.0,30,45000000.0,13.043478260869565,4.5,187500000.0,221375000.0,26.25,3615.75,1
38,0,1,0,0,0,0,0,1,0,0,0,0,0,0,0,0,0,0,0,0,1,0,0,0,0,100000000,115000000.0,15,15000000.0,13.043478260869565,3.0,110000000.0,125375000.0,15.0,3630.8,0
40,0,1,0,0,0,0,1,0,0,0,0,0,0,0,0,0,0,0,0,0,1,0,0,0,0,10000,11500.0,15,1500.0,13.043478260869565,1.0,100000000.0,130000000.0,30.0,3669.0,0
32,0,1,0,0,0,0,0,1,0,0,0,0,0,0,0,0,0,0,0,0,1,0,0,0,0,250000000,287500000.0,30,37500000.0,13.043478260869565,4.5,125000000.0,147750000.0,22.5,3608.5,1
47,0,1,0,0,0,0,0,1,0,0,0,0,0,0,0,0,0,0,0,1,0,0,0,0,0,100000000,115000000.0,15,15000000.0,13.043478260869565,1.0,100000000.0,115000000.0,15.0,3667.0,0
36,0,1,0,0,0,0,0,1,0,0,0,0,0,0,0,0,0,0,0,0,1,0,0,0,0,400000000,440000000.0,30,40000000.0,9.090909090909092,6.0,181818181.8181818,214909090.9090909,25.90909090909091,3614.181818181818,1
37,0,1,0,0,0,0,0,0,0,0,0,0,0,0,0,0,0,0,0,0,1,0,0,0,0,100000000,130000000.0,30,30000000.0,23.07692307692308,1.0,100000000.0,130000000.0,30.0,3613.0,1
36,0,1,0,0,0,0,0,1,0,0,0,0,0,0,0,0,0,0,0,0,1,0,0,0,0,100000000,130000000.0,30,30000000.0,23.07692307692308,2.0,100000000.0,130000000.0,30.0,3613.3333333333335,1
37,0,1,0,0,0,0,0,0,0,0,0,0,0,0,0,0,0,0,0,0,1,0,0,0,0,100000000,115000000.0,15,15000000.0,13.043478260869565,1.0,100000000.0,115000000.0,15.0,3609.0,0
44,1,0,0,0,0,0,0,1,0,0,0,0,0,0,0,0,0,0,0,0,1,0,0,0,0,100000000,130000000.0,30,30000000.0,23.07692307692308,1.5,100000000.0,130000000.0,30.0,3611.0,1
34,1,0,0,1,0,0,0,0,0,0,0,0,0,0,0,0,0,0,0,0,1,0,0,0,0,10000,13000.0,30,3000.0,23.07692307692308,1.0,100000000.0,130000000.0,30.0,3668.0,1
35,1,0,0,0,0,0,0,1,0,0,0,0,0,0,0,0,0,0,0,0,0,0,1,0,0,200000000,245000000.0,30,45000000.0,18.367346938775512,2.5,150000000.0,187500000.0,30.0,3608.75,1
47,1,0,0,0,0,0,1,0,0,0,0,0,0,0,0,0,0,0,0,0,1,0,0,0,0,10000,13000.0,30,3000.0,23.07692307692308,1.5,100000000.0,130000000.0,30.0,3609.5,1
45,0,1,0,0,0,0,0,1,0,0,0,0,0,0,0,0,0,0,0,0,1,0,0,0,0,100000000,130000000.0,30,30000000.0,23.07692307692308,1.0,100000000.0,130000000.0,30.0,3609.0,1
33,0,1,0,0,0,0,0,0,0,0,0,0,0,0,0,0,0,0,0,0,1,0,0,0,0,200000000,215000000.0,15,15000000.0,6.976744186046512,3.5,116666666.66666669,136979166.66666666,20.0,3617.3333333333335,0
39,0,1,0,0,0,0,0,1,0,0,0,0,0,0,0,0,0,0,0,0,1,0,0,0,0,10000,13000.0,30,3000.0,23.07692307692308,1.0,100000000.0,130000000.0,30.0,3611.0,1
37,0,1,0,0,0,0,0,0,0,0,0,0,0,0,1,0,0,0,0,1,0,0,0,0,0,100000000,115000000.0,15,15000000.0,13.043478260869565,1.0,100000000.0,115000000.0,15.0,3668.0,0
37,1,0,1,0,0,0,0,0,0,0,0,0,0,0,0,0,0,0,0,0,0,0,1,0,0,100000000,115000000.0,15,15000000.0,13.043478260869565,1.5,100000000.0,115000000.0,15.0,3637.5,0
38,0,1,0,0,0,0,1,0,0,0,0,0,0,0,0,0,0,0,0,0,1,0,0,0,0,100000000,115000000.0,15,15000000.0,13.043478260869565,1.0,100000000.0,115000000.0,15.0,3668.0,0
38,0,1,0,0,0,0,0,0,0,0,0,0,0,0,0,0,0,0,1,0,1,0,0,0,0,200000000,245000000.0,30,45000000.0,18.367346938775512,2.0,100000000.0,130000000.0,30.0,3628.6666666666665,1
37,0,1,0,0,0,0,0,1,0,0,0,0,0,0,0,0,0,0,0,1,0,0,0,0,0,20000,24500.0,30,4500.0,18.367346938775512,1.5,100000000.0,130000000.0,30.0,4656.5,4
34,0,1,0,0,0,0,0,1,0,0,0,0,0,0,0,0,0,0,0,0,1,0,0,0,0,200000000,245000000.0,30,45000000.0,18.367346938775512,2.0,100000000.0,125000000.0,25.0,3609.0,1
39,0,1,0,0,0,0,0,1,0,0,0,0,0,0,0,0,0,0,0,0,1,0,0,0,0,10000,13000.0,30,3000.0,23.07692307692308,2.0,100000000.0,125000000.0,25.0,3609.0,1
38,0,1,0,0,0,0,0,0,0,0,0,0,0,0,1,0,0,0,0,0,1,0,0,0,0,200000000,222500000.0,15,22500000.0,10.112359550561797,1.5,100000000.0,115000000.0,15.0,3637.0,0
32,1,0,0,0,0,0,0,1,0,0,0,0,0,0,0,0,0,0,0,0,1,0,0,0,0,300000000,345000000.0,30,45000000.0,13.043478260869565,5.5,220000000.0,257300000.0,28.5,7055.8,5
44,1,0,0,0,0,0,0,0,0,0,0,0,0,0,0,0,0,0,1,0,1,0,0,0,0,200000000,245000000.0,30,45000000.0,18.367346938775512,2.0,116666666.66666669,137291666.66666666,20.0,3629.6666666666665,1
36,0,1,0,0,0,0,0,0,0,0,0,0,0,0,0,0,0,0,0,1,0,0,0,0,0,100000000,130000000.0,30,30000000.0,23.07692307692308,1.0,100000000.0,115000000.0,15.0,3669.0,1
35,1,0,0,0,0,0,0,1,0,0,0,0,0,0,0,0,0,0,0,0,1,0,0,0,0,20000,24500.0,30,4500.0,18.367346938775512,5.5,140000000.0,173100000.0,28.5,3618.3,1
29,0,1,0,0,0,0,1,0,0,0,0,0,0,0,0,0,0,0,0,0,1,0,0,0,0,100000000,130000000.0,30,30000000.0,23.07692307692308,1.0,100000000.0,130000000.0,30.0,3673.0,1
56,0,1,0,0,0,0,0,0,0,0,0,0,0,0,1,0,0,0,0,0,1,0,0,0,0,20000,24500.0,30,4500.0,18.367346938775512,2.0,100000000.0,130000000.0,30.0,3611.3333333333335,1
39,0,1,0,0,0,0,0,1,0,0,0,0,0,0,0,0,0,0,0,0,1,0,0,0,0,100000000,115000000.0,15,15000000.0,13.043478260869565,2.0,100000000.0,120000000.0,20.0,4174.666666666667,0
37,0,1,0,0,0,0,0,1,0,0,0,0,0,0,0,0,0,0,0,0,0,0,1,0,0,30000,34500.0,30,4500.0,13.043478260869565,4.0,157142857.14285713,191571428.57142857,27.857142857142858,3622.142857142857,1
38,0,1,0,0,0,0,0,1,0,0,0,0,0,0,0,0,0,0,0,0,1,0,0,0,0,10000,13000.0,30,3000.0,23.07692307692308,1.0,100000000.0,130000000.0,30.0,3668.0,1
32,0,1,0,0,0,0,0,1,0,0,0,0,0,0,0,0,0,0,0,1,0,0,0,0,0,10000,11500.0,15,1500.0,13.043478260869565,1.0,100000000.0,115000000.0,15.0,3608.0,0
35,0,1,0,0,0,0,1,0,0,0,0,0,0,0,0,0,0,0,0,0,1,0,0,0,0,300000000,390000000.0,60,90000000.0,23.07692307692308,4.0,171428571.42857143,206142857.14285716,27.857142857142858,3608.285714285714,3
54,1,0,0,0,0,0,0,0,0,0,0,0,0,0,1,0,0,0,0,0,0,0,1,0,0,300000000,345000000.0,30,45000000.0,13.043478260869565,4.0,185714285.7142857,223892857.14285716,32.142857142857146,3611.285714285714,1
31,0,1,0,0,0,0,1,0,0,0,0,0,0,0,0,0,0,0,0,0,1,0,0,0,0,100000000,130000000.0,30,30000000.0,23.07692307692308,1.5,100000000.0,130000000.0,30.0,4281.5,4
39,0,1,0,0,0,0,0,1,0,0,0,0,0,0,0,0,0,0,0,0,1,0,0,0,0,10000,11500.0,15,1500.0,13.043478260869565,1.0,100000000.0,115000000.0,15.0,3668.0,0
26,0,1,0,0,0,0,0,1,0,0,0,0,0,0,0,0,0,0,0,0,0,0,0,1,0,10000,13000.0,30,3000.0,23.07692307692308,1.0,100000000.0,115000000.0,15.0,3616.0,1
36,1,0,0,0,0,0,0,0,0,0,0,0,0,0,0,0,0,0,1,1,0,0,0,0,0,10000,13000.0,30,3000.0,23.07692307692308,1.5,100000000.0,130000000.0,30.0,3608.5,1
34,0,1,0,0,0,0,0,0,0,0,1,0,0,0,0,0,0,0,0,1,0,0,0,0,0,100000000,115000000.0,15,15000000.0,13.043478260869565,1.0,100000000.0,115000000.0,15.0,3609.0,0
59,0,1,0,0,0,0,0,1,0,0,0,0,0,0,0,0,0,0,0,0,1,0,0,0,0,10000,13000.0,30,3000.0,23.07692307692308,2.0,100000000.0,130000000.0,30.0,3606.6666666666665,1
39,1,0,0,0,0,0,0,0,0,0,1,0,0,0,0,0,0,0,0,0,1,0,0,0,0,30000,34500.0,30,4500.0,13.043478260869565,4.5,162500000.0,194500000.0,26.25,3609.0,1
37,0,1,0,0,1,0,0,0,0,0,0,0,0,0,0,0,0,0,0,1,0,0,0,0,0,100000000,115000000.0,15,15000000.0,13.043478260869565,1.0,100000000.0,115000000.0,15.0,3667.0,0
34,0,1,0,0,1,0,0,0,0,0,0,0,0,0,0,0,0,0,0,1,0,0,0,0,0,30000,34500.0,30,4500.0,13.043478260869565,3.5,166666666.66666666,203000000.0,30.0,3611.1666666666665,1
26,0,1,1,0,0,0,0,0,0,0,0,0,0,0,0,0,0,0,0,0,1,0,0,0,0,200000000,215000000.0,30,15000000.0,6.976744186046512,2.0,133333333.33333331,168333333.33333334,30.0,3608.3333333333335,1
39,0,1,0,0,1,0,0,0,0,0,0,0,0,0,0,0,0,0,0,1,0,0,0,0,0,100000000,115000000.0,15,15000000.0,13.043478260869565,1.0,100000000.0,115000000.0,15.0,3669.0,0
33,1,0,0,0,0,0,0,1,0,0,0,0,0,0,0,0,0,0,0,0,1,0,0,0,0,40000,48000.0,60,8000.0,16.666666666666664,7.0,261538461.53846157,315000000.0,42.69230769230769,3609.846153846154,3
52,0,1,0,0,0,0,0,0,0,0,0,0,0,0,0,0,0,0,0,0,1,0,0,0,0,100000000,130000000.0,30,30000000.0,23.07692307692308,1.0,100000000.0,115000000.0,15.0,3610.0,1
54,0,1,0,0,0,0,0,1,0,0,0,0,0,0,0,0,0,0,0,0,0,0,1,0,0,400000000,440000000.0,30,40000000.0,9.090909090909092,6.0,186363636.3636364,213295454.54545453,27.272727272727277,3614.0,1
31,0,1,0,0,0,0,0,1,0,0,0,0,0,0,0,0,0,0,0,0,1,0,0,0,0,100000000,130000000.0,30,30000000.0,23.07692307692308,2.0,100000000.0,125000000.0,25.0,3606.6666666666665,1
44,0,1,0,0,0,0,1,0,0,0,0,0,0,0,0,0,0,0,0,0,1,0,0,0,0,100000000,130000000.0,30,30000000.0,23.07692307692308,1.5,100000000.0,130000000.0,30.0,3607.0,1
38,1,0,0,0,0,0,0,0,0,0,0,0,0,0,0,0,0,0,0,0,1,0,0,0,0,600000000,627000000.0,30,27000000.0,4.30622009569378,11.5,227272727.27272728,245409090.9090909,21.13636363636364,3609.136363636364,1
29,0,1,0,0,0,0,0,1,0,0,0,0,0,0,0,0,0,0,0,0,1,0,0,0,0,200000000,245000000.0,30,45000000.0,18.367346938775512,2.5,100000000.0,124375000.0,26.25,3625.0,1
35,0,1,0,0,0,0,0,0,0,0,0,0,0,0,0,0,0,0,0,0,1,0,0,0,0,30000,34500.0,30,4500.0,13.043478260869565,4.0,171428571.42857143,200000000.0,23.571428571428573,3608.571428571429,1
33,0,1,0,0,1,0,0,0,0,0,0,0,0,0,0,0,0,0,0,0,1,0,0,0,0,100000000,130000000.0,30,30000000.0,23.07692307692308,1.5,100000000.0,122500000.0,22.5,3607.5,1
53,0,1,1,0,0,0,0,0,0,0,0,0,0,0,0,0,0,0,0,0,1,0,0,0,0,200000000,245000000.0,30,45000000.0,18.367346938775512,3.0,140000000.0,173000000.0,27.0,3619.2,1
37,0,1,0,0,0,0,0,0,0,0,0,0,0,0,0,0,0,0,1,0,1,0,0,0,0,100000000,130000000.0,30,30000000.0,23.07692307692308,1.0,100000000.0,130000000.0,30.0,3607.0,1
41,0,1,0,0,0,0,0,1,0,0,0,0,0,0,0,0,0,0,0,0,1,0,0,0,0,100000000,130000000.0,30,30000000.0,23.07692307692308,1.0,100000000.0,130000000.0,30.0,3669.0,1
44,0,1,0,0,0,0,0,0,0,0,0,0,0,0,1,0,0,0,0,0,1,0,0,0,0,10000,12250.0,30,2250.0,18.367346938775512,2.0,100000000.0,122500000.0,30.0,3613.0,1
42,1,0,0,0,0,0,0,0,0,0,0,0,0,0,0,0,0,0,1,0,0,0,1,0,0,200000000,245000000.0,30,45000000.0,18.367346938775512,2.0,100000000.0,130000000.0,30.0,3627.0,1
43,0,1,0,0,0,0,0,1,0,0,0,0,0,0,0,0,0,0,0,1,0,0,0,0,0,200000000,245000000.0,30,45000000.0,18.367346938775512,2.5,125000000.0,147500000.0,18.75,4495.75,4
36,1,0,0,0,0,0,1,0,0,0,0,0,0,0,0,0,0,0,0,0,1,0,0,0,0,300000000,390000000.0,60,90000000.0,23.07692307692308,5.0,155555555.55555555,177111111.1111111,20.0,3615.444444444444,3
46,0,1,0,0,0,0,0,0,0,0,0,0,0,0,1,0,0,0,0,0,1,0,0,0,0,100000000,130000000.0,30,30000000.0,23.07692307692308,1.0,100000000.0,130000000.0,30.0,3669.0,1
38,1,0,0,0,0,0,0,0,0,0,0,0,0,0,0,0,0,0,0,0,1,0,0,0,0,60000,65400.0,60,5400.0,8.256880733944955,9.0,335294117.64705884,378235294.1176471,39.70588235294117,3611.8823529411766,3
44,1,0,0,0,0,0,0,0,0,0,0,0,0,0,0,0,0,0,0,0,1,0,0,0,0,300000000,345000000.0,30,45000000.0,13.043478260869565,4.5,187500000.0,227125000.0,33.75,3617.625,1
45,1,0,0,0,0,0,0,1,0,0,0,0,0,0,0,0,0,0,0,0,1,0,0,0,0,400000000,440000000.0,30,40000000.0,9.090909090909092,6.0,236363636.3636364,271681818.1818182,28.63636363636364,3609.909090909091,1
31,1,0,0,0,0,0,0,1,0,0,0,0,0,0,0,0,0,0,0,0,1,0,0,0,0,50000,57500.0,90,7500.0,13.043478260869565,6.5,237500000.0,281729166.6666667,36.25,3616.1666666666665,2
35,0,1,0,0,0,0,0,0,0,0,0,0,0,0,0,0,0,0,1,0,1,0,0,0,0,100000000,130000000.0,30,30000000.0,23.07692307692308,1.0,100000000.0,130000000.0,30.0,3668.0,1
39,0,1,0,0,0,0,0,1,0,0,0,0,0,0,0,0,0,0,0,0,1,0,0,0,0,100000000,130000000.0,30,30000000.0,23.07692307692308,1.5,100000000.0,130000000.0,30.0,3607.5,1
48,0,1,0,0,0,0,0,1,0,0,0,0,0,0,0,0,0,0,0,0,1,0,0,0,0,200000000,245000000.0,30,45000000.0,18.367346938775512,3.0,140000000.0,167000000.0,21.0,3607.2,1
41,0,1,0,0,0,0,0,1,0,0,0,0,0,0,0,0,0,0,0,1,0,0,0,0,0,100000000,130000000.0,30,30000000.0,23.07692307692308,1.0,100000000.0,130000000.0,30.0,3608.0,1
34,0,1,0,0,0,0,0,1,0,0,0,0,0,0,0,0,0,0,0,0,1,0,0,0,0,10000,11500.0,15,1500.0,13.043478260869565,1.0,100000000.0,130000000.0,30.0,3614.0,0
42,0,1,0,0,0,0,0,1,0,0,0,0,0,0,0,0,0,0,0,0,1,0,0,0,0,200000000,245000000.0,30,45000000.0,18.367346938775512,2.5,100000000.0,130000000.0,30.0,3623.0,1
32,0,1,0,0,0,1,0,0,0,0,0,0,0,0,0,0,0,0,0,0,1,0,0,0,0,10000,11500.0,15,1500.0,13.043478260869565,2.0,100000000.0,115000000.0,15.0,3609.0,0
42,0,1,0,0,0,0,1,0,0,0,0,0,0,0,0,0,0,0,0,0,1,0,0,0,0,100000000,130000000.0,30,30000000.0,23.07692307692308,1.5,100000000.0,130000000.0,30.0,3610.0,1
42,0,1,0,0,0,0,0,1,0,0,0,0,0,0,0,0,0,0,0,0,1,0,0,0,0,100000000,130000000.0,30,30000000.0,23.07692307692308,1.5,100000000.0,122500000.0,22.5,3637.0,1
28,1,0,0,0,0,0,0,1,0,0,0,0,0,0,0,0,0,0,0,0,1,0,0,0,0,100000000,130000000.0,30,30000000.0,23.07692307692308,3.5,100000000.0,130000000.0,30.0,3616.5,1
38,0,1,0,0,0,0,0,1,0,0,0,0,0,0,0,0,0,0,0,0,1,0,0,0,0,150000000,166875000.0,15,16875000.0,10.112359550561797,3.0,100000000.0,122500000.0,24.0,3630.8,0
41,0,1,0,0,0,0,0,1,0,0,0,0,0,0,0,0,0,0,0,1,0,0,0,0,0,100000000,130000000.0,30,30000000.0,23.07692307692308,1.0,100000000.0,130000000.0,30.0,3608.0,1
45,1,0,0,0,0,0,0,0,0,0,0,0,0,0,1,0,0,0,0,0,0,0,1,0,0,400000000,440000000.0,30,40000000.0,9.090909090909092,7.0,230769230.7692308,268846153.84615386,30.0,3610.230769230769,1
35,0,1,0,0,0,0,0,1,0,0,0,0,0,0,0,0,0,0,0,0,1,0,0,0,0,100000000,115000000.0,15,15000000.0,13.043478260869565,1.5,100000000.0,115000000.0,15.0,3613.0,0
42,0,1,0,0,0,0,0,0,0,0,0,0,0,0,1,0,0,0,0,0,1,0,0,0,0,100000000,130000000.0,30,30000000.0,23.07692307692308,1.0,100000000.0,130000000.0,30.0,3618.0,1
36,0,1,0,0,0,0,0,0,0,0,0,0,0,0,0,0,0,0,1,0,1,0,0,0,0,100000000,130000000.0,30,30000000.0,23.07692307692308,1.0,100000000.0,130000000.0,30.0,3607.0,1
45,0,1,0,0,0,0,0,1,0,0,0,0,0,0,0,0,0,0,0,1,0,0,0,0,0,10000,13000.0,30,3000.0,23.07692307692308,1.0,100000000.0,130000000.0,30.0,3671.0,1
41,0,1,1,0,0,0,0,0,0,0,0,0,0,0,0,0,0,0,0,0,1,0,0,0,0,20000,24500.0,30,4500.0,18.367346938775512,2.5,100000000.0,116875000.0,18.75,3613.0,1
47,0,1,0,0,0,0,0,0,0,0,0,0,0,0,1,0,0,0,0,1,0,0,0,0,0,20000,24500.0,30,4500.0,18.367346938775512,2.0,100000000.0,115000000.0,15.0,3609.0,1
32,0,1,0,0,0,0,0,1,0,0,0,0,0,0,0,0,0,0,0,0,1,0,0,0,0,100000000,130000000.0,30,30000000.0,23.07692307692308,1.0,100000000.0,115000000.0,15.0,3668.0,1
36,0,1,0,0,0,0,1,0,0,0,0,0,0,0,0,0,0,0,0,1,0,0,0,0,0,100000000,115000000.0,15,15000000.0,13.043478260869565,1.0,100000000.0,115000000.0,15.0,3670.0,0
30,1,0,0,0,0,0,0,0,0,0,0,0,0,0,0,0,0,0,1,0,1,0,0,0,0,10000,13000.0,30,3000.0,23.07692307692308,2.5,100000000.0,130000000.0,30.0,3624.0,1
37,0,1,0,0,0,0,0,0,0,0,0,0,0,0,0,0,0,0,1,0,1,0,0,0,0,400000000,440000000.0,30,40000000.0,9.090909090909092,5.0,233333333.3333333,271444444.4444444,31.666666666666668,3611.6666666666665,1
35,0,1,0,0,0,0,0,0,0,0,0,0,0,0,0,0,0,0,1,0,1,0,0,0,0,300000000,345000000.0,30,45000000.0,13.043478260869565,4.0,157142857.14285713,182392857.14285716,21.428571428571427,3610.142857142857,1
36,1,0,0,0,0,0,0,0,0,0,0,0,0,0,0,0,0,0,0,0,1,0,0,0,0,100000000,115000000.0,15,15000000.0,13.043478260869565,1.0,100000000.0,115000000.0,15.0,3668.0,0
36,0,1,0,0,0,0,0,1,0,0,0,0,0,0,0,0,0,0,0,0,1,0,0,0,0,200000000,215000000.0,15,15000000.0,6.976744186046512,5.0,183333333.3333333,213277777.7777778,25.0,3616.444444444444,0
35,0,1,0,0,0,0,0,0,0,0,0,0,0,0,0,0,0,0,0,1,0,0,0,0,0,200000000,245000000.0,30,45000000.0,18.367346938775512,3.0,140000000.0,165600000.0,21.0,3609.6,1
33,0,1,0,0,0,0,0,1,0,0,0,0,0,0,0,0,0,0,0,0,1,0,0,0,0,100000000,130000000.0,30,30000000.0,23.07692307692308,1.5,100000000.0,122500000.0,22.5,3639.5,1
36,0,1,0,0,0,0,0,1,0,0,0,0,0,0,0,0,0,0,0,1,0,0,0,0,0,200000000,222500000.0,15,22500000.0,10.112359550561797,2.5,125000000.0,141875000.0,15.0,3608.25,0
32,0,1,0,0,0,1,0,0,0,0,0,0,0,0,0,0,0,0,0,0,1,0,0,0,0,10000,13000.0,30,3000.0,23.07692307692308,1.5,100000000.0,130000000.0,30.0,3611.0,1
39,1,0,0,0,0,0,0,1,0,0,0,0,0,0,0,0,0,0,0,0,1,0,0,0,0,400000000,480000000.0,60,80000000.0,16.666666666666664,4.0,214285714.2857143,259714285.7142857,38.57142857142857,5029.285714285715,5
44,0,1,0,0,0,0,0,0,0,0,0,1,0,0,0,0,0,0,0,0,1,0,0,0,0,300000000,345000000.0,30,45000000.0,13.043478260869565,4.0,171428571.42857143,199357142.85714287,21.428571428571427,3607.285714285714,1
35,0,1,0,0,0,0,0,0,0,0,0,0,0,0,0,0,0,0,0,1,0,0,0,0,0,200000000,245000000.0,30,45000000.0,18.367346938775512,2.0,100000000.0,125000000.0,25.0,3618.3333333333335,1
41,0,1,0,0,0,0,0,0,0,0,0,0,0,0,0,0,0,0,0,0,1,0,0,0,0,100000000,130000000.0,30,30000000.0,23.07692307692308,1.5,100000000.0,130000000.0,30.0,3668.0,1
39,1,0,0,0,0,0,1,0,0,0,0,0,0,0,0,0,0,0,0,0,1,0,0,0,0,300000000,345000000.0,30,45000000.0,13.043478260869565,5.5,175000000.0,202425000.0,22.5,3615.8,1
32,0,1,0,0,0,1,0,0,0,0,0,0,0,0,0,0,0,0,0,0,1,0,0,0,0,100000000,115000000.0,15,15000000.0,13.043478260869565,1.0,100000000.0,115000000.0,15.0,3668.0,0
34,0,1,0,0,0,0,0,1,0,0,0,0,0,0,0,0,0,0,0,0,1,0,0,0,0,100000000,130000000.0,30,30000000.0,23.07692307692308,1.0,100000000.0,130000000.0,30.0,3668.0,1
37,0,1,0,0,0,0,0,1,0,0,0,0,0,0,0,0,0,0,0,0,1,0,0,0,0,100000000,130000000.0,30,30000000.0,23.07692307692308,1.0,100000000.0,130000000.0,30.0,3608.0,1
38,0,1,0,0,0,0,0,1,0,0,0,0,0,0,0,0,0,0,0,0,1,0,0,0,0,100000000,130000000.0,30,30000000.0,23.07692307692308,1.5,100000000.0,122500000.0,22.5,3610.0,1
30,0,1,0,0,0,0,0,0,0,0,0,0,0,0,0,0,0,0,1,0,1,0,0,0,0,200000000,245000000.0,30,45000000.0,18.367346938775512,2.0,100000000.0,125000000.0,25.0,3608.6666666666665,1
33,0,1,0,1,0,0,0,0,0,0,0,0,0,0,0,0,0,0,0,0,0,0,0,1,0,300000000,390000000.0,60,90000000.0,23.07692307692308,2.0,133333333.33333331,168333333.33333334,30.0,3609.3333333333335,3
33,0,1,0,0,0,1,0,0,0,0,0,0,0,0,0,0,0,0,0,0,1,0,0,0,0,10000,13000.0,30,3000.0,23.07692307692308,1.5,100000000.0,122500000.0,22.5,3608.5,1
35,0,1,0,0,0,0,0,0,0,0,0,0,0,0,0,0,0,0,1,0,1,0,0,0,0,400000000,440000000.0,30,40000000.0,9.090909090909092,7.0,230769230.7692308,263500000.0,24.23076923076923,3609.846153846154,1
37,0,1,0,0,0,0,0,1,0,0,0,0,0,0,0,0,0,0,0,0,1,0,0,0,0,200000000,240000000.0,30,40000000.0,16.666666666666664,2.0,133333333.33333331,161666666.66666666,25.0,3607.6666666666665,1
37,1,0,0,0,0,0,0,1,0,0,0,0,0,0,0,0,0,0,0,0,0,0,1,0,0,500000000,550000000.0,60,50000000.0,9.090909090909092,6.5,300000000.0,352083333.3333333,47.5,3614.4166666666665,3
45,0,1,0,0,0,0,0,1,0,0,0,0,0,0,0,0,0,0,0,0,1,0,0,0,0,100000000,130000000.0,30,30000000.0,23.07692307692308,1.5,100000000.0,122500000.0,22.5,3609.5,1
28,1,0,0,0,0,1,0,0,0,0,0,0,0,0,0,0,0,0,0,1,0,0,0,0,0,100000000,130000000.0,30,30000000.0,23.07692307692308,1.0,100000000.0,115000000.0,15.0,3668.0,1
34,0,1,0,0,0,0,1,0,0,0,0,0,0,0,0,0,0,0,0,0,1,0,0,0,0,100000000,115000000.0,15,15000000.0,13.043478260869565,3.5,100000000.0,117500000.0,17.5,3607.5,0
35,0,1,0,0,0,0,0,0,0,0,0,0,0,0,0,0,0,0,0,0,1,0,0,0,0,10000,13000.0,30,3000.0,23.07692307692308,1.0,100000000.0,130000000.0,30.0,3669.0,1
38,0,1,0,0,0,0,1,0,0,0,0,0,0,0,0,0,0,0,0,0,1,0,0,0,0,20000,24500.0,30,4500.0,18.367346938775512,2.5,150000000.0,183750000.0,26.25,3608.25,1
44,1,0,0,0,0,0,0,0,0,0,0,0,0,0,0,0,0,0,0,0,1,0,0,0,0,300000000,345000000.0,30,45000000.0,13.043478260869565,5.0,188888888.8888889,220555555.55555555,26.666666666666668,3616.555555555556,1
44,1,0,0,0,0,0,0,1,0,0,0,0,0,0,0,0,0,0,0,0,0,0,1,0,0,100000000,122500000.0,30,22500000.0,18.367346938775512,4.0,185714285.7142857,228714285.7142857,34.285714285714285,4484.0,4
37,0,1,0,0,0,0,0,1,0,0,0,0,0,0,0,0,0,0,0,0,1,0,0,0,0,100000000,130000000.0,30,30000000.0,23.07692307692308,1.0,100000000.0,115000000.0,15.0,3670.0,1
31,0,1,0,0,0,0,0,1,0,0,0,0,0,0,0,0,0,0,0,0,1,0,0,0,0,10000,13000.0,30,3000.0,23.07692307692308,1.0,100000000.0,130000000.0,30.0,3668.0,1
41,0,1,0,0,0,0,0,0,0,0,0,0,0,0,1,0,0,0,0,0,1,0,0,0,0,150000000,183750000.0,30,33750000.0,18.367346938775512,2.0,100000000.0,120000000.0,20.0,3607.3333333333335,1
31,0,1,0,0,0,1,0,0,0,0,0,0,0,0,0,0,0,0,0,0,1,0,0,0,0,100000000,130000000.0,30,30000000.0,23.07692307692308,1.0,100000000.0,130000000.0,30.0,3613.0,1
38,0,1,0,0,0,0,0,0,0,0,0,0,0,0,1,0,0,0,0,0,1,0,0,0,0,300000000,390000000.0,60,90000000.0,23.07692307692308,3.5,150000000.0,183833333.3333333,27.5,3617.5,3
30,0,1,0,0,0,0,0,0,0,0,0,0,0,0,0,0,0,0,0,0,1,0,0,0,0,100000000,130000000.0,30,30000000.0,23.07692307692308,1.0,100000000.0,115000000.0,15.0,3616.0,1
43,1,0,0,1,0,0,0,0,0,0,0,0,0,0,0,0,0,0,0,0,1,0,0,0,0,300000000,345000000.0,30,45000000.0,13.043478260869565,2.0,133333333.33333331,158333333.33333334,20.0,3606.6666666666665,1
46,0,1,0,1,0,0,0,0,0,0,0,0,0,0,0,0,0,0,0,0,1,0,0,0,0,100000000,115000000.0,15,15000000.0,13.043478260869565,1.0,100000000.0,115000000.0,15.0,3668.0,0
39,0,1,0,0,0,0,0,1,0,0,0,0,0,0,0,0,0,0,0,0,1,0,0,0,0,100000000,115000000.0,15,15000000.0,13.043478260869565,1.0,100000000.0,115000000.0,15.0,3668.0,0
38,1,0,1,0,0,0,0,0,0,0,0,0,0,0,0,0,0,0,0,0,0,0,1,0,0,400000000,440000000.0,30,40000000.0,9.090909090909092,7.0,288461538.46153843,326798076.9230769,27.692307692307693,3618.692307692308,1
42,0,1,0,0,0,0,1,0,0,0,0,0,0,0,0,0,0,0,0,1,0,0,0,0,0,30000,34500.0,30,4500.0,13.043478260869565,3.5,166666666.66666666,188333166.66666663,17.5,3607.3333333333335,1
29,0,1,0,0,0,0,0,1,0,0,0,0,0,0,0,0,0,0,0,0,1,0,0,0,0,30000,34500.0,30,4500.0,13.043478260869565,5.0,166666666.66666666,187916666.66666663,16.666666666666668,3610.1111111111113,1
30,1,0,0,0,0,0,0,1,0,0,0,0,0,0,0,0,0,0,0,0,0,0,1,0,0,400000000,480000000.0,60,80000000.0,16.666666666666664,4.0,214285714.2857143,244214285.7142857,23.571428571428573,3611.142857142857,3
34,0,1,0,0,0,0,0,0,0,0,0,0,0,0,1,0,0,0,0,0,1,0,0,0,0,20000,24500.0,30,4500.0,18.367346938775512,2.0,100000000.0,130000000.0,30.0,3606.6666666666665,1
37,1,0,0,0,0,0,1,0,0,0,0,0,0,0,0,0,0,0,0,0,0,0,1,0,0,40000,44000.0,30,4000.0,9.090909090909092,6.5,216666666.66666663,250500000.0,26.25,3732.25,1
36,0,1,0,0,0,0,0,0,0,0,0,0,0,0,0,0,0,0,0,0,1,0,0,0,0,200000000,222500000.0,15,22500000.0,10.112359550561797,3.5,116666666.66666669,136041666.66666666,17.5,3617.1666666666665,0
35,0,1,0,0,0,0,0,0,0,0,0,0,0,0,0,0,0,0,1,0,1,0,0,0,0,200000000,245000000.0,30,45000000.0,18.367346938775512,2.0,100000000.0,130000000.0,30.0,3609.0,1
31,0,1,0,0,0,0,0,0,0,0,0,0,0,0,1,0,0,0,0,0,1,0,0,0,0,10000,11500.0,15,1500.0,13.043478260869565,1.0,100000000.0,115000000.0,15.0,3677.0,0
39,0,1,0,0,0,0,0,0,0,0,1,0,0,0,0,0,0,0,0,0,1,0,0,0,0,200000000,222500000.0,15,22500000.0,10.112359550561797,2.5,125000000.0,149375000.0,22.5,3607.75,0
35,1,0,0,0,0,0,0,0,0,0,0,0,0,0,0,0,0,0,0,0,0,0,1,0,0,400000000,480000000.0,60,80000000.0,16.666666666666664,5.0,244444444.44444445,297444444.4444444,43.333333333333336,3611.0,3
38,0,1,0,0,0,0,0,0,0,0,0,0,0,0,0,0,0,0,0,0,1,0,0,0,0,100000000,130000000.0,30,30000000.0,23.07692307692308,1.0,100000000.0,130000000.0,30.0,3668.0,1
38,0,1,0,0,0,0,0,1,0,0,0,0,0,0,0,0,0,0,0,0,1,0,0,0,0,100000000,115000000.0,15,15000000.0,13.043478260869565,1.0,100000000.0,115000000.0,15.0,3611.0,0
36,0,1,0,0,0,0,1,0,0,0,0,0,0,0,0,0,0,0,0,0,1,0,0,0,0,150000000,166875000.0,15,16875000.0,10.112359550561797,2.0,100000000.0,130000000.0,30.0,3843.0,0
43,0,1,1,0,0,0,0,0,0,0,0,0,0,0,0,0,0,0,0,1,0,0,0,0,0,200000000,222500000.0,15,22500000.0,10.112359550561797,2.0,100000000.0,125000000.0,25.0,3609.3333333333335,0
41,0,1,0,0,0,0,0,1,0,0,0,0,0,0,0,0,0,0,0,0,1,0,0,0,0,100000000,130000000.0,30,30000000.0,23.07692307692308,1.0,100000000.0,130000000.0,30.0,3667.0,1
41,0,0,0,0,0,0,0,0,0,0,0,0,0,0,1,0,0,0,0,0,1,0,0,0,0,300000000,345000000.0,30,45000000.0,13.043478260869565,5.5,185000000.0,211587500.0,21.0,3615.3,1
33,1,0,0,0,0,0,0,0,0,0,0,1,0,0,0,0,0,0,0,0,1,0,0,0,0,500000000,525000000.0,30,25000000.0,4.761904761904762,7.5,267857142.85714287,304839285.71428573,27.857142857142858,3617.357142857143,1
51,0,1,1,0,0,0,0,0,0,0,0,0,0,0,0,0,0,0,0,0,1,0,0,0,0,100000000,130000000.0,30,30000000.0,23.07692307692308,1.0,100000000.0,130000000.0,30.0,3607.0,1
29,0,1,0,0,0,0,0,0,0,0,0,0,0,0,0,0,0,0,0,0,1,0,0,0,0,100000000,130000000.0,30,30000000.0,23.07692307692308,1.0,100000000.0,115000000.0,15.0,3668.0,1
39,1,0,0,0,0,0,0,0,0,0,0,0,0,0,0,0,0,0,1,0,1,0,0,0,0,300000000,345000000.0,30,45000000.0,13.043478260869565,4.0,142857142.85714287,172857142.85714287,23.571428571428573,3608.571428571429,1
40,0,1,0,0,0,0,0,1,0,0,0,0,0,0,0,0,0,0,0,0,1,0,0,0,0,10000,13000.0,30,3000.0,23.07692307692308,1.5,100000000.0,130000000.0,30.0,3638.5,1
50,0,1,0,0,0,0,0,1,0,0,0,0,0,0,0,0,0,0,0,0,1,0,0,0,0,10000,13000.0,30,3000.0,23.07692307692308,1.0,100000000.0,130000000.0,30.0,3607.0,1
38,1,0,0,0,0,0,0,1,0,0,0,0,0,0,0,0,0,0,0,0,1,0,0,0,0,500000000,575000000.0,90,75000000.0,13.043478260869565,5.5,317000000.0,377300000.0,57.0,3621.7,2
27,0,1,0,0,0,0,1,0,0,0,0,0,0,0,0,0,0,0,0,0,0,0,1,0,0,100000000,115000000.0,15,15000000.0,13.043478260869565,6.5,125000000.0,148166666.66666666,21.25,3614.3333333333335,0
38,0,1,0,0,0,0,0,0,0,0,0,0,0,0,0,0,0,0,0,0,1,0,0,0,0,100000000,115000000.0,15,15000000.0,13.043478260869565,1.0,100000000.0,130000000.0,30.0,3669.0,0
31,0,1,0,0,0,0,0,1,0,0,0,0,0,0,0,0,0,0,0,0,1,0,0,0,0,200000000,245000000.0,30,45000000.0,18.367346938775512,2.0,100000000.0,130000000.0,30.0,3626.6666666666665,1
48,0,0,0,0,0,0,0,0,0,0,0,1,0,0,0,0,0,0,0,0,1,0,0,0,0,100000000,115000000.0,15,15000000.0,13.043478260869565,1.0,100000000.0,115000000.0,15.0,3614.0,0
40,0,1,1,0,0,0,0,0,0,0,0,0,0,0,0,0,0,0,0,0,1,0,0,0,0,100000000,115000000.0,15,15000000.0,13.043478260869565,1.5,100000000.0,115000000.0,15.0,3607.5,0
32,0,1,0,0,0,0,0,1,0,0,0,0,0,0,0,0,0,0,0,0,1,0,0,0,0,100000000,130000000.0,30,30000000.0,23.07692307692308,2.5,100000000.0,126250000.0,26.25,3611.25,1
37,0,1,0,0,0,0,0,1,0,0,0,0,0,0,0,0,0,0,0,1,0,0,0,0,0,100000000,115000000.0,15,15000000.0,13.043478260869565,1.5,100000000.0,130000000.0,30.0,3617.0,0
36,0,1,0,0,0,0,0,1,0,0,0,0,0,0,0,0,0,0,0,1,0,0,0,0,0,10000,11500.0,15,1500.0,13.043478260869565,1.0,100000000.0,115000000.0,15.0,3613.0,0
31,0,1,0,0,0,0,0,0,0,0,0,0,0,0,1,0,0,0,0,0,1,0,0,0,0,200000000,245000000.0,30,45000000.0,18.367346938775512,2.5,125000000.0,151250000.0,22.5,3607.75,1
30,1,0,0,0,1,0,0,0,0,0,0,0,0,0,0,0,0,0,0,0,1,0,0,0,0,600000000,681000000.0,90,81000000.0,11.894273127753303,11.0,366666666.6666667,412523809.5238096,40.0,3780.285714285714,2
44,0,1,0,0,0,0,0,0,0,0,0,0,0,0,0,0,0,0,1,0,1,0,0,0,0,100000000,130000000.0,30,30000000.0,23.07692307692308,1.0,100000000.0,130000000.0,30.0,3616.0,1
29,0,1,0,0,0,1,0,0,0,0,0,0,0,0,0,0,0,0,0,0,1,0,0,0,0,100000000,115000000.0,30,15000000.0,13.043478260869565,3.5,100000000.0,119916666.66666669,22.5,3617.3333333333335,1
29,0,1,0,0,0,0,1,0,0,0,0,0,0,0,0,0,0,0,0,0,1,0,0,0,0,200000000,245000000.0,30,45000000.0,18.367346938775512,3.0,140000000.0,167000000.0,21.0,3609.2,1
35,0,1,0,0,0,0,0,1,0,0,0,0,0,0,0,0,0,0,0,0,1,0,0,0,0,100000000,125000000.0,30,25000000.0,20.0,1.0,100000000.0,130000000.0,30.0,3668.0,1
29,0,1,0,0,0,0,0,0,0,0,0,0,0,0,0,0,0,0,0,0,1,0,0,0,0,100000000,130000000.0,30,30000000.0,23.07692307692308,1.0,100000000.0,130000000.0,30.0,3615.0,1
35,0,1,0,0,1,0,0,0,0,0,0,0,0,0,0,0,0,0,0,0,1,0,0,0,0,200000000,245000000.0,30,45000000.0,18.367346938775512,2.0,100000000.0,125000000.0,25.0,3608.0,1
36,0,1,0,0,0,0,0,1,0,0,0,0,0,0,0,0,0,0,0,1,0,0,0,0,0,100000000,115000000.0,15,15000000.0,13.043478260869565,1.0,100000000.0,115000000.0,15.0,3667.0,0
40,0,1,0,0,0,0,0,1,0,0,0,0,0,0,0,0,0,0,0,0,1,0,0,0,0,200000000,245000000.0,30,45000000.0,18.367346938775512,2.5,125000000.0,147500000.0,18.75,3609.0,1
32,0,1,0,0,0,0,0,0,0,0,0,0,0,0,0,0,0,0,0,0,1,0,0,0,0,10000,13000.0,30,3000.0,23.07692307692308,1.0,100000000.0,130000000.0,30.0,3668.0,1
40,1,0,0,0,0,0,0,0,0,0,0,0,0,0,0,0,0,0,1,0,1,0,0,0,0,100000000,115000000.0,15,15000000.0,13.043478260869565,4.0,100000000.0,123571428.57142857,23.571428571428573,3609.285714285714,0
46,0,1,0,0,0,0,0,0,0,0,0,0,0,0,1,0,0,0,0,0,1,0,0,0,0,100000000,130000000.0,30,30000000.0,23.07692307692308,1.0,100000000.0,130000000.0,30.0,3667.0,1
46,0,1,0,0,1,0,0,0,0,0,0,0,0,0,0,0,0,0,0,0,1,0,0,0,0,200000000,222500000.0,15,22500000.0,10.112359550561797,2.0,100000000.0,120000000.0,20.0,3611.0,0
34,1,0,0,0,0,0,0,1,0,0,0,0,0,0,0,0,0,0,0,0,1,0,0,0,0,40000,48000.0,60,8000.0,16.666666666666664,6.0,218181818.1818182,257090909.0909091,31.363636363636363,3609.363636363637,3
32,0,1,0,0,0,1,0,0,0,0,0,0,0,0,0,0,0,0,0,0,1,0,0,0,0,100000000,130000000.0,30,30000000.0,23.07692307692308,1.5,100000000.0,122500000.0,22.5,3638.0,1
38,0,1,0,0,0,0,1,0,0,0,0,0,0,0,0,0,0,0,0,1,0,0,0,0,0,100000000,115000000.0,15,15000000.0,13.043478260869565,2.5,100000000.0,115000000.0,15.0,3608.0,0
33,1,0,0,1,0,0,0,0,0,0,0,0,0,0,0,0,0,0,0,0,0,0,1,0,0,300000000,345000000.0,30,45000000.0,13.043478260869565,4.5,150000000.0,189500000.0,33.75,3611.25,1
33,0,1,0,0,0,0,0,0,0,0,0,0,0,0,1,0,0,0,0,0,1,0,0,0,0,300000000,339999000.0,30,39999000.0,11.764446366018722,6.5,216666666.66666663,248500000.0,25.0,3609.1666666666665,1
38,0,1,1,0,0,0,0,0,0,0,0,0,0,0,0,0,0,0,0,0,1,0,0,0,0,20000,24500.0,30,4500.0,18.367346938775512,1.5,100000000.0,130000000.0,30.0,3631.5,1
42,0,1,0,0,0,0,0,0,0,0,0,0,0,0,0,0,0,0,0,0,1,0,0,0,0,100000000,130000000.0,30,30000000.0,23.07692307692308,3.5,100000000.0,122500000.0,22.5,3609.8333333333335,1
47,0,1,0,0,0,0,0,0,0,0,0,1,0,0,0,0,0,0,0,0,1,0,0,0,0,300000000,345000000.0,30,45000000.0,13.043478260869565,3.5,216666666.66666663,252833333.3333333,27.5,3619.1666666666665,1
44,1,0,0,0,0,0,0,0,0,0,0,1,0,0,0,0,0,0,0,0,1,0,0,0,0,30000,39000.0,60,9000.0,23.07692307692308,2.0,133333333.33333331,166000000.0,30.0,3985.6666666666665,3
33,0,1,0,0,0,0,0,0,0,0,0,0,0,0,1,0,0,0,0,0,1,0,0,0,0,100000000,111250000.0,15,11250000.0,10.112359550561797,2.0,100000000.0,120000000.0,20.0,3612.6666666666665,0
29,0,1,0,0,0,0,1,0,0,0,0,0,0,0,0,0,0,0,0,0,0,0,0,1,0,100000000,115000000.0,15,15000000.0,13.043478260869565,3.0,140000000.0,158000000.0,15.0,3631.0,0
30,0,1,0,0,0,0,0,0,0,0,0,0,0,0,1,0,0,0,0,0,0,0,0,1,0,10000,13000.0,30,3000.0,23.07692307692308,1.5,100000000.0,130000000.0,30.0,3611.5,1
32,0,1,0,0,0,0,0,1,0,0,0,0,0,0,0,0,0,0,0,0,1,0,0,0,0,100000000,130000000.0,30,30000000.0,23.07692307692308,1.0,100000000.0,130000000.0,30.0,3616.0,1
45,1,0,0,0,0,0,0,1,0,0,0,0,0,0,0,0,0,0,0,0,1,0,0,0,0,300000000,345000000.0,30,45000000.0,13.043478260869565,5.5,180000000.0,205100000.0,19.5,3609.7,1
44,1,0,0,0,0,0,0,0,0,0,0,0,0,0,1,0,0,0,0,0,1,0,0,0,0,300000000,345000000.0,30,45000000.0,13.043478260869565,5.5,170000000.0,192100000.0,19.5,3609.2,1
35,0,1,0,0,0,0,0,1,0,0,0,0,0,0,0,0,0,0,0,0,1,0,0,0,0,100000000,115000000.0,15,15000000.0,13.043478260869565,2.5,100000000.0,117500000.0,18.75,3613.75,0
39,0,1,0,0,0,0,0,0,0,0,0,0,0,0,0,0,0,0,0,0,1,0,0,0,0,10000,13000.0,30,3000.0,23.07692307692308,1.0,100000000.0,130000000.0,30.0,3669.0,1
33,1,0,0,0,0,0,0,0,0,0,0,0,0,0,0,0,0,0,0,0,1,0,0,0,0,300000000,360000000.0,60,60000000.0,16.666666666666664,5.0,194444444.44444445,231166666.66666663,30.0,3610.444444444444,3
36,0,1,0,0,0,0,0,1,0,0,0,0,0,0,0,0,0,0,0,0,1,0,0,0,0,200000000,245000000.0,30,45000000.0,18.367346938775512,2.0,100000000.0,130000000.0,30.0,3608.3333333333335,1
39,0,1,1,0,0,0,0,0,0,0,0,0,0,0,0,0,0,0,0,0,0,0,1,0,0,10000,11500.0,15,1500.0,13.043478260869565,2.0,100000000.0,120000000.0,20.0,3631.3333333333335,0
44,0,1,0,0,0,0,0,0,0,0,0,0,0,0,0,0,0,0,0,0,1,0,0,0,0,100000000,115000000.0,15,15000000.0,13.043478260869565,1.0,100000000.0,115000000.0,15.0,3668.0,0
31,0,1,0,0,0,0,0,1,0,0,0,0,0,0,0,0,0,0,0,0,1,0,0,0,0,20000,24500.0,30,4500.0,18.367346938775512,2.0,100000000.0,130000000.0,30.0,3620.3333333333335,1
37,0,1,0,0,0,0,0,1,0,0,0,0,0,0,0,0,0,0,0,0,1,0,0,0,0,100000000,130000000.0,30,30000000.0,23.07692307692308,1.0,100000000.0,130000000.0,30.0,3669.0,1
34,1,0,0,0,0,0,0,1,0,0,0,0,0,0,0,0,0,0,0,0,0,0,1,0,0,300000000,345000000.0,30,45000000.0,13.043478260869565,3.5,183333333.3333333,219750000.0,30.0,3618.5,1
42,0,1,0,0,0,0,0,1,0,0,0,0,0,0,0,0,0,0,0,0,1,0,0,0,0,10000,11500.0,15,1500.0,13.043478260869565,1.0,100000000.0,115000000.0,15.0,3607.0,0
42,0,1,0,0,0,0,0,1,0,0,0,0,0,0,0,0,0,0,0,0,1,0,0,0,0,100000000,115000000.0,15,15000000.0,13.043478260869565,1.0,100000000.0,115000000.0,15.0,3667.0,0
33,0,1,1,0,0,0,0,0,0,0,0,0,0,0,0,0,0,0,0,0,1,0,0,0,0,10000,12250.0,30,2250.0,18.367346938775512,3.5,100000000.0,127333333.33333331,27.5,3607.6666666666665,1
38,1,0,0,0,0,0,0,1,0,0,0,0,0,0,0,0,0,0,0,0,1,0,0,0,0,100000000,115000000.0,15,15000000.0,13.043478260869565,4.5,100000000.0,115000000.0,15.0,3611.0,0
37,0,1,1,0,0,0,0,0,0,0,0,0,0,0,0,0,0,0,0,0,1,0,0,0,0,10000,11500.0,15,1500.0,13.043478260869565,1.0,100000000.0,115000000.0,15.0,3672.0,0
42,0,1,0,0,0,0,0,1,0,0,0,0,0,0,0,0,0,0,0,1,0,0,0,0,0,100000000,130000000.0,30,30000000.0,23.07692307692308,1.0,100000000.0,130000000.0,30.0,3668.0,1
37,0,1,0,0,0,0,0,0,0,0,0,0,0,0,0,0,0,0,0,0,1,0,0,0,0,100000000,130000000.0,30,30000000.0,23.07692307692308,1.5,100000000.0,122500000.0,22.5,3639.0,1
50,0,1,0,0,0,0,0,0,0,0,0,0,0,0,0,0,0,0,1,0,1,0,0,0,0,100000000,130000000.0,30,30000000.0,23.07692307692308,1.5,100000000.0,130000000.0,30.0,3609.5,1
33,1,0,0,0,1,0,0,0,0,0,0,0,0,0,0,0,0,0,0,0,1,0,0,0,0,300000000,390000000.0,60,90000000.0,23.07692307692308,5.0,144444444.44444445,178194444.44444445,28.33333333333333,3609.6666666666665,3
29,0,1,0,0,0,0,0,1,0,0,0,0,0,0,0,0,0,0,0,0,1,0,0,0,0,100000000,115000000.0,15,15000000.0,13.043478260869565,1.0,100000000.0,115000000.0,15.0,3668.0,0
38,0,1,1,0,0,0,0,0,0,0,0,0,0,0,0,0,0,0,0,0,1,0,0,0,0,100000000,130000000.0,30,30000000.0,23.07692307692308,2.0,100000000.0,130000000.0,30.0,3626.3333333333335,1
27,0,1,0,0,0,0,0,0,0,0,0,0,0,0,1,0,0,0,0,0,0,0,0,1,0,100000000,130000000.0,30,30000000.0,23.07692307692308,1.0,100000000.0,130000000.0,30.0,3668.0,1
36,0,1,0,0,0,0,0,1,0,0,0,0,0,0,0,0,0,0,0,0,1,0,0,0,0,100000000,130000000.0,30,30000000.0,23.07692307692308,1.0,100000000.0,130000000.0,30.0,3668.0,1
44,0,1,1,0,0,0,0,0,0,0,0,0,0,0,0,0,0,0,0,0,1,0,0,0,0,100000000,130000000.0,30,30000000.0,23.07692307692308,1.0,100000000.0,130000000.0,30.0,4357.0,4
34,1,0,0,0,0,0,1,0,0,0,0,0,0,0,0,0,0,0,0,0,0,0,1,0,0,100000000,115000000.0,15,15000000.0,13.043478260869565,1.0,100000000.0,130000000.0,30.0,3614.0,0
42,0,1,0,0,0,0,0,1,0,0,0,0,0,0,0,0,0,0,0,0,1,0,0,0,0,100000000,130000000.0,30,30000000.0,23.07692307692308,1.0,100000000.0,130000000.0,30.0,3669.0,1
45,0,1,0,0,0,0,0,1,0,0,0,0,0,0,0,0,0,0,0,0,1,0,0,0,0,100000000,130000000.0,30,30000000.0,23.07692307692308,1.0,100000000.0,130000000.0,30.0,3669.0,1
31,0,1,0,0,0,0,0,0,0,0,0,0,0,0,0,0,0,0,0,0,1,0,0,0,0,100000000,130000000.0,30,30000000.0,23.07692307692308,1.0,100000000.0,115000000.0,15.0,3668.0,1
32,0,1,0,0,0,0,0,1,0,0,0,0,0,0,0,0,0,0,0,0,1,0,0,0,0,100000000,130000000.0,30,30000000.0,23.07692307692308,1.0,100000000.0,130000000.0,30.0,3668.0,1
35,0,1,0,0,0,0,0,0,0,0,0,0,0,0,1,0,0,0,0,0,1,0,0,0,0,200000000,245000000.0,30,45000000.0,18.367346938775512,2.0,133333333.33333331,168333333.33333334,30.0,3608.0,1
34,0,1,0,0,0,0,1,0,0,0,0,0,0,0,0,0,0,0,0,1,0,0,0,0,0,100000000,115000000.0,15,15000000.0,13.043478260869565,1.5,100000000.0,115000000.0,15.0,3610.0,0
40,0,1,0,0,0,0,0,1,0,0,0,0,0,0,0,0,0,0,0,0,1,0,0,0,0,100000000,130000000.0,30,30000000.0,23.07692307692308,1.0,100000000.0,130000000.0,30.0,3614.0,1
32,0,1,0,0,0,0,0,0,0,0,0,0,0,0,0,0,0,0,0,1,0,0,0,0,0,100000000,115000000.0,15,15000000.0,13.043478260869565,1.0,100000000.0,115000000.0,15.0,3668.0,0
34,0,1,0,0,0,0,0,1,0,0,0,0,0,0,0,0,0,0,0,0,1,0,0,0,0,20000,24500.0,30,4500.0,18.367346938775512,3.0,140000000.0,161000000.0,18.0,3607.4,1
36,0,1,0,0,0,0,0,0,0,0,0,0,0,0,0,0,0,0,0,0,1,0,0,0,0,200000000,222500000.0,15,22500000.0,10.112359550561797,1.5,100000000.0,115000000.0,15.0,3638.0,0
35,0,1,0,0,0,0,0,1,0,0,0,0,0,0,0,0,0,0,0,0,1,0,0,0,0,100000000,130000000.0,30,30000000.0,23.07692307692308,1.5,100000000.0,130000000.0,30.0,3610.0,1
49,0,1,0,0,0,0,0,0,0,0,0,0,0,0,0,0,0,0,1,1,0,0,0,0,0,100000000,130000000.0,30,30000000.0,23.07692307692308,1.5,100000000.0,122500000.0,22.5,3667.5,1
29,0,1,1,0,0,0,0,0,0,0,0,0,0,0,0,0,0,0,0,0,1,0,0,0,0,100000000,130000000.0,30,30000000.0,23.07692307692308,1.0,100000000.0,130000000.0,30.0,3668.0,1
36,0,1,0,0,0,0,0,0,0,0,0,0,0,0,0,0,0,0,1,0,1,0,0,0,0,200000000,245000000.0,30,45000000.0,18.367346938775512,4.0,114285714.28571428,134714285.7142857,19.285714285714285,3609.0,1
47,0,1,0,0,0,0,0,0,0,0,0,0,0,0,0,0,0,0,0,1,0,0,0,0,0,10000,11500.0,15,1500.0,13.043478260869565,2.5,100000000.0,115000000.0,15.0,3607.5,0
35,0,1,1,0,0,0,0,0,0,0,0,0,0,0,0,0,0,0,0,0,1,0,0,0,0,100000000,130000000.0,30,30000000.0,23.07692307692308,1.0,100000000.0,130000000.0,30.0,3668.0,1
46,0,1,0,0,0,0,0,0,0,0,0,0,0,0,0,0,0,0,1,0,1,0,0,0,0,100000000,130000000.0,30,30000000.0,23.07692307692308,1.0,100000000.0,130000000.0,30.0,3611.0,1
31,0,1,0,0,0,0,0,1,0,0,0,0,0,0,0,0,0,0,0,0,1,0,0,0,0,100000000,130000000.0,30,30000000.0,23.07692307692308,1.0,100000000.0,130000000.0,30.0,3667.0,1
29,1,0,0,0,0,0,0,1,0,0,0,0,0,0,0,0,0,0,0,0,0,0,0,1,0,10000,10500.0,15,500.0,4.761904761904762,6.5,191666666.66666663,230687500.0,35.0,3614.5833333333335,0
39,0,1,0,0,0,0,0,0,0,0,0,0,0,0,1,0,0,0,0,0,1,0,0,0,0,100000000,130000000.0,30,30000000.0,23.07692307692308,2.0,100000000.0,125000000.0,25.0,3608.0,1
34,0,1,0,0,0,0,0,0,0,0,1,0,0,0,0,0,0,0,0,0,1,0,0,0,0,10000,13000.0,30,3000.0,23.07692307692308,1.0,100000000.0,130000000.0,30.0,3613.0,1
50,0,1,0,0,0,0,1,0,0,0,0,0,0,0,0,0,0,0,0,1,0,0,0,0,0,10000,13000.0,30,3000.0,23.07692307692308,1.0,100000000.0,115000000.0,15.0,3619.0,1
46,0,1,0,1,0,0,0,0,0,0,0,0,0,0,0,0,0,0,0,0,1,0,0,0,0,200000000,245000000.0,30,45000000.0,18.367346938775512,4.0,128571428.57142857,152714285.7142857,21.428571428571427,3616.285714285714,1
36,0,1,0,0,0,0,1,0,0,0,0,0,0,0,0,0,0,0,0,0,1,0,0,0,0,100000000,130000000.0,30,30000000.0,23.07692307692308,1.5,100000000.0,130000000.0,30.0,7652.0,5
35,0,1,0,0,0,0,0,0,0,0,1,0,0,0,0,0,0,0,0,1,0,0,0,0,0,200000000,245000000.0,30,45000000.0,18.367346938775512,2.0,100000000.0,115000000.0,15.0,3627.3333333333335,1
28,0,1,0,0,0,0,0,1,0,0,0,0,0,0,0,0,0,0,0,0,0,0,0,1,0,100000000,115000000.0,15,15000000.0,13.043478260869565,2.0,100000000.0,115000000.0,15.0,3614.0,0
48,0,1,0,0,0,0,0,0,0,0,0,0,0,0,0,0,0,0,0,0,1,0,0,0,0,200000000,245000000.0,30,45000000.0,18.367346938775512,2.0,100000000.0,115000000.0,15.0,3612.6666666666665,1
37,1,0,0,0,0,0,1,0,0,0,0,0,0,0,0,0,0,0,0,0,1,0,0,0,0,40000,48000.0,60,8000.0,16.666666666666664,7.5,196428571.42857143,225875000.0,24.642857142857142,3610.285714285714,3
36,0,1,0,0,0,0,0,0,0,0,0,1,0,0,0,0,0,0,0,1,0,0,0,0,0,10000,13000.0,30,3000.0,23.07692307692308,1.0,100000000.0,130000000.0,30.0,3669.0,1
35,1,0,1,0,0,0,0,0,0,0,0,0,0,0,0,0,0,0,0,0,1,0,0,0,0,400000000,480000000.0,60,80000000.0,16.666666666666664,9.5,222222222.2222222,261819444.44444445,32.5,3612.6666666666665,3
30,0,1,0,0,0,0,0,0,0,0,0,0,0,0,1,0,0,0,0,0,1,0,0,0,0,100000000,130000000.0,30,30000000.0,23.07692307692308,2.5,125000000.0,158750000.0,30.0,3607.75,1
27,0,1,0,0,0,0,0,0,0,0,0,0,0,0,0,0,0,0,1,0,1,0,0,0,0,100000000,115000000.0,15,15000000.0,13.043478260869565,1.0,100000000.0,130000000.0,30.0,3669.0,0
32,1,0,0,0,0,0,0,0,0,0,0,0,0,0,0,0,0,0,1,0,1,0,0,0,0,100000000,115000000.0,15,15000000.0,13.043478260869565,4.0,114285714.28571428,145428571.42857143,30.0,3634.0,0
28,0,1,0,0,0,0,0,1,0,0,0,0,0,0,0,0,0,0,0,0,1,0,0,0,0,100000000,130000000.0,30,30000000.0,23.07692307692308,1.0,100000000.0,130000000.0,30.0,3674.0,1
41,0,1,0,0,0,0,0,0,0,0,0,0,0,0,0,0,0,0,0,1,0,0,0,0,0,100000000,130000000.0,30,30000000.0,23.07692307692308,1.0,100000000.0,130000000.0,30.0,3669.0,1
35,0,1,0,0,0,0,0,0,0,0,1,0,0,0,0,0,0,0,0,0,0,0,1,0,0,300000000,345000000.0,30,45000000.0,13.043478260869565,4.5,156250000.0,178031250.0,18.75,3609.25,1
30,0,1,0,0,0,0,0,1,0,0,0,0,0,0,0,0,0,0,0,0,1,0,0,0,0,100000000,130000000.0,30,30000000.0,23.07692307692308,2.0,100000000.0,120000000.0,20.0,3607.6666666666665,1
35,0,1,0,0,0,0,0,0,0,0,0,0,0,0,0,0,0,0,0,1,0,0,0,0,0,100000000,115000000.0,15,15000000.0,13.043478260869565,1.0,100000000.0,115000000.0,15.0,3670.0,0
29,0,1,0,0,0,0,0,0,0,0,0,0,0,0,1,0,0,0,0,0,0,0,0,1,0,100000000,130000000.0,30,30000000.0,23.07692307692308,1.0,100000000.0,115000000.0,15.0,3618.0,1
42,1,0,0,0,0,0,0,0,0,0,0,0,0,0,0,0,0,0,0,0,0,0,1,0,0,200000000,205000000.0,15,5000000.0,2.4390243902439024,9.5,177777777.7777778,194638888.8888889,15.0,6302.111111111111,5
39,0,1,0,0,0,0,0,0,0,0,0,0,0,0,0,0,0,0,0,0,1,0,0,0,0,100000000,130000000.0,30,30000000.0,23.07692307692308,1.0,100000000.0,115000000.0,15.0,3668.0,1
47,0,0,0,1,0,0,0,0,0,0,0,0,0,0,0,0,0,0,0,0,1,0,0,0,0,200000000,245000000.0,30,45000000.0,18.367346938775512,2.0,200000000.0,245000000.0,30.0,3668.0,1
30,1,0,0,0,1,0,0,0,0,0,0,0,0,0,0,0,0,0,0,0,1,0,0,0,0,500000000,575000000.0,90,75000000.0,13.043478260869565,5.5,235000000.0,281700000.0,39.0,3610.6,2
47,0,1,0,0,0,0,0,1,0,0,0,0,0,0,0,0,0,0,0,0,1,0,0,0,0,100000000,115000000.0,15,15000000.0,13.043478260869565,1.0,100000000.0,115000000.0,15.0,3668.0,0
43,0,1,0,0,1,0,0,0,0,0,0,0,0,0,0,0,0,0,0,0,1,0,0,0,0,200000000,245000000.0,30,45000000.0,18.367346938775512,2.0,100000000.0,130000000.0,30.0,3614.3333333333335,1
36,0,1,0,0,0,0,0,0,0,0,0,0,0,0,1,0,0,0,0,0,1,0,0,0,0,100000000,115000000.0,15,15000000.0,13.043478260869565,1.0,100000000.0,115000000.0,15.0,3678.0,0
28,0,1,0,0,0,0,0,1,0,0,0,0,0,0,0,0,0,0,0,0,0,0,0,1,0,100000000,115000000.0,15,15000000.0,13.043478260869565,1.0,100000000.0,115000000.0,15.0,3667.0,0
41,0,1,0,0,0,0,0,1,0,0,0,0,0,0,0,0,0,0,0,0,1,0,0,0,0,100000000,115000000.0,15,15000000.0,13.043478260869565,1.0,100000000.0,115000000.0,15.0,3678.0,0
48,0,1,0,0,0,0,0,1,0,0,0,0,0,0,0,0,0,0,0,0,1,0,0,0,0,100000000,115000000.0,15,15000000.0,13.043478260869565,1.0,100000000.0,115000000.0,15.0,3618.0,0
33,0,1,0,0,0,0,0,1,0,0,0,0,0,0,0,0,0,0,0,1,0,0,0,0,0,100000000,130000000.0,30,30000000.0,23.07692307692308,1.0,100000000.0,130000000.0,30.0,3669.0,1
43,0,1,0,0,0,0,0,1,0,0,0,0,0,0,0,0,0,0,0,0,1,0,0,0,0,100000000,130000000.0,30,30000000.0,23.07692307692308,1.5,100000000.0,130000000.0,30.0,3609.5,1
32,0,1,1,0,0,0,0,0,0,0,0,0,0,0,0,0,0,0,0,0,0,0,1,0,0,30000,33000.0,30,3000.0,9.090909090909092,4.0,228571428.57142857,269000000.0,30.0,3622.571428571429,1
26,1,0,0,0,0,0,0,0,0,0,1,0,0,0,0,0,0,0,0,0,0,0,1,0,0,100000000,115000000.0,15,15000000.0,13.043478260869565,3.0,120000000.0,149050000.0,27.0,3622.8,0
37,0,1,0,0,1,0,0,0,0,0,0,0,0,0,0,0,0,0,0,1,0,0,0,0,0,10000,13000.0,30,3000.0,23.07692307692308,1.0,100000000.0,130000000.0,30.0,3669.0,1
39,0,1,0,0,0,0,0,0,0,0,0,0,0,0,0,0,0,0,0,0,1,0,0,0,0,100000000,130000000.0,30,30000000.0,23.07692307692308,1.0,100000000.0,130000000.0,30.0,3634.0,1
28,0,1,0,1,0,0,0,0,0,0,0,0,0,0,0,0,0,0,0,0,0,0,0,1,0,300000000,360000000.0,60,60000000.0,16.666666666666664,4.5,183750000.0,223375000.0,37.5,3612.5,3
36,1,0,0,0,1,0,0,0,0,0,0,0,0,0,0,0,0,0,0,0,1,0,0,0,0,300000000,345000000.0,30,45000000.0,13.043478260869565,6.0,168181818.1818182,197318181.8181818,24.545454545454547,3616.5454545454554,1
29,0,1,0,0,0,0,0,1,0,0,0,0,0,0,0,0,0,0,0,0,1,0,0,0,0,100000000,130000000.0,30,30000000.0,23.07692307692308,1.0,100000000.0,115000000.0,15.0,3668.0,1
47,0,1,1,0,0,0,0,0,0,0,0,0,0,0,0,0,0,0,0,0,1,0,0,0,0,100000000,130000000.0,30,30000000.0,23.07692307692308,1.0,100000000.0,130000000.0,30.0,3607.0,1
31,0,1,0,0,0,0,1,0,0,0,0,0,0,0,0,0,0,0,0,1,0,0,0,0,0,10000,13000.0,30,3000.0,23.07692307692308,2.5,100000000.0,130000000.0,30.0,3610.0,1
30,1,0,0,0,0,0,0,1,0,0,0,0,0,0,0,0,0,0,0,0,1,0,0,0,0,100000000,130000000.0,30,30000000.0,23.07692307692308,1.0,100000000.0,115000000.0,15.0,3667.0,1
48,0,1,0,0,0,0,0,0,0,0,0,0,0,0,0,0,0,0,0,0,1,0,0,0,0,10000,13000.0,30,3000.0,23.07692307692308,1.0,100000000.0,130000000.0,30.0,3613.0,1
35,0,1,1,0,0,0,0,0,0,0,0,0,0,0,0,0,0,0,0,0,1,0,0,0,0,200000000,245000000.0,30,45000000.0,18.367346938775512,1.5,100000000.0,115000000.0,15.0,3637.0,1
32,0,1,0,0,0,0,0,0,0,0,0,0,0,0,0,0,0,0,0,0,1,0,0,0,0,100000000,115000000.0,15,15000000.0,13.043478260869565,2.0,100000000.0,120000000.0,20.0,3609.3333333333335,0
45,1,0,0,0,0,0,0,0,0,0,0,0,0,0,0,0,0,0,0,0,1,0,0,0,0,200000000,245000000.0,30,45000000.0,18.367346938775512,2.5,100000000.0,117500000.0,18.75,3610.0,1
32,0,1,0,1,0,0,0,0,0,0,0,0,0,0,0,0,0,0,0,0,1,0,0,0,0,100000000,130000000.0,30,30000000.0,23.07692307692308,1.5,100000000.0,122500000.0,22.5,3637.5,1
32,0,1,0,0,0,0,0,1,0,0,0,0,0,0,0,0,0,0,0,0,1,0,0,0,0,100000000,115000000.0,15,15000000.0,13.043478260869565,1.0,100000000.0,115000000.0,15.0,3668.0,0
34,0,1,0,0,0,0,0,1,0,0,0,0,0,0,0,0,0,0,0,0,1,0,0,0,0,10000,11125.0,15,1125.0,10.112359550561797,2.0,100000000.0,115000000.0,15.0,3611.0,0
32,0,1,0,0,0,0,0,1,0,0,0,0,0,0,0,0,0,0,0,0,1,0,0,0,0,10000,11500.0,15,1500.0,13.043478260869565,1.0,100000000.0,115000000.0,15.0,3668.0,0
31,0,1,0,0,0,0,0,1,0,0,0,0,0,0,0,0,0,0,0,0,1,0,0,0,0,100000000,115000000.0,15,15000000.0,13.043478260869565,1.0,100000000.0,115000000.0,15.0,3615.0,0
58,0,1,0,0,0,0,0,1,0,0,0,0,0,0,0,0,0,0,0,0,1,0,0,0,0,10000,13000.0,30,3000.0,23.07692307692308,1.0,100000000.0,115000000.0,15.0,3673.0,1
33,0,1,0,0,0,0,0,1,0,0,0,0,0,0,0,0,0,0,0,0,1,0,0,0,0,100000000,115000000.0,15,15000000.0,13.043478260869565,1.0,100000000.0,115000000.0,15.0,3640.0,0
27,0,1,1,0,0,0,0,0,0,0,0,0,0,0,0,0,0,0,0,0,1,0,0,0,0,100000000,130000000.0,30,30000000.0,23.07692307692308,1.0,100000000.0,130000000.0,30.0,3611.0,1
58,0,1,0,0,0,0,1,0,0,0,0,0,0,0,0,0,0,0,0,0,1,0,0,0,0,10000,13000.0,30,3000.0,23.07692307692308,1.0,100000000.0,130000000.0,30.0,3671.0,1
37,0,1,0,0,0,0,0,0,0,0,0,0,0,0,0,0,0,0,1,0,1,0,0,0,0,200000000,245000000.0,30,45000000.0,18.367346938775512,2.0,100000000.0,125000000.0,25.0,3612.0,1
37,0,1,1,0,0,0,0,0,0,0,0,0,0,0,0,0,0,0,0,0,1,0,0,0,0,100000000,115000000.0,15,15000000.0,13.043478260869565,1.0,100000000.0,130000000.0,30.0,3671.0,0
38,1,0,0,0,0,0,0,1,0,0,0,0,0,0,0,0,0,0,0,0,1,0,0,0,0,400000000,480000000.0,60,80000000.0,16.666666666666664,4.5,237500000.0,279250000.0,33.75,3613.125,3
30,0,1,0,0,0,0,0,0,0,0,0,0,0,0,0,0,0,0,1,0,1,0,0,0,0,400000000,440000000.0,30,40000000.0,9.090909090909092,7.0,192307692.30769232,215807692.30769232,19.615384615384617,3610.153846153846,1
54,0,1,0,0,0,0,0,0,0,0,0,0,0,0,0,0,0,0,0,0,1,0,0,0,0,100000000,115000000.0,15,15000000.0,13.043478260869565,1.0,100000000.0,115000000.0,15.0,3669.0,0
31,0,1,0,0,0,0,0,1,0,0,0,0,0,0,0,0,0,0,0,1,0,0,0,0,0,10000,13000.0,30,3000.0,23.07692307692308,1.0,100000000.0,115000000.0,15.0,3614.0,1
38,1,0,0,0,0,0,0,1,0,0,0,0,0,0,0,0,0,0,0,0,0,0,1,0,0,30000,34500.0,30,4500.0,13.043478260869565,8.0,198666666.66666663,223900000.0,20.0,3613.6666666666665,1
33,0,1,0,0,0,0,0,0,0,0,0,0,0,0,0,0,0,0,1,1,0,0,0,0,0,250000000,287500000.0,30,37500000.0,13.043478260869565,3.5,183333333.3333333,216000000.0,27.5,3617.1666666666665,1
37,0,1,0,0,0,0,0,1,0,0,0,0,0,0,0,0,0,0,0,0,1,0,0,0,0,100000000,115000000.0,15,15000000.0,13.043478260869565,2.0,100000000.0,125000000.0,25.0,3607.3333333333335,0
34,0,1,0,0,0,0,0,1,0,0,0,0,0,0,0,0,0,0,0,0,1,0,0,0,0,400000000,480000000.0,60,80000000.0,16.666666666666664,5.0,177777777.7777778,222111111.1111111,35.0,3616.222222222222,3
32,0,1,0,1,0,0,0,0,0,0,0,0,0,0,0,0,0,0,0,0,1,0,0,0,0,200000000,222500000.0,15,22500000.0,10.112359550561797,2.5,112500000.0,131718750.0,18.75,3609.75,0
59,0,1,0,0,0,1,0,0,0,0,0,0,0,0,0,0,0,0,0,1,0,0,0,0,0,10000,13000.0,30,3000.0,23.07692307692308,1.5,100000000.0,130000000.0,30.0,3609.5,1
34,0,1,0,0,0,0,0,0,0,0,0,1,0,0,0,0,0,0,0,0,1,0,0,0,0,100000000,115000000.0,15,15000000.0,13.043478260869565,1.0,100000000.0,115000000.0,15.0,3607.0,0
31,0,1,0,0,0,0,0,1,0,0,0,0,0,0,0,0,0,0,0,0,1,0,0,0,0,100000000,130000000.0,30,30000000.0,23.07692307692308,1.0,100000000.0,115000000.0,15.0,3617.0,1
32,1,0,0,0,0,0,0,1,0,0,0,0,0,0,0,0,0,0,0,0,1,0,0,0,0,400000000,480000000.0,60,80000000.0,16.666666666666664,4.5,187500000.0,232750000.0,37.5,3615.875,3
30,0,1,0,0,0,0,0,1,0,0,0,0,0,0,0,0,0,0,0,0,1,0,0,0,0,300000000,345000000.0,30,45000000.0,13.043478260869565,3.0,160000000.0,187500000.0,24.0,3609.8,1
33,0,1,0,0,0,0,0,1,0,0,0,0,0,0,0,0,0,0,0,0,1,0,0,0,0,100000000,130000000.0,30,30000000.0,23.07692307692308,1.0,100000000.0,130000000.0,30.0,3667.0,1
34,0,1,0,0,0,0,0,1,0,0,0,0,0,0,0,0,0,0,0,0,1,0,0,0,0,100000000,130000000.0,30,30000000.0,23.07692307692308,1.5,100000000.0,130000000.0,30.0,3607.0,1
41,1,0,0,0,0,0,0,0,0,0,0,0,0,0,1,0,0,0,0,0,1,0,0,0,0,100000000,130000000.0,30,30000000.0,23.07692307692308,3.0,90000000.0,114000000.0,27.0,3621.8,1
36,0,1,0,0,0,0,0,0,0,0,0,0,0,0,1,0,0,0,0,0,1,0,0,0,0,100000000,130000000.0,30,30000000.0,23.07692307692308,2.0,100000000.0,130000000.0,30.0,3609.0,1
35,0,1,0,1,0,0,0,0,0,0,0,0,0,0,0,0,0,0,0,0,1,0,0,0,0,10000,11500.0,15,1500.0,13.043478260869565,1.0,100000000.0,115000000.0,15.0,3669.0,0
35,0,1,0,0,0,0,0,0,0,0,0,0,0,0,0,0,0,0,1,0,1,0,0,0,0,200000000,245000000.0,30,45000000.0,18.367346938775512,2.5,100000000.0,126250000.0,26.25,3609.0,1
33,0,1,0,0,0,0,1,0,0,0,0,0,0,0,0,0,0,0,0,0,1,0,0,0,0,100000000,130000000.0,30,30000000.0,23.07692307692308,1.0,100000000.0,115000000.0,15.0,3669.0,1
48,0,1,0,0,0,0,0,0,0,0,0,0,0,0,0,0,0,0,0,0,0,0,1,0,0,400000000,440000000.0,30,40000000.0,9.090909090909092,6.5,241666666.66666663,280375000.0,31.25,3613.4166666666665,1
33,0,1,0,0,0,0,0,1,0,0,0,0,0,0,0,0,0,0,0,1,0,0,0,0,0,100000000,130000000.0,30,30000000.0,23.07692307692308,1.5,100000000.0,122500000.0,22.5,3637.0,1
29,0,1,0,0,0,0,0,0,0,0,0,0,0,0,1,0,0,0,0,0,1,0,0,0,0,100000000,130000000.0,30,30000000.0,23.07692307692308,1.0,100000000.0,130000000.0,30.0,3608.0,1
31,0,1,0,0,0,0,1,0,0,0,0,0,0,0,0,0,0,0,0,0,1,0,0,0,0,200000000,245000000.0,30,45000000.0,18.367346938775512,2.0,100000000.0,125000000.0,25.0,3608.0,1
47,0,1,0,0,0,0,0,1,0,0,0,0,0,0,0,0,0,0,0,0,1,0,0,0,0,200000000,222500000.0,15,22500000.0,10.112359550561797,4.5,175000000.0,207062500.0,26.25,3616.5,0
50,0,1,1,0,0,0,0,0,0,0,0,0,0,0,0,0,0,0,0,1,0,0,0,0,0,100000000,115000000.0,15,15000000.0,13.043478260869565,1.0,100000000.0,115000000.0,15.0,3668.0,0
39,0,1,0,0,0,0,0,1,0,0,0,0,0,0,0,0,0,0,0,0,1,0,0,0,0,10000,11500.0,15,1500.0,13.043478260869565,1.0,100000000.0,130000000.0,30.0,3608.0,0
38,1,0,0,1,0,0,0,0,0,0,0,0,0,0,0,0,0,0,0,0,1,0,0,0,0,300000000,345000000.0,30,45000000.0,13.043478260869565,4.5,162500000.0,203875000.0,33.75,3614.5,1
30,0,1,0,0,0,0,0,1,0,0,0,0,0,0,0,0,0,0,0,0,1,0,0,0,0,100000000,125000000.0,30,25000000.0,20.0,1.0,100000000.0,115000000.0,15.0,3668.0,1
44,1,0,0,0,0,0,1,0,0,0,0,0,0,0,0,0,0,0,0,0,1,0,0,0,0,10000,13000.0,30,3000.0,23.07692307692308,2.0,100000000.0,130000000.0,30.0,3610.6666666666665,1
44,0,1,0,0,0,0,0,1,0,0,0,0,0,0,0,0,0,0,0,0,1,0,0,0,0,10000,13000.0,30,3000.0,23.07692307692308,1.0,100000000.0,130000000.0,30.0,3668.0,1
34,0,1,0,0,0,0,0,1,0,0,0,0,0,0,0,0,0,0,0,1,0,0,0,0,0,100000000,130000000.0,30,30000000.0,23.07692307692308,3.0,140000000.0,167000000.0,21.0,3607.4,1
34,0,1,0,0,0,0,0,1,0,0,0,0,0,0,0,0,0,0,0,0,1,0,0,0,0,100000000,130000000.0,30,30000000.0,23.07692307692308,1.5,100000000.0,115000000.0,15.0,3638.0,1
40,1,0,0,0,0,0,0,0,0,0,0,0,0,0,0,0,0,0,1,0,1,0,0,0,0,400000000,440000000.0,30,40000000.0,9.090909090909092,5.5,270000000.0,312500000.0,33.0,6544.4,5
34,0,1,0,0,0,0,0,0,0,0,0,0,0,0,1,0,0,0,0,0,1,0,0,0,0,100000000,130000000.0,30,30000000.0,23.07692307692308,1.0,100000000.0,130000000.0,30.0,3668.0,1
44,0,1,0,0,0,0,0,1,0,0,0,0,0,0,0,0,0,0,0,0,1,0,0,0,0,300000000,345000000.0,30,45000000.0,13.043478260869565,5.0,183333333.3333333,206444444.44444445,18.33333333333333,3609.8888888888887,1
33,0,1,0,0,0,0,0,0,0,0,1,0,0,0,0,0,0,0,0,0,1,0,0,0,0,200000000,245000000.0,30,45000000.0,18.367346938775512,2.0,100000000.0,130000000.0,30.0,3608.0,1
35,0,1,0,0,0,0,0,0,0,0,0,0,0,0,1,0,0,0,0,0,1,0,0,0,0,100000000,130000000.0,30,30000000.0,23.07692307692308,1.0,100000000.0,130000000.0,30.0,3613.0,1
32,0,1,0,0,0,0,0,0,0,0,0,0,0,0,0,0,0,0,1,0,1,0,0,0,0,400000000,480000000.0,60,80000000.0,16.666666666666664,5.5,210000000.0,241400000.0,24.0,3608.2,3
35,0,1,0,0,0,0,0,0,0,0,0,0,0,0,0,0,0,0,0,0,1,0,0,0,0,100000000,130000000.0,30,30000000.0,23.07692307692308,1.0,100000000.0,130000000.0,30.0,3608.0,1
34,0,1,0,0,0,0,0,0,0,0,0,0,0,0,0,0,0,0,1,0,1,0,0,0,0,10000,11500.0,15,1500.0,13.043478260869565,2.0,100000000.0,130000000.0,30.0,3610.0,0
39,0,1,0,0,1,0,0,0,0,0,0,0,0,0,0,0,0,0,0,0,1,0,0,0,0,150000000,183750000.0,30,33750000.0,18.367346938775512,3.0,120000000.0,151500000.0,30.0,3607.8,1
30,0,1,0,0,0,0,0,1,0,0,0,0,0,0,0,0,0,0,0,0,1,0,0,0,0,300000000,390000000.0,60,90000000.0,23.07692307692308,4.0,171428571.42857143,193928571.42857143,17.142857142857142,3607.714285714286,3
38,1,0,0,0,0,0,0,1,0,0,0,0,0,0,0,0,0,0,0,0,0,0,1,0,0,300000000,345000000.0,30,45000000.0,13.043478260869565,5.0,194444444.44444445,231055555.55555555,30.0,3612.0,1
37,0,1,0,0,0,0,0,1,0,0,0,0,0,0,0,0,0,0,0,1,0,0,0,0,0,100000000,130000000.0,30,30000000.0,23.07692307692308,3.0,100000000.0,130000000.0,30.0,3608.0,1
56,0,1,0,0,0,0,0,0,0,0,1,0,0,0,0,0,0,0,0,1,0,0,0,0,0,20000,24500.0,30,4500.0,18.367346938775512,2.5,125000000.0,151250000.0,22.5,3607.5,1
29,0,1,0,0,0,0,0,0,0,0,0,0,0,0,0,0,0,0,0,0,1,0,0,0,0,100000000,130000000.0,30,30000000.0,23.07692307692308,1.0,100000000.0,130000000.0,30.0,3616.0,1
33,0,1,0,0,0,0,0,0,0,0,0,0,0,0,1,0,0,0,0,0,1,0,0,0,0,100000000,130000000.0,30,30000000.0,23.07692307692308,1.0,100000000.0,130000000.0,30.0,3668.0,1
46,0,1,0,0,0,0,0,0,0,0,0,0,0,0,1,0,0,0,0,0,1,0,0,0,0,100000000,115000000.0,15,15000000.0,13.043478260869565,1.0,100000000.0,130000000.0,30.0,3615.0,0
34,0,1,0,0,0,0,0,1,0,0,0,0,0,0,0,0,0,0,0,0,1,0,0,0,0,300000000,345000000.0,30,45000000.0,13.043478260869565,4.0,171428571.42857143,205857142.85714287,27.857142857142858,3608.857142857143,1
54,0,1,0,0,0,0,0,0,0,0,0,1,0,0,0,0,0,0,0,0,1,0,0,0,0,200000000,245000000.0,30,45000000.0,18.367346938775512,2.0,133333333.33333331,168333333.33333334,30.0,3609.3333333333335,1
49,0,1,0,0,0,0,0,0,0,0,0,0,0,0,0,0,0,0,1,1,0,0,0,0,0,30000,34500.0,30,4500.0,13.043478260869565,4.0,171428571.42857143,203714285.7142857,25.714285714285715,3608.285714285714,1
32,0,1,0,0,0,0,0,0,0,0,0,0,0,0,1,0,0,0,0,0,1,0,0,0,0,100000000,130000000.0,30,30000000.0,23.07692307692308,1.0,100000000.0,130000000.0,30.0,3668.0,1
38,1,0,0,0,0,0,0,1,0,0,0,0,0,0,0,0,0,0,0,0,1,0,0,0,0,200000000,245000000.0,30,45000000.0,18.367346938775512,3.0,140000000.0,173000000.0,27.0,3620.6,1
37,0,1,0,0,0,0,0,0,0,0,0,0,0,0,0,0,0,0,1,0,1,0,0,0,0,10000,11500.0,15,1500.0,13.043478260869565,1.0,100000000.0,130000000.0,30.0,3669.0,0
34,0,1,0,0,0,0,0,0,0,0,0,0,0,0,0,0,0,0,1,1,0,0,0,0,0,100000000,130000000.0,30,30000000.0,23.07692307692308,1.0,100000000.0,115000000.0,15.0,3668.0,1
35,0,0,0,0,0,0,1,0,0,0,0,0,0,0,0,0,0,0,0,0,1,0,0,0,0,200000000,222500000.0,15,22500000.0,10.112359550561797,3.0,140000000.0,158000000.0,15.0,3607.8,0
49,0,1,0,0,0,0,1,0,0,0,0,0,0,0,0,0,0,0,0,0,1,0,0,0,0,10000,13000.0,30,3000.0,23.07692307692308,1.0,100000000.0,130000000.0,30.0,3668.0,1
34,0,1,0,0,0,0,0,1,0,0,0,0,0,0,0,0,0,0,0,0,1,0,0,0,0,100000000,115000000.0,15,15000000.0,13.043478260869565,2.0,100000000.0,115000000.0,15.0,3609.3333333333335,0
35,0,1,0,0,0,0,0,1,0,0,0,0,0,0,0,0,0,0,0,0,1,0,0,0,0,100000000,115000000.0,15,15000000.0,13.043478260869565,1.0,100000000.0,130000000.0,30.0,3621.0,0
37,0,1,0,0,0,0,1,0,0,0,0,0,0,0,0,0,0,0,0,0,1,0,0,0,0,100000000,115000000.0,15,15000000.0,13.043478260869565,1.5,100000000.0,130000000.0,30.0,3609.5,0
37,0,1,0,0,0,0,0,0,0,0,0,0,0,0,0,0,0,0,0,0,1,0,0,0,0,200000000,245000000.0,30,45000000.0,18.367346938775512,2.5,125000000.0,153750000.0,26.25,3609.0,1
38,0,1,0,0,0,0,0,1,0,0,0,0,0,0,0,0,0,0,0,1,0,0,0,0,0,100000000,130000000.0,30,30000000.0,23.07692307692308,1.5,100000000.0,122500000.0,22.5,3638.0,1
38,0,1,0,0,0,0,0,0,0,0,0,0,0,0,1,0,0,0,0,0,1,0,0,0,0,200000000,222500000.0,15,22500000.0,10.112359550561797,2.5,125000000.0,150000000.0,22.5,3607.75,0
30,0,1,0,0,0,0,0,1,0,0,0,0,0,0,0,0,0,0,0,0,1,0,0,0,0,20000,24500.0,30,4500.0,18.367346938775512,4.0,157142857.14285713,180500000.0,21.428571428571427,3609.285714285714,1
33,0,1,0,0,0,0,0,1,0,0,0,0,0,0,0,0,0,0,0,0,1,0,0,0,0,200000000,245000000.0,30,45000000.0,18.367346938775512,2.5,125000000.0,155000000.0,26.25,3607.25,1
39,0,1,1,0,0,0,0,0,0,0,0,0,0,0,0,0,0,0,0,1,0,0,0,0,0,300000000,345000000.0,30,45000000.0,13.043478260869565,4.0,171428571.42857143,193428571.42857143,17.142857142857142,3615.285714285714,1
29,0,1,0,0,0,0,0,1,0,0,0,0,0,0,0,0,0,0,0,0,1,0,0,0,0,10000,11500.0,15,1500.0,13.043478260869565,1.5,100000000.0,115000000.0,15.0,3636.5,0
43,0,1,1,0,0,0,0,0,0,0,0,0,0,0,0,0,0,0,0,0,1,0,0,0,0,300000000,345000000.0,30,45000000.0,13.043478260869565,5.5,220000000.0,262100000.0,33.0,3621.5,1
31,0,1,0,0,0,0,0,0,0,0,0,1,0,0,0,0,0,0,0,0,1,0,0,0,0,100000000,130000000.0,30,30000000.0,23.07692307692308,1.0,100000000.0,130000000.0,30.0,3667.0,1
43,0,1,0,0,0,0,0,1,0,0,0,0,0,0,0,0,0,0,0,0,1,0,0,0,0,200000000,245000000.0,30,45000000.0,18.367346938775512,2.5,125000000.0,158750000.0,30.0,3625.0,1
34,0,1,0,0,0,0,0,1,0,0,0,0,0,0,0,0,0,0,0,0,1,0,0,0,0,100000000,130000000.0,30,30000000.0,23.07692307692308,1.0,100000000.0,130000000.0,30.0,7199.0,5
39,0,1,0,0,1,0,0,0,0,0,0,0,0,0,0,0,0,0,0,0,1,0,0,0,0,10000,11500.0,15,1500.0,13.043478260869565,1.5,100000000.0,130000000.0,30.0,3606.5,0
42,0,1,0,0,0,0,0,1,0,0,0,0,0,0,0,0,0,0,0,0,1,0,0,0,0,100000000,115000000.0,15,15000000.0,13.043478260869565,1.5,100000000.0,115000000.0,15.0,3611.0,0
36,0,1,0,0,0,0,0,1,0,0,0,0,0,0,0,0,0,0,0,0,1,0,0,0,0,300000000,390000000.0,60,90000000.0,23.07692307692308,3.5,133333333.33333331,160208333.33333334,22.5,3618.0,3
31,0,1,0,0,0,0,1,0,0,0,0,0,0,0,0,0,0,0,0,1,0,0,0,0,0,100000000,115000000.0,15,15000000.0,13.043478260869565,1.0,100000000.0,115000000.0,15.0,3615.0,0
37,0,1,0,0,0,0,0,0,0,0,0,0,0,0,0,0,0,0,0,0,0,0,1,0,0,200000000,220000000.0,30,20000000.0,9.090909090909092,5.5,205000000.0,236650000.0,28.5,3622.6,1
30,0,1,0,0,0,0,0,0,0,0,0,0,0,0,1,0,0,0,0,1,0,0,0,0,0,100000000,115000000.0,15,15000000.0,13.043478260869565,1.0,100000000.0,130000000.0,30.0,3668.0,0
27,0,1,0,0,0,0,0,0,0,0,0,1,0,0,0,0,0,0,0,0,1,0,0,0,0,100000000,130000000.0,30,30000000.0,23.07692307692308,4.0,154285714.2857143,190000000.0,30.0,3609.857142857143,1
44,0,1,0,0,0,0,0,1,0,0,0,0,0,0,0,0,0,0,0,0,1,0,0,0,0,100000000,115000000.0,30,15000000.0,13.043478260869565,3.5,125000000.0,155666666.66666666,30.0,3617.8333333333335,1
38,0,1,0,0,0,0,0,0,0,0,0,0,0,0,0,0,0,0,1,0,1,0,0,0,0,100000000,130000000.0,30,30000000.0,23.07692307692308,1.0,100000000.0,130000000.0,30.0,3668.0,1
39,0,1,1,0,0,0,0,0,0,0,0,0,0,0,0,0,0,0,0,1,0,0,0,0,0,100000000,130000000.0,30,30000000.0,23.07692307692308,1.0,100000000.0,115000000.0,15.0,3669.0,1
44,0,1,0,0,0,1,0,0,0,0,0,0,0,0,0,0,0,0,0,1,0,0,0,0,0,300000000,345000000.0,30,45000000.0,13.043478260869565,4.0,185714285.7142857,222285714.2857143,30.0,3608.428571428572,1
29,0,1,0,0,0,0,0,1,0,0,0,0,0,0,0,0,0,0,0,0,1,0,0,0,0,100000000,122500000.0,30,22500000.0,18.367346938775512,2.0,100000000.0,120000000.0,20.0,3610.0,1
32,0,1,0,0,0,0,1,0,0,0,0,0,0,0,0,0,0,0,0,0,1,0,0,0,0,200000000,222500000.0,15,22500000.0,10.112359550561797,2.0,100000000.0,120000000.0,20.0,3609.3333333333335,0
36,0,1,0,0,0,0,0,0,0,0,0,0,0,0,0,0,0,0,0,1,0,0,0,0,0,200000000,245000000.0,30,45000000.0,18.367346938775512,2.0,100000000.0,120000000.0,20.0,3610.0,1
31,0,1,0,1,0,0,0,0,0,0,0,0,0,0,0,0,0,0,0,0,1,0,0,0,0,100000000,130000000.0,30,30000000.0,23.07692307692308,1.0,100000000.0,115000000.0,15.0,3613.0,1
41,1,0,0,0,0,0,1,0,0,0,0,0,0,0,0,0,0,0,0,0,0,0,1,0,0,200000000,245000000.0,30,45000000.0,18.367346938775512,4.5,187500000.0,225000000.0,30.0,3610.875,1
38,0,1,0,0,0,0,0,0,0,0,0,0,0,0,0,0,0,0,0,0,1,0,0,0,0,10000,12250.0,30,2250.0,18.367346938775512,2.0,100000000.0,128333333.33333331,30.0,3608.3333333333335,1
39,0,1,0,0,0,0,0,0,0,0,0,1,0,0,0,0,0,0,0,0,1,0,0,0,0,150000000,166875000.0,15,16875000.0,10.112359550561797,2.5,125000000.0,151250000.0,22.5,3610.75,0
34,0,1,0,0,0,0,0,0,0,0,0,1,0,0,0,0,0,0,0,0,1,0,0,0,0,150000000,172500000.0,30,22500000.0,13.043478260869565,4.5,112500000.0,138687500.0,28.125,3623.75,1
43,0,1,0,0,0,0,0,1,0,0,0,0,0,0,0,0,0,0,0,0,1,0,0,0,0,100000000,130000000.0,30,30000000.0,23.07692307692308,1.0,100000000.0,130000000.0,30.0,3668.0,1
30,0,1,0,0,0,0,1,0,0,0,0,0,0,0,0,0,0,0,0,0,1,0,0,0,0,40000,48000.0,60,8000.0,16.666666666666664,6.5,175000000.0,211562500.0,35.0,3610.5833333333335,3
46,0,1,0,0,0,0,0,1,0,0,0,0,0,0,0,0,0,0,0,1,0,0,0,0,0,10000,11500.0,15,1500.0,13.043478260869565,1.0,100000000.0,115000000.0,15.0,3614.0,0
26,1,0,0,0,0,0,0,0,0,0,0,0,0,0,1,0,0,0,0,0,0,0,0,1,0,250000000,287500000.0,30,37500000.0,13.043478260869565,3.0,160000000.0,193200000.0,27.0,3620.2,1
34,0,1,0,0,0,0,0,1,0,0,0,0,0,0,0,0,0,0,0,0,1,0,0,0,0,200000000,245000000.0,30,45000000.0,18.367346938775512,3.5,116666666.66666669,149166666.66666666,30.0,3613.5,1
56,0,1,0,0,0,0,1,0,0,0,0,0,0,0,0,0,0,0,0,1,0,0,0,0,0,10000,13000.0,30,3000.0,23.07692307692308,1.5,100000000.0,122500000.0,22.5,3637.0,1
35,0,1,0,0,0,0,1,0,0,0,0,0,0,0,0,0,0,0,0,1,0,0,0,0,0,150000000,183750000.0,30,33750000.0,18.367346938775512,2.0,100000000.0,130000000.0,30.0,3608.6666666666665,1
34,0,1,0,0,0,0,0,1,0,0,0,0,0,0,0,0,0,0,0,0,1,0,0,0,0,100000000,130000000.0,30,30000000.0,23.07692307692308,1.0,100000000.0,130000000.0,30.0,3669.0,1
29,0,1,0,0,0,0,0,1,0,0,0,0,0,0,0,0,0,0,0,1,0,0,0,0,0,10000,13000.0,30,3000.0,23.07692307692308,1.5,100000000.0,122500000.0,22.5,3637.5,1
28,0,1,0,0,0,0,0,1,0,0,0,0,0,0,0,0,0,0,0,1,0,0,0,0,0,40000,44000.0,30,4000.0,9.090909090909092,4.5,181250000.0,217062500.0,31.875,3616.75,1
55,0,1,0,0,0,0,0,0,0,0,0,0,0,0,0,0,0,0,1,0,1,0,0,0,0,100000000,115000000.0,15,15000000.0,13.043478260869565,1.5,100000000.0,115000000.0,15.0,3637.5,0
43,0,1,0,0,0,0,0,0,0,0,0,0,0,0,0,0,0,0,0,1,0,0,0,0,0,100000000,130000000.0,30,30000000.0,23.07692307692308,1.0,100000000.0,130000000.0,30.0,3616.0,1
32,0,1,0,0,0,0,1,0,0,0,0,0,0,0,0,0,0,0,0,0,1,0,0,0,0,100000000,130000000.0,30,30000000.0,23.07692307692308,1.0,100000000.0,130000000.0,30.0,3668.0,1
28,0,1,0,0,0,0,0,1,0,0,0,0,0,0,0,0,0,0,0,0,1,0,0,0,0,100000000,130000000.0,30,30000000.0,23.07692307692308,1.5,100000000.0,130000000.0,30.0,3612.5,1
34,1,0,1,0,0,0,0,0,0,0,0,0,0,0,0,0,0,0,0,0,0,0,1,0,0,30000,34500.0,30,4500.0,13.043478260869565,4.5,168750000.0,195718750.0,22.5,3616.0,1
38,1,0,0,0,0,0,0,1,0,0,0,0,0,0,0,0,0,0,0,1,0,0,0,0,0,100000000,130000000.0,30,30000000.0,23.07692307692308,1.0,100000000.0,130000000.0,30.0,3668.0,1
42,0,1,0,0,0,0,1,0,0,0,0,0,0,0,0,0,0,0,0,0,1,0,0,0,0,10000,11500.0,15,1500.0,13.043478260869565,1.0,100000000.0,115000000.0,15.0,3614.0,0
42,0,1,0,0,0,0,0,0,0,0,0,0,0,0,1,0,0,0,0,0,1,0,0,0,0,200000000,245000000.0,30,45000000.0,18.367346938775512,2.0,100000000.0,130000000.0,30.0,3631.0,1
35,0,1,0,0,0,0,0,0,0,0,0,0,0,0,0,0,0,0,1,0,1,0,0,0,0,100000000,115000000.0,15,15000000.0,13.043478260869565,1.5,100000000.0,115000000.0,15.0,3608.5,0
32,0,1,0,0,0,0,0,0,0,0,0,0,0,0,1,0,0,0,0,0,1,0,0,0,0,100000000,130000000.0,30,30000000.0,23.07692307692308,1.0,100000000.0,130000000.0,30.0,3671.0,1
46,0,1,0,1,0,0,0,0,0,0,0,0,0,0,0,0,0,0,0,0,1,0,0,0,0,100000000,130000000.0,30,30000000.0,23.07692307692308,1.0,100000000.0,130000000.0,30.0,3669.0,1
37,0,1,0,0,0,0,1,0,0,0,0,0,0,0,0,0,0,0,0,0,1,0,0,0,0,300000000,345000000.0,30,45000000.0,13.043478260869565,5.0,200000000.0,228333333.3333333,21.666666666666668,3612.1111111111113,1
46,0,1,0,0,0,0,0,1,0,0,0,0,0,0,0,0,0,0,0,1,0,0,0,0,0,100000000,130000000.0,30,30000000.0,23.07692307692308,1.0,100000000.0,130000000.0,30.0,3668.0,1
29,0,1,1,0,0,0,0,0,0,0,0,0,0,0,0,0,0,0,0,0,1,0,0,0,0,300000000,390000000.0,60,90000000.0,23.07692307692308,4.5,162500000.0,194500000.0,26.25,3616.375,3
35,0,1,0,0,0,0,0,1,0,0,0,0,0,0,0,0,0,0,0,0,1,0,0,0,0,100000000,115000000.0,15,15000000.0,13.043478260869565,1.0,100000000.0,115000000.0,15.0,3668.0,0
52,0,1,0,0,0,0,0,1,0,0,0,0,0,0,0,0,0,0,0,1,0,0,0,0,0,100000000,130000000.0,30,30000000.0,23.07692307692308,1.0,100000000.0,130000000.0,30.0,3668.0,1
35,0,1,0,0,0,0,0,0,0,0,0,0,0,0,0,0,0,0,0,0,1,0,0,0,0,100000000,115000000.0,15,15000000.0,13.043478260869565,1.0,100000000.0,115000000.0,30.0,3668.0,0
43,0,1,0,0,0,0,0,0,0,0,0,0,0,0,0,0,0,0,1,1,0,0,0,0,0,100000000,130000000.0,30,30000000.0,23.07692307692308,1.0,100000000.0,130000000.0,30.0,3616.0,1
33,0,1,0,0,0,0,0,0,0,0,0,0,0,0,0,0,0,0,1,0,1,0,0,0,0,100000000,130000000.0,30,30000000.0,23.07692307692308,2.0,100000000.0,125000000.0,25.0,3609.0,1
32,0,1,0,0,0,0,0,1,0,0,0,0,0,0,0,0,0,0,0,0,1,0,0,0,0,200000000,245000000.0,30,45000000.0,18.367346938775512,4.0,128571428.57142857,161714285.7142857,30.0,3616.142857142857,1
49,0,0,1,0,0,0,0,0,0,0,0,0,0,0,0,0,0,0,0,0,1,0,0,0,0,100000000,115000000.0,15,15000000.0,13.043478260869565,1.0,100000000.0,115000000.0,15.0,3668.0,0
55,0,1,0,0,0,0,0,1,0,0,0,0,0,0,0,0,0,0,0,0,1,0,0,0,0,200000000,245000000.0,30,45000000.0,18.367346938775512,1.5,100000000.0,130000000.0,30.0,3606.5,1
46,1,0,0,0,0,0,0,0,0,0,0,1,0,0,0,0,0,0,0,0,0,0,1,0,0,400000000,440000000.0,30,40000000.0,9.090909090909092,5.0,266666666.66666663,300555555.5555556,25.0,3609.1111111111113,1
32,0,1,0,0,0,0,0,0,0,0,0,0,0,0,0,0,0,0,1,0,1,0,0,0,0,200000000,245000000.0,30,45000000.0,18.367346938775512,2.0,133333333.33333331,168333333.33333334,30.0,3608.6666666666665,1
46,0,1,0,0,0,0,0,1,0,0,0,0,0,0,0,0,0,0,0,0,1,0,0,0,0,10000,11500.0,15,1500.0,13.043478260869565,1.0,100000000.0,130000000.0,30.0,3611.0,0
42,0,1,0,0,0,0,1,0,0,0,0,0,0,0,0,0,0,0,0,0,1,0,0,0,0,100000000,115000000.0,15,15000000.0,13.043478260869565,1.5,100000000.0,115000000.0,15.0,3607.5,0
41,0,1,0,0,0,0,0,0,0,0,1,0,0,0,0,0,0,0,0,0,1,0,0,0,0,100000000,130000000.0,30,30000000.0,23.07692307692308,1.0,100000000.0,115000000.0,15.0,3669.0,1
27,0,1,0,0,1,0,0,0,0,0,0,0,0,0,0,0,0,0,0,1,0,0,0,0,0,100000000,130000000.0,30,30000000.0,23.07692307692308,1.0,100000000.0,130000000.0,30.0,3669.0,1
41,0,1,0,0,0,0,1,0,0,0,0,0,0,0,0,0,0,0,0,0,1,0,0,0,0,30000,34500.0,30,4500.0,13.043478260869565,5.0,166666666.66666666,192583333.3333333,21.666666666666668,3609.6666666666665,1
35,0,1,0,0,1,0,0,0,0,0,0,0,0,0,0,0,0,0,0,0,0,0,1,0,0,50000,57500.0,90,7500.0,13.043478260869565,6.0,286363636.3636364,338454545.45454544,49.09090909090909,3615.090909090909,2
31,0,1,0,0,0,0,0,1,0,0,0,0,0,0,0,0,0,0,0,0,0,0,0,1,0,400000000,440000000.0,30,40000000.0,9.090909090909092,3.5,183333333.3333333,223500000.0,35.0,3619.5,1
30,0,1,0,0,0,0,0,1,0,0,0,0,0,0,0,0,0,0,0,0,1,0,0,0,0,100000000,130000000.0,30,30000000.0,23.07692307692308,1.0,100000000.0,115000000.0,15.0,3612.0,1
33,0,1,0,0,0,0,0,0,0,0,0,0,0,0,1,0,0,0,0,1,0,0,0,0,0,300000000,345000000.0,30,45000000.0,13.043478260869565,3.5,100000000.0,115625000.0,17.5,3617.5,1
29,0,1,0,0,0,0,0,1,0,0,0,0,0,0,0,0,0,0,0,1,0,0,0,0,0,300000000,345000000.0,30,45000000.0,13.043478260869565,4.0,214285714.2857143,252857142.85714287,30.0,3620.571428571429,1
34,1,0,0,0,0,0,0,0,0,0,0,0,0,0,0,0,0,0,1,0,0,0,1,0,0,100000000,122500000.0,30,22500000.0,18.367346938775512,2.5,100000000.0,128125000.0,30.0,3608.0,1
32,0,1,0,0,0,0,0,1,0,0,0,0,0,0,0,0,0,0,0,0,1,0,0,0,0,200000000,245000000.0,30,45000000.0,18.367346938775512,4.0,142857142.85714287,171857142.85714287,23.571428571428573,3627.0,1
37,1,0,0,0,0,0,0,1,0,0,0,0,0,0,0,0,0,0,0,0,1,0,0,0,0,200000000,245000000.0,30,45000000.0,18.367346938775512,2.5,100000000.0,122500000.0,22.5,3609.0,1
32,1,0,0,0,0,0,1,0,0,0,0,0,0,0,0,0,0,0,0,0,0,0,1,0,0,100000000,130000000.0,30,30000000.0,23.07692307692308,1.0,100000000.0,115000000.0,15.0,3610.0,1
40,0,1,0,0,0,0,0,0,0,0,0,0,0,0,0,0,0,0,1,0,1,0,0,0,0,20000,24500.0,30,4500.0,18.367346938775512,4.0,171428571.42857143,195071428.57142857,19.285714285714285,3607.571428571429,1
41,0,1,0,0,0,0,0,1,0,0,0,0,0,0,0,0,0,0,0,0,1,0,0,0,0,100000000,130000000.0,30,30000000.0,23.07692307692308,1.0,100000000.0,130000000.0,30.0,3618.0,1
50,0,1,0,0,0,0,0,0,0,0,0,0,0,0,0,0,0,0,1,0,1,0,0,0,0,10000,13000.0,30,3000.0,23.07692307692308,1.0,100000000.0,130000000.0,30.0,3668.0,1
32,1,0,0,0,0,1,0,0,0,0,0,0,0,0,0,0,0,0,0,0,0,0,0,1,0,40000,44000.0,30,4000.0,9.090909090909092,5.0,255555555.55555555,295000000.0,30.0,3628.8888888888887,1
37,0,1,0,0,0,0,1,0,0,0,0,0,0,0,0,0,0,0,0,0,1,0,0,0,0,100000000,130000000.0,30,30000000.0,23.07692307692308,1.5,100000000.0,130000000.0,30.0,3614.0,1
43,0,1,0,0,1,0,0,0,0,0,0,0,0,0,0,0,0,0,0,1,0,0,0,0,0,200000000,245000000.0,30,45000000.0,18.367346938775512,2.5,125000000.0,147500000.0,18.75,3608.75,1
51,0,1,0,0,0,0,0,0,0,0,0,0,0,0,1,0,0,0,0,0,1,0,0,0,0,300000000,390000000.0,60,90000000.0,23.07692307692308,3.5,150000000.0,186333333.3333333,30.0,3609.8333333333335,3
33,1,0,0,0,0,0,1,0,0,0,0,0,0,0,0,0,0,0,0,0,1,0,0,0,0,400000000,440000000.0,30,40000000.0,9.090909090909092,6.0,240909090.9090909,275772727.27272725,25.90909090909091,4306.818181818182,1
35,0,1,0,0,0,0,0,1,0,0,0,0,0,0,0,0,0,0,0,0,1,0,0,0,0,100000000,130000000.0,30,30000000.0,23.07692307692308,2.0,100000000.0,130000000.0,30.0,3609.6666666666665,1
39,0,1,0,0,0,0,0,1,0,0,0,0,0,0,0,0,0,0,0,1,0,0,0,0,0,100000000,130000000.0,30,30000000.0,23.07692307692308,1.0,100000000.0,130000000.0,30.0,3611.0,1
27,1,0,0,0,0,0,0,1,0,0,0,0,0,0,0,0,0,0,0,0,0,0,0,1,0,400000000,440000000.0,30,40000000.0,9.090909090909092,5.5,240000000.0,279000000.0,30.0,3609.5,1
44,0,1,0,0,0,0,0,0,0,0,0,0,0,0,0,0,0,0,0,0,1,0,0,0,0,100000000,130000000.0,30,30000000.0,23.07692307692308,2.0,100000000.0,125000000.0,25.0,3630.3333333333335,1
38,1,0,0,0,0,0,1,0,0,0,0,0,0,0,0,0,0,0,0,0,1,0,0,0,0,400000000,440000000.0,30,40000000.0,9.090909090909092,6.0,272727272.72727275,307590909.09090906,24.545454545454547,4166.272727272727,1
32,0,1,0,0,0,0,0,1,0,0,0,0,0,0,0,0,0,0,0,0,1,0,0,0,0,100000000,130000000.0,30,30000000.0,23.07692307692308,1.5,100000000.0,122500000.0,22.5,5503.0,4
34,0,1,0,0,0,0,0,1,0,0,0,0,0,0,0,0,0,0,0,1,0,0,0,0,0,10000,13000.0,30,3000.0,23.07692307692308,1.0,100000000.0,115000000.0,15.0,3675.0,1
44,0,0,1,0,0,0,0,0,0,0,0,0,0,0,0,0,0,0,0,0,1,0,0,0,0,100000000,115000000.0,15,15000000.0,13.043478260869565,1.0,100000000.0,115000000.0,15.0,3613.0,0
50,0,1,1,0,0,0,0,0,0,0,0,0,0,0,0,0,0,0,0,0,1,0,0,0,0,200000000,245000000.0,30,45000000.0,18.367346938775512,2.0,100000000.0,120000000.0,20.0,4291.333333333333,4
43,1,0,0,0,0,0,0,0,0,0,0,1,0,0,0,0,0,0,0,0,1,0,0,0,0,150000000,172500000.0,30,22500000.0,13.043478260869565,4.5,120000000.0,140562500.0,22.5,3757.625,1
46,0,1,0,0,1,0,0,0,0,0,0,0,0,0,0,0,0,0,0,1,0,0,0,0,0,200000000,222500000.0,15,22500000.0,10.112359550561797,2.5,125000000.0,141875000.0,15.0,3606.75,0
34,1,0,0,0,0,0,0,0,0,0,0,0,0,0,1,0,0,0,0,0,1,0,0,0,0,200000000,220000000.0,30,20000000.0,9.090909090909092,4.5,181250000.0,211734375.0,28.125,3618.0,1
31,0,1,0,0,1,0,0,0,0,0,0,0,0,0,0,0,0,0,0,0,1,0,0,0,0,100000000,130000000.0,30,30000000.0,23.07692307692308,2.0,100000000.0,125000000.0,25.0,3648.0,1
32,0,1,0,0,0,0,0,1,0,0,0,0,0,0,0,0,0,0,0,0,1,0,0,0,0,100000000,130000000.0,30,30000000.0,23.07692307692308,1.0,100000000.0,130000000.0,30.0,3675.0,1
30,0,1,0,0,0,0,0,1,0,0,0,0,0,0,0,0,0,0,0,1,0,0,0,0,0,100000000,130000000.0,30,30000000.0,23.07692307692308,2.0,100000000.0,130000000.0,30.0,3608.0,1
45,0,1,0,0,0,0,1,0,0,0,0,0,0,0,0,0,0,0,0,0,1,0,0,0,0,100000000,130000000.0,30,30000000.0,23.07692307692308,1.0,100000000.0,115000000.0,15.0,3668.0,1
44,0,1,0,0,0,0,0,0,0,0,0,0,0,0,0,0,0,0,0,1,0,0,0,0,0,200000000,222500000.0,15,22500000.0,10.112359550561797,2.0,133333333.33333331,155833333.33333334,20.0,3611.0,0
37,0,1,0,0,0,0,0,0,0,0,1,0,0,0,0,0,0,0,0,0,1,0,0,0,0,10000,13000.0,30,3000.0,23.07692307692308,2.0,100000000.0,130000000.0,30.0,3609.3333333333335,1
35,0,1,0,0,0,0,0,0,0,0,0,0,0,0,0,0,0,0,1,0,1,0,0,0,0,100000000,130000000.0,30,30000000.0,23.07692307692308,1.0,100000000.0,130000000.0,30.0,3668.0,1
39,0,1,0,0,0,0,0,1,0,0,0,0,0,0,0,0,0,0,0,0,1,0,0,0,0,10000,11500.0,15,1500.0,13.043478260869565,1.5,100000000.0,115000000.0,15.0,3667.0,0
35,0,1,0,0,0,0,0,1,0,0,0,0,0,0,0,0,0,0,0,0,1,0,0,0,0,200000000,245000000.0,30,45000000.0,18.367346938775512,2.0,100000000.0,120000000.0,20.0,3607.6666666666665,1
39,0,1,0,0,0,0,0,1,0,0,0,0,0,0,0,0,0,0,0,0,1,0,0,0,0,100000000,130000000.0,30,30000000.0,23.07692307692308,1.0,100000000.0,115000000.0,15.0,3668.0,1
37,0,1,0,0,0,0,0,1,0,0,0,0,0,0,0,0,0,0,0,0,1,0,0,0,0,100000000,130000000.0,30,30000000.0,23.07692307692308,1.0,100000000.0,115000000.0,15.0,3612.0,1
36,0,1,1,0,0,0,0,0,0,0,0,0,0,0,0,0,0,0,0,0,1,0,0,0,0,100000000,115000000.0,15,15000000.0,13.043478260869565,3.5,100000000.0,125000000.0,25.0,3618.0,0
37,0,1,0,0,0,0,0,1,0,0,0,0,0,0,0,0,0,0,0,0,1,0,0,0,0,10000,13000.0,30,3000.0,23.07692307692308,1.0,100000000.0,130000000.0,30.0,3617.0,1
32,1,0,0,0,0,0,0,0,0,0,0,0,0,0,1,0,0,0,0,0,1,0,0,0,0,100000000,130000000.0,30,30000000.0,23.07692307692308,3.0,100000000.0,121000000.0,21.0,3622.4,1
46,0,1,0,0,0,0,0,1,0,0,0,0,0,0,0,0,0,0,0,0,1,0,0,0,0,10000,13000.0,30,3000.0,23.07692307692308,1.0,100000000.0,130000000.0,30.0,3667.0,1
37,0,1,0,1,0,0,0,0,0,0,0,0,0,0,0,0,0,0,0,0,1,0,0,0,0,100000000,115000000.0,15,15000000.0,13.043478260869565,1.0,100000000.0,115000000.0,15.0,3669.0,0
28,1,0,0,0,0,0,0,0,0,0,0,0,0,0,1,0,0,0,0,0,1,0,0,0,0,100000000,130000000.0,30,30000000.0,23.07692307692308,2.5,100000000.0,130000000.0,30.0,3611.0,1
26,0,1,1,0,0,0,0,0,0,0,0,0,0,0,0,0,0,0,0,0,1,0,0,0,0,20000,24500.0,30,4500.0,18.367346938775512,2.0,133333333.33333331,168333333.33333334,30.0,3609.3333333333335,1
35,0,1,0,0,0,0,0,0,0,0,0,0,0,0,0,0,0,0,0,0,1,0,0,0,0,100000000,130000000.0,30,30000000.0,23.07692307692308,1.5,100000000.0,122500000.0,22.5,3637.5,1
36,0,1,0,0,0,0,0,1,0,0,0,0,0,0,0,0,0,0,0,0,1,0,0,0,0,10000,13000.0,30,3000.0,23.07692307692308,1.5,100000000.0,130000000.0,30.0,3637.5,1
37,0,1,0,0,0,0,0,1,0,0,0,0,0,0,0,0,0,0,0,0,1,0,0,0,0,100000000,130000000.0,30,30000000.0,23.07692307692308,1.0,100000000.0,130000000.0,30.0,3667.0,1
38,0,1,0,0,0,0,0,0,0,0,0,0,0,0,1,0,0,0,0,0,1,0,0,0,0,100000000,130000000.0,30,30000000.0,23.07692307692308,1.0,100000000.0,115000000.0,15.0,3669.0,1
38,1,0,0,0,0,0,0,1,0,0,0,0,0,0,0,0,0,0,0,0,1,0,0,0,0,50000,57500.0,90,7500.0,13.043478260869565,6.0,268181818.1818182,319420454.54545456,45.0,3615.909090909091,2
49,1,0,0,0,0,0,0,0,0,0,0,0,0,0,1,0,0,0,0,0,1,0,0,0,0,40000,48000.0,60,8000.0,16.666666666666664,4.5,237500000.0,289000000.0,43.125,3610.5,3
41,0,1,0,0,0,0,0,1,0,0,0,0,0,0,0,0,0,0,0,0,1,0,0,0,0,100000000,115000000.0,15,15000000.0,13.043478260869565,1.5,100000000.0,115000000.0,15.0,3609.5,0
45,1,0,0,0,0,0,0,1,0,0,0,0,0,0,0,0,0,0,0,0,1,0,0,0,0,200000000,245000000.0,30,45000000.0,18.367346938775512,1.5,100000000.0,130000000.0,30.0,3609.0,1
38,1,0,0,0,0,0,1,0,0,0,0,0,0,0,0,0,0,0,0,0,1,0,0,0,0,400000000,440000000.0,30,40000000.0,9.090909090909092,8.0,244666666.66666663,279716666.6666667,27.0,3843.933333333333,1
39,1,0,0,0,0,0,1,0,0,0,0,0,0,0,0,0,0,0,0,0,1,0,0,0,0,400000000,480000000.0,60,80000000.0,16.666666666666664,3.333333333333333,250000000.0,299166666.6666667,40.0,3628.0,3
33,0,1,0,0,0,0,1,0,0,0,0,0,0,0,0,0,0,0,0,0,1,0,0,0,0,10000,13000.0,30,3000.0,23.07692307692308,1.5,100000000.0,130000000.0,30.0,3613.5,1
38,0,1,1,0,0,0,0,0,0,0,0,0,0,0,0,0,0,0,0,0,1,0,0,0,0,100000000,115000000.0,15,15000000.0,13.043478260869565,1.0,100000000.0,115000000.0,15.0,3668.0,0
42,0,1,0,0,0,0,1,0,0,0,0,0,0,0,0,0,0,0,0,0,1,0,0,0,0,10000,13000.0,30,3000.0,23.07692307692308,1.0,100000000.0,130000000.0,30.0,3613.0,1
41,0,1,0,0,0,0,0,1,0,0,0,0,0,0,0,0,0,0,0,0,1,0,0,0,0,100000000,130000000.0,30,30000000.0,23.07692307692308,1.0,100000000.0,130000000.0,30.0,3668.0,1
36,0,1,0,0,0,0,0,1,0,0,0,0,0,0,0,0,0,0,0,0,1,0,0,0,0,10000,13000.0,30,3000.0,23.07692307692308,1.0,100000000.0,130000000.0,30.0,3668.0,1
49,0,1,0,0,0,0,0,1,0,0,0,0,0,0,0,0,0,0,0,0,1,0,0,0,0,100000000,115000000.0,15,15000000.0,13.043478260869565,2.0,96666666.66666669,116166666.66666669,20.0,3630.6666666666665,0
39,1,0,1,0,0,0,0,0,0,0,0,0,0,0,0,0,0,0,0,0,0,0,1,0,0,400000000,440000000.0,30,40000000.0,9.090909090909092,7.0,292307692.3076923,334076923.0769231,30.0,3618.307692307693,1
45,0,1,0,0,0,0,1,0,0,0,0,0,0,0,0,0,0,0,0,0,1,0,0,0,0,100000000,130000000.0,30,30000000.0,23.07692307692308,1.0,100000000.0,130000000.0,30.0,3608.0,1
39,0,1,0,0,0,0,1,0,0,0,0,0,0,0,0,0,0,0,0,0,1,0,0,0,0,100000000,130000000.0,30,30000000.0,23.07692307692308,1.0,100000000.0,130000000.0,30.0,3668.0,1
40,0,1,0,0,0,0,0,1,0,0,0,0,0,0,0,0,0,0,0,0,1,0,0,0,0,300000000,345000000.0,30,45000000.0,13.043478260869565,3.5,133333333.33333331,150208333.33333334,15.0,3618.3333333333335,1
31,0,1,0,0,0,1,0,0,0,0,0,0,0,0,0,0,0,0,0,0,1,0,0,0,0,200000000,245000000.0,30,45000000.0,18.367346938775512,3.5,133333333.33333331,163750000.0,27.5,3618.1666666666665,1
36,0,1,1,0,0,0,0,0,0,0,0,0,0,0,0,0,0,0,0,1,0,0,0,0,0,200000000,245000000.0,30,45000000.0,18.367346938775512,3.0,140000000.0,167000000.0,21.0,3608.0,1
31,1,0,0,0,0,0,1,0,0,0,0,0,0,0,0,0,0,0,0,0,0,0,0,1,0,100000000,102500000.0,15,2500000.0,2.4390243902439024,7.0,230769230.7692308,255038461.53846157,21.923076923076923,3609.4615384615386,0
37,1,0,0,0,0,0,0,1,0,0,0,0,0,0,0,0,0,0,0,0,1,0,0,0,0,300000000,390000000.0,60,90000000.0,23.07692307692308,4.5,162500000.0,203875000.0,33.75,3623.875,3
40,0,1,0,0,0,0,0,0,0,0,0,0,0,0,0,0,0,0,1,1,0,0,0,0,0,10000,13000.0,30,3000.0,23.07692307692308,1.0,100000000.0,130000000.0,30.0,3668.0,1
40,1,0,0,0,1,0,0,0,0,0,0,0,0,0,0,0,0,0,0,0,1,0,0,0,0,300000000,390000000.0,60,90000000.0,23.07692307692308,3.5,233333333.3333333,285000000.0,45.0,3612.3333333333335,3
45,0,1,0,0,0,0,0,1,0,0,0,0,0,0,0,0,0,0,0,0,1,0,0,0,0,100000000,130000000.0,30,30000000.0,23.07692307692308,1.5,100000000.0,130000000.0,30.0,3615.5,1
29,0,1,0,0,0,0,1,0,0,0,0,0,0,0,0,0,0,0,0,0,1,0,0,0,0,100000000,115000000.0,15,15000000.0,13.043478260869565,2.5,100000000.0,115000000.0,15.0,3622.25,0
38,1,0,0,0,0,0,0,1,0,0,0,0,0,0,0,0,0,0,0,0,1,0,0,0,0,400000000,440000000.0,60,40000000.0,9.090909090909092,5.5,265000000.0,314275000.0,40.5,3612.3,3
36,1,0,0,0,0,0,0,0,0,0,0,0,0,0,1,0,0,0,0,0,0,0,1,0,0,200000000,245000000.0,30,45000000.0,18.367346938775512,3.5,133333333.33333331,163500000.0,27.5,3619.3333333333335,1
40,0,1,0,0,0,0,0,1,0,0,0,0,0,0,0,0,0,0,0,1,0,0,0,0,0,10000,11500.0,15,1500.0,13.043478260869565,1.0,100000000.0,115000000.0,15.0,3668.0,0
29,0,1,0,0,0,0,0,1,0,0,0,0,0,0,0,0,0,0,0,0,1,0,0,0,0,100000000,130000000.0,30,30000000.0,23.07692307692308,1.5,100000000.0,130000000.0,30.0,3609.0,1
38,0,1,0,0,0,0,0,0,0,0,0,0,0,0,0,0,0,0,0,0,1,0,0,0,0,10000,13000.0,30,3000.0,23.07692307692308,1.0,100000000.0,130000000.0,30.0,3668.0,1
35,0,1,1,0,0,0,0,0,0,0,0,0,0,0,0,0,0,0,0,0,1,0,0,0,0,100000000,130000000.0,30,30000000.0,23.07692307692308,1.0,100000000.0,130000000.0,30.0,3670.0,1
39,1,0,0,0,0,0,0,0,0,0,0,0,0,0,0,0,0,0,0,0,1,0,0,0,0,20000,24500.0,30,4500.0,18.367346938775512,1.5,100000000.0,130000000.0,30.0,3608.5,1
30,1,0,0,0,0,0,1,0,0,0,0,0,0,0,0,0,0,0,0,0,1,0,0,0,0,300000000,390000000.0,60,90000000.0,23.07692307692308,3.0,160000000.0,197600000.0,30.0,3611.6,3
38,0,1,0,0,0,0,0,0,0,0,1,0,0,0,0,0,0,0,0,0,1,0,0,0,0,100000000,130000000.0,30,30000000.0,23.07692307692308,1.0,100000000.0,130000000.0,30.0,3638.0,1
34,0,1,0,0,0,0,0,0,0,0,0,0,0,0,0,0,0,0,0,0,1,0,0,0,0,100000000,130000000.0,30,30000000.0,23.07692307692308,1.5,100000000.0,130000000.0,30.0,3608.0,1
50,0,1,0,0,0,0,0,1,0,0,0,0,0,0,0,0,0,0,0,0,1,0,0,0,0,100000000,115000000.0,15,15000000.0,13.043478260869565,1.5,100000000.0,122500000.0,22.5,3612.0,0
39,0,1,0,0,0,0,0,1,0,0,0,0,0,0,0,0,0,0,0,0,1,0,0,0,0,100000000,130000000.0,30,30000000.0,23.07692307692308,1.5,100000000.0,130000000.0,30.0,3638.0,1
40,1,0,0,0,0,0,0,1,0,0,0,0,0,0,0,0,0,0,0,0,1,0,0,0,0,300000000,345000000.0,30,45000000.0,13.043478260869565,4.5,168750000.0,203093750.0,28.125,3622.75,1
45,1,0,0,0,0,1,0,0,0,0,0,0,0,0,0,0,0,0,0,0,1,0,0,0,0,400000000,480000000.0,60,80000000.0,16.666666666666664,7.0,184615384.6153846,221682692.30769232,34.61538461538461,3624.538461538461,3
30,0,1,0,0,0,0,0,0,0,0,0,1,0,0,0,0,0,0,0,0,1,0,0,0,0,10000,13000.0,30,3000.0,23.07692307692308,1.5,100000000.0,130000000.0,30.0,3637.0,1
31,0,1,0,0,0,0,1,0,0,0,0,0,0,0,0,0,0,0,0,0,1,0,0,0,0,100000000,115000000.0,15,15000000.0,13.043478260869565,1.5,100000000.0,122500000.0,22.5,3637.0,0
28,1,0,0,0,0,0,0,1,0,0,0,0,0,0,0,0,0,0,0,0,1,0,0,0,0,150000000,183750000.0,30,33750000.0,18.367346938775512,4.0,157142857.14285713,193714285.7142857,34.285714285714285,3609.285714285714,1
29,1,0,0,0,0,1,0,0,0,0,0,0,0,0,0,0,0,0,0,0,1,0,0,0,0,40000,44000.0,30,4000.0,9.090909090909092,7.5,264285714.2857143,304267857.14285713,31.071428571428573,3610.357142857143,1
49,0,1,0,0,0,0,0,1,0,0,0,0,0,0,0,0,0,0,0,1,0,0,0,0,0,100000000,130000000.0,30,30000000.0,23.07692307692308,1.0,100000000.0,115000000.0,15.0,3615.0,1
39,0,1,1,0,0,0,0,0,0,0,0,0,0,0,0,0,0,0,0,0,1,0,0,0,0,100000000,115000000.0,15,15000000.0,13.043478260869565,1.5,100000000.0,115000000.0,15.0,3637.5,0
35,1,0,0,0,0,0,0,1,0,0,0,0,0,0,0,0,0,0,0,0,1,0,0,0,0,400000000,440000000.0,30,40000000.0,9.090909090909092,6.5,291666666.6666667,334666666.6666667,31.25,3615.9166666666665,1
36,0,1,0,0,0,0,1,0,0,0,0,0,0,0,0,0,0,0,0,0,1,0,0,0,0,100000000,122500000.0,30,22500000.0,18.367346938775512,2.0,100000000.0,115000000.0,15.0,4496.0,4
31,0,1,0,0,0,0,0,1,0,0,0,0,0,0,0,0,0,0,0,0,1,0,0,0,0,100000000,115000000.0,30,15000000.0,13.043478260869565,2.5,80000000.0,97812500.0,22.5,3606.75,1
35,0,1,0,0,0,0,0,0,0,0,0,0,0,0,0,0,0,0,0,0,1,0,0,0,0,100000000,130000000.0,30,30000000.0,23.07692307692308,1.5,100000000.0,130000000.0,30.0,3608.5,1
32,0,1,1,0,0,0,0,0,0,0,0,0,0,0,0,0,0,0,0,0,1,0,0,0,0,150000000,172500000.0,30,22500000.0,13.043478260869565,4.0,142857142.85714287,175285714.2857143,30.0,3608.714285714286,1
33,0,1,0,0,0,0,1,0,0,0,0,0,0,0,0,0,0,0,0,0,1,0,0,0,0,10000,13000.0,30,3000.0,23.07692307692308,1.0,100000000.0,130000000.0,30.0,3669.0,1
46,0,1,0,0,0,0,1,0,0,0,0,0,0,0,0,0,0,0,0,0,1,0,0,0,0,100000000,130000000.0,30,30000000.0,23.07692307692308,1.5,100000000.0,120000000.0,22.5,3611.0,1
30,0,1,0,0,0,0,0,0,0,0,1,0,0,0,0,0,0,0,0,0,0,0,0,1,0,300000000,345000000.0,30,45000000.0,13.043478260869565,3.5,150000000.0,186333333.3333333,30.0,3617.3333333333335,1
36,0,1,0,0,0,0,1,0,0,0,0,0,0,0,0,0,0,0,0,0,1,0,0,0,0,100000000,115000000.0,15,15000000.0,13.043478260869565,1.0,100000000.0,115000000.0,15.0,3607.0,0
28,1,0,0,0,0,0,0,0,0,0,0,0,0,0,0,0,0,0,0,0,1,0,0,0,0,20000,21000.0,15,1000.0,4.761904761904762,5.5,190000000.0,223650000.0,30.0,3610.4,0
32,1,0,0,0,0,0,0,1,0,0,0,0,0,0,0,0,0,0,0,0,1,0,0,0,0,400000000,440000000.0,30,40000000.0,9.090909090909092,5.0,183333333.3333333,224722222.2222222,35.0,3609.0,1
48,0,1,0,0,1,0,0,0,0,0,0,0,0,0,0,0,0,0,0,1,0,0,0,0,0,100000000,130000000.0,30,30000000.0,23.07692307692308,1.5,100000000.0,130000000.0,30.0,3637.5,1
50,1,0,0,0,0,0,1,0,0,0,0,0,0,0,0,0,0,0,0,0,0,0,1,0,0,300000000,345000000.0,30,45000000.0,13.043478260869565,4.0,185714285.7142857,219000000.0,25.714285714285715,3609.285714285714,1
29,0,1,0,0,0,0,0,0,0,0,0,0,0,0,0,0,0,0,0,0,1,0,0,0,0,100000000,130000000.0,30,30000000.0,23.07692307692308,1.0,100000000.0,130000000.0,30.0,3670.0,1
38,0,1,0,0,0,0,0,0,0,0,0,1,0,0,0,0,0,0,0,0,1,0,0,0,0,100000000,130000000.0,30,30000000.0,23.07692307692308,1.5,100000000.0,122500000.0,22.5,3607.0,1
33,0,1,0,0,0,0,0,1,0,0,0,0,0,0,0,0,0,0,0,0,1,0,0,0,0,10000,13000.0,30,3000.0,23.07692307692308,2.5,100000000.0,121250000.0,22.5,3607.5,1
40,0,1,0,0,0,0,0,1,0,0,0,0,0,0,0,0,0,0,0,0,1,0,0,0,0,10000,11500.0,15,1500.0,13.043478260869565,1.5,100000000.0,115000000.0,15.0,3637.5,0
32,1,0,0,0,1,0,0,0,0,0,0,0,0,0,0,0,0,0,0,0,0,0,1,0,0,200000000,210000000.0,15,10000000.0,4.761904761904762,6.0,213636363.63636363,236909090.9090909,19.09090909090909,3613.0,0
34,0,1,0,0,0,0,0,0,0,0,0,0,0,0,1,0,0,0,0,0,1,0,0,0,0,100000000,130000000.0,30,30000000.0,23.07692307692308,1.0,100000000.0,130000000.0,30.0,3669.0,1
39,1,0,0,0,0,0,0,0,0,0,0,0,0,0,0,0,0,0,0,0,1,0,0,0,0,400000000,440000000.0,30,40000000.0,9.090909090909092,4.0,225714285.7142857,257714285.7142857,23.571428571428573,3609.0,1
35,0,1,0,0,0,0,0,0,0,0,0,0,0,0,0,0,0,0,1,0,1,0,0,0,0,10000,13000.0,30,3000.0,23.07692307692308,1.0,100000000.0,130000000.0,30.0,3669.0,1
43,0,1,0,0,0,0,0,0,0,0,0,0,0,0,1,0,0,0,0,1,0,0,0,0,0,100000000,130000000.0,30,30000000.0,23.07692307692308,1.0,100000000.0,115000000.0,15.0,3673.0,1
38,0,1,0,0,0,0,0,1,0,0,0,0,0,0,0,0,0,0,0,1,0,0,0,0,0,100000000,130000000.0,30,30000000.0,23.07692307692308,1.0,100000000.0,130000000.0,30.0,3669.0,1
46,0,1,0,0,0,0,0,0,0,0,0,0,0,0,0,0,0,0,1,0,1,0,0,0,0,100000000,115000000.0,15,15000000.0,13.043478260869565,1.5,100000000.0,130000000.0,30.0,3608.5,0
27,1,0,1,0,0,0,0,0,0,0,0,0,0,0,0,0,0,0,0,0,0,0,0,1,0,400000000,440000000.0,30,40000000.0,9.090909090909092,4.5,218750000.0,257187500.0,31.875,3618.375,1
32,0,1,0,0,0,0,1,0,0,0,0,0,0,0,0,0,0,0,0,0,1,0,0,0,0,200000000,245000000.0,30,45000000.0,18.367346938775512,3.0,140000000.0,176000000.0,30.0,3610.6,1
41,0,1,1,0,0,0,0,0,0,0,0,0,0,0,0,0,0,0,0,1,0,0,0,0,0,200000000,245000000.0,30,45000000.0,18.367346938775512,2.5,150000000.0,187500000.0,30.0,3608.25,1
43,0,1,0,0,0,0,0,0,0,0,0,1,0,0,0,0,0,0,0,0,1,0,0,0,0,200000000,245000000.0,30,45000000.0,18.367346938775512,2.0,100000000.0,130000000.0,30.0,3615.0,1
35,0,1,0,0,0,0,0,0,0,0,1,0,0,0,0,0,0,0,0,0,1,0,0,0,0,100000000,130000000.0,30,30000000.0,23.07692307692308,1.0,100000000.0,130000000.0,30.0,3670.0,1
39,0,1,0,0,0,0,1,0,0,0,0,0,0,0,0,0,0,0,0,0,1,0,0,0,0,10000,13000.0,30,3000.0,23.07692307692308,1.0,100000000.0,130000000.0,30.0,3669.0,1
34,0,1,1,0,0,0,0,0,0,0,0,0,0,0,0,0,0,0,0,0,0,0,1,0,0,300000000,390000000.0,60,90000000.0,23.07692307692308,3.0,140000000.0,165500000.0,21.0,3609.8,3
29,0,1,1,0,0,0,0,0,0,0,0,0,0,0,0,0,0,0,0,0,1,0,0,0,0,10000,13000.0,30,3000.0,23.07692307692308,1.5,100000000.0,122500000.0,22.5,3636.5,1
35,1,0,0,0,0,0,0,1,0,0,0,0,0,0,0,0,0,0,0,0,0,0,1,0,0,400000000,440000000.0,30,40000000.0,9.090909090909092,6.0,259090909.0909091,299068181.8181818,31.363636363636363,3803.818181818182,1
33,0,1,0,0,0,0,0,1,0,0,0,0,0,0,0,0,0,0,0,0,1,0,0,0,0,100000000,130000000.0,30,30000000.0,23.07692307692308,1.5,100000000.0,122500000.0,22.5,5203.0,4
29,0,1,0,0,0,0,0,0,0,0,0,1,0,0,0,0,0,0,0,0,1,0,0,0,0,10000,13000.0,30,3000.0,23.07692307692308,1.0,100000000.0,115000000.0,15.0,3671.0,1
42,0,1,0,0,0,0,0,1,0,0,0,0,0,0,0,0,0,0,0,0,1,0,0,0,0,300000000,345000000.0,30,45000000.0,13.043478260869565,4.5,187500000.0,225125000.0,30.0,3608.75,1
44,1,0,0,0,0,0,1,0,0,0,0,0,0,0,0,0,0,0,0,0,0,0,1,0,0,20000,24500.0,30,4500.0,18.367346938775512,2.5,112500000.0,131250000.0,18.75,3609.75,1
36,1,0,0,0,0,1,0,0,0,0,0,0,0,0,0,0,0,0,0,0,1,0,0,0,0,200000000,245000000.0,30,45000000.0,18.367346938775512,2.0,100000000.0,125000000.0,25.0,3608.6666666666665,1
47,0,1,0,0,0,0,0,1,0,0,0,0,0,0,0,0,0,0,0,1,0,0,0,0,0,10000,13000.0,30,3000.0,23.07692307692308,1.0,100000000.0,130000000.0,30.0,3672.0,1
37,0,1,0,0,0,0,0,1,0,0,0,0,0,0,0,0,0,0,0,0,1,0,0,0,0,100000000,115000000.0,15,15000000.0,13.043478260869565,1.0,100000000.0,115000000.0,15.0,3612.0,0
35,0,1,0,0,0,0,1,0,0,0,0,0,0,0,0,0,0,0,0,0,1,0,0,0,0,20000,24500.0,30,4500.0,18.367346938775512,2.0,100000000.0,130000000.0,30.0,3613.0,1
28,0,1,0,0,1,0,0,0,0,0,0,0,0,0,0,0,0,0,0,0,1,0,0,0,0,100000000,115000000.0,15,15000000.0,13.043478260869565,1.0,100000000.0,130000000.0,30.0,3614.0,0
43,0,1,0,0,0,0,0,1,0,0,0,0,0,0,0,0,0,0,0,1,0,0,0,0,0,100000000,115000000.0,15,15000000.0,13.043478260869565,1.0,100000000.0,115000000.0,15.0,3668.0,0
37,0,1,0,0,0,0,0,1,0,0,0,0,0,0,0,0,0,0,0,0,1,0,0,0,0,100000000,130000000.0,30,30000000.0,23.07692307692308,1.0,100000000.0,115000000.0,15.0,3615.0,1
32,0,1,0,0,0,0,1,0,0,0,0,0,0,0,0,0,0,0,0,0,1,0,0,0,0,100000000,130000000.0,30,30000000.0,23.07692307692308,2.0,100000000.0,130000000.0,30.0,3607.3333333333335,1
27,0,1,0,0,0,0,1,0,0,0,0,0,0,0,0,0,0,0,0,1,0,0,0,0,0,200000000,230000000.0,30,30000000.0,13.043478260869565,3.5,125000000.0,142104166.66666666,17.5,3608.0,1
39,0,1,0,0,0,0,0,1,0,0,0,0,0,0,0,0,0,0,0,0,1,0,0,0,0,100000000,130000000.0,30,30000000.0,23.07692307692308,1.0,100000000.0,115000000.0,15.0,3670.0,1
33,0,1,0,0,0,0,0,1,0,0,0,0,0,0,0,0,0,0,0,1,0,0,0,0,0,20000,22250.0,15,2250.0,10.112359550561797,2.5,125000000.0,145625000.0,18.75,3610.25,0
39,1,0,0,0,0,0,0,1,0,0,0,0,0,0,0,0,0,0,0,0,1,0,0,0,0,20000,24500.0,30,4500.0,18.367346938775512,3.0,140000000.0,166000000.0,21.0,3619.0,1
38,0,1,0,0,0,0,0,1,0,0,0,0,0,0,0,0,0,0,0,1,0,0,0,0,0,10000,13000.0,30,3000.0,23.07692307692308,1.0,100000000.0,115000000.0,15.0,3668.0,1
38,1,0,0,0,0,0,1,0,0,0,0,0,0,0,0,0,0,0,0,0,1,0,0,0,0,10000,12250.0,30,2250.0,18.367346938775512,2.0,86666666.66666667,109666666.66666669,25.0,3607.0,1
43,0,1,0,0,0,0,1,0,0,0,0,0,0,0,0,0,0,0,0,0,1,0,0,0,0,300000000,390000000.0,60,90000000.0,23.07692307692308,4.5,162500000.0,203000000.0,33.75,3616.5,3
46,0,1,1,0,0,0,0,0,0,0,0,0,0,0,0,0,0,0,0,0,1,0,0,0,0,300000000,345000000.0,30,45000000.0,13.043478260869565,3.5,166666666.66666666,191666666.66666663,20.0,3607.5,1
35,1,0,0,0,0,0,1,0,0,0,0,0,0,0,0,0,0,0,0,0,1,0,0,0,0,100000000,130000000.0,30,30000000.0,23.07692307692308,3.5,100000000.0,127500000.0,27.5,3607.8333333333335,1
34,1,0,0,0,0,0,0,0,0,0,0,0,0,0,0,0,0,0,1,0,0,0,0,1,0,300000000,360000000.0,60,60000000.0,16.666666666666664,5.5,235000000.0,274000000.0,31.5,3609.6,3
30,0,1,0,0,0,0,0,1,0,0,0,0,0,0,0,0,0,0,0,0,0,0,0,1,0,100000000,130000000.0,30,30000000.0,23.07692307692308,1.0,100000000.0,130000000.0,30.0,3668.0,1
38,0,1,0,0,1,0,0,0,0,0,0,0,0,0,0,0,0,0,0,1,0,0,0,0,0,100000000,130000000.0,30,30000000.0,23.07692307692308,1.5,100000000.0,122500000.0,22.5,3638.0,1
38,0,1,0,0,0,0,0,0,0,0,0,0,0,0,0,0,0,0,0,0,1,0,0,0,0,200000000,215000000.0,15,15000000.0,6.976744186046512,4.5,187500000.0,220000000.0,26.25,3614.75,0
40,0,1,0,0,0,0,0,0,0,0,0,0,0,0,1,0,0,0,0,0,1,0,0,0,0,300000000,345000000.0,30,45000000.0,13.043478260869565,3.0,140000000.0,157300000.0,15.0,3619.2,1
35,0,1,1,0,0,0,0,0,0,0,0,0,0,0,0,0,0,0,0,0,1,0,0,0,0,300000000,345000000.0,30,45000000.0,13.043478260869565,3.5,150000000.0,168750000.0,15.0,3606.5,1
36,0,1,0,0,0,0,0,1,0,0,0,0,0,0,0,0,0,0,0,0,1,0,0,0,0,100000000,125000000.0,30,25000000.0,20.0,1.0,100000000.0,130000000.0,30.0,3609.0,1
32,0,1,0,0,0,1,0,0,0,0,0,0,0,0,0,0,0,0,0,0,1,0,0,0,0,100000000,130000000.0,30,30000000.0,23.07692307692308,1.5,100000000.0,130000000.0,30.0,3610.0,1
38,0,1,0,0,0,0,0,0,0,0,0,0,0,0,0,0,0,0,0,1,0,0,0,0,0,100000000,115000000.0,15,15000000.0,13.043478260869565,1.5,100000000.0,115000000.0,15.0,3637.0,0
37,0,1,0,0,1,0,0,0,0,0,0,0,0,0,0,0,0,0,0,0,1,0,0,0,0,100000000,130000000.0,30,30000000.0,23.07692307692308,1.5,100000000.0,130000000.0,30.0,3612.0,1
38,0,1,0,0,0,0,0,0,0,0,0,0,0,0,0,0,0,0,1,0,1,0,0,0,0,10000,13000.0,30,3000.0,23.07692307692308,1.5,100000000.0,130000000.0,30.0,3609.5,1
39,0,1,0,0,0,0,1,0,0,0,0,0,0,0,0,0,0,0,0,0,1,0,0,0,0,100000000,130000000.0,30,30000000.0,23.07692307692308,1.5,100000000.0,122500000.0,22.5,3637.0,1
50,0,1,0,0,0,0,0,1,0,0,0,0,0,0,0,0,0,0,0,1,0,0,0,0,0,200000000,245000000.0,30,45000000.0,18.367346938775512,2.0,100000000.0,125000000.0,25.0,3608.6666666666665,1
41,0,1,0,0,0,0,0,1,0,0,0,0,0,0,0,0,0,0,0,0,1,0,0,0,0,100000000,130000000.0,30,30000000.0,23.07692307692308,1.0,100000000.0,130000000.0,30.0,3614.0,1
34,1,0,0,0,0,0,0,1,0,0,0,0,0,0,0,0,0,0,0,0,1,0,0,0,0,10000,11125.0,15,1125.0,10.112359550561797,3.5,116666666.66666669,136791666.66666666,20.0,3623.0,0
41,0,1,0,0,0,0,0,0,0,0,0,0,0,0,0,0,0,0,1,0,1,0,0,0,0,100000000,130000000.0,30,30000000.0,23.07692307692308,2.5,100000000.0,118750000.0,18.75,3623.75,1
40,0,1,0,0,0,0,0,1,0,0,0,0,0,0,0,0,0,0,0,0,1,0,0,0,0,20000,24500.0,30,4500.0,18.367346938775512,2.0,100000000.0,125000000.0,25.0,3628.6666666666665,1
42,0,1,0,0,0,0,1,0,0,0,0,0,0,0,0,0,0,0,0,0,1,0,0,0,0,100000000,130000000.0,30,30000000.0,23.07692307692308,1.5,100000000.0,130000000.0,30.0,3637.0,1
32,1,0,0,0,0,0,0,1,0,0,0,0,0,0,0,0,0,0,0,0,0,0,0,1,0,400000000,480000000.0,60,80000000.0,16.666666666666664,6.0,227272727.27272728,273272727.27272725,36.81818181818182,3614.272727272728,3
29,0,1,0,0,0,0,0,1,0,0,0,0,0,0,0,0,0,0,0,0,0,0,0,1,0,400000000,480000000.0,60,80000000.0,16.666666666666664,4.5,212500000.0,254750000.0,31.875,3608.75,3
34,0,1,0,0,0,0,0,1,0,0,0,0,0,0,0,0,0,0,0,0,1,0,0,0,0,100000000,130000000.0,30,30000000.0,23.07692307692308,2.0,100000000.0,130000000.0,30.0,3610.6666666666665,1
29,0,1,1,0,0,0,0,0,0,0,0,0,0,0,0,0,0,0,0,0,1,0,0,0,0,100000000,130000000.0,30,30000000.0,23.07692307692308,2.0,100000000.0,125000000.0,25.0,3611.0,1
45,0,1,0,0,0,0,0,0,0,0,0,0,0,0,0,0,0,0,0,1,0,0,0,0,0,10000,12500.0,30,2500.0,20.0,1.0,100000000.0,115000000.0,15.0,3670.0,1
38,0,1,0,0,0,0,0,0,0,0,0,1,0,0,0,0,0,0,0,0,1,0,0,0,0,100000000,130000000.0,30,30000000.0,23.07692307692308,1.0,100000000.0,130000000.0,30.0,3669.0,1
43,0,1,0,0,0,0,1,0,0,0,0,0,0,0,0,0,0,0,0,1,0,0,0,0,0,100000000,130000000.0,30,30000000.0,23.07692307692308,2.5,125000000.0,151250000.0,22.5,3612.75,1
37,1,0,0,0,0,0,0,1,0,0,0,0,0,0,0,0,0,0,0,0,1,0,0,0,0,100000000,130000000.0,30,30000000.0,23.07692307692308,4.0,100000000.0,127857142.85714284,27.857142857142858,4874.571428571428,4
48,0,1,0,0,0,0,0,1,0,0,0,0,0,0,0,0,0,0,0,0,1,0,0,0,0,10000,13000.0,30,3000.0,23.07692307692308,1.0,100000000.0,115000000.0,15.0,3608.0,1
35,0,1,0,1,0,0,0,0,0,0,0,0,0,0,0,0,0,0,0,0,1,0,0,0,0,10000,11500.0,15,1500.0,13.043478260869565,1.0,100000000.0,115000000.0,15.0,3610.0,0
31,1,0,0,0,0,0,0,1,0,0,0,0,0,0,0,0,0,0,0,0,1,0,0,0,0,40000,44000.0,30,4000.0,9.090909090909092,6.0,240909090.9090909,280363636.3636364,32.72727272727273,7179.909090909091,5
27,0,1,0,0,0,0,0,0,0,0,0,0,0,0,0,0,0,0,0,0,1,0,0,0,0,100000000,130000000.0,30,30000000.0,23.07692307692308,2.0,100000000.0,125000000.0,25.0,3628.0,1
33,1,0,0,0,0,0,0,1,0,0,0,0,0,0,0,0,0,0,0,0,1,0,0,0,0,100000000,130000000.0,30,30000000.0,23.07692307692308,2.0,100000000.0,115000000.0,15.0,3609.3333333333335,1
41,0,1,0,0,0,0,0,1,0,0,0,0,0,0,0,0,0,0,0,0,1,0,0,0,0,100000000,130000000.0,30,30000000.0,23.07692307692308,2.0,100000000.0,125000000.0,25.0,3608.6666666666665,1
39,0,1,1,0,0,0,0,0,0,0,0,0,0,0,0,0,0,0,0,0,1,0,0,0,0,100000000,115000000.0,15,15000000.0,13.043478260869565,1.0,100000000.0,115000000.0,15.0,3610.0,0
38,0,1,0,0,0,0,0,1,0,0,0,0,0,0,0,0,0,0,0,0,1,0,0,0,0,100000000,130000000.0,30,30000000.0,23.07692307692308,1.5,100000000.0,115000000.0,15.0,3608.5,1
34,0,1,0,0,0,0,0,0,0,0,0,0,0,0,1,0,0,0,0,0,1,0,0,0,0,200000000,245000000.0,30,45000000.0,18.367346938775512,2.0,100000000.0,130000000.0,30.0,3609.0,1
32,0,1,0,0,0,0,0,1,0,0,0,0,0,0,0,0,0,0,0,0,1,0,0,0,0,200000000,245000000.0,30,45000000.0,18.367346938775512,2.5,125000000.0,155000000.0,26.25,3607.25,1
33,1,0,0,0,0,0,0,1,0,0,0,0,0,0,0,0,0,0,0,0,1,0,0,0,0,40000,44000.0,30,4000.0,9.090909090909092,7.0,188461538.4615385,207250000.0,18.46153846153846,3609.692307692308,1
32,0,1,0,0,0,0,0,1,0,0,0,0,0,0,0,0,0,0,0,0,0,0,1,0,0,300000000,345000000.0,30,45000000.0,13.043478260869565,4.5,181250000.0,209546875.0,22.5,3609.25,1
41,0,1,0,0,0,0,1,0,0,0,0,0,0,0,0,0,0,0,0,0,1,0,0,0,0,200000000,245000000.0,30,45000000.0,18.367346938775512,3.0,140000000.0,174600000.0,30.0,3610.2,1
33,0,1,0,0,0,0,0,1,0,0,0,0,0,0,0,0,0,0,0,0,1,0,0,0,0,10000,13000.0,30,3000.0,23.07692307692308,1.0,100000000.0,130000000.0,30.0,3613.0,1
43,0,1,0,0,0,1,0,0,0,0,0,0,0,0,0,0,0,0,0,1,0,0,0,0,0,100000000,130000000.0,30,30000000.0,23.07692307692308,1.0,100000000.0,130000000.0,30.0,3612.0,1
34,0,1,0,0,0,0,0,1,0,0,0,0,0,0,0,0,0,0,0,1,0,0,0,0,0,100000000,115000000.0,15,15000000.0,13.043478260869565,1.0,100000000.0,130000000.0,30.0,3668.0,0
50,0,1,0,0,0,0,0,0,0,0,0,0,0,0,0,0,0,0,1,0,1,0,0,0,0,100000000,130000000.0,30,30000000.0,23.07692307692308,1.5,100000000.0,130000000.0,30.0,3637.0,1
27,1,0,0,0,0,0,0,0,0,0,0,0,0,0,1,0,0,0,0,0,1,0,0,0,0,200000000,245000000.0,30,45000000.0,18.367346938775512,4.5,118750000.0,142562500.0,22.5,3609.375,1
52,0,1,0,0,0,0,0,1,0,0,0,0,0,0,0,0,0,0,0,1,0,0,0,0,0,200000000,245000000.0,30,45000000.0,18.367346938775512,2.5,125000000.0,155000000.0,26.25,3608.5,1
39,0,1,1,0,0,0,0,0,0,0,0,0,0,0,0,0,0,0,0,0,1,0,0,0,0,100000000,130000000.0,30,30000000.0,23.07692307692308,1.0,100000000.0,130000000.0,30.0,3668.0,1
39,0,1,0,0,0,0,0,1,0,0,0,0,0,0,0,0,0,0,0,0,0,0,1,0,0,400000000,480000000.0,60,80000000.0,16.666666666666664,7.0,246153846.1538461,293923076.9230769,36.92307692307692,3610.4615384615386,3
40,0,1,0,0,0,0,1,0,0,0,0,0,0,0,0,0,0,0,0,1,0,0,0,0,0,30000,39000.0,60,9000.0,23.07692307692308,4.5,200000000.0,232750000.0,24.375,3608.125,3
38,0,1,0,0,0,0,0,0,0,0,0,1,0,0,0,0,0,0,0,0,1,0,0,0,0,200000000,245000000.0,30,45000000.0,18.367346938775512,2.0,100000000.0,120000000.0,20.0,3609.6666666666665,1
35,0,1,0,0,0,0,0,0,0,0,0,0,0,0,0,0,0,0,0,0,0,0,1,0,0,400000000,440000000.0,30,40000000.0,9.090909090909092,4.5,212500000.0,247625000.0,26.25,3622.625,1
38,0,1,0,0,0,0,0,0,0,0,0,0,0,0,1,0,0,0,0,0,1,0,0,0,0,10000,13000.0,30,3000.0,23.07692307692308,2.5,125000000.0,158750000.0,30.0,3610.0,1
51,1,0,0,0,0,0,0,0,0,0,0,0,0,0,1,0,0,0,0,0,1,0,0,0,0,100000000,130000000.0,30,30000000.0,23.07692307692308,3.5,100000000.0,127500000.0,27.5,3608.0,1
33,0,1,0,0,0,0,0,1,0,0,0,0,0,0,0,0,0,0,0,0,1,0,0,0,0,10000,13000.0,30,3000.0,23.07692307692308,1.0,100000000.0,130000000.0,30.0,3610.0,1
34,1,0,0,0,0,0,1,0,0,0,0,0,0,0,0,0,0,0,0,0,1,0,0,0,0,35000,38500.0,30,3500.0,9.090909090909092,5.0,144444444.44444445,169527777.7777778,26.666666666666668,3615.3333333333335,1
36,0,1,0,0,0,0,1,0,0,0,0,0,0,0,0,0,0,0,0,0,1,0,0,0,0,200000000,245000000.0,30,45000000.0,18.367346938775512,2.0,100000000.0,125000000.0,25.0,3607.0,1
28,1,0,0,0,0,0,1,0,0,0,0,0,0,0,0,0,0,0,0,0,0,0,1,0,0,400000000,480000000.0,60,80000000.0,16.666666666666664,4.0,210000000.0,252071428.57142857,36.42857142857143,3610.571428571429,3
41,0,1,0,0,0,0,0,1,0,0,0,0,0,0,0,0,0,0,0,1,0,0,0,0,0,200000000,245000000.0,30,45000000.0,18.367346938775512,2.0,133333333.33333331,163333333.33333334,25.0,3607.3333333333335,1
35,0,1,0,0,0,0,1,0,0,0,0,0,0,0,0,0,0,0,0,0,0,0,1,0,0,400000000,440000000.0,30,40000000.0,9.090909090909092,7.5,285714285.71428573,327928571.4285714,31.071428571428573,3609.642857142857,1
35,0,1,0,0,0,0,0,0,0,0,0,0,0,0,1,0,0,0,0,0,1,0,0,0,0,100000000,130000000.0,30,30000000.0,23.07692307692308,1.0,100000000.0,130000000.0,30.0,5914.0,5
34,0,1,0,0,0,0,0,1,0,0,0,0,0,0,0,0,0,0,0,0,1,0,0,0,0,200000000,222500000.0,15,22500000.0,10.112359550561797,2.5,125000000.0,147500000.0,18.75,3606.25,0
42,0,1,0,0,0,0,0,1,0,0,0,0,0,0,0,0,0,0,0,0,1,0,0,0,0,100000000,115000000.0,15,15000000.0,13.043478260869565,1.0,100000000.0,115000000.0,15.0,3619.0,0
39,0,1,0,0,0,0,0,1,0,0,0,0,0,0,0,0,0,0,0,0,1,0,0,0,0,200000000,245000000.0,30,45000000.0,18.367346938775512,2.0,100000000.0,130000000.0,30.0,3608.6666666666665,1
45,0,1,0,0,0,0,1,0,0,0,0,0,0,0,0,0,0,0,0,1,0,0,0,0,0,100000000,130000000.0,30,30000000.0,23.07692307692308,1.0,100000000.0,130000000.0,30.0,3613.0,1
26,0,1,0,0,0,0,0,0,0,0,0,0,0,0,1,0,0,0,0,0,1,0,0,0,0,10000,13000.0,30,3000.0,23.07692307692308,1.5,100000000.0,122500000.0,22.5,3637.5,1
36,0,1,0,0,0,0,0,0,0,0,0,0,0,0,0,0,0,0,1,0,1,0,0,0,0,100000000,130000000.0,30,30000000.0,23.07692307692308,1.0,100000000.0,130000000.0,30.0,3608.0,1
34,1,0,0,0,0,0,1,0,0,0,0,0,0,0,0,0,0,0,0,0,1,0,0,0,0,600000000,654000000.0,60,54000000.0,8.256880733944955,7.5,321428571.4285714,377464285.7142857,54.642857142857146,3615.571428571429,3
33,0,1,0,0,0,0,0,0,0,0,0,0,0,0,1,0,0,0,0,0,1,0,0,0,0,200000000,222500000.0,15,22500000.0,10.112359550561797,2.5,125000000.0,145625000.0,18.75,3622.75,0
60,0,1,1,0,0,0,0,0,0,0,0,0,0,0,0,0,0,0,0,0,1,0,0,0,0,10000,11500.0,15,1500.0,13.043478260869565,1.0,100000000.0,115000000.0,15.0,3680.0,0
46,0,1,0,0,0,0,0,1,0,0,0,0,0,0,0,0,0,0,0,0,1,0,0,0,0,100000000,130000000.0,30,30000000.0,23.07692307692308,1.0,100000000.0,130000000.0,30.0,3668.0,1
35,0,1,0,0,0,0,0,1,0,0,0,0,0,0,0,0,0,0,0,0,1,0,0,0,0,10000,13000.0,30,3000.0,23.07692307692308,1.5,100000000.0,130000000.0,30.0,3606.5,1
29,0,1,0,0,0,0,0,0,0,0,0,0,0,0,1,0,0,0,0,1,0,0,0,0,0,100000000,115000000.0,15,15000000.0,13.043478260869565,1.0,100000000.0,115000000.0,15.0,3667.0,0
36,0,1,0,0,0,0,1,0,0,0,0,0,0,0,0,0,0,0,0,0,1,0,0,0,0,100000000,130000000.0,30,30000000.0,23.07692307692308,1.0,100000000.0,130000000.0,30.0,3668.0,1
30,0,1,0,0,0,0,0,1,0,0,0,0,0,0,0,0,0,0,0,0,1,0,0,0,0,100000000,115000000.0,15,15000000.0,13.043478260869565,1.0,100000000.0,130000000.0,30.0,3618.0,0
37,0,1,0,0,0,0,0,1,0,0,0,0,0,0,0,0,0,0,0,0,1,0,0,0,0,100000000,130000000.0,30,30000000.0,23.07692307692308,1.0,100000000.0,130000000.0,30.0,3669.0,1
52,0,1,0,0,0,0,1,0,0,0,0,0,0,0,0,0,0,0,0,0,1,0,0,0,0,300000000,345000000.0,30,45000000.0,13.043478260869565,6.0,200000000.0,231568181.8181818,24.545454545454547,3610.727272727273,1
37,0,1,0,0,0,0,0,1,0,0,0,0,0,0,0,0,0,0,0,0,1,0,0,0,0,10000,11500.0,15,1500.0,13.043478260869565,2.0,100000000.0,120000000.0,20.0,3628.0,0
31,1,0,0,0,0,0,0,0,0,0,0,0,0,0,0,0,0,0,1,0,1,0,0,0,0,100000000,130000000.0,30,30000000.0,23.07692307692308,1.0,100000000.0,115000000.0,15.0,3669.0,1
40,0,1,0,0,0,0,0,0,0,0,1,0,0,0,0,0,0,0,0,0,1,0,0,0,0,100000000,130000000.0,30,30000000.0,23.07692307692308,1.0,100000000.0,115000000.0,15.0,3616.0,1
39,1,0,0,0,0,0,0,1,0,0,0,0,0,0,0,0,0,0,0,0,1,0,0,0,0,400000000,440000000.0,30,40000000.0,9.090909090909092,6.0,254545454.54545453,286363636.3636364,23.181818181818183,3613.909090909091,1
37,0,1,0,0,0,0,1,0,0,0,0,0,0,0,0,0,0,0,0,1,0,0,0,0,0,20000,22250.0,15,2250.0,10.112359550561797,2.5,125000000.0,141875000.0,15.0,3610.75,0
37,0,1,1,0,0,0,0,0,0,0,0,0,0,0,0,0,0,0,0,0,1,0,0,0,0,300000000,345000000.0,30,45000000.0,13.043478260869565,4.0,142857142.85714287,165357142.85714287,19.285714285714285,3607.285714285714,1
43,0,1,0,0,1,0,0,0,0,0,0,0,0,0,0,0,0,0,0,0,0,0,1,0,0,60000,62700.0,30,2700.0,4.30622009569378,17.0,212424242.42424244,229337121.2121212,17.272727272727273,3609.030303030303,1
32,0,1,1,0,0,0,0,0,0,0,0,0,0,0,0,0,0,0,0,0,1,0,0,0,0,200000000,245000000.0,30,45000000.0,18.367346938775512,2.0,100000000.0,120000000.0,20.0,4524.333333333333,4
35,1,0,0,0,0,0,0,1,0,0,0,0,0,0,0,0,0,0,0,1,0,0,0,0,0,500000000,525000000.0,30,25000000.0,4.761904761904762,9.0,200000000.0,219941176.47058824,21.176470588235293,3608.058823529412,1
42,0,1,0,0,0,0,0,1,0,0,0,0,0,0,0,0,0,0,0,1,0,0,0,0,0,15000,16687.5,15,1687.5,10.112359550561797,2.0,100000000.0,115000000.0,15.0,3607.6666666666665,0
35,0,1,0,0,0,0,0,1,0,0,0,0,0,0,0,0,0,0,0,0,1,0,0,0,0,100000000,115000000.0,15,15000000.0,13.043478260869565,2.0,100000000.0,125000000.0,25.0,3628.0,0
47,0,1,0,0,0,0,0,0,0,0,0,0,0,0,0,0,0,0,0,0,1,0,0,0,0,100000000,130000000.0,30,30000000.0,23.07692307692308,1.0,100000000.0,115000000.0,15.0,3616.0,1
39,0,1,0,0,0,0,1,0,0,0,0,0,0,0,0,0,0,0,0,1,0,0,0,0,0,200000000,245000000.0,30,45000000.0,18.367346938775512,2.5,125000000.0,151250000.0,22.5,3608.0,1
46,1,0,0,0,0,0,0,1,0,0,0,0,0,0,0,0,0,0,0,0,1,0,0,0,0,400000000,440000000.0,30,40000000.0,9.090909090909092,7.0,253846153.84615383,287500000.0,26.53846153846154,3614.230769230769,1
33,1,0,0,0,0,0,0,1,0,0,0,0,0,0,0,0,0,0,0,0,1,0,0,0,0,400000000,440000000.0,30,40000000.0,9.090909090909092,4.0,200000000.0,230714285.7142857,23.571428571428573,3612.0,1
37,0,1,0,0,0,0,0,1,0,0,0,0,0,0,0,0,0,0,0,0,1,0,0,0,0,200000000,230000000.0,30,30000000.0,13.043478260869565,4.0,142857142.85714287,172892857.14285713,27.857142857142858,3619.714285714286,1
32,0,1,0,0,0,0,0,1,0,0,0,0,0,0,0,0,0,0,0,1,0,0,0,0,0,100000000,115000000.0,15,15000000.0,13.043478260869565,1.0,100000000.0,115000000.0,15.0,3675.0,0
28,0,1,0,0,0,0,0,1,0,0,0,0,0,0,0,0,0,0,0,0,1,0,0,0,0,100000000,130000000.0,30,30000000.0,23.07692307692308,1.0,100000000.0,115000000.0,15.0,3668.0,1
29,0,1,0,0,0,0,0,0,0,0,0,0,0,0,0,0,0,0,0,0,1,0,0,0,0,10000,13000.0,30,3000.0,23.07692307692308,1.5,100000000.0,130000000.0,30.0,3639.0,1
42,0,1,0,0,0,0,0,0,0,0,0,0,0,0,0,0,0,0,1,0,1,0,0,0,0,100000000,130000000.0,30,30000000.0,23.07692307692308,1.5,100000000.0,122500000.0,22.5,3607.0,1
31,1,0,0,0,0,0,0,1,0,0,0,0,0,0,0,0,0,0,0,0,1,0,0,0,0,100000000,130000000.0,30,30000000.0,23.07692307692308,3.0,100000000.0,130000000.0,30.0,3612.6,1
35,0,1,0,0,0,0,0,1,0,0,0,0,0,0,0,0,0,0,0,0,1,0,0,0,0,100000000,115000000.0,15,15000000.0,13.043478260869565,2.0,100000000.0,115000000.0,15.0,3611.0,0
34,0,1,0,1,0,0,0,0,0,0,0,0,0,0,0,0,0,0,0,0,1,0,0,0,0,20000,24500.0,30,4500.0,18.367346938775512,3.0,140000000.0,176000000.0,30.0,3609.0,1
35,0,1,0,0,0,0,0,0,0,0,0,0,0,0,0,0,0,0,0,1,0,0,0,0,0,100000000,115000000.0,15,15000000.0,13.043478260869565,1.0,100000000.0,115000000.0,15.0,3669.0,0
49,0,1,0,0,0,0,0,1,0,0,0,0,0,0,0,0,0,0,0,1,0,0,0,0,0,100000000,130000000.0,30,30000000.0,23.07692307692308,1.0,100000000.0,115000000.0,15.0,3672.0,1
30,0,1,0,0,0,0,0,0,0,0,0,0,0,0,1,0,0,0,0,1,0,0,0,0,0,10000,11125.0,15,1125.0,10.112359550561797,2.0,100000000.0,120000000.0,20.0,3608.3333333333335,0
32,0,1,0,0,0,0,1,0,0,0,0,0,0,0,0,0,0,0,0,0,1,0,0,0,0,50000,57500.0,90,7500.0,13.043478260869565,6.0,272727272.72727275,320863636.3636364,38.18181818181818,3614.818181818182,2
28,0,1,0,0,0,0,0,1,0,0,0,0,0,0,0,0,0,0,0,0,1,0,0,0,0,10000,13000.0,30,3000.0,23.07692307692308,1.5,100000000.0,130000000.0,30.0,3638.0,1
43,0,1,0,1,0,0,0,0,0,0,0,0,0,0,0,0,0,0,0,0,1,0,0,0,0,100000000,115000000.0,15,15000000.0,13.043478260869565,1.0,50000000.0,57500000.0,30.0,3609.0,0
41,0,1,0,0,0,0,0,0,0,0,0,1,0,0,0,0,0,0,0,0,1,0,0,0,0,200000000,245000000.0,30,45000000.0,18.367346938775512,3.0,140000000.0,176000000.0,30.0,3613.4,1
44,0,1,0,0,0,0,0,0,0,0,1,0,0,0,0,0,0,0,0,1,0,0,0,0,0,100000000,115000000.0,15,15000000.0,13.043478260869565,1.0,100000000.0,115000000.0,15.0,3668.0,0
39,0,1,0,0,0,0,0,1,0,0,0,0,0,0,0,0,0,0,0,0,1,0,0,0,0,100000000,110000000.0,15,10000000.0,9.090909090909092,1.0,100000000.0,115000000.0,15.0,3668.0,0
28,0,1,0,0,0,0,1,0,0,0,0,0,0,0,0,0,0,0,0,0,1,0,0,0,0,100000000,130000000.0,30,30000000.0,23.07692307692308,1.5,100000000.0,130000000.0,30.0,3637.0,1
35,0,1,0,0,0,0,0,0,0,0,0,0,0,0,1,0,0,0,0,1,0,0,0,0,0,100000000,130000000.0,30,30000000.0,23.07692307692308,1.0,100000000.0,130000000.0,30.0,3668.0,1
42,0,1,0,0,0,0,1,0,0,0,0,0,0,0,0,0,0,0,0,1,0,0,0,0,0,300000000,339999000.0,30,39999000.0,11.764446366018722,3.0,140000000.0,169000000.0,24.0,3608.8,1
53,0,1,0,0,0,0,1,0,0,0,0,0,0,0,0,0,0,0,0,0,1,0,0,0,0,200000000,245000000.0,30,45000000.0,18.367346938775512,2.0,100000000.0,130000000.0,30.0,3608.3333333333335,1
37,0,1,0,0,0,0,0,1,0,0,0,0,0,0,0,0,0,0,0,0,1,0,0,0,0,100000000,130000000.0,30,30000000.0,23.07692307692308,1.0,100000000.0,130000000.0,30.0,3667.0,1
34,0,1,0,0,0,0,0,1,0,0,0,0,0,0,0,0,0,0,0,0,1,0,0,0,0,100000000,115000000.0,15,15000000.0,13.043478260869565,1.0,100000000.0,115000000.0,15.0,3668.0,0
46,0,1,0,0,0,0,1,0,0,0,0,0,0,0,0,0,0,0,0,0,1,0,0,0,0,100000000,130000000.0,30,30000000.0,23.07692307692308,1.5,100000000.0,115000000.0,15.0,3616.0,1
35,0,1,1,0,0,0,0,0,0,0,0,0,0,0,0,0,0,0,0,0,1,0,0,0,0,300000000,345000000.0,30,45000000.0,13.043478260869565,4.5,187500000.0,216687500.0,22.5,6364.625,5
30,0,0,0,0,0,1,0,0,0,0,0,0,0,0,0,0,0,0,0,0,1,0,0,0,0,100000000,130000000.0,30,30000000.0,23.07692307692308,1.5,100000000.0,130000000.0,30.0,3614.0,1
41,0,1,0,0,0,0,1,0,0,0,0,0,0,0,0,0,0,0,0,0,1,0,0,0,0,20000,24500.0,30,4500.0,18.367346938775512,3.5,116666666.66666669,148000000.0,30.0,3608.0,1
32,1,0,0,0,0,0,0,1,0,0,0,0,0,0,0,0,0,0,0,0,1,0,0,0,0,600000000,681000000.0,90,81000000.0,11.894273127753303,6.5,316666666.6666667,371416666.6666667,50.0,3614.75,2
36,0,1,0,0,0,0,0,1,0,0,0,0,0,0,0,0,0,0,0,1,0,0,0,0,0,100000000,115000000.0,15,15000000.0,13.043478260869565,1.5,100000000.0,115000000.0,15.0,3638.5,0
54,1,0,0,0,0,0,0,1,0,0,0,0,0,0,0,0,0,0,0,0,1,0,0,0,0,100000000,130000000.0,30,30000000.0,23.07692307692308,1.0,100000000.0,130000000.0,30.0,3610.0,1
35,0,1,0,0,0,0,0,1,0,0,0,0,0,0,0,0,0,0,0,1,0,0,0,0,0,100000000,115000000.0,15,15000000.0,13.043478260869565,1.0,100000000.0,115000000.0,15.0,3668.0,0
35,0,1,1,0,0,0,0,0,0,0,0,0,0,0,0,0,0,0,0,0,1,0,0,0,0,200000000,245000000.0,30,45000000.0,18.367346938775512,2.5,125000000.0,158750000.0,30.0,3624.5,1
29,1,0,0,0,0,0,1,0,0,0,0,0,0,0,0,0,0,0,0,0,0,0,1,0,0,300000000,390000000.0,60,90000000.0,23.07692307692308,3.5,141666666.66666666,174458333.33333334,30.0,3619.8333333333335,3
37,0,1,0,0,0,0,0,1,0,0,0,0,0,0,0,0,0,0,0,0,1,0,0,0,0,10000,13000.0,30,3000.0,23.07692307692308,1.0,100000000.0,130000000.0,30.0,3672.0,1
44,0,1,0,0,0,0,0,0,0,0,0,0,0,0,0,0,0,0,0,0,1,0,0,0,0,100000000,130000000.0,30,30000000.0,23.07692307692308,1.0,100000000.0,130000000.0,30.0,3616.0,1
50,0,1,0,0,0,0,0,1,0,0,0,0,0,0,0,0,0,0,0,1,0,0,0,0,0,100000000,115000000.0,15,15000000.0,13.043478260869565,1.0,100000000.0,115000000.0,15.0,3669.0,0
47,0,1,0,0,0,0,0,1,0,0,0,0,0,0,0,0,0,0,0,1,0,0,0,0,0,100000000,115000000.0,15,15000000.0,13.043478260869565,1.0,100000000.0,115000000.0,15.0,3609.0,0
28,0,1,1,0,0,0,0,0,0,0,0,0,0,0,0,0,0,0,0,1,0,0,0,0,0,100000000,115000000.0,15,15000000.0,13.043478260869565,1.0,100000000.0,115000000.0,15.0,3669.0,0
32,0,1,0,1,0,0,0,0,0,0,0,0,0,0,0,0,0,0,0,1,0,0,0,0,0,100000000,115000000.0,15,15000000.0,13.043478260869565,1.0,100000000.0,115000000.0,15.0,3670.0,0
55,0,1,0,0,0,0,0,0,0,0,0,1,0,0,0,0,0,0,0,1,0,0,0,0,0,100000000,130000000.0,30,30000000.0,23.07692307692308,2.0,100000000.0,130000000.0,30.0,3613.3333333333335,1
34,0,1,0,0,0,0,0,0,0,0,0,0,0,0,0,0,0,0,1,0,1,0,0,0,0,200000000,245000000.0,30,45000000.0,18.367346938775512,2.0,100000000.0,125000000.0,25.0,3608.6666666666665,1
30,0,1,0,0,0,0,0,0,0,0,1,0,0,0,0,0,0,0,0,0,1,0,0,0,0,400000000,480000000.0,60,80000000.0,16.666666666666664,5.0,170000000.0,206861111.1111111,35.0,6679.444444444444,5
40,1,0,0,0,0,0,0,1,0,0,0,0,0,0,0,0,0,0,0,0,0,0,1,0,0,200000000,245000000.0,30,45000000.0,18.367346938775512,5.0,205555555.55555555,247555555.55555555,33.333333333333336,3610.3333333333335,1
41,0,1,0,0,0,0,0,1,0,0,0,0,0,0,0,0,0,0,0,1,0,0,0,0,0,10000,13000.0,30,3000.0,23.07692307692308,1.5,100000000.0,130000000.0,30.0,3618.0,1
47,0,1,0,0,0,0,1,0,0,0,0,0,0,0,0,0,0,0,0,0,1,0,0,0,0,10000,13000.0,30,3000.0,23.07692307692308,1.0,100000000.0,130000000.0,30.0,3621.0,1
32,1,0,0,0,0,0,0,1,0,0,0,0,0,0,0,0,0,0,0,0,0,0,1,0,0,400000000,480000000.0,60,80000000.0,16.666666666666664,5.0,244444444.44444445,296055555.5555556,43.333333333333336,3617.1111111111113,3
29,0,1,0,1,0,0,0,0,0,0,0,0,0,0,0,0,0,0,0,0,1,0,0,0,0,300000000,330000000.0,30,30000000.0,9.090909090909092,7.0,192307692.30769232,223432692.30769232,28.846153846153847,3610.769230769231,1
47,0,1,0,0,0,0,0,0,0,0,0,0,0,0,0,0,0,0,0,0,1,0,0,0,0,100000000,115000000.0,15,15000000.0,13.043478260869565,1.5,100000000.0,130000000.0,30.0,3608.5,0
41,0,1,0,0,0,0,1,0,0,0,0,0,0,0,0,0,0,0,0,0,1,0,0,0,0,250000000,287500000.0,30,37500000.0,13.043478260869565,4.0,150000000.0,173678571.42857143,21.428571428571427,3607.285714285714,1
30,0,1,0,0,0,0,0,0,0,0,0,0,0,0,1,0,0,0,0,0,1,0,0,0,0,100000000,115000000.0,15,15000000.0,13.043478260869565,1.0,100000000.0,115000000.0,15.0,3668.0,0
45,0,1,0,0,0,0,1,0,0,0,0,0,0,0,0,0,0,0,0,0,1,0,0,0,0,100000000,130000000.0,30,30000000.0,23.07692307692308,2.0,100000000.0,130000000.0,30.0,3627.0,1
42,0,1,0,0,0,0,0,0,0,0,0,0,0,0,0,0,0,0,1,0,1,0,0,0,0,100000000,130000000.0,30,30000000.0,23.07692307692308,1.0,100000000.0,130000000.0,30.0,3608.0,1
26,0,1,0,0,0,0,0,1,0,0,0,0,0,0,0,0,0,0,0,0,1,0,0,0,0,300000000,345000000.0,30,45000000.0,13.043478260869565,5.0,166666666.66666666,198333333.3333333,28.33333333333333,3610.555555555556,1
36,0,1,0,0,0,0,0,1,0,0,0,0,0,0,0,0,0,0,0,0,1,0,0,0,0,100000000,130000000.0,30,30000000.0,23.07692307692308,1.5,100000000.0,130000000.0,30.0,3619.0,1
43,0,1,0,0,0,0,0,0,0,0,0,0,0,0,0,0,0,0,1,0,1,0,0,0,0,200000000,245000000.0,30,45000000.0,18.367346938775512,3.0,140000000.0,162500000.0,18.0,3718.8,1
32,1,0,0,0,0,0,0,0,0,0,0,0,0,0,0,0,0,0,0,0,1,0,0,0,0,200000000,245000000.0,30,45000000.0,18.367346938775512,6.0,113636363.63636364,141818181.8181818,27.272727272727277,3620.818181818182,1
37,0,1,0,0,0,0,0,1,0,0,0,0,0,0,0,0,0,0,0,0,1,0,0,0,0,100000000,130000000.0,30,30000000.0,23.07692307692308,1.0,100000000.0,130000000.0,30.0,3613.0,1
37,0,1,0,0,0,0,0,1,0,0,0,0,0,0,0,0,0,0,0,0,1,0,0,0,0,10000,13000.0,30,3000.0,23.07692307692308,1.0,100000000.0,130000000.0,30.0,3668.0,1
26,0,1,0,0,0,0,0,0,0,0,0,0,0,0,0,0,0,0,0,0,1,0,0,0,0,100000000,130000000.0,30,30000000.0,23.07692307692308,1.0,100000000.0,115000000.0,15.0,3608.0,1
43,0,1,0,0,0,0,0,0,0,0,0,0,0,0,0,0,0,0,0,1,0,0,0,0,0,200000000,245000000.0,30,45000000.0,18.367346938775512,2.5,125000000.0,153750000.0,26.25,3608.0,1
38,1,0,0,0,0,0,0,0,0,0,0,0,0,0,0,0,0,0,0,0,1,0,0,0,0,400000000,440000000.0,30,40000000.0,9.090909090909092,5.0,255555555.55555555,296000000.0,31.666666666666668,3610.8888888888887,1
44,0,1,0,0,0,0,0,0,0,0,0,0,0,0,1,0,0,0,0,0,1,0,0,0,0,100000000,115000000.0,15,15000000.0,13.043478260869565,1.5,100000000.0,130000000.0,30.0,3609.0,0
48,1,0,0,0,0,0,0,1,0,0,0,0,0,0,0,0,0,0,0,0,0,0,1,0,0,35000,42000.0,60,7000.0,16.666666666666664,4.0,185714285.7142857,228785714.2857143,38.57142857142857,5594.142857142857,5
43,0,1,0,0,0,0,1,0,0,0,0,0,0,0,0,0,0,0,0,0,1,0,0,0,0,100000000,130000000.0,30,30000000.0,23.07692307692308,2.5,100000000.0,130000000.0,30.0,3626.25,1
28,1,0,0,0,0,0,0,1,0,0,0,0,0,0,0,0,0,0,0,0,1,0,0,0,0,40000,44000.0,30,4000.0,9.090909090909092,7.0,253846153.84615383,307615384.61538464,43.84615384615385,3609.769230769231,1
39,0,1,0,0,0,0,0,0,0,0,0,0,0,0,0,0,0,0,0,1,0,0,0,0,0,100000000,130000000.0,30,30000000.0,23.07692307692308,1.0,100000000.0,130000000.0,30.0,3613.0,1
38,1,0,0,0,0,1,0,0,0,0,0,0,0,0,0,0,0,0,0,0,0,0,1,0,0,50000,57500.0,90,7500.0,13.043478260869565,6.5,283333333.3333333,327208333.3333333,31.25,3612.0,2
42,0,1,0,0,0,0,0,0,0,0,0,0,0,0,0,0,0,0,0,0,1,0,0,0,0,100000000,130000000.0,30,30000000.0,23.07692307692308,1.0,100000000.0,115000000.0,15.0,3612.0,1
45,0,1,0,0,0,0,0,0,0,0,1,0,0,0,0,0,0,0,0,0,1,0,0,0,0,10000,11500.0,15,1500.0,13.043478260869565,1.5,100000000.0,115000000.0,15.0,3637.5,0
34,1,0,0,0,0,0,0,0,0,0,1,0,0,0,0,0,0,0,0,0,0,0,1,0,0,250000000,287500000.0,30,37500000.0,13.043478260869565,5.0,188888888.8888889,216944444.44444445,23.33333333333333,3610.0,1
30,0,1,0,0,0,0,0,1,0,0,0,0,0,0,0,0,0,0,0,0,1,0,0,0,0,10000,11500.0,15,1500.0,13.043478260869565,1.0,100000000.0,130000000.0,30.0,3618.0,0
29,0,1,0,1,0,0,0,0,0,0,0,0,0,0,0,0,0,0,0,0,0,0,0,1,0,10000,13000.0,30,3000.0,23.07692307692308,1.0,100000000.0,130000000.0,30.0,3668.0,1
48,0,1,0,0,0,0,0,1,0,0,0,0,0,0,0,0,0,0,0,0,1,0,0,0,0,200000000,245000000.0,30,45000000.0,18.367346938775512,3.0,140000000.0,176000000.0,30.0,3619.0,1
42,0,1,0,0,0,0,1,0,0,0,0,0,0,0,0,0,0,0,0,0,1,0,0,0,0,100000000,115000000.0,15,15000000.0,13.043478260869565,1.5,100000000.0,115000000.0,15.0,3637.5,0
39,0,1,0,0,0,0,0,0,0,0,0,0,0,0,0,0,0,0,0,0,1,0,0,0,0,100000000,115000000.0,15,15000000.0,13.043478260869565,3.0,100000000.0,124000000.0,24.0,3613.6,0
29,0,1,0,0,0,0,0,1,0,0,0,0,0,0,0,0,0,0,0,0,1,0,0,0,0,10000,13000.0,30,3000.0,23.07692307692308,1.5,100000000.0,130000000.0,30.0,3637.5,1
40,0,1,0,0,0,0,1,0,0,0,0,0,0,0,0,0,0,0,0,0,1,0,0,0,0,20000,22250.0,15,2250.0,10.112359550561797,2.5,125000000.0,151250000.0,22.5,3608.75,0
37,0,1,0,0,0,0,1,0,0,0,0,0,0,0,0,0,0,0,0,0,1,0,0,0,0,10000,13000.0,30,3000.0,23.07692307692308,1.0,100000000.0,130000000.0,30.0,3667.0,1
41,0,1,0,0,0,0,0,0,0,0,0,1,0,0,0,0,0,0,0,1,0,0,0,0,0,200000000,230000000.0,30,30000000.0,13.043478260869565,4.0,142857142.85714287,171714285.7142857,25.714285714285715,3616.142857142857,1
35,0,1,0,0,0,0,1,0,0,0,0,0,0,0,0,0,0,0,0,0,1,0,0,0,0,400000000,440000000.0,30,40000000.0,9.090909090909092,6.0,281818181.8181818,326454545.45454544,32.72727272727273,3611.090909090909,1
42,0,1,0,0,0,0,0,0,0,0,0,0,0,0,1,0,0,0,0,0,1,0,0,0,0,100000000,130000000.0,30,30000000.0,23.07692307692308,1.0,100000000.0,115000000.0,15.0,3668.0,1
40,0,1,0,0,0,0,0,1,0,0,0,0,0,0,0,0,0,0,0,0,1,0,0,0,0,100000000,130000000.0,30,30000000.0,23.07692307692308,1.0,100000000.0,130000000.0,30.0,3668.0,1
38,0,1,0,0,0,0,0,1,0,0,0,0,0,0,0,0,0,0,0,0,1,0,0,0,0,200000000,222500000.0,15,22500000.0,10.112359550561797,1.5,100000000.0,130000000.0,30.0,3608.0,0
46,0,1,0,0,0,0,1,0,0,0,0,0,0,0,0,0,0,0,0,1,0,0,0,0,0,200000000,245000000.0,30,45000000.0,18.367346938775512,2.0,133333333.33333331,150833333.33333334,15.0,3629.6666666666665,1
33,0,1,0,0,0,0,0,1,0,0,0,0,0,0,0,0,0,0,0,1,0,0,0,0,0,100000000,115000000.0,15,15000000.0,13.043478260869565,1.5,100000000.0,115000000.0,15.0,3638.0,0
29,1,0,0,0,0,0,0,1,0,0,0,0,0,0,0,0,0,0,0,0,1,0,0,0,0,100000000,130000000.0,30,30000000.0,23.07692307692308,1.5,100000000.0,130000000.0,30.0,3612.0,1
40,1,0,0,0,0,0,0,1,0,0,0,0,0,0,0,0,0,0,0,0,1,0,0,0,0,300000000,345000000.0,30,45000000.0,13.043478260869565,5.0,200000000.0,239888888.8888889,33.333333333333336,3609.6666666666665,1
50,0,1,0,0,0,0,0,1,0,0,0,0,0,0,0,0,0,0,0,0,1,0,0,0,0,100000000,130000000.0,30,30000000.0,23.07692307692308,1.5,100000000.0,130000000.0,30.0,3609.0,1
35,0,1,0,0,0,0,0,1,0,0,0,0,0,0,0,0,0,0,0,1,0,0,0,0,0,100000000,130000000.0,30,30000000.0,23.07692307692308,1.5,100000000.0,130000000.0,30.0,3612.5,1
33,1,0,0,0,0,1,0,0,0,0,0,0,0,0,0,0,0,0,0,0,0,0,0,1,0,200000000,245000000.0,30,45000000.0,18.367346938775512,1.5,100000000.0,130000000.0,30.0,3609.0,1
41,0,1,0,0,0,0,0,1,0,0,0,0,0,0,0,0,0,0,0,0,1,0,0,0,0,10000,11500.0,15,1500.0,13.043478260869565,1.0,100000000.0,130000000.0,30.0,3669.0,0
39,0,1,0,0,0,0,0,1,0,0,0,0,0,0,0,0,0,0,0,0,1,0,0,0,0,200000000,245000000.0,30,45000000.0,18.367346938775512,2.5,125000000.0,147500000.0,18.75,3609.0,1
26,0,1,0,0,0,0,0,0,0,0,0,0,0,0,0,0,0,0,0,0,1,0,0,0,0,100000000,115000000.0,15,15000000.0,13.043478260869565,1.0,100000000.0,115000000.0,15.0,3653.0,0
34,0,1,0,0,0,0,0,0,0,0,0,1,0,0,0,0,0,0,0,0,1,0,0,0,0,100000000,130000000.0,30,30000000.0,23.07692307692308,1.0,100000000.0,130000000.0,30.0,3611.0,1
41,1,0,0,0,0,0,0,0,0,0,0,0,0,0,0,0,0,0,0,0,1,0,0,0,0,200000000,245000000.0,30,45000000.0,18.367346938775512,1.5,100000000.0,130000000.0,30.0,3606.5,1
32,1,0,0,0,0,1,0,0,0,0,0,0,0,0,0,0,0,0,0,0,1,0,0,0,0,100000000,115000000.0,30,15000000.0,13.043478260869565,3.0,140000000.0,161800000.0,21.0,3620.6,1
39,0,1,0,0,0,0,0,0,0,0,0,0,0,0,0,0,0,0,0,0,1,0,0,0,0,100000000,130000000.0,30,30000000.0,23.07692307692308,1.5,100000000.0,130000000.0,30.0,3611.5,1
32,0,1,0,0,0,0,0,1,0,0,0,0,0,0,0,0,0,0,0,0,1,0,0,0,0,100000000,130000000.0,30,30000000.0,23.07692307692308,1.5,100000000.0,115000000.0,15.0,3637.5,1
32,0,1,0,0,0,0,0,0,0,0,0,0,0,0,1,0,0,0,0,0,1,0,0,0,0,10000,11500.0,15,1500.0,13.043478260869565,2.0,100000000.0,115000000.0,15.0,3628.6666666666665,0
34,0,1,0,0,0,0,0,1,0,0,0,0,0,0,0,0,0,0,0,0,1,0,0,0,0,10000,11500.0,15,1500.0,13.043478260869565,1.0,100000000.0,115000000.0,15.0,3668.0,0
43,1,0,0,0,1,0,0,0,0,0,0,0,0,0,0,0,0,0,0,0,1,0,0,0,0,10000,13000.0,30,3000.0,23.07692307692308,1.0,100000000.0,130000000.0,30.0,3667.0,1
41,0,1,0,0,0,0,1,0,0,0,0,0,0,0,0,0,0,0,0,0,1,0,0,0,0,100000000,130000000.0,30,30000000.0,23.07692307692308,1.0,100000000.0,130000000.0,30.0,3612.0,1
45,0,1,0,0,0,0,0,1,0,0,0,0,0,0,0,0,0,0,0,0,1,0,0,0,0,100000000,130000000.0,30,30000000.0,23.07692307692308,1.5,100000000.0,130000000.0,30.0,3609.0,1
32,0,1,0,0,0,0,0,1,0,0,0,0,0,0,0,0,0,0,0,0,1,0,0,0,0,100000000,130000000.0,30,30000000.0,23.07692307692308,1.0,100000000.0,130000000.0,30.0,3678.0,1
53,1,0,0,0,0,0,0,1,0,0,0,0,0,0,0,0,0,0,0,0,1,0,0,0,0,300000000,345000000.0,30,45000000.0,13.043478260869565,3.5,183333333.3333333,221000000.0,30.0,3612.5,1
38,0,1,0,0,0,0,0,0,0,0,0,1,0,0,0,0,0,0,0,0,0,0,1,0,0,100000000,130000000.0,30,30000000.0,23.07692307692308,1.0,100000000.0,130000000.0,30.0,3609.0,1
39,0,1,0,0,0,0,0,1,0,0,0,0,0,0,0,0,0,0,0,0,1,0,0,0,0,100000000,130000000.0,30,30000000.0,23.07692307692308,1.0,100000000.0,115000000.0,15.0,3667.0,1
37,0,1,0,0,0,0,0,0,0,0,0,0,0,0,1,0,0,0,0,0,1,0,0,0,0,10000,13000.0,30,3000.0,23.07692307692308,1.0,100000000.0,115000000.0,15.0,3670.0,1
39,0,1,0,0,0,0,0,1,0,0,0,0,0,0,0,0,0,0,0,0,1,0,0,0,0,100000000,130000000.0,30,30000000.0,23.07692307692308,1.5,100000000.0,130000000.0,30.0,3610.0,1
45,1,0,0,0,0,0,0,0,0,0,0,0,0,0,0,0,0,0,0,0,0,0,1,0,0,50000,52500.0,30,2500.0,4.761904761904762,7.0,288461538.46153843,322528846.15384614,24.23076923076923,3614.6153846153848,1
36,0,1,0,0,0,0,1,0,0,0,0,0,0,0,0,0,0,0,0,0,1,0,0,0,0,200000000,245000000.0,30,45000000.0,18.367346938775512,2.0,133333333.33333331,163333333.33333334,25.0,3608.6666666666665,1
43,1,0,0,0,0,0,0,0,0,0,0,1,0,0,0,0,0,0,0,0,1,0,0,0,0,400000000,440000000.0,30,40000000.0,9.090909090909092,4.0,214285714.2857143,249642857.14285716,27.857142857142858,3621.857142857143,1
37,0,1,0,0,0,0,0,0,0,0,0,0,0,0,0,0,0,0,0,0,1,0,0,0,0,20000,24500.0,30,4500.0,18.367346938775512,2.0,133333333.33333331,168333333.33333334,30.0,3610.0,1
41,0,1,0,1,0,0,0,0,0,0,0,0,0,0,0,0,0,0,0,0,1,0,0,0,0,200000000,245000000.0,30,45000000.0,18.367346938775512,5.0,122222222.22222222,154777777.7777778,30.0,3611.0,1
39,1,0,0,0,0,0,0,1,0,0,0,0,0,0,0,0,0,0,0,0,0,0,1,0,0,500000000,525000000.0,30,25000000.0,4.761904761904762,8.0,293333333.3333333,326233333.3333333,23.0,3735.866666666667,1
40,0,1,1,0,0,0,0,0,0,0,0,0,0,0,0,0,0,0,0,0,1,0,0,0,0,300000000,345000000.0,30,45000000.0,13.043478260869565,6.0,190909090.9090909,221000000.0,24.545454545454547,3615.272727272728,1
39,0,1,0,0,0,0,0,0,0,0,0,0,0,0,1,0,0,0,0,0,1,0,0,0,0,20000,24500.0,30,4500.0,18.367346938775512,2.5,125000000.0,158750000.0,30.0,3606.75,1
32,0,1,0,0,0,0,1,0,0,0,0,0,0,0,0,0,0,0,0,0,1,0,0,0,0,200000000,245000000.0,30,45000000.0,18.367346938775512,2.0,100000000.0,125000000.0,25.0,3608.6666666666665,1
36,0,1,0,0,0,0,0,0,0,0,0,0,0,0,0,0,0,0,1,1,0,0,0,0,0,200000000,245000000.0,30,45000000.0,18.367346938775512,2.0,133333333.33333331,168333333.33333334,30.0,3606.6666666666665,1
32,0,1,0,0,0,0,0,1,0,0,0,0,0,0,0,0,0,0,0,0,1,0,0,0,0,100000000,130000000.0,30,30000000.0,23.07692307692308,3.0,120000000.0,145600000.0,24.0,3609.8,1
30,0,1,0,0,0,0,0,1,0,0,0,0,0,0,0,0,0,0,0,0,1,0,0,0,0,400000000,440000000.0,30,40000000.0,9.090909090909092,6.0,263636363.63636363,299818181.8181818,27.272727272727277,3610.272727272728,1
33,0,1,0,1,0,0,0,0,0,0,0,0,0,0,0,0,0,0,0,0,1,0,0,0,0,100000000,130000000.0,30,30000000.0,23.07692307692308,1.5,100000000.0,130000000.0,30.0,3610.5,1
35,0,1,0,1,0,0,0,0,0,0,0,0,0,0,0,0,0,0,0,0,1,0,0,0,0,200000000,245000000.0,30,45000000.0,18.367346938775512,1.5,100000000.0,130000000.0,30.0,3610.5,1
37,1,0,0,0,0,0,0,1,0,0,0,0,0,0,0,0,0,0,0,0,0,0,1,0,0,200000000,245000000.0,30,45000000.0,18.367346938775512,3.0,120000000.0,141000000.0,18.0,3609.4,1
34,0,1,1,0,0,0,0,0,0,0,0,0,0,0,0,0,0,0,0,1,0,0,0,0,0,30000,34500.0,30,4500.0,13.043478260869565,3.0,120000000.0,136500000.0,18.0,3620.8,1
28,1,0,0,0,0,0,0,0,0,0,0,0,0,0,1,0,0,0,0,0,1,0,0,0,0,300000000,345000000.0,30,45000000.0,13.043478260869565,4.5,137500000.0,172250000.0,30.0,3616.875,1
41,0,1,0,0,0,0,0,1,0,0,0,0,0,0,0,0,0,0,0,0,1,0,0,0,0,100000000,115000000.0,15,15000000.0,13.043478260869565,1.0,100000000.0,130000000.0,30.0,3669.0,0
46,1,0,0,0,0,0,0,1,0,0,0,0,0,0,0,0,0,0,0,0,0,0,1,0,0,500000000,525000000.0,30,25000000.0,4.761904761904762,9.0,300000000.0,344941176.4705882,38.8235294117647,3609.4117647058815,1
30,0,1,0,0,0,0,0,0,0,0,0,0,0,0,0,0,0,0,0,0,1,0,0,0,0,500000000,575000000.0,90,75000000.0,13.043478260869565,5.5,270000000.0,322550000.0,42.0,3615.5,2
41,1,0,0,0,0,0,0,0,0,0,0,0,0,0,0,0,0,0,0,0,1,0,0,0,0,150000000,165000000.0,30,15000000.0,9.090909090909092,7.0,100000000.0,122192307.6923077,28.846153846153847,3608.538461538461,1
29,0,1,0,0,0,0,0,1,0,0,0,0,0,0,0,0,0,0,0,0,1,0,0,0,0,100000000,130000000.0,30,30000000.0,23.07692307692308,1.0,100000000.0,115000000.0,15.0,3668.0,1
42,0,1,0,0,0,0,1,0,0,0,0,0,0,0,0,0,0,0,0,0,1,0,0,0,0,100000000,130000000.0,30,30000000.0,23.07692307692308,1.0,100000000.0,130000000.0,30.0,3669.0,1
40,1,0,0,0,0,0,0,1,0,0,0,0,0,0,0,0,0,0,0,0,0,0,1,0,0,400000000,440000000.0,30,40000000.0,9.090909090909092,6.0,245454545.45454547,278727272.72727275,24.545454545454547,4153.727272727273,1
36,0,1,0,0,0,0,1,0,0,0,0,0,0,0,0,0,0,0,0,0,1,0,0,0,0,10000,13000.0,30,3000.0,23.07692307692308,1.5,100000000.0,115000000.0,15.0,3637.5,1
37,1,0,0,1,0,0,0,0,0,0,0,0,0,0,0,0,0,0,0,0,1,0,0,0,0,400000000,480000000.0,60,80000000.0,16.666666666666664,4.5,218750000.0,250937500.0,26.25,3609.625,3
28,1,0,0,0,0,0,0,1,0,0,0,0,0,0,0,0,0,0,0,0,1,0,0,0,0,300000000,390000000.0,60,90000000.0,23.07692307692308,4.0,142857142.85714287,178785714.2857143,32.142857142857146,3616.714285714286,3
30,0,1,0,0,0,0,0,0,0,0,0,0,0,0,0,0,0,0,1,0,1,0,0,0,0,300000000,345000000.0,30,45000000.0,13.043478260869565,3.5,150000000.0,180000000.0,22.5,3613.5,1
41,0,1,0,0,0,0,0,0,0,0,0,0,0,0,1,0,0,0,0,0,1,0,0,0,0,300000000,345000000.0,30,45000000.0,13.043478260869565,4.5,200000000.0,234000000.0,26.25,3615.0,1
46,0,1,0,0,0,0,0,1,0,0,0,0,0,0,0,0,0,0,0,0,0,0,0,1,0,100000000,130000000.0,30,30000000.0,23.07692307692308,3.0,100000000.0,130000000.0,30.0,3609.4,1
28,0,1,0,0,0,0,0,0,0,0,0,0,0,0,1,0,0,0,0,0,1,0,0,0,0,200000000,245000000.0,30,45000000.0,18.367346938775512,1.5,100000000.0,130000000.0,30.0,3610.0,1
37,0,1,0,0,1,0,0,0,0,0,0,0,0,0,0,0,0,0,0,0,1,0,0,0,0,100000000,130000000.0,30,30000000.0,23.07692307692308,1.5,100000000.0,130000000.0,30.0,3637.5,1
36,0,1,0,0,0,0,0,1,0,0,0,0,0,0,0,0,0,0,0,1,0,0,0,0,0,200000000,217500000.0,15,17500000.0,8.045977011494253,1.5,100000000.0,115000000.0,15.0,3610.5,0
35,0,1,0,0,0,0,1,0,0,0,0,0,0,0,0,0,0,0,0,0,1,0,0,0,0,100000000,115000000.0,15,15000000.0,13.043478260869565,1.0,100000000.0,115000000.0,15.0,3668.0,0
32,0,1,0,0,0,0,0,0,0,0,0,0,0,0,1,0,0,0,0,1,0,0,0,0,0,100000000,130000000.0,30,30000000.0,23.07692307692308,1.0,100000000.0,130000000.0,30.0,3610.0,1
29,1,0,0,0,0,0,0,1,0,0,0,0,0,0,0,0,0,0,0,0,0,0,1,0,0,400000000,440000000.0,30,40000000.0,9.090909090909092,4.5,187500000.0,221031250.0,28.125,3617.625,1
37,1,0,0,0,0,0,1,0,0,0,0,0,0,0,0,0,0,0,0,0,0,0,1,0,0,10000,10750.0,15,750.0,6.976744186046512,3.5,166666666.66666666,195916666.66666663,25.0,3608.5,0
41,0,1,0,0,0,0,0,0,0,0,1,0,0,0,0,0,0,0,0,0,1,0,0,0,0,100000000,130000000.0,30,30000000.0,23.07692307692308,1.0,100000000.0,130000000.0,30.0,3609.0,1
34,0,1,0,0,0,0,0,1,0,0,0,0,0,0,0,0,0,0,0,0,1,0,0,0,0,100000000,115000000.0,15,15000000.0,13.043478260869565,1.0,100000000.0,115000000.0,15.0,3673.0,0
44,0,1,0,0,0,0,0,1,0,0,0,0,0,0,0,0,0,0,0,0,1,0,0,0,0,10000,13000.0,30,3000.0,23.07692307692308,1.5,100000000.0,115000000.0,15.0,3637.0,1
48,0,1,0,0,0,0,0,1,0,0,0,0,0,0,0,0,0,0,0,1,0,0,0,0,0,20000,24500.0,30,4500.0,18.367346938775512,2.0,100000000.0,115000000.0,15.0,3610.6666666666665,1
33,1,0,0,0,0,0,0,1,0,0,0,0,0,0,0,0,0,0,0,0,0,0,1,0,0,500000000,550000000.0,60,50000000.0,9.090909090909092,9.5,319444444.4444444,358298611.1111111,30.83333333333333,3617.222222222222,3
41,0,1,0,0,0,0,0,1,0,0,0,0,0,0,0,0,0,0,0,1,0,0,0,0,0,100000000,130000000.0,30,30000000.0,23.07692307692308,1.0,100000000.0,130000000.0,30.0,3668.0,1
43,0,1,0,0,0,0,0,1,0,0,0,0,0,0,0,0,0,0,0,0,1,0,0,0,0,100000000,115000000.0,15,15000000.0,13.043478260869565,2.0,100000000.0,115000000.0,15.0,3611.6666666666665,0
31,0,1,0,1,0,0,0,0,0,0,0,0,0,0,0,0,0,0,0,1,0,0,0,0,0,100000000,115000000.0,15,15000000.0,13.043478260869565,1.0,100000000.0,130000000.0,30.0,3671.0,0
33,0,1,0,0,0,0,0,1,0,0,0,0,0,0,0,0,0,0,0,0,1,0,0,0,0,100000000,130000000.0,30,30000000.0,23.07692307692308,1.5,100000000.0,122500000.0,22.5,3637.0,1
26,0,1,0,0,0,0,1,0,0,0,0,0,0,0,0,0,0,0,0,0,1,0,0,0,0,200000000,245000000.0,30,45000000.0,18.367346938775512,2.5,95000000.0,116750000.0,22.5,3608.0,1
28,0,1,0,0,0,1,0,0,0,0,0,0,0,0,0,0,0,0,0,0,1,0,0,0,0,300000000,345000000.0,30,45000000.0,13.043478260869565,6.5,137500000.0,162875000.0,23.75,3613.1666666666665,1
29,1,0,0,0,0,0,0,1,0,0,0,0,0,0,0,0,0,0,0,0,1,0,0,0,0,200000000,245000000.0,30,45000000.0,18.367346938775512,2.5,100000000.0,126000000.0,26.25,3610.0,1
35,0,1,0,0,0,0,0,1,0,0,0,0,0,0,0,0,0,0,0,1,0,0,0,0,0,20000,24500.0,30,4500.0,18.367346938775512,2.5,125000000.0,151250000.0,22.5,3607.5,1
39,1,0,0,0,0,0,0,1,0,0,0,0,0,0,0,0,0,0,0,0,0,0,1,0,0,40000,44000.0,30,4000.0,9.090909090909092,5.0,227777777.7777778,260750000.0,26.666666666666668,3619.1111111111113,1
45,0,1,0,0,0,0,0,1,0,0,0,0,0,0,0,0,0,0,0,0,1,0,0,0,0,200000000,245000000.0,30,45000000.0,18.367346938775512,4.5,125000000.0,155000000.0,26.25,3623.75,1
39,0,1,0,0,0,0,0,1,0,0,0,0,0,0,0,0,0,0,0,0,1,0,0,0,0,100000000,125000000.0,30,25000000.0,20.0,2.0,100000000.0,120000000.0,20.0,3614.0,1
32,0,1,0,0,0,0,0,1,0,0,0,0,0,0,0,0,0,0,0,1,0,0,0,0,0,300000000,345000000.0,30,45000000.0,13.043478260869565,3.5,133333333.33333331,160750000.0,22.5,3620.0,1
37,0,1,0,0,0,1,0,0,0,0,0,0,0,0,0,0,0,0,0,0,1,0,0,0,0,20000,24500.0,30,4500.0,18.367346938775512,3.0,140000000.0,173000000.0,27.0,3609.0,1
30,0,1,0,0,0,0,0,0,0,0,0,1,0,0,0,0,0,0,0,0,1,0,0,0,0,100000000,111250000.0,15,11250000.0,10.112359550561797,2.5,100000000.0,114062500.0,15.0,3623.75,0
39,0,1,0,0,0,0,0,0,0,0,0,1,0,0,0,0,0,0,0,0,1,0,0,0,0,100000000,130000000.0,30,30000000.0,23.07692307692308,1.0,100000000.0,130000000.0,30.0,3670.0,1
38,1,0,0,0,0,0,0,0,0,0,0,0,0,0,0,0,0,0,0,0,1,0,0,0,0,100000000,130000000.0,30,30000000.0,23.07692307692308,4.0,121428571.42857143,153107142.85714287,30.0,3611.714285714286,1
36,0,1,1,0,0,0,0,0,0,0,0,0,0,0,0,0,0,0,0,0,1,0,0,0,0,30000,34500.0,30,4500.0,13.043478260869565,4.5,175000000.0,206875000.0,26.25,3612.5,1
31,0,1,0,0,0,0,1,0,0,0,0,0,0,0,0,0,0,0,0,0,1,0,0,0,0,10000,12500.0,30,2500.0,20.0,1.5,100000000.0,115000000.0,15.0,3637.5,1
35,1,0,0,0,0,0,0,1,0,0,0,0,0,0,0,0,0,0,0,0,1,0,0,0,0,20000,24500.0,30,4500.0,18.367346938775512,3.5,125000000.0,155625000.0,27.5,3607.8333333333335,1
41,0,1,0,0,0,0,0,1,0,0,0,0,0,0,0,0,0,0,0,0,1,0,0,0,0,100000000,130000000.0,30,30000000.0,23.07692307692308,1.0,100000000.0,130000000.0,30.0,3668.0,1
35,0,1,0,0,0,0,0,1,0,0,0,0,0,0,0,0,0,0,0,0,1,0,0,0,0,10000,13000.0,30,3000.0,23.07692307692308,1.5,100000000.0,130000000.0,30.0,3610.5,1
28,1,0,0,0,0,0,0,0,0,0,0,1,0,0,0,0,0,0,0,0,1,0,0,0,0,300000000,345000000.0,30,45000000.0,13.043478260869565,2.5,165000000.0,191625000.0,22.5,3622.75,1
44,1,0,0,0,0,0,0,0,0,0,0,0,0,0,1,0,0,0,0,0,1,0,0,0,0,400000000,440000000.0,30,40000000.0,9.090909090909092,5.5,240000000.0,277200000.0,28.5,3616.3,1
31,0,1,0,0,0,0,0,1,0,0,0,0,0,0,0,0,0,0,0,0,1,0,0,0,0,100000000,130000000.0,30,30000000.0,23.07692307692308,1.0,100000000.0,115000000.0,15.0,3669.0,1
44,0,1,0,0,0,0,0,0,0,0,0,0,0,0,0,0,0,0,1,0,1,0,0,0,0,100000000,130000000.0,30,30000000.0,23.07692307692308,1.0,100000000.0,130000000.0,30.0,3668.0,1
37,0,1,0,0,0,0,0,0,0,0,0,0,0,0,1,0,0,0,0,0,1,0,0,0,0,10000,13000.0,30,3000.0,23.07692307692308,1.0,100000000.0,130000000.0,30.0,3620.0,1
37,1,0,0,0,0,0,0,1,0,0,0,0,0,0,0,0,0,0,0,0,1,0,0,0,0,400000000,440000000.0,30,40000000.0,9.090909090909092,6.0,231818181.8181818,268318181.8181818,30.0,3609.636363636364,1
42,0,1,0,0,0,0,0,0,0,0,0,0,0,0,0,0,0,0,1,1,0,0,0,0,0,100000000,130000000.0,30,30000000.0,23.07692307692308,1.0,100000000.0,115000000.0,15.0,3669.0,1
35,0,1,0,0,0,0,0,1,0,0,0,0,0,0,0,0,0,0,0,0,1,0,0,0,0,200000000,222500000.0,15,22500000.0,10.112359550561797,2.5,125000000.0,155000000.0,26.25,3621.75,0
30,0,1,0,0,0,0,0,0,0,0,0,0,0,0,0,0,0,0,1,0,1,0,0,0,0,200000000,222500000.0,15,22500000.0,10.112359550561797,3.0,120000000.0,140000000.0,18.0,3609.6,0
33,0,1,0,0,0,0,1,0,0,0,0,0,0,0,0,0,0,0,0,0,1,0,0,0,0,300000000,345000000.0,30,45000000.0,13.043478260869565,3.5,216666666.66666663,255333333.3333333,30.0,3619.0,1
41,0,1,0,0,0,0,1,0,0,0,0,0,0,0,0,0,0,0,0,0,1,0,0,0,0,200000000,222500000.0,15,22500000.0,10.112359550561797,3.0,140000000.0,162500000.0,18.0,3607.6,0
36,0,1,1,0,0,0,0,0,0,0,0,0,0,0,0,0,0,0,0,0,1,0,0,0,0,10000,11500.0,15,1500.0,13.043478260869565,1.0,100000000.0,115000000.0,15.0,3607.0,0
48,0,1,0,0,0,1,0,0,0,0,0,0,0,0,0,0,0,0,0,0,1,0,0,0,0,20000,24500.0,30,4500.0,18.367346938775512,2.0,100000000.0,130000000.0,30.0,3607.0,1
41,0,1,0,0,0,0,0,1,0,0,0,0,0,0,0,0,0,0,0,1,0,0,0,0,0,20000,24500.0,30,4500.0,18.367346938775512,2.0,100000000.0,130000000.0,30.0,3608.0,1
35,0,1,0,0,0,0,0,1,0,0,0,0,0,0,0,0,0,0,0,1,0,0,0,0,0,10000,13000.0,30,3000.0,23.07692307692308,1.0,100000000.0,130000000.0,30.0,3669.0,1
50,0,1,0,0,0,0,0,0,0,0,0,0,0,0,0,0,0,0,0,0,1,0,0,0,0,100000000,130000000.0,30,30000000.0,23.07692307692308,1.5,100000000.0,130000000.0,30.0,3610.5,1
33,1,0,0,0,0,0,0,1,0,0,0,0,0,0,0,0,0,0,0,0,0,0,1,0,0,400000000,440000000.0,30,40000000.0,9.090909090909092,6.0,210000000.0,244181818.1818182,30.0,3610.181818181818,1
33,0,1,0,0,0,0,0,1,0,0,0,0,0,0,0,0,0,0,0,0,1,0,0,0,0,10000,13000.0,30,3000.0,23.07692307692308,1.0,100000000.0,115000000.0,15.0,3670.0,1
37,1,0,1,0,0,0,0,0,0,0,0,0,0,0,0,0,0,0,0,0,1,0,0,0,0,40000,44000.0,30,4000.0,9.090909090909092,6.5,200000000.0,228645833.3333333,23.75,3613.5833333333335,1
29,1,0,0,0,0,0,0,1,0,0,0,0,0,0,0,0,0,0,0,0,0,0,0,1,0,10000,13000.0,30,3000.0,23.07692307692308,4.0,100000000.0,127857142.85714284,27.857142857142858,3609.714285714286,1
42,0,1,0,0,0,0,0,1,0,0,0,0,0,0,0,0,0,0,0,1,0,0,0,0,0,100000000,115000000.0,15,15000000.0,13.043478260869565,1.0,100000000.0,115000000.0,15.0,3668.0,0
40,0,1,0,0,0,0,0,1,0,0,0,0,0,0,0,0,0,0,0,1,0,0,0,0,0,100000000,130000000.0,30,30000000.0,23.07692307692308,1.0,100000000.0,130000000.0,30.0,3668.0,1
32,0,1,0,0,0,0,0,1,0,0,0,0,0,0,0,0,0,0,0,0,1,0,0,0,0,100000000,130000000.0,30,30000000.0,23.07692307692308,1.0,100000000.0,130000000.0,30.0,3669.0,1
36,1,0,0,0,0,0,1,0,0,0,0,0,0,0,0,0,0,0,0,0,1,0,0,0,0,100000000,130000000.0,30,30000000.0,23.07692307692308,1.5,100000000.0,130000000.0,30.0,3609.5,1
40,1,0,0,0,0,0,0,0,0,0,0,0,0,0,0,0,0,0,0,0,1,0,0,0,0,10000,13000.0,30,3000.0,23.07692307692308,2.5,95000000.0,120500000.0,26.25,3609.5,1
39,0,1,0,0,0,0,1,0,0,0,0,0,0,0,0,0,0,0,0,0,1,0,0,0,0,500000000,550000000.0,60,50000000.0,9.090909090909092,6.0,290909090.90909094,329909090.90909094,28.63636363636364,3614.5454545454554,3
45,1,0,0,0,0,0,1,0,0,0,0,0,0,0,0,0,0,0,0,0,0,0,1,0,0,100000000,130000000.0,30,30000000.0,23.07692307692308,3.0,140000000.0,173200000.0,30.0,3609.2,1
27,0,1,0,0,0,0,0,0,0,0,0,0,0,0,0,0,0,0,0,0,1,0,0,0,0,200000000,245000000.0,30,45000000.0,18.367346938775512,2.0,100000000.0,125000000.0,25.0,3610.0,1
31,0,1,0,0,1,0,0,0,0,0,0,0,0,0,0,0,0,0,0,1,0,0,0,0,0,100000000,130000000.0,30,30000000.0,23.07692307692308,1.0,100000000.0,130000000.0,30.0,3607.0,1
40,0,1,0,0,0,0,0,0,0,0,0,0,0,0,0,0,0,0,1,0,1,0,0,0,0,200000000,245000000.0,30,45000000.0,18.367346938775512,2.0,100000000.0,130000000.0,30.0,3607.3333333333335,1
47,0,1,0,0,0,0,1,0,0,0,0,0,0,0,0,0,0,0,0,1,0,0,0,0,0,10000,11500.0,15,1500.0,13.043478260869565,2.5,125000000.0,141875000.0,15.0,3608.5,0
29,0,1,0,0,0,0,1,0,0,0,0,0,0,0,0,0,0,0,0,0,1,0,0,0,0,10000,11500.0,15,1500.0,13.043478260869565,1.0,100000000.0,115000000.0,15.0,3669.0,0
43,0,1,0,0,0,0,0,1,0,0,0,0,0,0,0,0,0,0,0,1,0,0,0,0,0,200000000,222500000.0,15,22500000.0,10.112359550561797,2.5,112500000.0,127968750.0,15.0,3856.0,0
42,0,1,0,0,0,0,1,0,0,0,0,0,0,0,0,0,0,0,0,0,1,0,0,0,0,100000000,115000000.0,15,15000000.0,13.043478260869565,2.0,100000000.0,115000000.0,15.0,3669.0,0
35,0,1,0,0,0,0,0,1,0,0,0,0,0,0,0,0,0,0,0,0,1,0,0,0,0,100000000,115000000.0,15,15000000.0,13.043478260869565,1.0,100000000.0,115000000.0,15.0,3667.0,0
33,0,1,0,0,0,0,0,1,0,0,0,0,0,0,0,0,0,0,0,0,1,0,0,0,0,100000000,130000000.0,30,30000000.0,23.07692307692308,1.0,100000000.0,130000000.0,30.0,3613.0,1
45,0,1,0,0,0,0,0,0,0,0,0,0,0,0,0,0,0,0,0,1,0,0,0,0,0,30000,39000.0,60,9000.0,23.07692307692308,7.0,188461538.4615385,210634615.3846154,17.307692307692307,3606.923076923077,3
37,1,0,1,0,0,0,0,0,0,0,0,0,0,0,0,0,0,0,0,0,0,0,1,0,0,500000000,525000000.0,30,25000000.0,4.761904761904762,6.5,291666666.6666667,338416666.6666667,36.25,3609.6666666666665,1
41,1,0,0,0,0,0,0,0,0,0,0,0,0,0,1,0,0,0,0,0,0,0,1,0,0,400000000,440000000.0,30,40000000.0,9.090909090909092,7.0,269230769.2307692,312153846.15384614,32.30769230769231,3614.076923076923,1
45,0,1,0,0,0,0,0,0,0,0,0,0,0,0,0,0,0,0,0,1,0,0,0,0,0,10000,11500.0,15,1500.0,13.043478260869565,1.0,100000000.0,115000000.0,15.0,3613.0,0
41,0,1,0,0,0,0,0,1,0,0,0,0,0,0,0,0,0,0,0,0,1,0,0,0,0,300000000,345000000.0,30,45000000.0,13.043478260869565,4.0,171428571.42857143,208000000.0,27.857142857142858,3617.142857142857,1
44,0,1,0,0,0,0,0,1,0,0,0,0,0,0,0,0,0,0,0,0,1,0,0,0,0,10000,13000.0,30,3000.0,23.07692307692308,1.0,100000000.0,115000000.0,15.0,3673.0,1
33,1,0,0,0,0,0,0,1,0,0,0,0,0,0,0,0,0,0,0,0,1,0,0,0,0,400000000,440000000.0,30,40000000.0,9.090909090909092,6.5,216666666.66666663,250802083.3333333,28.75,3609.1666666666665,1
38,0,1,0,0,0,1,0,0,0,0,0,0,0,0,0,0,0,0,0,0,1,0,0,0,0,200000000,245000000.0,30,45000000.0,18.367346938775512,2.5,100000000.0,128125000.0,30.0,3607.5,1
48,1,0,0,1,0,0,0,0,0,0,0,0,0,0,0,0,0,0,0,0,1,0,0,0,0,100000000,115000000.0,15,15000000.0,13.043478260869565,3.0,100000000.0,115000000.0,15.0,3607.4,0
37,0,1,0,0,0,0,0,1,0,0,0,0,0,0,0,0,0,0,0,0,1,0,0,0,0,100000000,130000000.0,30,30000000.0,23.07692307692308,1.0,100000000.0,130000000.0,30.0,3607.0,1
39,0,1,0,0,0,0,0,1,0,0,0,0,0,0,0,0,0,0,0,1,0,0,0,0,0,10000,11500.0,15,1500.0,13.043478260869565,1.0,100000000.0,115000000.0,15.0,3669.0,0
29,0,1,1,0,0,0,0,0,0,0,0,0,0,0,0,0,0,0,0,0,0,0,1,0,0,40000,44000.0,30,4000.0,9.090909090909092,5.5,200000000.0,232225000.0,27.0,3827.1,1
39,0,1,0,0,0,0,0,1,0,0,0,0,0,0,0,0,0,0,0,0,1,0,0,0,0,100000000,130000000.0,30,30000000.0,23.07692307692308,1.0,100000000.0,130000000.0,30.0,3673.0,1
39,1,0,0,0,0,0,0,0,0,0,1,0,0,0,0,0,0,0,0,0,0,0,1,0,0,400000000,480000000.0,60,80000000.0,16.666666666666664,4.5,193750000.0,232500000.0,33.75,3617.25,3
29,0,1,0,0,0,0,0,0,0,0,0,0,0,0,0,0,0,0,1,0,1,0,0,0,0,10000,11500.0,15,1500.0,13.043478260869565,1.0,100000000.0,115000000.0,15.0,3669.0,0
36,0,1,0,0,0,0,1,0,0,0,0,0,0,0,0,0,0,0,0,0,1,0,0,0,0,100000000,130000000.0,30,30000000.0,23.07692307692308,1.5,100000000.0,122500000.0,22.5,3637.0,1
29,0,1,0,0,0,0,0,1,0,0,0,0,0,0,0,0,0,0,0,0,1,0,0,0,0,30000,34500.0,30,4500.0,13.043478260869565,5.0,177777777.7777778,212555555.55555555,30.0,3615.8888888888887,1
44,0,1,0,0,0,0,0,1,0,0,0,0,0,0,0,0,0,0,0,0,1,0,0,0,0,100000000,115000000.0,15,15000000.0,13.043478260869565,1.0,100000000.0,115000000.0,15.0,3622.0,0
30,1,0,1,0,0,0,0,0,0,0,0,0,0,0,0,0,0,0,0,0,1,0,0,0,0,100000000,111250000.0,15,11250000.0,10.112359550561797,2.5,100000000.0,130000000.0,30.0,3611.0,0
37,0,1,0,0,0,0,0,1,0,0,0,0,0,0,0,0,0,0,0,0,1,0,0,0,0,100000000,130000000.0,30,30000000.0,23.07692307692308,1.0,100000000.0,130000000.0,30.0,3630.0,1
42,0,1,0,0,0,0,0,0,0,0,0,0,0,0,1,0,0,0,0,0,1,0,0,0,0,100000000,130000000.0,30,30000000.0,23.07692307692308,1.0,100000000.0,115000000.0,15.0,3668.0,1
34,0,1,0,0,0,0,0,0,0,0,0,0,0,0,0,0,0,0,0,1,0,0,0,0,0,100000000,115000000.0,15,15000000.0,13.043478260869565,1.0,100000000.0,115000000.0,15.0,4379.0,0
41,0,1,0,0,0,0,0,0,0,0,0,0,0,0,0,0,0,0,1,0,1,0,0,0,0,20000,24500.0,30,4500.0,18.367346938775512,3.0,140000000.0,170000000.0,24.0,3608.2,1
56,0,0,0,0,0,0,0,1,0,0,0,0,0,0,0,0,0,0,0,0,0,0,1,0,0,300000000,345000000.0,30,45000000.0,13.043478260869565,4.0,142857142.85714287,178285714.2857143,30.0,3608.285714285714,1
32,0,1,0,0,0,0,0,1,0,0,0,0,0,0,0,0,0,0,0,0,1,0,0,0,0,100000000,130000000.0,30,30000000.0,23.07692307692308,1.0,100000000.0,130000000.0,30.0,3668.0,1
36,0,1,1,0,0,0,0,0,0,0,0,0,0,0,0,0,0,0,0,0,1,0,0,0,0,100000000,115000000.0,15,15000000.0,13.043478260869565,1.5,100000000.0,130000000.0,30.0,3636.5,0
34,1,0,0,0,0,0,0,1,0,0,0,0,0,0,0,0,0,0,0,0,1,0,0,0,0,100000000,130000000.0,30,30000000.0,23.07692307692308,1.0,100000000.0,115000000.0,15.0,3667.0,1
35,0,1,0,0,0,0,0,1,0,0,0,0,0,0,0,0,0,0,0,0,1,0,0,0,0,100000000,115000000.0,15,15000000.0,13.043478260869565,1.0,100000000.0,115000000.0,15.0,3611.0,0
34,0,1,0,0,0,0,0,1,0,0,0,0,0,0,0,0,0,0,0,0,1,0,0,0,0,10000,11500.0,15,1500.0,13.043478260869565,1.0,100000000.0,115000000.0,15.0,3667.0,0
29,0,1,0,0,0,0,0,1,0,0,0,0,0,0,0,0,0,0,0,0,1,0,0,0,0,200000000,245000000.0,30,45000000.0,18.367346938775512,3.0,120000000.0,135750000.0,15.0,3609.8,1
35,0,1,0,0,0,0,0,0,0,0,0,0,0,0,1,0,0,0,0,0,1,0,0,0,0,20000,24500.0,30,4500.0,18.367346938775512,3.0,140000000.0,158000000.0,15.0,3845.4,1
45,0,1,1,0,0,0,0,0,0,0,0,0,0,0,0,0,0,0,0,0,1,0,0,0,0,100000000,130000000.0,30,30000000.0,23.07692307692308,1.5,100000000.0,130000000.0,30.0,3611.5,1
29,0,1,0,0,0,0,0,1,0,0,0,0,0,0,0,0,0,0,0,0,0,0,1,0,0,10000,13000.0,30,3000.0,23.07692307692308,1.0,100000000.0,130000000.0,30.0,3610.0,1
41,0,1,0,0,0,0,0,1,0,0,0,0,0,0,0,0,0,0,0,0,1,0,0,0,0,100000000,115000000.0,15,15000000.0,13.043478260869565,1.0,100000000.0,115000000.0,15.0,3668.0,0
43,0,1,0,0,1,0,0,0,0,0,0,0,0,0,0,0,0,0,0,0,1,0,0,0,0,300000000,345000000.0,30,45000000.0,13.043478260869565,4.5,162500000.0,183625000.0,16.875,3610.5,1
43,1,0,0,0,0,0,0,0,0,0,0,0,0,0,1,0,0,0,0,0,1,0,0,0,0,350000000,385000000.0,30,35000000.0,9.090909090909092,7.5,242857142.85714287,275642857.14285713,26.785714285714285,3687.642857142857,1
41,0,1,0,0,0,0,0,0,0,0,0,1,0,0,0,0,0,0,0,1,0,0,0,0,0,200000000,245000000.0,30,45000000.0,18.367346938775512,3.0,140000000.0,167000000.0,21.0,3832.2,1
28,0,1,0,0,0,0,0,1,0,0,0,0,0,0,0,0,0,0,0,0,1,0,0,0,0,100000000,130000000.0,30,30000000.0,23.07692307692308,2.5,100000000.0,130000000.0,30.0,3622.25,1
37,0,1,0,0,0,0,0,0,0,0,0,0,0,0,0,0,0,0,0,0,1,0,0,0,0,100000000,130000000.0,30,30000000.0,23.07692307692308,1.5,100000000.0,122500000.0,22.5,3639.0,1
39,0,1,0,0,0,0,1,0,0,0,0,0,0,0,0,0,0,0,0,0,1,0,0,0,0,100000000,130000000.0,30,30000000.0,23.07692307692308,1.0,100000000.0,130000000.0,30.0,3668.0,1
34,0,1,0,0,0,0,1,0,0,0,0,0,0,0,0,0,0,0,0,1,0,0,0,0,0,200000000,222500000.0,15,22500000.0,10.112359550561797,2.0,100000000.0,115000000.0,15.0,3628.0,0
33,0,1,0,0,0,0,0,1,0,0,0,0,0,0,0,0,0,0,0,0,1,0,0,0,0,10000,13000.0,30,3000.0,23.07692307692308,1.0,100000000.0,115000000.0,15.0,3621.0,1
37,0,1,0,0,0,0,1,0,0,0,0,0,0,0,0,0,0,0,0,0,1,0,0,0,0,100000000,115000000.0,15,15000000.0,13.043478260869565,1.0,100000000.0,115000000.0,15.0,3675.0,0
42,0,1,0,0,0,0,0,1,0,0,0,0,0,0,0,0,0,0,0,0,1,0,0,0,0,10000,13000.0,30,3000.0,23.07692307692308,1.5,100000000.0,130000000.0,30.0,3637.5,1
58,0,1,0,0,0,0,0,0,0,0,0,0,0,0,0,0,0,0,1,0,1,0,0,0,0,100000000,122500000.0,30,22500000.0,18.367346938775512,2.5,100000000.0,128125000.0,30.0,3621.75,1
41,0,1,0,0,0,0,0,1,0,0,0,0,0,0,0,0,0,0,0,0,1,0,0,0,0,100000000,115000000.0,15,15000000.0,13.043478260869565,1.0,100000000.0,115000000.0,15.0,3669.0,0
39,0,1,0,0,0,0,1,0,0,0,0,0,0,0,0,0,0,0,0,0,0,0,1,0,0,100000000,130000000.0,30,30000000.0,23.07692307692308,1.0,100000000.0,130000000.0,30.0,3610.0,1
35,0,1,0,0,0,0,0,0,0,0,0,0,0,0,1,0,0,0,0,1,0,0,0,0,0,10000,13000.0,30,3000.0,23.07692307692308,1.0,100000000.0,130000000.0,30.0,3612.0,1
43,0,1,0,0,0,0,0,1,0,0,0,0,0,0,0,0,0,0,0,0,1,0,0,0,0,100000000,115000000.0,15,15000000.0,13.043478260869565,1.0,100000000.0,130000000.0,30.0,3608.0,0
38,1,0,0,0,0,0,0,1,0,0,0,0,0,0,0,0,0,0,0,0,1,0,0,0,0,100000000,115000000.0,15,15000000.0,13.043478260869565,2.5,87500000.0,100625000.0,15.0,3613.25,0
40,0,1,0,0,0,0,0,0,0,0,0,1,0,0,0,0,0,0,0,0,1,0,0,0,0,200000000,245000000.0,30,45000000.0,18.367346938775512,2.0,100000000.0,125000000.0,25.0,3608.0,1
45,0,1,1,0,0,0,0,0,0,0,0,0,0,0,0,0,0,0,0,0,1,0,0,0,0,200000000,245000000.0,30,45000000.0,18.367346938775512,3.0,140000000.0,176000000.0,30.0,3620.2,1
33,1,0,0,0,0,0,0,0,0,0,0,0,0,0,0,0,0,0,0,0,1,0,0,0,0,100000000,130000000.0,30,30000000.0,23.07692307692308,3.0,100000000.0,130000000.0,30.0,3608.4,1
29,1,0,0,0,0,0,0,0,0,0,0,0,0,0,0,0,0,0,1,0,1,0,0,0,0,100000000,115000000.0,15,15000000.0,13.043478260869565,2.5,100000000.0,122500000.0,22.5,3622.75,0
39,1,0,0,0,0,0,0,0,0,0,0,1,0,0,0,0,0,0,0,0,1,0,0,0,0,300000000,345000000.0,30,45000000.0,13.043478260869565,4.5,162500000.0,197375000.0,30.0,3609.375,1
50,1,0,0,0,0,0,0,0,0,0,0,0,0,0,0,0,0,0,0,0,1,0,0,0,0,400000000,440000000.0,30,40000000.0,9.090909090909092,5.5,220000000.0,247999900.0,22.5,3614.7,1
42,1,0,0,0,0,0,1,0,0,0,0,0,0,0,0,0,0,0,0,0,1,0,0,0,0,400000000,440000000.0,30,40000000.0,9.090909090909092,6.0,218181818.1818182,258363636.3636364,30.0,3610.0,1
35,1,0,0,0,1,0,0,0,0,0,0,0,0,0,0,0,0,0,0,0,0,0,1,0,0,10000,13000.0,30,3000.0,23.07692307692308,2.0,100000000.0,125000000.0,25.0,3628.3333333333335,1
31,1,0,0,0,0,0,1,0,0,0,0,0,0,0,0,0,0,0,0,0,1,0,0,0,0,40000,48000.0,60,8000.0,16.666666666666664,5.0,188888888.8888889,220944444.44444445,26.666666666666668,3615.555555555556,3
42,0,1,1,0,0,0,0,0,0,0,0,0,0,0,0,0,0,0,0,0,1,0,0,0,0,100000000,130000000.0,30,30000000.0,23.07692307692308,1.0,100000000.0,130000000.0,30.0,3608.0,1
42,0,1,0,0,0,0,0,1,0,0,0,0,0,0,0,0,0,0,0,0,1,0,0,0,0,25000,28750.0,30,3750.0,13.043478260869565,3.5,150000000.0,183833333.3333333,27.5,3608.6666666666665,1
26,0,1,0,0,0,0,0,0,0,0,0,0,0,0,1,0,0,0,0,0,0,0,0,1,0,300000000,330000000.0,30,30000000.0,9.090909090909092,5.0,183333333.3333333,215500000.0,28.33333333333333,3615.555555555556,1
47,0,1,0,0,1,0,0,0,0,0,0,0,0,0,0,0,0,0,0,1,0,0,0,0,0,200000000,245000000.0,30,45000000.0,18.367346938775512,2.0,100000000.0,130000000.0,30.0,3608.0,1
40,0,0,0,0,0,0,0,0,0,0,0,0,0,0,1,0,0,0,0,0,1,0,0,0,0,100000000,130000000.0,30,30000000.0,23.07692307692308,2.5,125000000.0,158750000.0,30.0,3609.25,1
33,1,0,0,0,0,0,1,0,0,0,0,0,0,0,0,0,0,0,0,0,0,0,1,0,0,300000000,360000000.0,60,60000000.0,16.666666666666664,3.5,183333333.3333333,228166666.66666663,37.5,3618.3333333333335,3
38,0,1,0,0,0,0,0,0,0,0,0,0,0,0,0,0,0,0,1,0,1,0,0,0,0,10000,13000.0,30,3000.0,23.07692307692308,2.5,100000000.0,130000000.0,30.0,3609.0,1
38,0,1,0,0,0,0,0,0,0,0,0,0,0,0,0,0,0,0,1,0,1,0,0,0,0,100000000,130000000.0,30,30000000.0,23.07692307692308,1.5,100000000.0,130000000.0,30.0,3638.0,1
41,0,1,0,0,0,0,1,0,0,0,0,0,0,0,0,0,0,0,0,0,1,0,0,0,0,20000,24500.0,30,4500.0,18.367346938775512,2.0,100000000.0,120000000.0,20.0,3628.3333333333335,1
32,0,1,0,0,0,0,0,0,0,0,1,0,0,0,0,0,0,0,0,0,1,0,0,0,0,30000,34500.0,30,4500.0,13.043478260869565,5.0,155555555.55555555,172888888.8888889,16.666666666666668,3608.222222222222,1
35,1,0,0,0,0,0,0,0,0,0,0,0,0,0,0,0,0,0,0,0,1,0,0,0,0,200000000,245000000.0,30,45000000.0,18.367346938775512,5.0,133333333.33333331,163388888.8888889,26.666666666666668,3611.555555555556,1
31,1,0,0,0,0,0,0,1,0,0,0,0,0,0,0,0,0,0,0,0,1,0,0,0,0,10000,13000.0,30,3000.0,23.07692307692308,1.0,100000000.0,130000000.0,30.0,3669.0,1
46,1,0,0,0,0,0,0,1,0,0,0,0,0,0,0,0,0,0,0,0,1,0,0,0,0,100000000,130000000.0,30,30000000.0,23.07692307692308,1.0,100000000.0,130000000.0,30.0,3611.0,1
40,0,1,0,0,0,0,0,1,0,0,0,0,0,0,0,0,0,0,0,0,1,0,0,0,0,100000000,130000000.0,30,30000000.0,23.07692307692308,1.5,100000000.0,130000000.0,30.0,3607.0,1
46,0,1,0,0,0,0,0,0,0,0,0,0,0,0,0,0,0,0,1,0,1,0,0,0,0,15000,18375.0,30,3375.0,18.367346938775512,2.0,100000000.0,130000000.0,30.0,3610.3333333333335,1
41,0,1,0,0,0,0,1,0,0,0,0,0,0,0,0,0,0,0,0,0,1,0,0,0,0,100000000,107500000.0,15,7500000.0,6.976744186046512,2.0,133333333.33333331,163333333.33333334,25.0,3636.3333333333335,0
35,0,1,1,0,0,0,0,0,0,0,0,0,0,0,0,0,0,0,0,0,1,0,0,0,0,40000,44000.0,30,4000.0,9.090909090909092,5.5,225000000.0,259000000.0,27.0,3620.7,1
34,0,1,0,0,0,0,1,0,0,0,0,0,0,0,0,0,0,0,0,1,0,0,0,0,0,100000000,130000000.0,30,30000000.0,23.07692307692308,1.0,100000000.0,115000000.0,15.0,3610.0,1
38,0,1,0,0,0,0,0,0,0,0,0,0,0,0,0,0,0,0,1,0,1,0,0,0,0,200000000,245000000.0,30,45000000.0,18.367346938775512,3.0,140000000.0,167000000.0,21.0,3631.2,1
35,0,1,0,0,0,0,0,0,0,0,0,0,0,0,0,0,0,0,0,0,1,0,0,0,0,10000,13000.0,30,3000.0,23.07692307692308,1.5,100000000.0,130000000.0,30.0,3637.0,1
47,0,1,0,0,0,0,0,1,0,0,0,0,0,0,0,0,0,0,0,0,1,0,0,0,0,200000000,245000000.0,30,45000000.0,18.367346938775512,2.0,100000000.0,130000000.0,30.0,3611.0,1
56,0,1,0,0,0,0,0,0,0,0,0,0,0,0,0,0,0,0,0,1,0,0,0,0,0,100000000,115000000.0,15,15000000.0,13.043478260869565,1.0,100000000.0,115000000.0,15.0,3668.0,0
40,0,1,0,0,0,0,0,1,0,0,0,0,0,0,0,0,0,0,0,0,1,0,0,0,0,20000,24500.0,30,4500.0,18.367346938775512,2.0,133333333.33333331,168333333.33333334,30.0,3610.3333333333335,1
39,0,1,0,0,0,0,0,1,0,0,0,0,0,0,0,0,0,0,0,0,1,0,0,0,0,20000,24500.0,30,4500.0,18.367346938775512,3.0,130000000.0,154375000.0,21.0,3621.0,1
32,0,1,0,0,0,0,1,0,0,0,0,0,0,0,0,0,0,0,0,0,1,0,0,0,0,10000,11500.0,15,1500.0,13.043478260869565,1.5,100000000.0,115000000.0,15.0,3637.5,0
31,0,1,0,0,0,0,0,0,0,0,0,0,0,0,0,0,0,0,1,1,0,0,0,0,0,200000000,245000000.0,30,45000000.0,18.367346938775512,2.0,100000000.0,113333333.33333331,15.0,3608.3333333333335,1
32,0,1,0,0,0,1,0,0,0,0,0,0,0,0,0,0,0,0,0,0,1,0,0,0,0,100000000,130000000.0,30,30000000.0,23.07692307692308,1.5,100000000.0,130000000.0,30.0,3607.0,1
54,0,1,0,0,0,0,0,0,0,0,0,1,0,0,0,0,0,0,0,0,1,0,0,0,0,100000000,130000000.0,30,30000000.0,23.07692307692308,1.0,100000000.0,115000000.0,15.0,3672.0,1
39,0,1,0,0,0,0,0,1,0,0,0,0,0,0,0,0,0,0,0,0,1,0,0,0,0,100000000,115000000.0,15,15000000.0,13.043478260869565,1.5,100000000.0,115000000.0,15.0,3611.5,0
36,0,1,0,0,0,0,0,1,0,0,0,0,0,0,0,0,0,0,0,1,0,0,0,0,0,100000000,115000000.0,15,15000000.0,13.043478260869565,1.5,100000000.0,115000000.0,15.0,3606.5,0
38,1,0,0,0,0,0,0,0,0,0,0,0,0,0,1,0,0,0,0,0,0,0,1,0,0,400000000,440000000.0,30,40000000.0,9.090909090909092,5.5,155000000.0,179975000.0,22.5,3609.3,1
36,1,0,0,0,0,0,0,0,0,0,0,1,0,0,0,0,0,0,0,0,1,0,0,0,0,200000000,245000000.0,30,45000000.0,18.367346938775512,3.5,116666666.66666669,145833333.33333334,27.5,3609.5,1
39,0,1,0,0,0,0,0,1,0,0,0,0,0,0,0,0,0,0,0,1,0,0,0,0,0,100000000,115000000.0,15,15000000.0,13.043478260869565,1.0,100000000.0,115000000.0,15.0,3669.0,0
32,0,1,0,0,0,0,0,1,0,0,0,0,0,0,0,0,0,0,0,0,1,0,0,0,0,10000,13000.0,30,3000.0,23.07692307692308,1.0,100000000.0,130000000.0,30.0,3614.0,1
36,0,1,0,0,0,0,0,1,0,0,0,0,0,0,0,0,0,0,0,0,1,0,0,0,0,10000,13000.0,30,3000.0,23.07692307692308,2.0,100000000.0,125000000.0,25.0,3615.3333333333335,1
46,0,1,0,0,0,0,0,0,0,0,0,0,0,0,1,0,0,0,0,0,1,0,0,0,0,40000,48000.0,60,8000.0,16.666666666666664,6.5,225000000.0,271833333.3333333,38.75,3615.25,3
43,0,1,0,0,0,0,0,0,0,0,0,0,0,0,1,0,0,0,0,0,1,0,0,0,0,100000000,115000000.0,15,15000000.0,13.043478260869565,2.5,100000000.0,118750000.0,18.75,3621.5,0
38,0,1,0,0,0,0,1,0,0,0,0,0,0,0,0,0,0,0,0,0,1,0,0,0,0,100000000,115000000.0,15,15000000.0,13.043478260869565,1.0,100000000.0,115000000.0,15.0,3669.0,0
38,0,1,0,0,0,0,0,0,0,0,0,0,0,0,1,0,0,0,0,0,1,0,0,0,0,100000000,115000000.0,15,15000000.0,13.043478260869565,1.0,100000000.0,115000000.0,15.0,3613.0,0
40,0,1,0,0,0,0,1,0,0,0,0,0,0,0,0,0,0,0,0,0,0,0,1,0,0,40000,44000.0,30,4000.0,9.090909090909092,7.0,284615384.61538464,317538461.5384616,23.07692307692308,3608.769230769231,1
33,1,0,0,0,0,0,0,0,0,0,0,0,0,0,0,0,0,0,0,0,0,0,1,0,0,20000,24500.0,30,4500.0,18.367346938775512,4.0,100000000.0,127857142.85714284,27.857142857142858,3617.714285714286,1
35,0,1,0,0,0,0,1,0,0,0,0,0,0,0,0,0,0,0,0,0,1,0,0,0,0,100000000,130000000.0,30,30000000.0,23.07692307692308,1.0,100000000.0,130000000.0,30.0,3616.0,1
43,0,1,0,0,0,0,0,1,0,0,0,0,0,0,0,0,0,0,0,1,0,0,0,0,0,10000,11500.0,15,1500.0,13.043478260869565,1.5,100000000.0,130000000.0,30.0,3606.5,0
40,0,1,0,0,0,0,0,0,0,0,0,1,0,0,0,0,0,0,0,1,0,0,0,0,0,100000000,130000000.0,30,30000000.0,23.07692307692308,1.0,100000000.0,130000000.0,30.0,3669.0,1
31,0,1,1,0,0,0,0,0,0,0,0,0,0,0,0,0,0,0,0,0,1,0,0,0,0,100000000,130000000.0,30,30000000.0,23.07692307692308,1.0,100000000.0,130000000.0,30.0,3670.0,1
34,0,1,1,0,0,0,0,0,0,0,0,0,0,0,0,0,0,0,0,0,1,0,0,0,0,10000,13000.0,30,3000.0,23.07692307692308,1.0,100000000.0,130000000.0,30.0,3668.0,1
31,1,0,0,0,0,0,0,1,0,0,0,0,0,0,0,0,0,0,0,0,0,0,1,0,0,200000000,220000000.0,30,20000000.0,9.090909090909092,4.0,214285714.2857143,261000000.0,42.85714285714285,3611.714285714286,1
38,0,1,0,0,0,0,0,1,0,0,0,0,0,0,0,0,0,0,0,0,1,0,0,0,0,100000000,130000000.0,30,30000000.0,23.07692307692308,1.5,100000000.0,130000000.0,30.0,3607.0,1
46,1,0,0,0,0,0,0,0,0,0,0,0,0,0,0,0,0,0,1,0,1,0,0,0,0,100000000,115000000.0,15,15000000.0,13.043478260869565,5.0,100000000.0,120000000.0,20.0,3617.0,0
39,0,1,0,0,0,0,0,0,0,0,0,0,0,0,0,0,0,0,0,1,0,0,0,0,0,100000000,130000000.0,30,30000000.0,23.07692307692308,1.0,100000000.0,130000000.0,30.0,3668.0,1
30,0,1,0,0,0,0,0,0,0,0,0,0,0,0,0,0,0,0,0,0,1,0,0,0,0,15000,17250.0,30,2250.0,13.043478260869565,2.0,83333333.33333333,105833333.33333331,30.0,3627.3333333333335,1
47,0,1,0,0,0,0,0,0,0,0,0,0,0,0,1,0,0,0,0,0,1,0,0,0,0,200000000,245000000.0,30,45000000.0,18.367346938775512,2.0,100000000.0,130000000.0,30.0,3607.3333333333335,1
33,0,1,0,0,0,0,0,1,0,0,0,0,0,0,0,0,0,0,0,0,1,0,0,0,0,10000,11500.0,15,1500.0,13.043478260869565,1.5,100000000.0,115000000.0,15.0,3636.0,0
38,0,1,0,0,1,0,0,0,0,0,0,0,0,0,0,0,0,0,0,0,0,0,1,0,0,100000000,130000000.0,30,30000000.0,23.07692307692308,1.0,100000000.0,130000000.0,30.0,3609.0,1
30,0,1,0,0,0,0,1,0,0,0,0,0,0,0,0,0,0,0,0,0,1,0,0,0,0,200000000,245000000.0,30,45000000.0,18.367346938775512,2.0,100000000.0,130000000.0,30.0,3608.3333333333335,1
52,0,1,0,0,0,0,0,1,0,0,0,0,0,0,0,0,0,0,0,0,1,0,0,0,0,100000000,130000000.0,30,30000000.0,23.07692307692308,1.0,100000000.0,130000000.0,30.0,3669.0,1
50,0,1,0,0,0,0,0,0,0,0,1,0,0,0,0,0,0,0,0,0,1,0,0,0,0,10000,13000.0,30,3000.0,23.07692307692308,1.0,100000000.0,130000000.0,30.0,3669.0,1
40,0,1,0,0,0,0,0,1,0,0,0,0,0,0,0,0,0,0,0,0,1,0,0,0,0,400000000,440000000.0,30,40000000.0,9.090909090909092,4.0,214285714.2857143,249285714.2857143,27.857142857142858,3610.285714285714,1
39,0,1,0,0,0,0,0,0,0,0,0,0,0,0,1,0,0,0,0,0,1,0,0,0,0,20000,24500.0,30,4500.0,18.367346938775512,2.5,100000000.0,128125000.0,30.0,3607.5,1
38,1,0,0,0,0,0,0,1,0,0,0,0,0,0,0,0,0,0,0,0,1,0,0,0,0,200000000,245000000.0,30,45000000.0,18.367346938775512,3.5,125000000.0,148125000.0,20.0,3608.1666666666665,1
36,0,1,0,0,0,0,0,1,0,0,0,0,0,0,0,0,0,0,0,0,1,0,0,0,0,100000000,115000000.0,15,15000000.0,13.043478260869565,1.0,100000000.0,130000000.0,30.0,3668.0,0
37,1,0,0,0,0,0,0,1,0,0,0,0,0,0,0,0,0,0,0,0,1,0,0,0,0,400000000,480000000.0,60,80000000.0,16.666666666666664,4.5,225000000.0,272687500.0,39.375,3617.25,3
39,0,1,0,0,0,0,1,0,0,0,0,0,0,0,0,0,0,0,0,0,1,0,0,0,0,100000000,130000000.0,30,30000000.0,23.07692307692308,1.0,100000000.0,115000000.0,15.0,3608.0,1
35,0,1,0,0,0,0,0,1,0,0,0,0,0,0,0,0,0,0,0,0,1,0,0,0,0,100000000,130000000.0,30,30000000.0,23.07692307692308,1.0,100000000.0,130000000.0,30.0,3668.0,1
36,0,1,0,0,0,0,0,0,0,0,0,0,0,0,0,0,0,0,1,0,1,0,0,0,0,40000,48000.0,60,8000.0,16.666666666666664,5.0,166666666.66666666,208805555.55555555,33.333333333333336,3621.444444444444,3
54,0,1,0,0,0,0,0,1,0,0,0,0,0,0,0,0,0,0,0,0,1,0,0,0,0,400000000,440000000.0,30,40000000.0,9.090909090909092,7.0,253846153.84615383,284461538.46153843,23.07692307692308,3613.538461538461,1
33,0,1,0,0,0,0,0,0,0,0,0,0,0,0,0,0,0,0,0,0,1,0,0,0,0,100000000,115000000.0,15,15000000.0,13.043478260869565,1.0,100000000.0,130000000.0,30.0,3668.0,0
33,0,1,0,0,0,0,0,1,0,0,0,0,0,0,0,0,0,0,0,0,1,0,0,0,0,100000000,115000000.0,15,15000000.0,13.043478260869565,1.0,100000000.0,130000000.0,30.0,3667.0,0
36,1,0,0,0,0,0,0,1,0,0,0,0,0,0,0,0,0,0,0,0,1,0,0,0,0,10000,13000.0,30,3000.0,23.07692307692308,1.5,90000000.0,117000000.0,30.0,3607.0,1
41,0,1,0,0,0,0,0,0,0,0,0,0,0,0,1,0,0,0,0,0,1,0,0,0,0,20000,22250.0,15,2250.0,10.112359550561797,2.5,125000000.0,155000000.0,26.25,3609.5,0
48,0,1,0,0,1,0,0,0,0,0,0,0,0,0,0,0,0,0,0,0,1,0,0,0,0,10000,13000.0,30,3000.0,23.07692307692308,1.0,100000000.0,130000000.0,30.0,3667.0,1
37,0,1,0,0,0,0,0,1,0,0,0,0,0,0,0,0,0,0,0,0,1,0,0,0,0,100000000,130000000.0,30,30000000.0,23.07692307692308,1.0,100000000.0,130000000.0,30.0,3668.0,1
37,1,0,0,0,0,0,1,0,0,0,0,0,0,0,0,0,0,0,0,0,1,0,0,0,0,400000000,480000000.0,60,80000000.0,16.666666666666664,4.0,180000000.0,213285714.2857143,27.857142857142858,3613.285714285714,3
38,0,1,0,0,0,0,0,1,0,0,0,0,0,0,0,0,0,0,0,0,1,0,0,0,0,100000000,130000000.0,30,30000000.0,23.07692307692308,1.0,100000000.0,130000000.0,30.0,3613.0,1
52,0,1,0,0,0,0,0,0,0,0,0,0,0,0,0,0,0,0,1,0,1,0,0,0,0,100000000,130000000.0,30,30000000.0,23.07692307692308,1.5,100000000.0,130000000.0,30.0,3638.0,1
33,1,0,0,0,0,1,0,0,0,0,0,0,0,0,0,0,0,0,0,0,0,0,1,0,0,500000000,575000000.0,90,75000000.0,13.043478260869565,5.5,280000000.0,337400000.0,51.0,3610.4,2
32,0,1,0,0,0,0,0,1,0,0,0,0,0,0,0,0,0,0,0,0,1,0,0,0,0,100000000,130000000.0,30,30000000.0,23.07692307692308,1.0,100000000.0,130000000.0,30.0,3668.0,1
40,0,1,0,0,0,0,0,0,0,0,0,0,0,0,0,0,0,0,1,1,0,0,0,0,0,10000,12500.0,30,2500.0,20.0,1.0,100000000.0,130000000.0,30.0,3670.0,1
27,1,0,0,0,0,0,0,1,0,0,0,0,0,0,0,0,0,0,0,0,0,0,0,1,0,10000,13000.0,30,3000.0,23.07692307692308,4.0,114285714.28571428,143285714.2857143,27.857142857142858,3609.428571428572,1
34,1,0,0,0,0,0,1,0,0,0,0,0,0,0,0,0,0,0,0,0,0,0,1,0,0,200000000,245000000.0,30,45000000.0,18.367346938775512,2.5,125000000.0,158750000.0,30.0,3610.0,1
39,0,1,0,0,0,0,0,0,0,0,0,0,0,0,1,0,0,0,0,0,1,0,0,0,0,100000000,130000000.0,30,30000000.0,23.07692307692308,1.0,100000000.0,130000000.0,30.0,3668.0,1
45,0,1,0,0,0,0,0,1,0,0,0,0,0,0,0,0,0,0,0,0,1,0,0,0,0,100000000,130000000.0,30,30000000.0,23.07692307692308,1.5,100000000.0,122500000.0,22.5,3637.5,1
37,1,0,0,0,0,0,0,1,0,0,0,0,0,0,0,0,0,0,0,0,1,0,0,0,0,200000000,245000000.0,30,45000000.0,18.367346938775512,3.0,140000000.0,170100000.0,27.0,3622.2,1
34,0,1,0,0,0,0,0,1,0,0,0,0,0,0,0,0,0,0,0,0,1,0,0,0,0,20000,22250.0,15,2250.0,10.112359550561797,2.0,100000000.0,125000000.0,25.0,3608.0,0
59,1,0,0,0,0,0,1,0,0,0,0,0,0,0,0,0,0,0,0,0,1,0,0,0,0,30000,34500.0,30,4500.0,13.043478260869565,4.0,171428571.42857143,205857142.85714287,27.857142857142858,3608.571428571429,1
34,0,1,0,0,0,0,0,1,0,0,0,0,0,0,0,0,0,0,0,0,1,0,0,0,0,20000,24500.0,30,4500.0,18.367346938775512,2.5,112500000.0,139687500.0,26.25,3608.0,1
31,0,1,0,0,0,0,0,1,0,0,0,0,0,0,0,0,0,0,0,0,0,0,0,0,0,100000000,111250000.0,15,11250000.0,10.112359550561797,1.5,100000000.0,122500000.0,22.5,3637.0,0
36,0,1,0,0,1,0,0,0,0,0,0,0,0,0,0,0,0,0,0,0,1,0,0,0,0,200000000,245000000.0,30,45000000.0,18.367346938775512,1.5,100000000.0,130000000.0,30.0,3644.5,1
39,0,1,0,0,1,0,0,0,0,0,0,0,0,0,0,0,0,0,0,0,1,0,0,0,0,250000000,287500000.0,30,37500000.0,13.043478260869565,3.0,120000000.0,136500000.0,15.0,3622.4,1
32,0,1,0,0,0,0,0,1,0,0,0,0,0,0,0,0,0,0,0,0,1,0,0,0,0,10000,13000.0,30,3000.0,23.07692307692308,1.5,100000000.0,130000000.0,30.0,3611.0,1
46,0,1,1,0,0,0,0,0,0,0,0,0,0,0,0,0,0,0,0,1,0,0,0,0,0,100000000,130000000.0,30,30000000.0,23.07692307692308,1.0,100000000.0,130000000.0,30.0,3668.0,1
34,1,0,1,0,0,0,0,0,0,0,0,0,0,0,0,0,0,0,0,0,0,0,1,0,0,30000,39000.0,60,9000.0,23.07692307692308,4.5,237500000.0,275500000.0,28.125,3612.75,3
37,0,1,0,0,0,0,0,0,0,0,0,0,0,0,0,0,0,0,0,0,1,0,0,0,0,100000000,130000000.0,30,30000000.0,23.07692307692308,1.0,100000000.0,130000000.0,30.0,3615.0,1
48,1,0,1,0,0,0,0,0,0,0,0,0,0,0,0,0,0,0,0,0,1,0,0,0,0,300000000,390000000.0,60,90000000.0,23.07692307692308,5.0,127777777.77777778,159083333.33333334,28.33333333333333,3610.555555555556,3
29,1,0,0,0,0,0,0,1,0,0,0,0,0,0,0,0,0,0,0,0,1,0,0,0,0,250000000,275000000.0,30,25000000.0,9.090909090909092,7.5,209285714.2857143,245464285.7142857,32.142857142857146,3614.428571428572,1
40,1,0,0,0,0,0,0,1,0,0,0,0,0,0,0,0,0,0,0,0,0,0,1,0,0,40000,44000.0,30,4000.0,9.090909090909092,5.5,250000000.0,292400000.0,33.0,3614.7,1
33,0,1,0,0,0,0,0,1,0,0,0,0,0,0,0,0,0,0,0,0,1,0,0,0,0,10000,11500.0,15,1500.0,13.043478260869565,2.0,100000000.0,115000000.0,15.0,3609.6666666666665,0
42,0,1,0,1,0,0,0,0,0,0,0,0,0,0,0,0,0,0,0,0,1,0,0,0,0,10000,13000.0,30,3000.0,23.07692307692308,2.0,100000000.0,130000000.0,30.0,3610.6666666666665,1
40,1,0,0,0,0,0,0,1,0,0,0,0,0,0,0,0,0,0,0,0,0,0,1,0,0,100000000,130000000.0,30,30000000.0,23.07692307692308,1.0,100000000.0,130000000.0,30.0,3668.0,1
36,0,1,0,0,0,0,0,1,0,0,0,0,0,0,0,0,0,0,0,0,1,0,0,0,0,30000,34500.0,30,4500.0,13.043478260869565,3.0,140000000.0,173000000.0,27.0,3619.2,1
35,1,0,0,0,0,0,1,0,0,0,0,0,0,0,0,0,0,0,0,0,0,0,1,0,0,300000000,390000000.0,60,90000000.0,23.07692307692308,4.0,200000000.0,246285714.2857143,38.57142857142857,3618.857142857143,3
32,0,1,0,0,0,0,0,0,0,0,0,0,0,0,0,0,0,0,0,1,0,0,0,0,0,100000000,130000000.0,30,30000000.0,23.07692307692308,1.0,100000000.0,130000000.0,30.0,3670.0,1
41,0,1,0,0,0,0,0,1,0,0,0,0,0,0,0,0,0,0,0,0,1,0,0,0,0,500000000,525000000.0,30,25000000.0,4.761904761904762,5.25,250000000.0,285875000.0,30.0,3612.25,1
41,0,1,0,0,0,0,1,0,0,0,0,0,0,0,0,0,0,0,0,0,1,0,0,0,0,200000000,245000000.0,30,45000000.0,18.367346938775512,4.0,100000000.0,127857142.85714284,27.857142857142858,3608.285714285714,1
34,0,1,0,0,0,0,1,0,0,0,0,0,0,0,0,0,0,0,0,0,1,0,0,0,0,15000,18375.0,30,3375.0,18.367346938775512,1.5,100000000.0,122500000.0,22.5,3637.0,1
35,0,1,0,0,0,0,1,0,0,0,0,0,0,0,0,0,0,0,0,0,1,0,0,0,0,30000,34500.0,30,4500.0,13.043478260869565,6.5,200000000.0,235104166.66666663,28.75,3610.0,1
26,0,1,0,0,0,0,0,1,0,0,0,0,0,0,0,0,0,0,0,0,1,0,0,0,0,100000000,130000000.0,30,30000000.0,23.07692307692308,1.5,100000000.0,130000000.0,30.0,3637.5,1
47,0,1,0,0,0,0,1,0,0,0,0,0,0,0,0,0,0,0,0,0,0,0,0,1,0,250000000,287500000.0,30,37500000.0,13.043478260869565,4.0,171428571.42857143,208857142.85714287,30.0,3608.428571428572,1
49,0,1,0,0,0,0,1,0,0,0,0,0,0,0,0,0,0,0,0,0,1,0,0,0,0,400000000,480000000.0,60,80000000.0,16.666666666666664,3.5,183333333.3333333,225666666.66666663,35.0,3617.1666666666665,3
35,0,1,0,0,0,0,0,0,0,0,0,0,0,0,1,0,0,0,0,0,1,0,0,0,0,100000000,130000000.0,30,30000000.0,23.07692307692308,1.5,100000000.0,115000000.0,15.0,7292.0,5
38,0,1,0,0,0,0,0,0,0,0,0,0,0,0,1,0,0,0,0,0,1,0,0,0,0,100000000,130000000.0,30,30000000.0,23.07692307692308,4.5,100000000.0,126250000.0,26.25,3618.0,1
27,0,1,0,0,0,0,1,0,0,0,0,0,0,0,0,0,0,0,0,0,1,0,0,0,0,200000000,245000000.0,30,45000000.0,18.367346938775512,2.5,125000000.0,147500000.0,18.75,3622.0,1
39,0,1,0,0,0,0,0,1,0,0,0,0,0,0,0,0,0,0,0,0,1,0,0,0,0,10000,13000.0,30,3000.0,23.07692307692308,3.5,108333333.33333331,133916666.66666669,25.0,3630.0,1
43,0,1,0,0,0,0,0,0,0,0,1,0,0,0,0,0,0,0,0,0,1,0,0,0,0,100000000,130000000.0,30,30000000.0,23.07692307692308,1.0,100000000.0,130000000.0,30.0,3668.0,1
38,1,0,0,0,0,0,0,1,0,0,0,0,0,0,0,0,0,0,0,0,1,0,0,0,0,200000000,222500000.0,15,22500000.0,10.112359550561797,2.5,112500000.0,143437500.0,30.0,3608.0,0
33,0,1,0,0,0,0,0,0,0,0,0,0,0,0,0,0,0,0,0,0,1,0,0,0,0,30000,34500.0,30,4500.0,13.043478260869565,5.0,200000000.0,232111111.1111111,25.0,3614.555555555556,1
37,1,0,0,0,0,0,0,0,0,0,1,0,0,0,0,0,0,0,0,0,0,0,1,0,0,200000000,245000000.0,30,45000000.0,18.367346938775512,2.0,100000000.0,120000000.0,20.0,3636.0,1
38,0,1,0,0,0,0,0,1,0,0,0,0,0,0,0,0,0,0,0,0,1,0,0,0,0,250000000,287500000.0,30,37500000.0,13.043478260869565,7.0,207692307.69230768,234923076.92307693,20.76923076923077,3611.692307692308,1
35,0,1,0,0,0,0,0,1,0,0,0,0,0,0,0,0,0,0,0,1,0,0,0,0,0,100000000,115000000.0,15,15000000.0,13.043478260869565,1.5,100000000.0,115000000.0,15.0,3608.0,0
37,1,0,0,0,0,0,0,1,0,0,0,0,0,0,0,0,0,0,0,0,0,0,1,0,0,500000000,550000000.0,60,50000000.0,9.090909090909092,8.5,318750000.0,363562500.0,34.6875,3609.875,3
45,1,0,0,0,0,0,1,0,0,0,0,0,0,0,0,0,0,0,0,0,1,0,0,0,0,40000,44000.0,30,4000.0,9.090909090909092,6.5,233333333.3333333,266500000.0,26.25,3612.5833333333335,1
35,0,1,1,0,0,0,0,0,0,0,0,0,0,0,0,0,0,0,0,0,1,0,0,0,0,10000,13000.0,30,3000.0,23.07692307692308,1.5,100000000.0,130000000.0,30.0,3637.5,1
37,1,0,1,0,0,0,0,0,0,0,0,0,0,0,0,0,0,0,0,0,1,0,0,0,0,300000000,390000000.0,60,90000000.0,23.07692307692308,4.5,137500000.0,157187500.0,16.875,3616.5,3
43,0,1,0,0,0,0,0,1,0,0,0,0,0,0,0,0,0,0,0,0,1,0,0,0,0,100000000,115000000.0,15,15000000.0,13.043478260869565,1.0,100000000.0,115000000.0,15.0,3616.0,0
37,0,1,0,1,0,0,0,0,0,0,0,0,0,0,0,0,0,0,0,0,1,0,0,0,0,100000000,130000000.0,30,30000000.0,23.07692307692308,1.5,100000000.0,130000000.0,30.0,3607.0,1
28,1,0,0,0,0,0,0,1,0,0,0,0,0,0,0,0,0,0,0,0,1,0,0,0,0,40000,44000.0,30,4000.0,9.090909090909092,8.0,300000000.0,339033333.3333333,27.0,3609.733333333333,1
33,0,1,0,0,0,0,1,0,0,0,0,0,0,0,0,0,0,0,0,1,0,0,0,0,0,100000000,130000000.0,30,30000000.0,23.07692307692308,1.0,100000000.0,130000000.0,30.0,3668.0,1
41,0,1,0,0,0,0,0,0,0,0,0,1,0,0,0,0,0,0,0,0,1,0,0,0,0,300000000,345000000.0,30,45000000.0,13.043478260869565,4.0,171428571.42857143,203714285.7142857,25.714285714285715,3619.428571428572,1
29,0,1,0,0,0,0,1,0,0,0,0,0,0,0,0,0,0,0,0,1,0,0,0,0,0,200000000,245000000.0,30,45000000.0,18.367346938775512,2.0,100000000.0,128333333.33333331,30.0,3607.6666666666665,1
40,1,0,0,0,0,0,0,0,0,0,1,0,0,0,0,0,0,0,0,0,0,0,1,0,0,100000000,130000000.0,30,30000000.0,23.07692307692308,1.5,100000000.0,130000000.0,30.0,3608.5,1
42,1,0,1,0,0,0,0,0,0,0,0,0,0,0,0,0,0,0,0,0,1,0,0,0,0,300000000,345000000.0,30,45000000.0,13.043478260869565,5.0,155555555.55555555,176833333.33333334,18.33333333333333,3985.222222222222,1
30,0,1,0,0,0,0,0,0,0,0,0,0,0,0,0,0,0,0,0,0,1,0,0,0,0,100000000,130000000.0,30,30000000.0,23.07692307692308,2.0,100000000.0,115000000.0,15.0,3609.3333333333335,1
44,0,1,0,0,0,0,0,1,0,0,0,0,0,0,0,0,0,0,0,0,1,0,0,0,0,200000000,245000000.0,30,45000000.0,18.367346938775512,3.0,140000000.0,176000000.0,30.0,3610.2,1
38,0,1,0,0,0,0,1,0,0,0,0,0,0,0,0,0,0,0,0,1,0,0,0,0,0,100000000,115000000.0,15,15000000.0,13.043478260869565,1.0,100000000.0,115000000.0,15.0,3615.0,0
35,0,1,0,0,0,0,0,0,0,0,0,0,0,0,0,0,0,0,0,0,1,0,0,0,0,100000000,130000000.0,30,30000000.0,23.07692307692308,1.0,100000000.0,115000000.0,15.0,3670.0,1
31,0,1,0,0,0,0,0,1,0,0,0,0,0,0,0,0,0,0,0,0,1,0,0,0,0,200000000,245000000.0,30,45000000.0,18.367346938775512,3.0,140000000.0,176000000.0,30.0,3609.4,1
41,0,1,0,0,0,0,0,0,0,0,0,0,0,0,0,0,0,0,1,0,1,0,0,0,0,300000000,345000000.0,30,45000000.0,13.043478260869565,6.5,158333333.33333334,178625000.0,17.5,3608.3333333333335,1
50,1,0,0,0,0,0,0,1,0,0,0,0,0,0,0,0,0,0,0,0,0,0,1,0,0,400000000,480000000.0,60,80000000.0,16.666666666666664,8.0,223333333.3333333,264016666.66666663,32.0,3612.266666666667,3
32,0,1,0,0,0,1,0,0,0,0,0,0,0,0,0,0,0,0,0,0,1,0,0,0,0,35000,38500.0,30,3500.0,9.090909090909092,5.0,161111111.1111111,190722222.2222222,28.33333333333333,3618.6666666666665,1
42,0,1,0,0,0,0,0,1,0,0,0,0,0,0,0,0,0,0,0,0,1,0,0,0,0,100000000,130000000.0,30,30000000.0,23.07692307692308,1.0,100000000.0,130000000.0,30.0,3668.0,1
37,0,1,0,0,0,0,0,1,0,0,0,0,0,0,0,0,0,0,0,0,1,0,0,0,0,200000000,222500000.0,15,22500000.0,10.112359550561797,3.0,140000000.0,158000000.0,15.0,3608.2,0
33,0,1,0,0,0,0,0,0,0,0,0,0,0,0,0,0,0,0,1,0,1,0,0,0,0,300000000,345000000.0,30,45000000.0,13.043478260869565,4.0,214285714.2857143,250142857.14285716,27.857142857142858,3609.0,1
31,0,1,0,0,0,0,0,1,0,0,0,0,0,0,0,0,0,0,0,0,1,0,0,0,0,10000,13000.0,30,3000.0,23.07692307692308,1.0,100000000.0,130000000.0,30.0,3672.0,1
43,0,1,0,0,0,0,0,0,0,0,0,0,0,0,1,0,0,0,0,1,0,0,0,0,0,10000,13000.0,30,3000.0,23.07692307692308,2.5,100000000.0,128125000.0,30.0,3608.75,1
44,0,1,0,0,0,0,1,0,0,0,0,0,0,0,0,0,0,0,0,1,0,0,0,0,0,10000,11500.0,15,1500.0,13.043478260869565,1.0,100000000.0,115000000.0,15.0,3668.0,0
36,0,1,0,0,0,0,0,0,0,0,1,0,0,0,0,0,0,0,0,0,1,0,0,0,0,100000000,130000000.0,30,30000000.0,23.07692307692308,1.0,100000000.0,130000000.0,30.0,3668.0,1
30,0,1,0,0,0,0,0,0,0,0,0,0,0,0,0,0,0,0,0,0,1,0,0,0,0,100000000,130000000.0,30,30000000.0,23.07692307692308,1.0,100000000.0,130000000.0,30.0,3669.0,1
38,0,1,0,0,1,0,0,0,0,0,0,0,0,0,0,0,0,0,0,0,1,0,0,0,0,10000,13000.0,30,3000.0,23.07692307692308,4.0,95714285.71428572,122928571.42857143,27.857142857142858,3608.714285714286,1
37,0,1,0,0,0,0,1,0,0,0,0,0,0,0,0,0,0,0,0,1,0,0,0,0,0,100000000,115000000.0,15,15000000.0,13.043478260869565,1.5,100000000.0,122500000.0,22.5,3610.0,0
27,0,1,0,0,0,0,0,1,0,0,0,0,0,0,0,0,0,0,0,0,1,0,0,0,0,100000000,130000000.0,30,30000000.0,23.07692307692308,1.0,100000000.0,130000000.0,30.0,3671.0,1
38,0,1,0,0,0,0,1,0,0,0,0,0,0,0,0,0,0,0,0,0,1,0,0,0,0,200000000,245000000.0,30,45000000.0,18.367346938775512,2.0,100000000.0,125000000.0,25.0,3618.3333333333335,1
39,0,1,0,0,0,0,0,1,0,0,0,0,0,0,0,0,0,0,0,0,0,0,1,0,0,40000,48000.0,60,8000.0,16.666666666666664,4.0,242857142.85714287,288571428.5714286,36.42857142857143,3609.714285714286,3
31,1,0,0,1,0,0,0,0,0,0,0,0,0,0,0,0,0,0,0,0,0,0,0,1,0,100000000,130000000.0,30,30000000.0,23.07692307692308,1.5,100000000.0,130000000.0,30.0,3610.5,1
38,1,0,1,0,0,0,0,0,0,0,0,0,0,0,0,0,0,0,0,0,1,0,0,0,0,400000000,440000000.0,30,40000000.0,9.090909090909092,6.0,272727272.72727275,310636363.6363636,27.272727272727277,3613.272727272728,1
36,1,0,0,0,0,0,0,1,0,0,0,0,0,0,0,0,0,0,0,0,1,0,0,0,0,400000000,440000000.0,30,40000000.0,9.090909090909092,3.5,166666666.66666666,197833333.3333333,25.0,3609.3333333333335,1
28,0,1,0,0,0,0,0,1,0,0,0,0,0,0,0,0,0,0,0,0,0,0,1,0,0,300000000,390000000.0,60,90000000.0,23.07692307692308,5.0,222222222.2222222,273111111.1111111,40.0,3616.3333333333335,3
40,0,1,0,0,0,0,0,0,0,0,0,0,0,0,1,0,0,0,0,0,1,0,0,0,0,20000,24500.0,30,4500.0,18.367346938775512,3.0,130000000.0,159350000.0,27.0,3619.4,1
39,0,1,0,0,0,0,0,1,0,0,0,0,0,0,0,0,0,0,0,0,1,0,0,0,0,100000000,130000000.0,30,30000000.0,23.07692307692308,1.5,100000000.0,130000000.0,30.0,3610.5,1
43,0,1,0,0,0,0,0,0,0,0,0,1,0,0,0,0,0,0,0,0,1,0,0,0,0,100000000,130000000.0,30,30000000.0,23.07692307692308,1.5,100000000.0,130000000.0,30.0,3607.5,1
33,0,1,0,0,0,0,1,0,0,0,0,0,0,0,0,0,0,0,0,0,0,0,0,1,0,100000000,130000000.0,30,30000000.0,23.07692307692308,2.5,100000000.0,130000000.0,30.0,3637.25,1
35,0,1,0,0,0,0,1,0,0,0,0,0,0,0,0,0,0,0,0,0,1,0,0,0,0,10000,13000.0,30,3000.0,23.07692307692308,1.0,100000000.0,130000000.0,30.0,3667.0,1
38,0,1,0,0,0,0,0,0,0,0,0,0,0,0,0,0,0,0,1,0,1,0,0,0,0,100000000,130000000.0,30,30000000.0,23.07692307692308,1.0,100000000.0,115000000.0,15.0,3669.0,1
39,0,1,0,0,0,0,0,1,0,0,0,0,0,0,0,0,0,0,0,0,1,0,0,0,0,200000000,245000000.0,30,45000000.0,18.367346938775512,2.5,125000000.0,158750000.0,30.0,3610.5,1
30,0,1,0,0,0,0,0,1,0,0,0,0,0,0,0,0,0,0,0,0,0,0,0,1,0,400000000,440000000.0,30,40000000.0,9.090909090909092,5.5,175000000.0,203000000.0,22.5,3610.3,1
39,1,0,0,1,0,0,0,0,0,0,0,0,0,0,0,0,0,0,0,0,1,0,0,0,0,200000000,245000000.0,30,45000000.0,18.367346938775512,2.5,100000000.0,130000000.0,30.0,3626.0,1
38,1,0,0,0,0,0,0,1,0,0,0,0,0,0,0,0,0,0,0,0,1,0,0,0,0,100000000,130000000.0,30,30000000.0,23.07692307692308,3.0,100000000.0,127000000.0,27.0,3611.2,1
47,0,1,0,0,0,0,0,0,0,0,0,0,0,0,1,0,0,0,0,1,0,0,0,0,0,100000000,130000000.0,30,30000000.0,23.07692307692308,1.0,100000000.0,115000000.0,15.0,3610.0,1
41,0,1,0,0,0,0,1,0,0,0,0,0,0,0,0,0,0,0,0,0,1,0,0,0,0,200000000,245000000.0,30,45000000.0,18.367346938775512,2.0,100000000.0,125000000.0,25.0,3609.6666666666665,1
35,0,1,0,1,0,0,0,0,0,0,0,0,0,0,0,0,0,0,0,1,0,0,0,0,0,100000000,115000000.0,15,15000000.0,13.043478260869565,1.5,100000000.0,115000000.0,15.0,3610.5,0
30,0,1,0,0,0,0,0,1,0,0,0,0,0,0,0,0,0,0,0,0,1,0,0,0,0,100000000,115000000.0,15,15000000.0,13.043478260869565,1.5,100000000.0,115000000.0,15.0,3609.5,0
46,1,0,0,0,0,0,0,0,0,0,0,0,0,0,0,0,0,0,1,0,1,0,0,0,0,400000000,480000000.0,60,80000000.0,16.666666666666664,7.5,227142857.14285716,268857142.85714287,36.42857142857143,3616.571428571429,3
29,1,0,0,0,0,0,0,0,0,0,0,0,0,0,0,0,0,0,1,0,0,0,1,0,0,250000000,275000000.0,30,25000000.0,9.090909090909092,5.0,244444444.44444445,278416666.6666667,26.666666666666668,4064.8888888888887,1
37,1,0,0,0,0,0,0,0,0,0,0,1,0,0,0,0,0,0,0,0,0,0,1,0,0,40000,44000.0,30,4000.0,9.090909090909092,8.0,293333333.3333333,331066666.6666667,26.0,3609.2,1
43,0,1,0,0,0,0,0,0,0,0,0,0,0,0,1,0,0,0,0,0,1,0,0,0,0,10000,11500.0,15,1500.0,13.043478260869565,1.0,100000000.0,115000000.0,15.0,3671.0,0
33,0,1,0,0,0,0,0,1,0,0,0,0,0,0,0,0,0,0,0,0,1,0,0,0,0,10000,13000.0,30,3000.0,23.07692307692308,3.5,100000000.0,125000000.0,25.0,3609.8333333333335,1
33,0,1,0,0,0,0,0,0,0,0,0,0,0,0,0,0,0,0,0,0,1,0,0,0,0,100000000,115000000.0,15,15000000.0,13.043478260869565,1.0,100000000.0,115000000.0,15.0,3668.0,0
35,0,1,0,0,0,0,0,1,0,0,0,0,0,0,0,0,0,0,0,0,1,0,0,0,0,10000,11125.0,15,1125.0,10.112359550561797,2.0,100000000.0,120000000.0,20.0,3608.3333333333335,0
32,0,1,1,0,0,0,0,0,0,0,0,0,0,0,0,0,0,0,0,0,1,0,0,0,0,10000,13000.0,30,3000.0,23.07692307692308,1.5,100000000.0,130000000.0,30.0,3608.5,1
34,0,1,0,0,0,0,0,0,0,0,0,1,0,0,0,0,0,0,0,0,1,0,0,0,0,10000,13000.0,30,3000.0,23.07692307692308,1.0,100000000.0,115000000.0,15.0,3669.0,1
33,0,1,0,0,0,0,0,1,0,0,0,0,0,0,0,0,0,0,0,0,1,0,0,0,0,200000000,245000000.0,30,45000000.0,18.367346938775512,2.0,133333333.33333331,168333333.33333334,30.0,3607.6666666666665,1
34,0,1,0,0,0,0,0,0,0,0,0,0,0,0,0,0,0,0,0,0,1,0,0,0,0,250000000,275000000.0,30,25000000.0,9.090909090909092,5.0,133333333.33333331,153277777.7777778,20.0,3608.0,1
42,0,1,0,0,0,0,1,0,0,0,0,0,0,0,0,0,0,0,0,0,1,0,0,0,0,100000000,130000000.0,30,30000000.0,23.07692307692308,1.5,100000000.0,130000000.0,30.0,3610.0,1
35,0,1,0,0,0,0,1,0,0,0,0,0,0,0,0,0,0,0,0,1,0,0,0,0,0,300000000,345000000.0,30,45000000.0,13.043478260869565,3.5,150000000.0,168750000.0,15.0,3612.5,1
28,0,1,1,0,0,0,0,0,0,0,0,0,0,0,0,0,0,0,0,0,0,0,0,1,0,40000,44000.0,30,4000.0,9.090909090909092,5.5,205000000.0,241800000.0,31.5,3614.6,1
36,0,1,0,0,0,0,0,0,0,0,0,0,0,0,0,0,0,0,0,0,1,0,0,0,0,200000000,245000000.0,30,45000000.0,18.367346938775512,2.5,100000000.0,125312500.0,26.25,3623.0,1
32,0,1,0,0,0,0,0,0,0,0,0,0,0,0,1,0,0,0,0,0,1,0,0,0,0,100000000,130000000.0,30,30000000.0,23.07692307692308,1.5,100000000.0,130000000.0,30.0,3608.5,1
36,1,0,0,0,0,0,1,0,0,0,0,0,0,0,0,0,0,0,0,0,0,0,1,0,0,250000000,275000000.0,30,25000000.0,9.090909090909092,5.5,200000000.0,228725000.0,24.0,3611.6,1
43,0,1,0,1,0,0,0,0,0,0,0,0,0,0,0,0,0,0,0,0,0,0,1,0,0,400000000,440000000.0,30,40000000.0,9.090909090909092,5.5,260000000.0,292750000.0,24.0,3608.2,1
36,0,1,0,0,1,0,0,0,0,0,0,0,0,0,0,0,0,0,0,0,1,0,0,0,0,300000000,345000000.0,30,45000000.0,13.043478260869565,4.0,214285714.2857143,256285714.2857143,34.285714285714285,3626.571428571429,1
36,0,1,0,0,0,0,0,0,0,0,0,0,0,0,0,0,0,0,0,1,0,0,0,0,0,100000000,130000000.0,30,30000000.0,23.07692307692308,1.0,100000000.0,130000000.0,30.0,3668.0,1
37,0,0,0,0,0,0,0,1,0,0,0,0,0,0,0,0,0,0,0,0,1,0,0,0,0,200000000,245000000.0,30,45000000.0,18.367346938775512,3.0,140000000.0,173000000.0,27.0,3616.6,1
49,0,1,0,0,0,0,0,0,0,0,0,0,0,0,0,0,0,0,1,1,0,0,0,0,0,100000000,125000000.0,30,25000000.0,20.0,1.0,100000000.0,130000000.0,30.0,3667.0,1
40,0,1,0,0,0,0,0,0,0,0,0,0,0,0,0,0,0,0,1,0,1,0,0,0,0,200000000,245000000.0,30,45000000.0,18.367346938775512,2.5,125000000.0,158750000.0,30.0,3622.0,1
28,0,1,0,1,0,0,0,0,0,0,0,0,0,0,0,0,0,0,0,0,0,0,0,1,0,10000,11500.0,15,1500.0,13.043478260869565,1.0,100000000.0,115000000.0,15.0,3669.0,0
36,0,1,0,0,0,0,0,0,0,0,0,0,0,0,1,0,0,0,0,1,0,0,0,0,0,100000000,130000000.0,30,30000000.0,23.07692307692308,1.5,100000000.0,122500000.0,22.5,3609.0,1
38,0,1,0,0,0,0,0,0,0,0,0,0,0,0,0,0,0,0,0,0,1,0,0,0,0,100000000,115000000.0,15,15000000.0,13.043478260869565,3.5,116666666.66666669,132333333.33333331,15.0,3618.3333333333335,0
36,0,1,0,0,0,0,0,1,0,0,0,0,0,0,0,0,0,0,0,0,1,0,0,0,0,10000,13000.0,30,3000.0,23.07692307692308,2.0,100000000.0,130000000.0,30.0,3607.0,1
50,0,1,0,0,0,0,1,0,0,0,0,0,0,0,0,0,0,0,0,1,0,0,0,0,0,100000000,130000000.0,30,30000000.0,23.07692307692308,1.5,100000000.0,130000000.0,30.0,3637.0,1
40,0,1,0,0,0,0,0,0,0,0,0,1,0,0,0,0,0,0,0,0,1,0,0,0,0,100000000,130000000.0,30,30000000.0,23.07692307692308,1.5,100000000.0,130000000.0,30.0,3610.0,1
37,0,1,0,0,0,0,0,0,0,0,0,0,0,0,0,0,0,0,0,0,1,0,0,0,0,100000000,130000000.0,30,30000000.0,23.07692307692308,1.0,100000000.0,115000000.0,15.0,3608.0,1
40,0,1,0,1,0,0,0,0,0,0,0,0,0,0,0,0,0,0,0,0,1,0,0,0,0,300000000,345000000.0,30,45000000.0,13.043478260869565,3.5,150000000.0,182583333.3333333,27.5,3617.8333333333335,1
34,0,1,0,0,0,0,0,1,0,0,0,0,0,0,0,0,0,0,0,1,0,0,0,0,0,300000000,345000000.0,30,45000000.0,13.043478260869565,3.5,183333333.3333333,215333333.3333333,25.0,3610.0,1
41,0,1,1,0,0,0,0,0,0,0,0,0,0,0,0,0,0,0,0,0,1,0,0,0,0,300000000,345000000.0,30,45000000.0,13.043478260869565,4.0,171428571.42857143,208000000.0,30.0,3608.571428571429,1
47,0,1,0,0,0,0,0,1,0,0,0,0,0,0,0,0,0,0,0,0,1,0,0,0,0,10000,13000.0,30,3000.0,23.07692307692308,2.0,100000000.0,130000000.0,30.0,3628.0,1
49,0,1,0,0,0,0,0,0,0,0,1,0,0,0,0,0,0,0,0,0,1,0,0,0,0,200000000,245000000.0,30,45000000.0,18.367346938775512,2.0,100000000.0,130000000.0,30.0,3609.3333333333335,1
29,1,0,0,0,0,1,0,0,0,0,0,0,0,0,0,0,0,0,0,0,1,0,0,0,0,400000000,440000000.0,30,40000000.0,9.090909090909092,7.0,240769230.7692308,278451923.0769231,28.846153846153847,3613.923076923077,1
47,0,1,0,0,0,0,0,0,0,0,0,0,0,0,0,0,0,0,0,1,0,0,0,0,0,300000000,345000000.0,30,45000000.0,13.043478260869565,3.5,150000000.0,181333333.3333333,25.0,3608.0,1
42,0,1,0,0,0,0,0,1,0,0,0,0,0,0,0,0,0,0,0,0,1,0,0,0,0,20000,24500.0,30,4500.0,18.367346938775512,2.0,100000000.0,120000000.0,20.0,3627.6666666666665,1
36,0,1,0,0,0,0,0,1,0,0,0,0,0,0,0,0,0,0,0,0,1,0,0,0,0,100000000,115000000.0,15,15000000.0,13.043478260869565,1.0,100000000.0,115000000.0,15.0,3670.0,0
29,0,1,0,0,0,0,0,1,0,0,0,0,0,0,0,0,0,0,0,0,1,0,0,0,0,100000000,130000000.0,30,30000000.0,23.07692307692308,1.0,100000000.0,130000000.0,30.0,3670.0,1
33,1,0,0,0,0,0,0,1,0,0,0,0,0,0,0,0,0,0,0,0,1,0,0,0,0,30000,34500.0,30,4500.0,13.043478260869565,3.6666666666666665,150000000.0,176333333.33333334,22.5,3610.5,1
34,0,1,0,0,0,0,1,0,0,0,0,0,0,0,0,0,0,0,0,1,0,0,0,0,0,100000000,130000000.0,30,30000000.0,23.07692307692308,1.0,100000000.0,130000000.0,30.0,3609.0,1
43,1,0,0,0,0,0,0,1,0,0,0,0,0,0,0,0,0,0,0,0,1,0,0,0,0,30000,34500.0,30,4500.0,13.043478260869565,3.5,150000000.0,173916666.66666666,22.5,3610.6666666666665,1
38,0,1,0,0,0,0,0,1,0,0,0,0,0,0,0,0,0,0,0,0,1,0,0,0,0,100000000,130000000.0,30,30000000.0,23.07692307692308,1.0,100000000.0,130000000.0,30.0,3669.0,1
32,1,0,0,0,0,0,0,1,0,0,0,0,0,0,0,0,0,0,0,0,0,0,0,1,0,10000,13000.0,30,3000.0,23.07692307692308,2.0,100000000.0,130000000.0,30.0,3630.6666666666665,1
51,0,1,0,0,0,0,0,0,0,0,0,0,0,0,0,0,0,0,1,0,1,0,0,0,0,100000000,130000000.0,30,30000000.0,23.07692307692308,1.0,100000000.0,130000000.0,30.0,3607.0,1
28,0,1,0,0,0,0,1,0,0,0,0,0,0,0,0,0,0,0,0,1,0,0,0,0,0,300000000,345000000.0,30,45000000.0,13.043478260869565,5.0,200000000.0,226111111.1111111,20.0,3613.6666666666665,1
34,0,1,0,0,0,0,0,1,0,0,0,0,0,0,0,0,0,0,0,0,1,0,0,0,0,100000000,115000000.0,15,15000000.0,13.043478260869565,1.5,100000000.0,115000000.0,15.0,3609.0,0
32,0,1,0,0,0,0,0,1,0,0,0,0,0,0,0,0,0,0,0,0,1,0,0,0,0,10000,11500.0,15,1500.0,13.043478260869565,1.5,100000000.0,122500000.0,22.5,3609.0,0
44,0,1,0,0,0,0,0,0,0,0,0,0,0,0,0,0,0,0,1,0,1,0,0,0,0,100000000,130000000.0,30,30000000.0,23.07692307692308,1.5,100000000.0,130000000.0,30.0,3612.5,1
42,1,0,0,0,0,0,0,1,0,0,0,0,0,0,0,0,0,0,0,0,1,0,0,0,0,100000000,130000000.0,30,30000000.0,23.07692307692308,2.5,100000000.0,130000000.0,30.0,3614.25,1
34,0,1,0,0,0,0,0,0,0,0,0,0,0,0,0,0,0,0,0,1,0,0,0,0,0,10000,13000.0,30,3000.0,23.07692307692308,1.0,100000000.0,115000000.0,15.0,3669.0,1
30,0,1,0,0,0,0,0,1,0,0,0,0,0,0,0,0,0,0,0,1,0,0,0,0,0,100000000,115000000.0,15,15000000.0,13.043478260869565,1.0,100000000.0,130000000.0,30.0,3618.0,0
40,0,1,0,0,0,0,0,0,0,0,1,0,0,0,0,0,0,0,0,1,0,0,0,0,0,200000000,222500000.0,15,22500000.0,10.112359550561797,3.5,141666666.66666666,159479166.66666666,15.0,3610.3333333333335,0
28,0,1,0,0,0,0,0,1,0,0,0,0,0,0,0,0,0,0,0,0,1,0,0,0,0,100000000,130000000.0,30,30000000.0,23.07692307692308,2.5,100000000.0,130000000.0,30.0,3622.5,1
37,0,1,0,0,0,0,0,0,0,0,0,0,0,0,0,0,0,0,1,0,1,0,0,0,0,100000000,130000000.0,30,30000000.0,23.07692307692308,1.0,100000000.0,130000000.0,30.0,3669.0,1
28,0,1,0,0,0,0,0,1,0,0,0,0,0,0,0,0,0,0,0,0,1,0,0,0,0,10000,11500.0,15,1500.0,13.043478260869565,1.0,100000000.0,115000000.0,15.0,3668.0,0
56,0,1,1,0,0,0,0,0,0,0,0,0,0,0,0,0,0,0,0,1,0,0,0,0,0,200000000,245000000.0,30,45000000.0,18.367346938775512,3.0,100000000.0,116500000.0,18.0,3607.8,1
39,0,1,0,0,0,0,0,1,0,0,0,0,0,0,0,0,0,0,0,0,1,0,0,0,0,200000000,222500000.0,15,22500000.0,10.112359550561797,2.0,100000000.0,120000000.0,20.0,3626.6666666666665,0
28,1,0,0,0,0,0,0,1,0,0,0,0,0,0,0,0,0,0,0,0,0,0,1,0,0,300000000,390000000.0,60,90000000.0,23.07692307692308,4.5,156250000.0,189343750.0,28.125,3617.0,3
28,1,0,0,0,1,0,0,0,0,0,0,0,0,0,0,0,0,0,0,0,1,0,0,0,0,400000000,440000000.0,30,40000000.0,9.090909090909092,4.5,237500000.0,286125000.0,41.25,3617.0,1
29,0,1,0,0,0,0,0,1,0,0,0,0,0,0,0,0,0,0,0,0,1,0,0,0,0,100000000,130000000.0,30,30000000.0,23.07692307692308,1.0,100000000.0,130000000.0,30.0,3670.0,1
54,0,1,0,1,0,0,0,0,0,0,0,0,0,0,0,0,0,0,0,0,1,0,0,0,0,150000000,183750000.0,30,33750000.0,18.367346938775512,2.5,100000000.0,116875000.0,18.75,3609.25,1
39,0,1,0,0,0,0,1,0,0,0,0,0,0,0,0,0,0,0,0,0,1,0,0,0,0,100000000,115000000.0,15,15000000.0,13.043478260869565,2.5,100000000.0,115000000.0,15.0,3610.25,0
37,0,1,0,0,0,0,0,1,0,0,0,0,0,0,0,0,0,0,0,0,1,0,0,0,0,100000000,130000000.0,30,30000000.0,23.07692307692308,1.0,100000000.0,130000000.0,30.0,3611.0,1
41,1,0,0,0,0,0,0,1,0,0,0,0,0,0,0,0,0,0,0,0,1,0,0,0,0,10000,13000.0,30,3000.0,23.07692307692308,1.5,100000000.0,130000000.0,30.0,3611.5,1
39,0,1,0,0,0,0,0,0,0,0,0,0,0,0,0,0,0,0,0,1,0,0,0,0,0,20000,24500.0,30,4500.0,18.367346938775512,3.0,140000000.0,170000000.0,24.0,3613.8,1
34,0,1,0,0,0,0,0,0,0,0,0,0,0,0,1,0,0,0,0,0,1,0,0,0,0,10000,11500.0,15,1500.0,13.043478260869565,1.0,100000000.0,115000000.0,15.0,3607.0,0
28,0,1,0,0,0,0,1,0,0,0,0,0,0,0,0,0,0,0,0,0,1,0,0,0,0,100000000,130000000.0,30,30000000.0,23.07692307692308,1.0,100000000.0,130000000.0,30.0,3668.0,1
29,1,0,0,0,1,0,0,0,0,0,0,0,0,0,0,0,0,0,0,0,1,0,0,0,0,35000,38500.0,30,3500.0,9.090909090909092,5.0,222222222.2222222,259666666.66666663,31.666666666666668,3615.444444444444,1
46,0,0,0,0,0,0,0,1,0,0,0,0,0,0,0,0,0,0,0,0,1,0,0,0,0,10000,13000.0,30,3000.0,23.07692307692308,1.0,100000000.0,115000000.0,15.0,3672.0,1
35,0,1,0,0,0,0,0,1,0,0,0,0,0,0,0,0,0,0,0,1,0,0,0,0,0,100000000,115000000.0,15,15000000.0,13.043478260869565,1.0,100000000.0,115000000.0,15.0,3610.0,0
54,0,1,0,0,0,0,1,0,0,0,0,0,0,0,0,0,0,0,0,0,0,0,1,0,0,300000000,390000000.0,60,90000000.0,23.07692307692308,4.0,142857142.85714287,178285714.2857143,30.0,3611.571428571429,3
49,0,1,0,0,0,0,0,0,0,0,0,0,0,0,0,0,0,0,1,0,0,0,1,0,0,50000,52500.0,30,2500.0,4.761904761904762,7.5,285714285.71428573,320357142.85714287,26.785714285714285,3610.0,1
30,0,1,0,1,0,0,0,0,0,0,0,0,0,0,0,0,0,0,0,0,1,0,0,0,0,100000000,110000000.0,15,10000000.0,9.090909090909092,1.5,100000000.0,122500000.0,22.5,3609.0,0
41,0,1,0,0,0,0,0,1,0,0,0,0,0,0,0,0,0,0,0,0,1,0,0,0,0,100000000,130000000.0,30,30000000.0,23.07692307692308,1.5,100000000.0,130000000.0,30.0,3610.0,1
43,0,1,0,0,0,0,0,0,0,0,0,0,0,0,0,0,0,0,0,1,0,0,0,0,0,200000000,245000000.0,30,45000000.0,18.367346938775512,2.5,125000000.0,158750000.0,30.0,3609.25,1
34,0,1,0,1,0,0,0,0,0,0,0,0,0,0,0,0,0,0,0,0,1,0,0,0,0,100000000,130000000.0,30,30000000.0,23.07692307692308,1.0,100000000.0,130000000.0,30.0,3667.0,1
36,0,1,0,0,0,1,0,0,0,0,0,0,0,0,0,0,0,0,0,0,1,0,0,0,0,200000000,245000000.0,30,45000000.0,18.367346938775512,2.0,100000000.0,125000000.0,25.0,3607.3333333333335,1
31,0,1,0,0,0,0,0,1,0,0,0,0,0,0,0,0,0,0,0,0,1,0,0,0,0,30000,39000.0,60,9000.0,23.07692307692308,2.5,150000000.0,187500000.0,30.0,3607.5,3
33,0,1,0,0,0,0,0,0,0,0,0,1,0,0,0,0,0,0,0,0,1,0,0,0,0,100000000,115000000.0,15,15000000.0,13.043478260869565,4.0,100000000.0,115000000.0,15.0,3608.0,0
35,0,1,0,0,0,0,0,1,0,0,0,0,0,0,0,0,0,0,0,0,1,0,0,0,0,200000000,245000000.0,30,45000000.0,18.367346938775512,2.0,100000000.0,115000000.0,15.0,3627.0,1
31,0,1,0,0,0,0,0,0,0,0,0,0,0,0,1,0,0,0,0,0,1,0,0,0,0,100000000,130000000.0,30,30000000.0,23.07692307692308,1.0,100000000.0,130000000.0,30.0,3668.0,1
33,0,1,0,0,0,0,0,0,0,0,0,1,0,0,0,0,0,0,0,0,1,0,0,0,0,200000000,245000000.0,30,45000000.0,18.367346938775512,2.0,100000000.0,130000000.0,30.0,3629.0,1
34,0,1,0,0,0,1,0,0,0,0,0,0,0,0,0,0,0,0,0,0,1,0,0,0,0,100000000,130000000.0,30,30000000.0,23.07692307692308,1.0,100000000.0,130000000.0,30.0,3668.0,1
42,0,1,0,0,0,0,0,1,0,0,0,0,0,0,0,0,0,0,0,1,0,0,0,0,0,300000000,345000000.0,30,45000000.0,13.043478260869565,3.5,150000000.0,178833333.33333334,22.5,3626.8333333333335,1
38,0,1,0,0,0,0,1,0,0,0,0,0,0,0,0,0,0,0,0,0,1,0,0,0,0,100000000,115000000.0,15,15000000.0,13.043478260869565,1.0,100000000.0,115000000.0,15.0,3668.0,0
34,0,1,0,0,0,0,0,1,0,0,0,0,0,0,0,0,0,0,0,0,1,0,0,0,0,100000000,130000000.0,30,30000000.0,23.07692307692308,1.0,100000000.0,130000000.0,30.0,3671.0,1
32,1,0,0,0,1,0,0,0,0,0,0,0,0,0,0,0,0,0,0,0,0,0,1,0,0,20000,24500.0,30,4500.0,18.367346938775512,6.0,100000000.0,128636363.63636364,28.63636363636364,3615.818181818182,1
32,0,1,0,0,0,0,0,0,0,0,0,0,0,0,0,0,0,0,1,0,1,0,0,0,0,100000000,130000000.0,30,30000000.0,23.07692307692308,1.0,100000000.0,130000000.0,30.0,3668.0,1
41,0,1,0,0,0,0,0,0,0,0,0,0,0,0,1,0,0,0,0,1,0,0,0,0,0,20000,24500.0,30,4500.0,18.367346938775512,2.0,100000000.0,130000000.0,30.0,3609.0,1
40,0,1,0,0,0,0,1,0,0,0,0,0,0,0,0,0,0,0,0,0,1,0,0,0,0,100000000,130000000.0,30,30000000.0,23.07692307692308,1.5,100000000.0,130000000.0,30.0,3609.5,1
40,1,0,0,0,0,0,0,1,0,0,0,0,0,0,0,0,0,0,0,0,0,0,1,0,0,40000,44000.0,30,4000.0,9.090909090909092,6.0,263636363.63636363,298818181.8181818,25.90909090909091,3609.272727272728,1
40,0,1,0,0,0,0,0,1,0,0,0,0,0,0,0,0,0,0,0,0,1,0,0,0,0,100000000,115000000.0,15,15000000.0,13.043478260869565,2.0,100000000.0,120000000.0,20.0,3608.6666666666665,0
28,0,1,0,0,0,0,0,0,0,0,0,0,0,0,0,0,0,0,0,0,1,0,0,0,0,100000000,115000000.0,15,15000000.0,13.043478260869565,1.0,100000000.0,115000000.0,15.0,3669.0,0
28,0,1,0,0,0,0,0,1,0,0,0,0,0,0,0,0,0,0,0,0,1,0,0,0,0,100000000,130000000.0,30,30000000.0,23.07692307692308,1.0,100000000.0,130000000.0,30.0,3670.0,1
45,0,0,0,0,0,0,0,0,0,0,0,1,0,0,0,0,0,0,0,0,1,0,0,0,0,100000000,130000000.0,30,30000000.0,23.07692307692308,3.0,100000000.0,130000000.0,30.0,3608.6,1
37,0,1,0,0,0,0,0,0,0,0,0,0,0,0,0,0,0,0,0,0,1,0,0,0,0,300000000,390000000.0,60,90000000.0,23.07692307692308,3.5,183333333.3333333,228500000.0,35.0,3628.1666666666665,3
29,0,1,0,1,0,0,0,0,0,0,0,0,0,0,0,0,0,0,0,0,1,0,0,0,0,200000000,230000000.0,30,30000000.0,13.043478260869565,4.0,157142857.14285713,176464285.7142857,17.142857142857142,3608.428571428572,1
39,0,1,0,0,0,0,1,0,0,0,0,0,0,0,0,0,0,0,0,0,1,0,0,0,0,100000000,130000000.0,30,30000000.0,23.07692307692308,2.0,100000000.0,130000000.0,30.0,3607.0,1
39,1,0,0,0,0,0,0,0,0,0,0,0,0,0,1,0,0,0,0,0,1,0,0,0,0,400000000,440000000.0,30,40000000.0,9.090909090909092,5.0,216666666.66666663,244777777.7777778,26.666666666666668,3611.1111111111113,1
46,0,1,0,0,0,0,1,0,0,0,0,0,0,0,0,0,0,0,0,0,1,0,0,0,0,200000000,245000000.0,30,45000000.0,18.367346938775512,3.0,140000000.0,162500000.0,18.0,3607.6,1
31,0,1,0,0,0,0,0,0,0,0,0,0,0,0,1,0,0,0,0,0,1,0,0,0,0,100000000,130000000.0,30,30000000.0,23.07692307692308,2.0,100000000.0,130000000.0,30.0,3614.0,1
26,0,1,1,0,0,0,0,0,0,0,0,0,0,0,0,0,0,0,0,0,1,0,0,0,0,300000000,345000000.0,30,45000000.0,13.043478260869565,3.5,166666666.66666666,195500000.0,22.5,3619.3333333333335,1
35,0,1,0,0,0,0,0,1,0,0,0,0,0,0,0,0,0,0,0,0,1,0,0,0,0,200000000,222500000.0,15,22500000.0,10.112359550561797,2.0,100000000.0,115000000.0,15.0,3610.0,0
50,0,1,0,0,0,0,0,1,0,0,0,0,0,0,0,0,0,0,0,0,1,0,0,0,0,30000,34500.0,30,4500.0,13.043478260869565,4.5,150000000.0,176625000.0,24.375,3609.75,1
37,0,1,0,0,0,0,0,1,0,0,0,0,0,0,0,0,0,0,0,0,1,0,0,0,0,10000,13000.0,30,3000.0,23.07692307692308,1.0,100000000.0,130000000.0,30.0,3668.0,1
44,0,1,0,0,0,0,0,1,0,0,0,0,0,0,0,0,0,0,0,0,1,0,0,0,0,100000000,115000000.0,15,15000000.0,13.043478260869565,1.5,100000000.0,122500000.0,22.5,3637.5,0
36,0,1,0,0,0,0,0,1,0,0,0,0,0,0,0,0,0,0,0,0,1,0,0,0,0,100000000,115000000.0,15,15000000.0,13.043478260869565,2.0,100000000.0,115000000.0,15.0,3608.0,0
30,0,1,0,0,0,0,0,1,0,0,0,0,0,0,0,0,0,0,0,0,1,0,0,0,0,10000,13000.0,30,3000.0,23.07692307692308,1.0,100000000.0,130000000.0,30.0,3669.0,1
47,0,1,0,0,0,0,1,0,0,0,0,0,0,0,0,0,0,0,0,0,1,0,0,0,0,10000,13000.0,30,3000.0,23.07692307692308,1.5,100000000.0,130000000.0,30.0,3639.0,1
29,0,1,0,0,0,0,0,1,0,0,0,0,0,0,0,0,0,0,0,1,0,0,0,0,0,10000,13000.0,30,3000.0,23.07692307692308,1.0,100000000.0,130000000.0,30.0,3668.0,1
42,0,1,0,0,0,0,0,0,0,0,0,0,0,0,1,0,0,0,0,0,1,0,0,0,0,100000000,130000000.0,30,30000000.0,23.07692307692308,1.0,100000000.0,130000000.0,30.0,3667.0,1
42,0,1,0,0,1,0,0,0,0,0,0,0,0,0,0,0,0,0,0,0,1,0,0,0,0,400000000,440000000.0,30,40000000.0,9.090909090909092,6.0,222727272.72727272,260090909.0909091,27.272727272727277,3614.636363636364,1
34,1,0,0,0,1,0,0,0,0,0,0,0,0,0,0,0,0,0,0,0,0,0,0,1,0,300000000,345000000.0,30,45000000.0,13.043478260869565,3.0,200000000.0,237600000.0,30.0,3610.8,1
42,0,1,0,0,0,0,0,1,0,0,0,0,0,0,0,0,0,0,0,1,0,0,0,0,0,100000000,130000000.0,30,30000000.0,23.07692307692308,1.0,100000000.0,130000000.0,30.0,3609.0,1
43,0,1,0,0,0,0,0,1,0,0,0,0,0,0,0,0,0,0,0,0,1,0,0,0,0,20000,24500.0,30,4500.0,18.367346938775512,2.5,125000000.0,153750000.0,26.25,3607.5,1
32,0,1,0,0,0,0,1,0,0,0,0,0,0,0,0,0,0,0,0,0,1,0,0,0,0,200000000,245000000.0,30,45000000.0,18.367346938775512,2.0,100000000.0,130000000.0,30.0,3609.0,1
35,0,1,0,0,0,1,0,0,0,0,0,0,0,0,0,0,0,0,0,1,0,0,0,0,0,300000000,345000000.0,30,45000000.0,13.043478260869565,3.0,140000000.0,158000000.0,15.0,3620.0,1
27,0,1,0,0,0,0,0,0,0,0,0,0,0,0,0,0,0,0,0,0,1,0,0,0,0,40000,44000.0,30,4000.0,9.090909090909092,4.5,212500000.0,252000000.0,31.875,3615.375,1
29,0,1,0,0,0,0,0,1,0,0,0,0,0,0,0,0,0,0,0,0,1,0,0,0,0,400000000,440000000.0,30,40000000.0,9.090909090909092,5.0,200000000.0,230888888.8888889,25.0,3615.8888888888887,1
29,0,1,0,0,0,0,0,0,0,0,0,0,0,0,0,0,0,0,1,1,0,0,0,0,0,100000000,130000000.0,30,30000000.0,23.07692307692308,1.5,100000000.0,122500000.0,22.5,3610.5,1
35,0,1,0,0,0,0,0,0,0,0,0,0,0,0,1,0,0,0,0,1,0,0,0,0,0,10000,11500.0,15,1500.0,13.043478260869565,1.0,100000000.0,115000000.0,15.0,3614.0,0
43,0,1,0,0,0,0,0,1,0,0,0,0,0,0,0,0,0,0,0,1,0,0,0,0,0,100000000,130000000.0,30,30000000.0,23.07692307692308,1.5,100000000.0,122500000.0,22.5,3607.5,1
38,0,0,0,0,0,0,0,1,0,0,0,0,0,0,0,0,0,0,0,0,1,0,0,0,0,200000000,245000000.0,30,45000000.0,18.367346938775512,2.0,100000000.0,125000000.0,25.0,3609.0,1
48,0,1,1,0,0,0,0,0,0,0,0,0,0,0,0,0,0,0,0,0,1,0,0,0,0,100000000,115000000.0,15,15000000.0,13.043478260869565,1.5,100000000.0,122500000.0,22.5,3614.5,0
36,0,1,0,0,0,0,0,0,0,0,1,0,0,0,0,0,0,0,0,1,0,0,0,0,0,100000000,130000000.0,30,30000000.0,23.07692307692308,1.0,100000000.0,130000000.0,30.0,3668.0,1
35,0,1,0,0,0,0,0,1,0,0,0,0,0,0,0,0,0,0,0,0,1,0,0,0,0,400000000,440000000.0,30,40000000.0,9.090909090909092,4.5,200000000.0,237500000.0,30.0,3617.875,1
46,0,1,0,0,0,0,0,0,0,0,0,0,0,0,0,0,0,0,1,0,1,0,0,0,0,100000000,130000000.0,30,30000000.0,23.07692307692308,1.0,100000000.0,115000000.0,15.0,3668.0,1
48,0,1,0,0,0,0,0,0,0,0,0,0,0,0,0,0,0,0,1,0,1,0,0,0,0,10000,11500.0,15,1500.0,13.043478260869565,1.0,100000000.0,115000000.0,15.0,3673.0,0
31,0,1,0,0,0,0,0,1,0,0,0,0,0,0,0,0,0,0,0,1,0,0,0,0,0,200000000,245000000.0,30,45000000.0,18.367346938775512,1.5,100000000.0,130000000.0,30.0,3608.5,1
33,0,1,0,0,0,0,1,0,0,0,0,0,0,0,0,0,0,0,0,1,0,0,0,0,0,300000000,345000000.0,30,45000000.0,13.043478260869565,4.0,185714285.7142857,215857142.85714287,23.571428571428573,3609.428571428572,1
36,0,1,1,0,0,0,0,0,0,0,0,0,0,0,0,0,0,0,0,0,1,0,0,0,0,200000000,245000000.0,30,45000000.0,18.367346938775512,3.5,150000000.0,168750000.0,15.0,3607.3333333333335,1
36,1,0,0,0,0,0,0,0,0,0,0,0,0,0,1,0,0,0,0,0,1,0,0,0,0,200000000,245000000.0,30,45000000.0,18.367346938775512,3.5,116666666.66666669,141666666.66666666,22.5,3613.0,1
30,0,1,0,0,0,1,0,0,0,0,0,0,0,0,0,0,0,0,0,0,1,0,0,0,0,100000000,130000000.0,30,30000000.0,23.07692307692308,1.5,100000000.0,130000000.0,30.0,3637.5,1
33,0,1,0,0,0,0,0,0,0,0,0,0,0,0,1,0,0,0,0,0,1,0,0,0,0,150000000,183750000.0,30,33750000.0,18.367346938775512,1.5,100000000.0,130000000.0,30.0,3609.5,1
40,0,1,1,0,0,0,0,0,0,0,0,0,0,0,0,0,0,0,0,1,0,0,0,0,0,100000000,115000000.0,15,15000000.0,13.043478260869565,1.5,100000000.0,122500000.0,22.5,3608.5,0
59,1,0,0,1,0,0,0,0,0,0,0,0,0,0,0,0,0,0,0,0,0,0,1,0,0,300000000,345000000.0,30,45000000.0,13.043478260869565,5.0,177777777.7777778,213777777.7777778,30.0,3858.444444444444,1
36,1,0,0,0,0,0,0,0,0,0,0,0,0,0,0,0,0,0,1,0,1,0,0,0,0,100000000,130000000.0,30,30000000.0,23.07692307692308,7.0,176923076.92307693,206461538.4615385,24.23076923076923,3613.230769230769,1
39,1,0,0,0,0,0,0,0,0,0,0,0,0,0,0,0,0,0,1,0,1,0,0,0,0,200000000,245000000.0,30,45000000.0,18.367346938775512,3.0,100000000.0,130000000.0,30.0,3631.4,1
35,0,1,0,0,0,0,0,1,0,0,0,0,0,0,0,0,0,0,0,1,0,0,0,0,0,100000000,130000000.0,30,30000000.0,23.07692307692308,1.0,100000000.0,130000000.0,30.0,3616.0,1
27,1,0,0,0,0,0,1,0,0,0,0,0,0,0,0,0,0,0,0,0,0,0,0,1,0,600000000,681000000.0,90,81000000.0,11.894273127753303,8.5,334375000.0,391875000.0,52.5,8361.125,5
43,0,1,0,0,0,0,0,0,0,0,0,0,0,0,0,0,0,0,1,0,1,0,0,0,0,100000000,130000000.0,30,30000000.0,23.07692307692308,1.0,100000000.0,130000000.0,30.0,3668.0,1
43,1,0,0,1,0,0,0,0,0,0,0,0,0,0,0,0,0,0,0,0,0,0,1,0,0,40000,44000.0,30,4000.0,9.090909090909092,7.0,276923076.9230769,311230769.2307692,24.23076923076923,3863.230769230769,1
34,0,1,0,1,0,0,0,0,0,0,0,0,0,0,0,0,0,0,0,1,0,0,0,0,0,200000000,245000000.0,30,45000000.0,18.367346938775512,2.5,125000000.0,151250000.0,22.5,3622.0,1
42,0,0,0,0,0,0,0,1,0,0,0,0,0,0,0,0,0,0,0,0,1,0,0,0,0,10000,11500.0,15,1500.0,13.043478260869565,1.0,100000000.0,115000000.0,15.0,3673.0,0
40,0,1,1,0,0,0,0,0,0,0,0,0,0,0,0,0,0,0,0,0,1,0,0,0,0,10000,11500.0,15,1500.0,13.043478260869565,1.0,100000000.0,115000000.0,15.0,3669.0,0
41,1,0,0,0,0,0,0,1,0,0,0,0,0,0,0,0,0,0,0,0,1,0,0,0,0,400000000,480000000.0,60,80000000.0,16.666666666666664,6.5,183333333.3333333,226500000.0,35.0,3755.8333333333335,3
31,1,0,0,0,0,0,0,1,0,0,0,0,0,0,0,0,0,0,0,0,0,0,1,0,0,400000000,440000000.0,30,40000000.0,9.090909090909092,6.0,236363636.3636364,267704545.45454547,24.545454545454547,3616.090909090909,1
37,0,1,0,0,0,0,1,0,0,0,0,0,0,0,0,0,0,0,0,0,1,0,0,0,0,100000000,130000000.0,30,30000000.0,23.07692307692308,1.0,100000000.0,115000000.0,15.0,3670.0,1
44,0,1,0,0,0,0,0,1,0,0,0,0,0,0,0,0,0,0,0,1,0,0,0,0,0,100000000,130000000.0,30,30000000.0,23.07692307692308,2.0,100000000.0,130000000.0,30.0,3610.0,1
31,0,1,0,0,0,0,0,0,0,0,0,0,0,0,1,0,0,0,0,0,1,0,0,0,0,10000,13000.0,30,3000.0,23.07692307692308,1.0,100000000.0,130000000.0,30.0,3668.0,1
29,0,1,0,0,0,0,0,1,0,0,0,0,0,0,0,0,0,0,0,0,1,0,0,0,0,100000000,115000000.0,15,15000000.0,13.043478260869565,1.0,100000000.0,130000000.0,30.0,3669.0,0
35,1,0,0,0,0,0,0,0,0,0,0,1,0,0,0,0,0,0,0,0,0,0,1,0,0,40000,44000.0,30,4000.0,9.090909090909092,5.5,270000000.0,309000000.0,30.0,3609.2,1
39,0,1,0,0,0,0,0,1,0,0,0,0,0,0,0,0,0,0,0,0,1,0,0,0,0,100000000,130000000.0,30,30000000.0,23.07692307692308,1.5,100000000.0,130000000.0,30.0,3611.0,1
31,0,1,0,0,0,0,1,0,0,0,0,0,0,0,0,0,0,0,0,0,1,0,0,0,0,200000000,245000000.0,30,45000000.0,18.367346938775512,3.0,120000000.0,143250000.0,21.0,3618.6,1
32,0,1,0,0,0,0,0,0,0,0,0,0,0,0,0,0,0,0,0,0,1,0,0,0,0,10000,13000.0,30,3000.0,23.07692307692308,2.5,100000000.0,130000000.0,30.0,3610.25,1
31,0,1,0,0,0,0,0,1,0,0,0,0,0,0,0,0,0,0,0,1,0,0,0,0,0,100000000,115000000.0,15,15000000.0,13.043478260869565,3.0,100000000.0,115000000.0,15.0,3607.8,0
34,1,0,0,0,0,0,0,1,0,0,0,0,0,0,0,0,0,0,0,0,1,0,0,0,0,300000000,390000000.0,60,90000000.0,23.07692307692308,5.0,150000000.0,186277777.7777778,30.0,3622.6666666666665,3
31,0,1,0,0,0,0,1,0,0,0,0,0,0,0,0,0,0,0,0,0,1,0,0,0,0,10000,11125.0,15,1125.0,10.112359550561797,1.5,100000000.0,115000000.0,15.0,3641.5,0
29,0,1,0,1,0,0,0,0,0,0,0,0,0,0,0,0,0,0,0,0,1,0,0,0,0,100000000,130000000.0,30,30000000.0,23.07692307692308,2.0,100000000.0,130000000.0,30.0,3606.6666666666665,1
32,0,1,0,0,0,0,0,0,0,0,0,0,0,0,0,0,0,0,1,0,1,0,0,0,0,100000000,130000000.0,30,30000000.0,23.07692307692308,1.0,100000000.0,130000000.0,30.0,3669.0,1
37,0,1,0,0,0,0,0,1,0,0,0,0,0,0,0,0,0,0,0,0,1,0,0,0,0,10000,13000.0,30,3000.0,23.07692307692308,1.0,100000000.0,130000000.0,30.0,3669.0,1
34,0,1,0,0,0,0,0,0,0,0,1,0,0,0,0,0,0,0,0,0,1,0,0,0,0,100000000,130000000.0,30,30000000.0,23.07692307692308,1.0,100000000.0,115000000.0,15.0,3667.0,1
39,1,0,0,0,0,0,1,0,0,0,0,0,0,0,0,0,0,0,0,0,1,0,0,0,0,100000000,115000000.0,15,15000000.0,13.043478260869565,1.5,100000000.0,115000000.0,15.0,3610.5,0
36,0,1,1,0,0,0,0,0,0,0,0,0,0,0,0,0,0,0,0,0,1,0,0,0,0,100000000,130000000.0,30,30000000.0,23.07692307692308,1.0,100000000.0,130000000.0,30.0,3668.0,1
33,0,1,0,0,0,0,0,0,0,0,0,0,0,0,0,0,0,0,0,0,1,0,0,0,0,300000000,330000000.0,30,30000000.0,9.090909090909092,4.5,225000000.0,260437500.0,26.25,3617.0,1
43,0,1,0,1,0,0,0,0,0,0,0,0,0,0,0,0,0,0,0,1,0,0,0,0,0,100000000,130000000.0,30,30000000.0,23.07692307692308,1.0,100000000.0,130000000.0,30.0,3612.0,1
38,0,1,0,0,1,0,0,0,0,0,0,0,0,0,0,0,0,0,0,0,1,0,0,0,0,100000000,130000000.0,30,30000000.0,23.07692307692308,1.0,100000000.0,130000000.0,30.0,3609.0,1
36,0,1,0,0,1,0,0,0,0,0,0,0,0,0,0,0,0,0,0,0,1,0,0,0,0,100000000,130000000.0,30,30000000.0,23.07692307692308,1.5,100000000.0,130000000.0,30.0,3609.0,1
31,0,1,0,0,0,0,1,0,0,0,0,0,0,0,0,0,0,0,0,0,0,0,0,1,0,100000000,130000000.0,30,30000000.0,23.07692307692308,1.0,100000000.0,130000000.0,30.0,3620.0,1
38,1,0,0,0,0,0,1,0,0,0,0,0,0,0,0,0,0,0,0,0,1,0,0,0,0,400000000,440000000.0,30,40000000.0,9.090909090909092,6.0,227272727.27272728,257727272.72727272,23.181818181818183,3607.363636363637,1
47,0,1,0,0,0,0,1,0,0,0,0,0,0,0,0,0,0,0,0,0,1,0,0,0,0,25000,28750.0,30,3750.0,13.043478260869565,2.5,162500000.0,198125000.0,30.0,3607.75,1
39,1,0,0,0,0,0,0,1,0,0,0,0,0,0,0,0,0,0,0,0,1,0,0,0,0,200000000,210000000.0,15,10000000.0,4.761904761904762,6.0,200000000.0,237227272.72727272,32.72727272727273,3610.0,0
34,0,1,0,0,0,0,0,1,0,0,0,0,0,0,0,0,0,0,0,0,1,0,0,0,0,100000000,115000000.0,15,15000000.0,13.043478260869565,1.0,100000000.0,115000000.0,15.0,3619.0,0
41,0,1,0,0,0,0,0,1,0,0,0,0,0,0,0,0,0,0,0,0,1,0,0,0,0,300000000,345000000.0,30,45000000.0,13.043478260869565,2.0,133333333.33333331,150833333.33333334,15.0,3629.3333333333335,1
38,0,1,0,0,0,0,0,0,0,0,0,0,0,0,0,0,0,0,0,1,0,0,0,0,0,400000000,440000000.0,30,40000000.0,9.090909090909092,6.5,200000000.0,228083333.3333333,22.5,3610.0833333333335,1
31,0,1,0,0,0,0,0,1,0,0,0,0,0,0,0,0,0,0,0,0,1,0,0,0,0,10000,13000.0,30,3000.0,23.07692307692308,1.0,100000000.0,130000000.0,30.0,3668.0,1
31,1,0,0,0,0,0,0,0,0,0,0,0,0,0,0,0,0,0,0,0,1,0,0,0,0,25000,27500.0,30,2500.0,9.090909090909092,6.5,166666666.66666666,188322916.66666663,20.0,3622.0833333333335,1
29,1,0,0,0,0,0,0,0,0,0,0,0,0,0,0,0,0,0,0,0,1,0,0,0,0,10000,11125.0,15,1125.0,10.112359550561797,3.5,183333333.3333333,223666666.66666663,35.0,3609.8333333333335,0
37,0,1,0,0,0,0,0,0,0,0,0,1,0,0,0,0,0,0,0,0,1,0,0,0,0,100000000,130000000.0,30,30000000.0,23.07692307692308,1.0,100000000.0,130000000.0,30.0,3668.0,1
32,0,1,0,0,0,0,0,0,0,0,1,0,0,0,0,0,0,0,0,0,1,0,0,0,0,100000000,115000000.0,15,15000000.0,13.043478260869565,1.5,100000000.0,115000000.0,15.0,3607.5,0
33,1,0,0,0,0,0,0,1,0,0,0,0,0,0,0,0,0,0,0,0,1,0,0,0,0,20000,24500.0,30,4500.0,18.367346938775512,3.0,100000000.0,130000000.0,30.0,3608.2,1
38,0,1,0,0,0,0,1,0,0,0,0,0,0,0,0,0,0,0,0,1,0,0,0,0,0,30000,39000.0,60,9000.0,23.07692307692308,6.0,218181818.1818182,253818181.8181818,27.272727272727277,3609.0,3
41,1,0,1,0,0,0,0,0,0,0,0,0,0,0,0,0,0,0,0,0,1,0,0,0,0,40000,44000.0,30,4000.0,9.090909090909092,7.5,278571428.5714286,319714285.71428573,30.0,3756.714285714286,1
27,0,1,0,0,0,0,0,1,0,0,0,0,0,0,0,0,0,0,0,0,1,0,0,0,0,100000000,115000000.0,15,15000000.0,13.043478260869565,1.5,100000000.0,115000000.0,15.0,3637.0,0
33,0,1,0,0,0,0,1,0,0,0,0,0,0,0,0,0,0,0,0,0,1,0,0,0,0,30000,39000.0,60,9000.0,23.07692307692308,3.5,150000000.0,168750000.0,15.0,3607.5,3
41,0,1,0,0,0,0,0,0,0,0,0,0,0,0,0,0,0,0,1,0,1,0,0,0,0,200000000,245000000.0,30,45000000.0,18.367346938775512,2.0,100000000.0,130000000.0,30.0,3611.3333333333335,1
32,0,1,0,0,0,0,0,1,0,0,0,0,0,0,0,0,0,0,0,0,1,0,0,0,0,100000000,115000000.0,15,15000000.0,13.043478260869565,1.0,100000000.0,130000000.0,30.0,3614.0,0
26,0,1,0,0,0,0,0,1,0,0,0,0,0,0,0,0,0,0,0,0,1,0,0,0,0,100000000,115000000.0,15,15000000.0,13.043478260869565,1.0,100000000.0,115000000.0,15.0,3621.0,0
43,0,1,0,1,0,0,0,0,0,0,0,0,0,0,0,0,0,0,0,0,1,0,0,0,0,150000000,183750000.0,30,33750000.0,18.367346938775512,3.5,125000000.0,154291666.66666666,27.5,3609.6666666666665,1
34,0,1,0,0,0,0,0,1,0,0,0,0,0,0,0,0,0,0,0,0,1,0,0,0,0,100000000,130000000.0,30,30000000.0,23.07692307692308,2.0,100000000.0,125000000.0,25.0,3608.3333333333335,1
32,0,1,0,0,0,0,0,0,0,0,0,0,0,0,0,0,0,0,0,0,1,0,0,0,0,100000000,130000000.0,30,30000000.0,23.07692307692308,1.0,100000000.0,115000000.0,15.0,3668.0,1
38,0,1,0,0,0,0,0,1,0,0,0,0,0,0,0,0,0,0,0,0,1,0,0,0,0,200000000,245000000.0,30,45000000.0,18.367346938775512,1.5,100000000.0,122500000.0,22.5,3636.5,1
42,0,0,0,0,1,0,0,0,0,0,0,0,0,0,0,0,0,0,0,0,1,0,0,0,0,100000000,130000000.0,30,30000000.0,23.07692307692308,5.0,120000000.0,151888888.8888889,30.0,3615.222222222222,1
48,0,1,0,0,1,0,0,0,0,0,0,0,0,0,0,0,0,0,0,1,0,0,0,0,0,200000000,245000000.0,30,45000000.0,18.367346938775512,2.0,100000000.0,130000000.0,30.0,3608.6666666666665,1
50,0,1,0,0,0,0,0,0,0,0,0,0,0,0,1,0,0,0,0,0,0,0,1,0,0,15000,16687.5,15,1687.5,10.112359550561797,4.0,142857142.85714287,161607142.85714287,19.285714285714285,3610.285714285714,0
30,0,1,0,1,0,0,0,0,0,0,0,0,0,0,0,0,0,0,0,0,1,0,0,0,0,100000000,130000000.0,30,30000000.0,23.07692307692308,1.0,100000000.0,115000000.0,15.0,3667.0,1
34,1,0,0,0,0,0,0,1,0,0,0,0,0,0,0,0,0,0,0,0,1,0,0,0,0,400000000,480000000.0,60,80000000.0,16.666666666666664,5.0,233333333.3333333,268388888.8888889,26.666666666666668,3623.0,3
39,0,1,0,0,0,0,0,0,0,0,0,0,0,0,1,0,0,0,0,0,1,0,0,0,0,400000000,480000000.0,60,80000000.0,16.666666666666664,3.5,233333333.3333333,282500000.0,42.5,5096.333333333333,5
27,0,1,0,0,0,0,0,1,0,0,0,0,0,0,0,0,0,0,0,0,0,0,0,1,0,10000,13000.0,30,3000.0,23.07692307692308,4.0,100000000.0,130000000.0,30.0,3617.857142857143,1
34,0,1,0,0,0,0,0,1,0,0,0,0,0,0,0,0,0,0,0,0,1,0,0,0,0,10000,13000.0,30,3000.0,23.07692307692308,3.5,116666666.66666669,145500000.0,27.5,3607.8333333333335,1
52,0,1,0,0,0,0,0,0,0,0,0,0,0,0,0,0,0,0,0,0,1,0,0,0,0,100000000,130000000.0,30,30000000.0,23.07692307692308,1.0,100000000.0,130000000.0,30.0,3668.0,1
33,0,1,0,0,0,0,1,0,0,0,0,0,0,0,0,0,0,0,0,0,1,0,0,0,0,100000000,130000000.0,30,30000000.0,23.07692307692308,1.0,100000000.0,130000000.0,30.0,3668.0,1
30,0,1,0,0,0,0,1,0,0,0,0,0,0,0,0,0,0,0,0,1,0,0,0,0,0,300000000,345000000.0,30,45000000.0,13.043478260869565,5.0,200000000.0,227888888.8888889,21.666666666666668,3611.8888888888887,1
38,1,0,0,0,0,0,0,1,0,0,0,0,0,0,0,0,0,0,0,0,1,0,0,0,0,300000000,345000000.0,30,45000000.0,13.043478260869565,7.0,238461538.4615385,269615384.61538464,21.923076923076923,3609.6153846153848,1
29,0,1,0,0,0,0,1,0,0,0,0,0,0,0,0,0,0,0,0,0,1,0,0,0,0,10000,11500.0,15,1500.0,13.043478260869565,1.0,100000000.0,130000000.0,30.0,3667.0,0
36,1,0,0,0,0,0,0,1,0,0,0,0,0,0,0,0,0,0,0,0,0,0,1,0,0,40000,44000.0,30,4000.0,9.090909090909092,9.5,233333333.3333333,260277777.7777778,20.0,3608.3888888888887,1
30,1,0,0,0,0,0,0,0,0,0,0,0,0,0,0,0,0,0,1,0,1,0,0,0,0,100000000,130000000.0,30,30000000.0,23.07692307692308,3.5,100000000.0,129833333.33333331,30.0,3610.0,1
45,1,0,1,0,0,0,0,0,0,0,0,0,0,0,0,0,0,0,0,0,1,0,0,0,0,400000000,480000000.0,60,80000000.0,16.666666666666664,5.0,216666666.66666663,257166666.66666663,36.66666666666666,3616.6666666666665,3
57,0,1,0,0,0,0,0,1,0,0,0,0,0,0,0,0,0,0,0,1,0,0,0,0,0,100000000,130000000.0,30,30000000.0,23.07692307692308,1.0,100000000.0,130000000.0,30.0,3667.0,1
40,0,1,0,0,1,0,0,0,0,0,0,0,0,0,0,0,0,0,0,0,1,0,0,0,0,20000,24500.0,30,4500.0,18.367346938775512,1.5,100000000.0,130000000.0,30.0,3609.5,1
45,0,1,0,0,1,0,0,0,0,0,0,0,0,0,0,0,0,0,0,0,1,0,0,0,0,10000,13000.0,30,3000.0,23.07692307692308,1.0,100000000.0,130000000.0,30.0,3609.0,1
35,0,1,0,0,0,0,0,1,0,0,0,0,0,0,0,0,0,0,0,0,1,0,0,0,0,100000000,115000000.0,15,15000000.0,13.043478260869565,1.5,100000000.0,115000000.0,15.0,3925.0,0
33,0,1,0,0,0,0,0,1,0,0,0,0,0,0,0,0,0,0,0,0,1,0,0,0,0,100000000,115000000.0,15,15000000.0,13.043478260869565,3.5,150000000.0,172500000.0,17.5,3607.5,0
29,0,1,0,0,0,0,0,0,0,0,0,0,0,0,0,0,0,0,0,1,0,0,0,0,0,10000,13000.0,30,3000.0,23.07692307692308,2.0,100000000.0,130000000.0,30.0,3607.6666666666665,1
37,1,0,0,0,0,0,0,1,0,0,0,0,0,0,0,0,0,0,0,0,1,0,0,0,0,400000000,440000000.0,30,40000000.0,9.090909090909092,6.5,250000000.0,286250000.0,27.5,3609.1666666666665,1
39,0,1,0,0,0,0,0,0,0,0,0,0,0,0,0,0,0,0,1,0,1,0,0,0,0,100000000,130000000.0,30,30000000.0,23.07692307692308,1.0,100000000.0,130000000.0,30.0,3668.0,1
43,1,0,0,0,0,0,1,0,0,0,0,0,0,0,0,0,0,0,0,0,1,0,0,0,0,300000000,345000000.0,30,45000000.0,13.043478260869565,5.5,210000000.0,249000000.0,30.0,3619.6,1
30,0,1,0,0,0,0,0,1,0,0,0,0,0,0,0,0,0,0,0,0,1,0,0,0,0,100000000,115000000.0,15,15000000.0,13.043478260869565,1.0,100000000.0,115000000.0,15.0,3670.0,0
54,0,1,0,0,0,0,0,1,0,0,0,0,0,0,0,0,0,0,0,0,1,0,0,0,0,300000000,345000000.0,30,45000000.0,13.043478260869565,2.5,175000000.0,199375000.0,18.75,3624.25,1
31,0,1,0,0,0,0,1,0,0,0,0,0,0,0,0,0,0,0,0,0,1,0,0,0,0,100000000,130000000.0,30,30000000.0,23.07692307692308,1.0,100000000.0,115000000.0,15.0,3644.0,1
28,0,1,0,0,0,0,1,0,0,0,0,0,0,0,0,0,0,0,0,1,0,0,0,0,0,300000000,345000000.0,30,45000000.0,13.043478260869565,3.5,133333333.33333331,150208333.33333334,15.0,3608.0,1
37,0,1,0,0,0,0,1,0,0,0,0,0,0,0,0,0,0,0,0,0,1,0,0,0,0,100000000,130000000.0,30,30000000.0,23.07692307692308,1.5,100000000.0,130000000.0,30.0,3612.5,1
58,0,1,0,0,0,0,0,1,0,0,0,0,0,0,0,0,0,0,0,1,0,0,0,0,0,100000000,130000000.0,30,30000000.0,23.07692307692308,1.0,100000000.0,130000000.0,30.0,3615.0,1
31,0,1,0,0,0,0,0,0,0,0,0,0,0,0,0,0,0,0,0,0,0,0,0,1,0,100000000,130000000.0,30,30000000.0,23.07692307692308,2.0,100000000.0,130000000.0,30.0,3618.0,1
35,1,0,0,0,0,0,0,1,0,0,0,0,0,0,0,0,0,0,0,0,1,0,0,0,0,400000000,440000000.0,30,40000000.0,9.090909090909092,7.5,207142857.14285716,237910714.2857143,26.785714285714285,4358.428571428572,4
36,0,1,0,0,0,0,0,0,0,0,0,0,0,0,0,0,0,0,0,0,1,0,0,0,0,10000,13000.0,30,3000.0,23.07692307692308,1.5,100000000.0,130000000.0,30.0,3608.5,1
39,0,1,1,0,0,0,0,0,0,0,0,0,0,0,0,0,0,0,0,0,1,0,0,0,0,10000,11500.0,15,1500.0,13.043478260869565,1.0,100000000.0,115000000.0,15.0,3614.0,0
35,0,1,1,0,0,0,0,0,0,0,0,0,0,0,0,0,0,0,0,1,0,0,0,0,0,10000,13000.0,30,3000.0,23.07692307692308,1.0,100000000.0,115000000.0,15.0,3608.0,1
32,0,1,0,0,0,0,1,0,0,0,0,0,0,0,0,0,0,0,0,0,1,0,0,0,0,100000000,130000000.0,30,30000000.0,23.07692307692308,1.5,100000000.0,122500000.0,30.0,3637.0,1
31,0,1,0,0,0,0,0,1,0,0,0,0,0,0,0,0,0,0,0,0,0,0,0,1,0,100000000,115000000.0,15,15000000.0,13.043478260869565,1.5,100000000.0,115000000.0,15.0,3637.0,0
33,0,1,0,0,0,0,0,0,0,0,0,0,0,0,0,0,0,0,1,0,1,0,0,0,0,100000000,115000000.0,15,15000000.0,13.043478260869565,1.5,100000000.0,115000000.0,15.0,3608.0,0
34,1,0,0,0,0,0,0,0,0,0,0,0,0,0,0,0,0,0,0,0,1,0,0,0,0,300000000,345000000.0,30,45000000.0,13.043478260869565,3.5,195000000.0,219750000.0,20.0,3610.5,1
34,0,1,0,0,0,0,0,0,0,0,1,0,0,0,0,0,0,0,0,1,0,0,0,0,0,10000,11500.0,15,1500.0,13.043478260869565,3.0,140000000.0,164800000.0,21.0,3609.0,0
40,0,1,0,0,0,0,0,0,0,0,0,0,0,0,0,0,0,0,0,1,0,0,0,0,0,20000,22250.0,15,2250.0,10.112359550561797,3.0,120000000.0,135750000.0,15.0,3619.2,0
41,0,1,1,0,0,0,0,0,0,0,0,0,0,0,0,0,0,0,0,0,1,0,0,0,0,300000000,345000000.0,30,45000000.0,13.043478260869565,4.0,150000000.0,173000000.0,19.285714285714285,3616.857142857143,1
50,0,1,1,0,0,0,0,0,0,0,0,0,0,0,0,0,0,0,0,1,0,0,0,0,0,100000000,130000000.0,30,30000000.0,23.07692307692308,1.0,100000000.0,115000000.0,15.0,3608.0,1
33,0,1,0,0,0,0,0,1,0,0,0,0,0,0,0,0,0,0,0,0,1,0,0,0,0,100000000,130000000.0,30,30000000.0,23.07692307692308,1.5,100000000.0,130000000.0,30.0,3610.0,1
33,0,1,0,0,0,0,0,1,0,0,0,0,0,0,0,0,0,0,0,0,1,0,0,0,0,10000,11500.0,15,1500.0,13.043478260869565,1.5,100000000.0,115000000.0,15.0,3637.5,0
46,0,1,0,0,0,0,0,1,0,0,0,0,0,0,0,0,0,0,0,1,0,0,0,0,0,10000,13000.0,30,3000.0,23.07692307692308,1.0,100000000.0,130000000.0,30.0,3669.0,1
30,0,1,0,0,0,0,0,1,0,0,0,0,0,0,0,0,0,0,0,0,1,0,0,0,0,100000000,115000000.0,15,15000000.0,13.043478260869565,1.0,100000000.0,115000000.0,15.0,3668.0,0
34,0,1,0,0,0,0,1,0,0,0,0,0,0,0,0,0,0,0,0,0,1,0,0,0,0,100000000,115000000.0,15,15000000.0,13.043478260869565,1.0,100000000.0,115000000.0,15.0,3616.0,0
38,0,1,0,0,0,0,0,1,0,0,0,0,0,0,0,0,0,0,0,0,0,0,1,0,0,35000,38500.0,30,3500.0,9.090909090909092,7.5,245000000.0,279696428.5714286,27.857142857142858,3609.142857142857,1
33,0,1,0,0,0,0,0,1,0,0,0,0,0,0,0,0,0,0,0,0,1,0,0,0,0,100000000,130000000.0,30,30000000.0,23.07692307692308,1.5,100000000.0,130000000.0,30.0,3637.5,1
30,1,0,0,0,0,0,0,1,0,0,0,0,0,0,0,0,0,0,0,0,1,0,0,0,0,15000,18375.0,30,3375.0,18.367346938775512,1.5,100000000.0,122500000.0,22.5,3638.5,1
43,0,1,0,0,0,0,0,0,0,0,0,0,0,0,0,0,0,0,1,1,0,0,0,0,0,200000000,222500000.0,15,22500000.0,10.112359550561797,1.5,100000000.0,115000000.0,15.0,3638.0,0
30,0,1,1,0,0,0,0,0,0,0,0,0,0,0,0,0,0,0,0,0,0,0,0,1,0,100000000,115000000.0,15,15000000.0,13.043478260869565,1.0,100000000.0,115000000.0,15.0,3669.0,0
39,0,1,0,0,0,0,1,0,0,0,0,0,0,0,0,0,0,0,0,0,1,0,0,0,0,100000000,130000000.0,30,30000000.0,23.07692307692308,1.0,100000000.0,115000000.0,15.0,3607.0,1
33,1,0,0,0,0,0,0,1,0,0,0,0,0,0,0,0,0,0,0,0,0,0,0,1,0,300000000,345000000.0,30,45000000.0,13.043478260869565,4.0,142857142.85714287,174428571.42857143,30.0,3609.142857142857,1
38,0,1,0,0,0,0,0,1,0,0,0,0,0,0,0,0,0,0,0,0,1,0,0,0,0,100000000,130000000.0,30,30000000.0,23.07692307692308,1.0,100000000.0,130000000.0,30.0,3668.0,1
40,0,1,1,0,0,0,0,0,0,0,0,0,0,0,0,0,0,0,0,0,1,0,0,0,0,300000000,345000000.0,30,45000000.0,13.043478260869565,4.0,171428571.42857143,198857142.85714287,21.428571428571427,3617.714285714286,1
32,0,1,0,0,0,0,0,1,0,0,0,0,0,0,0,0,0,0,0,1,0,0,0,0,0,100000000,130000000.0,30,30000000.0,23.07692307692308,1.0,100000000.0,115000000.0,15.0,3668.0,1
41,0,1,0,0,0,0,0,1,0,0,0,0,0,0,0,0,0,0,0,1,0,0,0,0,0,10000,11500.0,15,1500.0,13.043478260869565,1.0,100000000.0,115000000.0,15.0,3614.0,0
42,1,0,0,0,0,0,0,1,0,0,0,0,0,0,0,0,0,0,0,0,1,0,0,0,0,400000000,440000000.0,30,40000000.0,9.090909090909092,5.5,280000000.0,326000000.0,37.5,3619.4,1
36,0,1,0,0,0,0,0,0,0,0,0,0,0,0,0,0,0,0,0,0,1,0,0,0,0,300000000,390000000.0,60,90000000.0,23.07692307692308,4.5,162500000.0,200625000.0,31.875,3623.0,3
45,1,0,0,0,0,0,0,0,0,0,0,0,0,0,1,0,0,0,0,0,1,0,0,0,0,100000000,115000000.0,15,15000000.0,13.043478260869565,1.0,100000000.0,115000000.0,15.0,3608.0,0
43,0,1,0,0,0,0,0,1,0,0,0,0,0,0,0,0,0,0,0,0,1,0,0,0,0,100000000,115000000.0,15,15000000.0,13.043478260869565,1.0,100000000.0,115000000.0,15.0,3673.0,0
37,0,1,0,0,0,0,0,0,0,0,0,0,0,0,0,0,0,0,0,0,1,0,0,0,0,100000000,130000000.0,30,30000000.0,23.07692307692308,1.0,100000000.0,130000000.0,30.0,3612.0,1
36,1,0,0,0,0,0,0,1,0,0,0,0,0,0,0,0,0,0,0,0,1,0,0,0,0,100000000,107500000.0,15,7500000.0,6.976744186046512,4.0,178571428.57142857,201071428.57142857,19.285714285714285,3616.0,0
33,1,0,0,0,0,0,0,0,0,0,0,0,0,0,0,0,0,0,1,0,1,0,0,0,0,200000000,245000000.0,30,45000000.0,18.367346938775512,5.0,155555555.55555555,183833333.3333333,23.33333333333333,3609.1111111111113,1
31,0,1,0,0,0,0,1,0,0,0,0,0,0,0,0,0,0,0,0,0,1,0,0,0,0,100000000,130000000.0,30,30000000.0,23.07692307692308,1.0,100000000.0,130000000.0,30.0,3609.0,1
44,0,1,0,0,0,0,1,0,0,0,0,0,0,0,0,0,0,0,0,1,0,0,0,0,0,300000000,390000000.0,60,90000000.0,23.07692307692308,3.5,150000000.0,181250000.0,25.0,3618.5,3
38,0,1,0,0,0,0,0,0,0,0,0,0,0,0,0,0,0,0,0,0,1,0,0,0,0,30000,34500.0,30,4500.0,13.043478260869565,3.0,160000000.0,178100000.0,15.0,3607.6,1
41,0,1,0,0,0,0,0,0,0,0,0,0,0,0,0,0,0,0,0,0,1,0,0,0,0,300000000,345000000.0,30,45000000.0,13.043478260869565,4.0,185714285.7142857,222142857.14285716,30.0,3611.142857142857,1
42,0,1,0,0,0,0,0,0,0,0,0,0,0,0,0,0,0,0,0,0,1,0,0,0,0,100000000,130000000.0,30,30000000.0,23.07692307692308,1.0,100000000.0,130000000.0,30.0,3670.0,1
38,0,1,0,1,0,0,0,0,0,0,0,0,0,0,0,0,0,0,0,0,1,0,0,0,0,100000000,130000000.0,30,30000000.0,23.07692307692308,1.0,100000000.0,130000000.0,30.0,3612.0,1
38,1,0,0,0,0,0,0,1,0,0,0,0,0,0,0,0,0,0,0,0,0,0,1,0,0,300000000,390000000.0,60,90000000.0,23.07692307692308,5.0,188888888.8888889,234111111.1111111,36.66666666666666,3615.6666666666665,3
35,0,1,0,0,0,0,0,1,0,0,0,0,0,0,0,0,0,0,0,0,1,0,0,0,0,100000000,130000000.0,30,30000000.0,23.07692307692308,1.0,100000000.0,115000000.0,15.0,3669.0,1
34,0,1,0,0,0,0,0,0,0,0,0,0,0,0,0,0,0,0,0,0,1,0,0,0,0,100000000,130000000.0,30,30000000.0,23.07692307692308,1.5,100000000.0,130000000.0,30.0,3611.5,1
27,0,1,0,0,0,0,0,1,0,0,0,0,0,0,0,0,0,0,0,0,1,0,0,0,0,100000000,115000000.0,15,15000000.0,13.043478260869565,1.0,100000000.0,115000000.0,15.0,3614.0,0
37,0,0,0,0,0,0,0,0,0,0,0,0,0,0,0,0,0,0,1,0,1,0,0,0,0,200000000,245000000.0,30,45000000.0,18.367346938775512,2.0,100000000.0,130000000.0,30.0,3611.0,1
36,0,1,0,0,0,0,0,1,0,0,0,0,0,0,0,0,0,0,0,0,1,0,0,0,0,100000000,130000000.0,30,30000000.0,23.07692307692308,1.5,100000000.0,130000000.0,30.0,3608.5,1
37,0,1,0,0,0,0,0,0,0,0,0,0,0,0,0,0,0,0,1,0,1,0,0,0,0,10000,12250.0,30,2250.0,18.367346938775512,1.5,20000000.0,26000000.0,30.0,3607.0,1
33,0,1,0,0,0,0,1,0,0,0,0,0,0,0,0,0,0,0,0,0,1,0,0,0,0,200000000,245000000.0,30,45000000.0,18.367346938775512,2.0,100000000.0,125000000.0,25.0,3610.0,1
38,0,1,0,0,0,0,0,1,0,0,0,0,0,0,0,0,0,0,0,0,1,0,0,0,0,100000000,111250000.0,15,11250000.0,10.112359550561797,2.0,100000000.0,115000000.0,15.0,3610.3333333333335,0
45,0,1,0,0,0,1,0,0,0,0,0,0,0,0,0,0,0,0,0,1,0,0,0,0,0,100000000,130000000.0,30,30000000.0,23.07692307692308,1.0,100000000.0,130000000.0,30.0,3618.0,1
42,1,0,1,0,0,0,0,0,0,0,0,0,0,0,0,0,0,0,0,0,1,0,0,0,0,300000000,345000000.0,30,45000000.0,13.043478260869565,5.5,180000000.0,214600000.0,28.5,3609.9,1
48,0,1,0,0,0,0,1,0,0,0,0,0,0,0,0,0,0,0,0,0,1,0,0,0,0,10000,11500.0,15,1500.0,13.043478260869565,1.5,100000000.0,115000000.0,15.0,3637.0,0
35,0,1,0,0,1,0,0,0,0,0,0,0,0,0,0,0,0,0,0,0,1,0,0,0,0,15000,18375.0,30,3375.0,18.367346938775512,3.0,120000000.0,135750000.0,15.0,3624.4,1
33,0,1,0,0,0,0,0,1,0,0,0,0,0,0,0,0,0,0,0,0,1,0,0,0,0,100000000,130000000.0,30,30000000.0,23.07692307692308,1.5,100000000.0,122500000.0,22.5,3609.5,1
44,1,0,0,0,0,0,0,1,0,0,0,0,0,0,0,0,0,0,0,0,1,0,0,0,0,40000,44000.0,30,4000.0,9.090909090909092,6.0,263636363.63636363,303681818.1818182,32.72727272727273,3622.272727272728,1
31,1,0,1,0,0,0,0,0,0,0,0,0,0,0,0,0,0,0,0,0,1,0,0,0,0,400000000,440000000.0,30,40000000.0,9.090909090909092,8.0,226666666.66666663,271866666.6666667,37.0,3610.0666666666666,1
36,0,1,0,0,0,0,1,0,0,0,0,0,0,0,0,0,0,0,0,0,1,0,0,0,0,10000,13000.0,30,3000.0,23.07692307692308,1.5,100000000.0,130000000.0,30.0,3611.0,1
43,0,1,0,0,0,1,0,0,0,0,0,0,0,0,0,0,0,0,0,0,1,0,0,0,0,200000000,245000000.0,30,45000000.0,18.367346938775512,1.5,100000000.0,130000000.0,30.0,3637.5,1
34,0,1,0,0,0,0,0,1,0,0,0,0,0,0,0,0,0,0,0,1,0,0,0,0,0,100000000,130000000.0,30,30000000.0,23.07692307692308,1.0,100000000.0,130000000.0,30.0,3618.0,1
40,1,0,0,0,0,0,0,0,0,0,0,0,0,0,0,0,0,0,0,0,1,0,0,0,0,400000000,440000000.0,30,40000000.0,9.090909090909092,6.0,263636363.63636363,311000000.0,38.18181818181818,3609.4545454545455,1
34,1,0,0,0,0,0,0,1,0,0,0,0,0,0,0,0,0,0,0,0,1,0,0,0,0,30000,34500.0,30,4500.0,13.043478260869565,5.0,188888888.8888889,222333333.3333333,26.666666666666668,3618.555555555556,1
30,1,0,0,0,0,0,0,0,0,0,0,0,0,0,0,0,0,0,0,0,1,0,0,0,0,100000000,130000000.0,30,30000000.0,23.07692307692308,1.0,100000000.0,130000000.0,30.0,3668.0,1
36,0,1,0,0,0,0,0,1,0,0,0,0,0,0,0,0,0,0,0,0,1,0,0,0,0,200000000,245000000.0,30,45000000.0,18.367346938775512,2.5,125000000.0,147500000.0,18.75,3608.75,1
39,0,1,1,0,0,0,0,0,0,0,0,0,0,0,0,0,0,0,0,0,1,0,0,0,0,100000000,115000000.0,15,15000000.0,13.043478260869565,1.0,100000000.0,115000000.0,15.0,3668.0,0
35,1,0,1,0,0,0,0,0,0,0,0,0,0,0,0,0,0,0,0,0,1,0,0,0,0,400000000,440000000.0,30,40000000.0,9.090909090909092,6.0,195454545.45454547,224568181.8181818,23.181818181818183,3614.818181818182,1
33,1,0,0,0,0,0,0,1,0,0,0,0,0,0,0,0,0,0,0,0,1,0,0,0,0,300000000,345000000.0,30,45000000.0,13.043478260869565,5.0,177777777.7777778,213777777.7777778,30.0,3610.1111111111113,1
35,0,1,0,0,0,0,0,1,0,0,0,0,0,0,0,0,0,0,0,0,1,0,0,0,0,20000,24500.0,30,4500.0,18.367346938775512,2.0,100000000.0,130000000.0,30.0,3627.0,1
33,0,1,0,0,0,0,0,0,0,0,0,0,0,0,0,0,0,0,0,0,1,0,0,0,0,100000000,130000000.0,30,30000000.0,23.07692307692308,1.0,100000000.0,130000000.0,30.0,3667.0,1
37,0,1,0,0,0,0,0,1,0,0,0,0,0,0,0,0,0,0,0,0,1,0,0,0,0,30000,34500.0,30,4500.0,13.043478260869565,3.0,180000000.0,211500000.0,24.0,3607.2,1
27,0,1,0,0,0,0,0,1,0,0,0,0,0,0,0,0,0,0,0,1,0,0,0,0,0,20000,24500.0,30,4500.0,18.367346938775512,1.5,100000000.0,122500000.0,22.5,3636.5,1
32,0,1,0,0,0,0,0,1,0,0,0,0,0,0,0,0,0,0,0,0,1,0,0,0,0,100000000,130000000.0,30,30000000.0,23.07692307692308,1.0,100000000.0,115000000.0,15.0,3668.0,1
32,0,1,0,0,0,0,0,1,0,0,0,0,0,0,0,0,0,0,0,0,1,0,0,0,0,100000000,115000000.0,15,15000000.0,13.043478260869565,1.5,100000000.0,115000000.0,15.0,3610.5,0
46,0,1,0,0,0,0,0,0,0,0,0,1,0,0,0,0,0,0,0,0,1,0,0,0,0,100000000,115000000.0,15,15000000.0,13.043478260869565,1.0,100000000.0,115000000.0,15.0,3668.0,0
38,1,0,1,0,0,0,0,0,0,0,0,0,0,0,0,0,0,0,0,0,1,0,0,0,0,100000000,130000000.0,30,30000000.0,23.07692307692308,3.5,100000000.0,130000000.0,30.0,3614.1666666666665,1
41,1,0,0,0,0,0,0,0,0,0,0,1,0,0,0,0,0,0,0,0,1,0,0,0,0,200000000,245000000.0,30,45000000.0,18.367346938775512,3.5,116666666.66666669,149166666.66666666,30.0,3621.0,1
35,0,1,0,0,0,0,0,0,0,0,1,0,0,0,0,0,0,0,0,0,1,0,0,0,0,20000,22250.0,15,2250.0,10.112359550561797,2.5,112500000.0,139687500.0,26.25,3609.5,0
38,0,1,0,0,0,0,0,0,0,0,0,0,0,0,0,0,0,0,1,0,1,0,0,0,0,100000000,130000000.0,30,30000000.0,23.07692307692308,1.0,100000000.0,130000000.0,30.0,3667.0,1
36,1,0,0,0,0,0,0,1,0,0,0,0,0,0,0,0,0,0,0,0,1,0,0,0,0,400000000,480000000.0,60,80000000.0,16.666666666666664,4.0,228571428.57142857,278571428.5714286,42.85714285714285,3619.857142857143,3
31,0,1,0,0,0,0,0,1,0,0,0,0,0,0,0,0,0,0,0,0,1,0,0,0,0,250000000,275000000.0,30,25000000.0,9.090909090909092,6.583333333333333,187500000.0,217427083.3333333,26.25,3616.5,1
32,0,1,0,0,0,0,0,0,0,0,0,0,0,0,1,0,0,0,0,0,1,0,0,0,0,10000,13000.0,30,3000.0,23.07692307692308,1.0,100000000.0,130000000.0,30.0,3668.0,1
40,0,1,0,0,0,0,0,0,0,0,0,1,0,0,0,0,0,0,0,0,1,0,0,0,0,200000000,215000000.0,15,15000000.0,6.976744186046512,3.5,141666666.66666666,164541666.66666666,20.0,3618.6666666666665,0
36,1,0,0,0,0,0,0,0,0,0,0,0,0,0,0,0,0,0,0,0,0,0,1,0,0,100000000,115000000.0,15,15000000.0,13.043478260869565,1.0,100000000.0,115000000.0,15.0,3614.0,0
38,0,1,0,0,0,0,0,0,0,0,0,0,0,0,0,0,0,0,1,0,1,0,0,0,0,100000000,130000000.0,30,30000000.0,23.07692307692308,1.5,100000000.0,130000000.0,30.0,3637.5,1
43,0,1,0,0,0,0,1,0,0,0,0,0,0,0,0,0,0,0,0,0,1,0,0,0,0,200000000,245000000.0,30,45000000.0,18.367346938775512,2.0,100000000.0,130000000.0,30.0,3614.0,1
41,0,1,0,0,0,0,1,0,0,0,0,0,0,0,0,0,0,0,0,0,1,0,0,0,0,200000000,245000000.0,30,45000000.0,18.367346938775512,2.0,100000000.0,115000000.0,15.0,3611.6666666666665,1
42,1,0,0,0,0,0,0,0,0,0,0,0,0,0,0,0,0,0,0,0,1,0,0,0,0,400000000,440000000.0,30,40000000.0,9.090909090909092,5.5,245000000.0,279975000.0,30.0,3612.8,1
55,1,0,0,1,0,0,0,0,0,0,0,0,0,0,0,0,0,0,0,0,0,0,1,0,0,100000000,115000000.0,15,15000000.0,13.043478260869565,1.0,100000000.0,130000000.0,30.0,3607.0,0
34,0,1,1,0,0,0,0,0,0,0,0,0,0,0,0,0,0,0,0,0,1,0,0,0,0,300000000,345000000.0,30,45000000.0,13.043478260869565,5.5,150000000.0,173675000.0,19.5,3608.7,1
31,0,1,0,0,0,0,0,1,0,0,0,0,0,0,0,0,0,0,0,0,1,0,0,0,0,10000,11500.0,15,1500.0,13.043478260869565,1.0,100000000.0,115000000.0,15.0,3668.0,0
43,0,1,0,0,0,0,0,1,0,0,0,0,0,0,0,0,0,0,0,0,1,0,0,0,0,10000,13000.0,30,3000.0,23.07692307692308,1.0,100000000.0,115000000.0,15.0,3668.0,1
38,0,1,0,0,0,0,0,1,0,0,0,0,0,0,0,0,0,0,0,0,1,0,0,0,0,200000000,245000000.0,30,45000000.0,18.367346938775512,3.0,140000000.0,167000000.0,21.0,3619.0,1
45,0,1,0,0,0,0,0,0,0,0,0,0,0,0,0,0,0,0,0,1,0,0,0,0,0,200000000,245000000.0,30,45000000.0,18.367346938775512,2.5,125000000.0,155000000.0,26.25,3608.0,1
40,0,1,0,0,0,0,1,0,0,0,0,0,0,0,0,0,0,0,0,0,1,0,0,0,0,10000,13000.0,30,3000.0,23.07692307692308,1.5,100000000.0,130000000.0,30.0,3608.5,1
33,1,0,0,0,0,0,1,0,0,0,0,0,0,0,0,0,0,0,0,0,1,0,0,0,0,200000000,245000000.0,30,45000000.0,18.367346938775512,3.0,140000000.0,173000000.0,27.0,3620.0,1
40,1,0,0,0,0,0,0,0,0,0,1,0,0,0,0,0,0,0,0,0,1,0,0,0,0,300000000,390000000.0,60,90000000.0,23.07692307692308,4.0,192857142.85714287,234071428.57142857,32.142857142857146,3617.428571428572,3
40,0,1,0,0,0,0,0,0,0,0,0,0,0,0,1,0,0,0,0,0,0,0,1,0,0,100000000,115000000.0,30,15000000.0,13.043478260869565,6.0,172727272.72727272,205454545.45454547,28.63636363636364,6514.636363636364,5
31,0,1,0,0,0,0,0,1,0,0,0,0,0,0,0,0,0,0,0,0,1,0,0,0,0,200000000,245000000.0,30,45000000.0,18.367346938775512,2.0,100000000.0,125000000.0,25.0,3609.6666666666665,1
28,0,1,0,0,0,0,0,0,0,0,0,0,0,0,0,0,0,0,1,0,1,0,0,0,0,10000,13000.0,30,3000.0,23.07692307692308,1.0,100000000.0,130000000.0,30.0,3667.0,1
32,0,1,0,0,0,0,0,1,0,0,0,0,0,0,0,0,0,0,0,0,1,0,0,0,0,200000000,245000000.0,30,45000000.0,18.367346938775512,3.0,140000000.0,173000000.0,27.0,3609.2,1
41,0,1,0,0,0,1,0,0,0,0,0,0,0,0,0,0,0,0,0,0,0,0,1,0,0,500000000,575000000.0,90,75000000.0,13.043478260869565,5.5,250000000.0,300000000.0,42.0,3608.7,2
36,0,1,0,0,0,0,0,0,0,0,0,0,0,0,0,0,0,0,1,0,0,0,1,0,0,400000000,480000000.0,60,80000000.0,16.666666666666664,5.0,188888888.8888889,230833333.3333333,36.66666666666666,3622.555555555556,3
38,1,0,0,0,0,0,1,0,0,0,0,0,0,0,0,0,0,0,0,0,1,0,0,0,0,100000000,130000000.0,30,30000000.0,23.07692307692308,1.5,100000000.0,130000000.0,30.0,3607.0,1
35,0,1,0,0,0,0,0,0,0,0,0,0,0,0,0,0,0,0,0,0,0,0,0,1,0,20000,24500.0,30,4500.0,18.367346938775512,2.5,112500000.0,127968750.0,15.0,3611.0,1
40,0,1,0,0,0,0,0,0,0,0,1,0,0,0,0,0,0,0,0,0,1,0,0,0,0,300000000,345000000.0,30,45000000.0,13.043478260869565,4.5,181250000.0,211093750.0,24.375,3614.0,1
39,0,1,0,0,0,0,0,1,0,0,0,0,0,0,0,0,0,0,0,0,1,0,0,0,0,100000000,130000000.0,30,30000000.0,23.07692307692308,1.0,100000000.0,130000000.0,30.0,3669.0,1
47,0,1,0,0,0,0,1,0,0,0,0,0,0,0,0,0,0,0,0,0,1,0,0,0,0,100000000,130000000.0,30,30000000.0,23.07692307692308,1.5,100000000.0,130000000.0,30.0,3637.0,1
52,0,1,0,1,0,0,0,0,0,0,0,0,0,0,0,0,0,0,0,0,1,0,0,0,0,100000000,130000000.0,30,30000000.0,23.07692307692308,1.0,100000000.0,115000000.0,15.0,3669.0,1
30,0,1,0,0,0,0,1,0,0,0,0,0,0,0,0,0,0,0,0,0,1,0,0,0,0,200000000,245000000.0,30,45000000.0,18.367346938775512,2.5,125000000.0,158750000.0,30.0,3622.75,1
39,0,1,0,0,0,0,0,1,0,0,0,0,0,0,0,0,0,0,0,0,1,0,0,0,0,100000000,130000000.0,30,30000000.0,23.07692307692308,1.0,100000000.0,115000000.0,15.0,3668.0,1
27,0,1,0,0,0,0,0,0,0,0,0,0,0,0,0,0,0,0,1,0,0,0,0,1,0,100000000,115000000.0,15,15000000.0,13.043478260869565,1.0,100000000.0,115000000.0,15.0,3670.0,0
36,0,1,0,0,0,0,0,1,0,0,0,0,0,0,0,0,0,0,0,0,1,0,0,0,0,100000000,115000000.0,15,15000000.0,13.043478260869565,1.5,100000000.0,115000000.0,15.0,3638.0,0
42,1,0,0,0,0,0,0,0,0,0,0,0,0,0,0,0,0,0,1,0,1,0,0,0,0,200000000,245000000.0,30,45000000.0,18.367346938775512,2.5,125000000.0,140937500.0,15.0,3615.25,1
37,0,1,0,0,0,0,0,0,0,0,0,0,0,0,1,0,0,0,0,0,1,0,0,0,0,40000,44000.0,30,4000.0,9.090909090909092,4.0,207142857.14285716,251142857.14285716,38.57142857142857,3608.714285714286,1
34,0,1,1,0,0,0,0,0,0,0,0,0,0,0,0,0,0,0,0,0,1,0,0,0,0,100000000,130000000.0,30,30000000.0,23.07692307692308,1.0,100000000.0,130000000.0,30.0,3667.0,1
42,1,0,0,0,0,0,0,0,0,0,0,0,0,0,0,0,0,0,1,0,1,0,0,0,0,200000000,245000000.0,30,45000000.0,18.367346938775512,2.5,125000000.0,140937500.0,15.0,3615.25,1
28,0,1,0,0,0,0,0,1,0,0,0,0,0,0,0,0,0,0,0,0,0,0,0,1,0,200000000,245000000.0,30,45000000.0,18.367346938775512,2.5,150000000.0,183750000.0,26.25,3615.75,1
33,0,1,0,0,0,0,0,0,0,0,0,0,0,0,0,0,0,0,0,1,0,0,0,0,0,150000000,183750000.0,30,33750000.0,18.367346938775512,2.0,100000000.0,130000000.0,30.0,3607.3333333333335,1
33,0,1,0,0,0,0,0,0,0,0,0,0,0,0,1,0,0,0,0,0,1,0,0,0,0,300000000,390000000.0,60,90000000.0,23.07692307692308,3.0,160000000.0,197600000.0,30.0,3620.4,3
42,1,0,0,0,0,0,0,1,0,0,0,0,0,0,0,0,0,0,0,0,0,0,1,0,0,100000000,115000000.0,15,15000000.0,13.043478260869565,4.5,112500000.0,140562500.0,28.125,3611.875,0
30,0,1,0,0,0,0,0,1,0,0,0,0,0,0,0,0,0,0,0,1,0,0,0,0,0,100000000,130000000.0,30,30000000.0,23.07692307692308,1.5,100000000.0,130000000.0,30.0,3637.5,1
40,0,1,0,0,0,0,0,0,0,0,0,0,0,0,0,0,0,0,1,0,1,0,0,0,0,10000,13000.0,30,3000.0,23.07692307692308,1.0,100000000.0,130000000.0,30.0,3667.0,1
28,1,0,1,0,0,0,0,0,0,0,0,0,0,0,0,0,0,0,0,0,1,0,0,0,0,100000000,115000000.0,15,15000000.0,13.043478260869565,4.5,93750000.0,108750000.0,16.875,3615.5,0
34,0,1,0,0,0,0,0,0,0,0,0,0,0,0,0,0,0,0,0,0,1,0,0,0,0,10000,11500.0,15,1500.0,13.043478260869565,1.0,100000000.0,115000000.0,15.0,3668.0,0
49,1,0,1,0,0,0,0,0,0,0,0,0,0,0,0,0,0,0,0,0,0,0,1,0,0,40000,44000.0,30,4000.0,9.090909090909092,5.5,270000000.0,309600000.0,28.5,3610.4,1
38,0,1,1,0,0,0,0,0,0,0,0,0,0,0,0,0,0,0,0,0,1,0,0,0,0,10000,13000.0,30,3000.0,23.07692307692308,1.0,100000000.0,130000000.0,30.0,3669.0,1
41,0,1,1,0,0,0,0,0,0,0,0,0,0,0,0,0,0,0,0,1,0,0,0,0,0,20000,24500.0,30,4500.0,18.367346938775512,2.0,100000000.0,130000000.0,30.0,3618.0,1
27,0,1,0,0,0,0,0,1,0,0,0,0,0,0,0,0,0,0,0,0,0,0,0,1,0,100000000,130000000.0,30,30000000.0,23.07692307692308,1.0,100000000.0,115000000.0,15.0,3668.0,1
35,0,1,0,0,0,0,0,1,0,0,0,0,0,0,0,0,0,0,0,1,0,0,0,0,0,100000000,115000000.0,15,15000000.0,13.043478260869565,1.5,100000000.0,115000000.0,15.0,3668.0,0
39,0,1,0,0,0,0,0,0,0,0,0,0,0,0,0,0,0,0,1,0,1,0,0,0,0,10000,13000.0,30,3000.0,23.07692307692308,1.5,100000000.0,130000000.0,30.0,3609.0,1
38,1,0,0,0,1,0,0,0,0,0,0,0,0,0,0,0,0,0,0,0,0,0,1,0,0,400000000,480000000.0,60,80000000.0,16.666666666666664,6.5,216666666.66666663,263500000.0,38.75,3613.0833333333335,3
38,1,0,0,0,0,0,0,0,0,0,0,0,0,0,1,0,0,0,0,0,1,0,0,0,0,400000000,440000000.0,30,40000000.0,9.090909090909092,5.5,210000000.0,244400000.0,27.0,3620.5,1
38,0,1,0,0,0,0,0,0,0,0,0,0,0,0,0,0,0,0,0,1,0,0,0,0,0,100000000,115000000.0,15,15000000.0,13.043478260869565,1.0,100000000.0,115000000.0,15.0,3675.0,0
40,0,1,0,1,0,0,0,0,0,0,0,0,0,0,0,0,0,0,0,0,1,0,0,0,0,100000000,130000000.0,30,30000000.0,23.07692307692308,1.5,100000000.0,130000000.0,30.0,3610.5,1
46,0,1,0,0,0,0,0,1,0,0,0,0,0,0,0,0,0,0,0,0,1,0,0,0,0,10000,13000.0,30,3000.0,23.07692307692308,1.5,100000000.0,130000000.0,30.0,3612.5,1
49,0,1,0,0,0,0,0,0,0,0,0,0,0,0,0,0,0,0,0,0,1,0,0,0,0,100000000,110000000.0,15,10000000.0,9.090909090909092,1.0,100000000.0,130000000.0,30.0,3668.0,0
36,0,1,0,0,0,0,0,0,0,0,0,0,0,0,0,0,0,0,0,0,0,0,0,1,0,400000000,480000000.0,60,80000000.0,16.666666666666664,4.5,225000000.0,267937500.0,35.625,3617.875,3
27,0,1,0,0,0,0,0,0,0,0,0,1,0,0,0,0,0,0,0,0,1,0,0,0,0,100000000,130000000.0,30,30000000.0,23.07692307692308,1.0,100000000.0,115000000.0,15.0,3669.0,1
29,0,1,0,0,0,0,0,0,0,0,1,0,0,0,0,0,0,0,0,1,0,0,0,0,0,100000000,115000000.0,15,15000000.0,13.043478260869565,1.5,100000000.0,122500000.0,22.5,3615.0,0
33,0,1,0,0,0,0,0,1,0,0,0,0,0,0,0,0,0,0,0,0,1,0,0,0,0,10000,11500.0,15,1500.0,13.043478260869565,2.0,100000000.0,115000000.0,15.0,3609.3333333333335,0
37,0,1,1,0,0,0,0,0,0,0,0,0,0,0,0,0,0,0,0,0,1,0,0,0,0,200000000,245000000.0,30,45000000.0,18.367346938775512,2.0,100000000.0,125000000.0,25.0,3607.6666666666665,1
43,0,1,0,0,0,0,0,1,0,0,0,0,0,0,0,0,0,0,0,0,1,0,0,0,0,100000000,115000000.0,15,15000000.0,13.043478260869565,1.5,100000000.0,122500000.0,22.5,3613.0,0
34,1,0,0,0,0,0,0,0,0,0,0,0,0,0,0,0,0,0,0,0,1,0,0,0,0,300000000,345000000.0,30,45000000.0,13.043478260869565,5.5,180000000.0,217500000.0,30.0,3616.4,1
37,1,0,0,0,0,0,0,0,0,0,1,0,0,0,0,0,0,0,0,0,1,0,0,0,0,300000000,345000000.0,30,45000000.0,13.043478260869565,4.5,162500000.0,185062500.0,18.75,3609.5,1
41,0,1,0,0,0,0,0,1,0,0,0,0,0,0,0,0,0,0,0,0,1,0,0,0,0,20000,24500.0,30,4500.0,18.367346938775512,3.0,100000000.0,130000000.0,30.0,3621.8,1
39,0,1,0,0,0,0,0,1,0,0,0,0,0,0,0,0,0,0,0,0,1,0,0,0,0,200000000,245000000.0,30,45000000.0,18.367346938775512,4.0,114285714.28571428,146428571.42857143,30.0,3608.857142857143,1
29,0,1,0,0,0,0,0,1,0,0,0,0,0,0,0,0,0,0,0,0,1,0,0,0,0,100000000,115000000.0,15,15000000.0,13.043478260869565,1.5,100000000.0,130000000.0,30.0,3608.5,0
48,1,0,0,0,0,0,1,0,0,0,0,0,0,0,0,0,0,0,0,0,1,0,0,0,0,200000000,230000000.0,30,30000000.0,13.043478260869565,4.0,171428571.42857143,208535714.2857143,34.285714285714285,3628.857142857143,1
33,0,1,0,0,0,0,0,1,0,0,0,0,0,0,0,0,0,0,0,1,0,0,0,0,0,100000000,130000000.0,30,30000000.0,23.07692307692308,2.0,100000000.0,130000000.0,30.0,3678.0,1
32,0,1,0,0,0,0,0,0,0,0,1,0,0,0,0,0,0,0,0,0,1,0,0,0,0,100000000,130000000.0,30,30000000.0,23.07692307692308,1.5,100000000.0,130000000.0,30.0,3638.5,1
46,0,1,0,0,0,0,1,0,0,0,0,0,0,0,0,0,0,0,0,0,1,0,0,0,0,100000000,130000000.0,30,30000000.0,23.07692307692308,1.0,100000000.0,115000000.0,15.0,3607.0,1
35,1,0,1,0,0,0,0,0,0,0,0,0,0,0,0,0,0,0,0,0,1,0,0,0,0,30000,34500.0,30,4500.0,13.043478260869565,5.0,172222222.2222222,207722222.2222222,30.0,3616.777777777778,1
27,0,1,0,0,0,0,1,0,0,0,0,0,0,0,0,0,0,0,0,0,0,0,0,1,0,500000000,550000000.0,60,50000000.0,9.090909090909092,6.5,275000000.0,325500000.0,40.0,3609.6666666666665,3
33,0,1,1,0,0,0,0,0,0,0,0,0,0,0,0,0,0,0,0,0,1,0,0,0,0,20000,24500.0,30,4500.0,18.367346938775512,3.5,116666666.66666669,138333333.33333334,20.0,3617.8333333333335,1
45,1,0,0,0,1,0,0,0,0,0,0,0,0,0,0,0,0,0,0,0,1,0,0,0,0,300000000,345000000.0,30,45000000.0,13.043478260869565,3.5,208333333.3333333,243250000.0,27.5,3628.5,1
41,0,1,0,0,0,0,0,1,0,0,0,0,0,0,0,0,0,0,0,0,1,0,0,0,0,10000,13000.0,30,3000.0,23.07692307692308,1.0,100000000.0,130000000.0,30.0,3668.0,1
37,0,1,0,0,0,0,0,1,0,0,0,0,0,0,0,0,0,0,0,0,1,0,0,0,0,10000,13000.0,30,3000.0,23.07692307692308,1.5,100000000.0,122500000.0,22.5,3607.5,1
36,0,1,0,0,0,0,0,1,0,0,0,0,0,0,0,0,0,0,0,0,1,0,0,0,0,200000000,245000000.0,30,45000000.0,18.367346938775512,2.0,100000000.0,125000000.0,25.0,3609.6666666666665,1
39,0,1,0,0,0,0,0,1,0,0,0,0,0,0,0,0,0,0,0,0,1,0,0,0,0,100000000,115000000.0,15,15000000.0,13.043478260869565,1.0,100000000.0,115000000.0,15.0,3616.0,0
36,0,1,0,0,0,0,0,0,0,0,1,0,0,0,0,0,0,0,0,0,1,0,0,0,0,100000000,130000000.0,30,30000000.0,23.07692307692308,1.5,100000000.0,130000000.0,30.0,3638.0,1
35,0,1,0,0,0,0,0,1,0,0,0,0,0,0,0,0,0,0,0,0,1,0,0,0,0,200000000,245000000.0,30,45000000.0,18.367346938775512,2.5,125000000.0,153750000.0,26.25,3607.5,1
38,1,0,0,0,0,0,0,0,0,0,0,1,0,0,0,0,0,0,0,0,1,0,0,0,0,100000000,130000000.0,30,30000000.0,23.07692307692308,1.5,100000000.0,130000000.0,30.0,3609.5,1
34,0,1,0,0,0,0,1,0,0,0,0,0,0,0,0,0,0,0,0,1,0,0,0,0,0,10000,11500.0,15,1500.0,13.043478260869565,1.5,100000000.0,115000000.0,15.0,3611.5,0
37,0,1,0,0,0,0,0,0,0,0,0,0,0,0,0,0,0,0,1,0,1,0,0,0,0,100000000,115000000.0,15,15000000.0,13.043478260869565,1.0,100000000.0,130000000.0,30.0,3611.0,0
38,0,1,0,0,0,0,0,0,0,0,0,0,0,0,0,0,0,0,0,0,1,0,0,0,0,200000000,222500000.0,15,22500000.0,10.112359550561797,2.0,100000000.0,120000000.0,20.0,3609.6666666666665,0
35,1,0,0,0,0,0,0,0,0,0,0,0,0,0,0,0,0,0,0,0,0,0,1,0,0,300000000,345000000.0,30,45000000.0,13.043478260869565,5.5,165000000.0,194549900.0,25.5,5170.2,4
38,1,0,0,0,0,0,0,0,0,0,0,0,0,0,1,0,0,0,0,0,1,0,0,0,0,400000000,440000000.0,30,40000000.0,9.090909090909092,7.5,242857142.85714287,286607142.85714287,34.285714285714285,3613.071428571429,1
41,0,1,0,0,0,0,0,1,0,0,0,0,0,0,0,0,0,0,0,0,1,0,0,0,0,100000000,130000000.0,30,30000000.0,23.07692307692308,1.5,100000000.0,130000000.0,30.0,3607.5,1
33,0,1,0,0,0,0,0,0,0,0,0,0,0,0,0,0,0,0,0,0,1,0,0,0,0,20000,24500.0,30,4500.0,18.367346938775512,4.0,114285714.28571428,146428571.42857143,30.0,3777.142857142857,1
37,0,1,0,0,0,0,0,0,0,0,0,0,0,0,0,0,0,0,0,0,1,0,0,0,0,150000000,183750000.0,30,33750000.0,18.367346938775512,2.0,100000000.0,130000000.0,30.0,3614.0,1
40,0,1,0,0,0,0,0,0,0,0,0,0,0,0,1,0,0,0,0,0,1,0,0,0,0,100000000,110000000.0,15,10000000.0,9.090909090909092,1.0,100000000.0,130000000.0,30.0,3668.0,0
40,0,1,1,0,0,0,0,0,0,0,0,0,0,0,0,0,0,0,0,0,1,0,0,0,0,10000,11500.0,15,1500.0,13.043478260869565,2.0,100000000.0,115000000.0,15.0,3607.6666666666665,0
41,1,0,1,0,0,0,0,0,0,0,0,0,0,0,0,0,0,0,0,0,1,0,0,0,0,100000000,130000000.0,30,30000000.0,23.07692307692308,2.0,100000000.0,130000000.0,30.0,3619.0,1
43,1,0,0,0,0,0,1,0,0,0,0,0,0,0,0,0,0,0,0,0,1,0,0,0,0,40000,48000.0,60,8000.0,16.666666666666664,5.0,200000000.0,240222222.2222222,33.333333333333336,3615.555555555556,3
30,0,1,0,0,0,0,0,1,0,0,0,0,0,0,0,0,0,0,0,0,1,0,0,0,0,10000,13000.0,30,3000.0,23.07692307692308,1.5,100000000.0,130000000.0,30.0,3608.5,1
33,0,1,0,0,0,1,0,0,0,0,0,0,0,0,0,0,0,0,0,1,0,0,0,0,0,20000,24500.0,30,4500.0,18.367346938775512,2.0,100000000.0,130000000.0,30.0,3609.3333333333335,1
43,0,1,0,0,0,0,1,0,0,0,0,0,0,0,0,0,0,0,0,0,1,0,0,0,0,20000,22250.0,15,2250.0,10.112359550561797,2.0,100000000.0,125000000.0,25.0,3613.3333333333335,0
52,0,1,0,0,0,0,1,0,0,0,0,0,0,0,0,0,0,0,0,0,1,0,0,0,0,400000000,440000000.0,30,40000000.0,9.090909090909092,7.0,263846153.84615383,301365384.61538464,27.692307692307693,3610.076923076923,1
32,1,0,1,0,0,0,0,0,0,0,0,0,0,0,0,0,0,0,0,0,1,0,0,0,0,20000,23000.0,30,3000.0,13.043478260869565,3.5,133333333.33333331,159333333.33333334,25.0,3610.5,1
35,0,1,0,0,0,0,0,1,0,0,0,0,0,0,0,0,0,0,0,1,0,0,0,0,0,100000000,130000000.0,30,30000000.0,23.07692307692308,1.0,100000000.0,130000000.0,30.0,3669.0,1
37,0,1,0,0,0,0,0,1,0,0,0,0,0,0,0,0,0,0,0,0,1,0,0,0,0,300000000,390000000.0,60,90000000.0,23.07692307692308,3.5,175000000.0,202083333.3333333,22.5,3608.6666666666665,3
45,1,0,0,0,0,0,0,1,0,0,0,0,0,0,0,0,0,0,0,0,1,0,0,0,0,400000000,480000000.0,60,80000000.0,16.666666666666664,6.0,227272727.27272728,267454545.45454547,32.72727272727273,3611.0,3
38,0,1,0,0,0,0,0,1,0,0,0,0,0,0,0,0,0,0,0,0,1,0,0,0,0,100000000,115000000.0,15,15000000.0,13.043478260869565,1.0,100000000.0,115000000.0,15.0,3668.0,0
44,0,1,0,0,0,0,0,1,0,0,0,0,0,0,0,0,0,0,0,0,1,0,0,0,0,100000000,130000000.0,30,30000000.0,23.07692307692308,1.0,100000000.0,115000000.0,15.0,3671.0,1
39,0,1,0,0,0,0,0,1,0,0,0,0,0,0,0,0,0,0,0,0,1,0,0,0,0,100000000,130000000.0,30,30000000.0,23.07692307692308,1.5,100000000.0,130000000.0,30.0,3637.5,1
45,0,1,0,0,0,0,1,0,0,0,0,0,0,0,0,0,0,0,0,0,1,0,0,0,0,10000,13000.0,30,3000.0,23.07692307692308,1.0,100000000.0,130000000.0,30.0,3669.0,1
33,0,1,0,0,0,0,0,1,0,0,0,0,0,0,0,0,0,0,0,0,1,0,0,0,0,100000000,115000000.0,15,15000000.0,13.043478260869565,1.0,100000000.0,130000000.0,30.0,3669.0,0
37,0,1,0,0,0,0,0,0,0,0,0,0,0,0,0,0,0,0,1,0,1,0,0,0,0,100000000,130000000.0,30,30000000.0,23.07692307692308,1.0,100000000.0,130000000.0,30.0,3668.0,1
32,0,1,0,0,0,0,1,0,0,0,0,0,0,0,0,0,0,0,0,0,1,0,0,0,0,10000,13000.0,30,3000.0,23.07692307692308,1.0,100000000.0,115000000.0,15.0,3668.0,1
26,0,1,0,0,0,0,0,0,0,0,0,0,0,0,0,0,0,0,0,0,1,0,0,0,0,10000,13000.0,30,3000.0,23.07692307692308,1.0,100000000.0,115000000.0,15.0,3669.0,1
43,0,1,0,0,0,0,0,0,0,0,0,0,0,0,0,0,0,0,1,1,0,0,0,0,0,100000000,130000000.0,30,30000000.0,23.07692307692308,1.0,100000000.0,130000000.0,30.0,3611.0,1
32,0,1,0,0,0,0,0,0,0,0,0,0,0,0,0,0,0,0,0,0,1,0,0,0,0,100000000,115000000.0,15,15000000.0,13.043478260869565,1.0,100000000.0,115000000.0,15.0,3668.0,0
35,0,1,0,0,0,0,0,0,0,0,0,0,0,0,0,0,0,0,1,0,1,0,0,0,0,200000000,245000000.0,30,45000000.0,18.367346938775512,2.0,100000000.0,130000000.0,30.0,3608.0,1
26,1,0,0,0,1,0,0,0,0,0,0,0,0,0,0,0,0,0,0,0,0,0,1,0,0,200000000,245000000.0,30,45000000.0,18.367346938775512,2.0,100000000.0,125000000.0,25.0,3612.3333333333335,1
33,0,1,1,0,0,0,0,0,0,0,0,0,0,0,0,0,0,0,0,0,1,0,0,0,0,300000000,345000000.0,30,45000000.0,13.043478260869565,3.5,166666666.66666666,187937500.0,17.5,3617.6666666666665,1
33,0,1,0,0,0,0,0,0,0,0,0,0,0,0,0,0,0,0,0,0,1,0,0,0,0,25000,28750.0,30,3750.0,13.043478260869565,4.5,150000000.0,185250000.0,33.75,3609.75,1
35,0,1,0,0,0,0,0,1,0,0,0,0,0,0,0,0,0,0,0,0,1,0,0,0,0,200000000,245000000.0,30,45000000.0,18.367346938775512,2.5,125000000.0,151250000.0,22.5,3606.0,1
36,1,0,0,0,0,0,1,0,0,0,0,0,0,0,0,0,0,0,0,0,1,0,0,0,0,200000000,245000000.0,30,45000000.0,18.367346938775512,2.5,125000000.0,158750000.0,30.0,3608.75,1
39,0,1,1,0,0,0,0,0,0,0,0,0,0,0,0,0,0,0,0,0,1,0,0,0,0,100000000,130000000.0,30,30000000.0,23.07692307692308,1.0,100000000.0,130000000.0,30.0,3668.0,1
40,0,1,0,0,0,0,1,0,0,0,0,0,0,0,0,0,0,0,0,0,1,0,0,0,0,100000000,115000000.0,15,15000000.0,13.043478260869565,1.0,100000000.0,115000000.0,15.0,3670.0,0
27,1,0,0,0,0,0,0,1,0,0,0,0,0,0,0,0,0,0,0,0,0,0,1,0,0,300000000,345000000.0,30,45000000.0,13.043478260869565,4.5,200000000.0,230812500.0,24.375,3611.0,1
37,0,1,0,0,0,1,0,0,0,0,0,0,0,0,0,0,0,0,0,0,1,0,0,0,0,100000000,130000000.0,30,30000000.0,23.07692307692308,1.0,100000000.0,130000000.0,30.0,3609.0,1
33,0,1,0,0,0,0,0,0,0,0,0,0,0,0,0,0,0,0,0,0,1,0,0,0,0,100000000,130000000.0,30,30000000.0,23.07692307692308,1.5,100000000.0,115000000.0,15.0,3637.5,1
46,0,1,0,0,0,0,0,0,0,0,0,0,0,0,0,0,0,0,0,0,1,0,0,0,0,100000000,130000000.0,30,30000000.0,23.07692307692308,1.5,100000000.0,130000000.0,30.0,3609.0,1
48,0,1,1,0,0,0,0,0,0,0,0,0,0,0,0,0,0,0,0,0,1,0,0,0,0,100000000,130000000.0,30,30000000.0,23.07692307692308,1.0,100000000.0,130000000.0,30.0,3667.0,1
36,0,1,0,0,0,0,1,0,0,0,0,0,0,0,0,0,0,0,0,0,1,0,0,0,0,100000000,115000000.0,15,15000000.0,13.043478260869565,2.0,100000000.0,115000000.0,15.0,3609.0,0
38,0,1,0,0,0,0,0,1,0,0,0,0,0,0,0,0,0,0,0,0,1,0,0,0,0,10000,13000.0,30,3000.0,23.07692307692308,1.0,100000000.0,130000000.0,30.0,3668.0,1
38,0,1,0,0,0,0,0,1,0,0,0,0,0,0,0,0,0,0,0,0,1,0,0,0,0,10000,13000.0,30,3000.0,23.07692307692308,2.5,100000000.0,130000000.0,30.0,3608.0,1
29,0,1,0,0,0,0,0,1,0,0,0,0,0,0,0,0,0,0,0,1,0,0,0,0,0,300000000,345000000.0,30,45000000.0,13.043478260869565,3.5,141666666.66666666,166041666.66666666,20.0,3607.1666666666665,1
35,0,1,0,0,0,0,0,1,0,0,0,0,0,0,0,0,0,0,0,0,1,0,0,0,0,100000000,130000000.0,30,30000000.0,23.07692307692308,1.0,100000000.0,115000000.0,15.0,3669.0,1
47,1,0,0,0,0,0,0,0,0,0,0,0,0,0,0,0,0,0,0,0,1,0,0,0,0,100000000,130000000.0,30,30000000.0,23.07692307692308,1.0,100000000.0,130000000.0,30.0,3668.0,1
40,0,1,0,0,0,0,0,1,0,0,0,0,0,0,0,0,0,0,0,0,1,0,0,0,0,300000000,390000000.0,60,90000000.0,23.07692307692308,4.0,171428571.42857143,198857142.85714287,21.428571428571427,3608.142857142857,3
57,0,1,0,0,0,0,0,1,0,0,0,0,0,0,0,0,0,0,0,0,1,0,0,0,0,100000000,130000000.0,30,30000000.0,23.07692307692308,1.0,100000000.0,130000000.0,30.0,3613.0,1
43,0,1,0,0,0,0,0,1,0,0,0,0,0,0,0,0,0,0,0,1,0,0,0,0,0,100000000,115000000.0,15,15000000.0,13.043478260869565,1.0,100000000.0,115000000.0,15.0,3669.0,0
36,0,1,0,0,0,0,1,0,0,0,0,0,0,0,0,0,0,0,0,0,1,0,0,0,0,200000000,245000000.0,30,45000000.0,18.367346938775512,2.5,125000000.0,158750000.0,30.0,3607.5,1
45,0,1,0,0,0,0,1,0,0,0,0,0,0,0,0,0,0,0,0,0,1,0,0,0,0,100000000,130000000.0,30,30000000.0,23.07692307692308,1.0,100000000.0,130000000.0,30.0,3612.0,1
31,0,1,0,0,0,0,0,0,0,0,0,0,0,0,0,0,0,0,0,1,0,0,0,0,0,10000,13000.0,30,3000.0,23.07692307692308,1.5,100000000.0,122500000.0,22.5,3615.5,1
36,0,1,0,0,0,0,0,0,0,0,0,1,0,0,0,0,0,0,0,0,1,0,0,0,0,100000000,111250000.0,15,11250000.0,10.112359550561797,2.0,100000000.0,125000000.0,25.0,3627.3333333333335,0
33,0,1,0,0,0,0,1,0,0,0,0,0,0,0,0,0,0,0,0,0,1,0,0,0,0,300000000,345000000.0,30,45000000.0,13.043478260869565,3.5,250000000.0,287500000.0,30.0,3638.0,1
32,1,0,0,0,0,0,0,0,0,0,0,0,0,0,1,0,0,0,0,0,1,0,0,0,0,10000,13000.0,30,3000.0,23.07692307692308,3.0,100000000.0,127000000.0,27.0,3618.8,1
31,0,1,0,0,0,0,0,0,0,0,0,0,0,0,1,0,0,0,0,0,1,0,0,0,0,50000,52500.0,30,2500.0,4.761904761904762,6.0,281818181.8181818,327363636.3636364,36.81818181818182,6356.090909090909,5
29,0,1,0,0,0,0,0,0,0,0,0,0,0,0,1,0,0,0,0,1,0,0,0,0,0,100000000,115000000.0,15,15000000.0,13.043478260869565,1.0,100000000.0,115000000.0,15.0,3671.0,0
37,0,1,0,0,0,0,0,0,0,0,0,0,0,0,1,0,0,0,0,0,1,0,0,0,0,100000000,130000000.0,30,30000000.0,23.07692307692308,1.0,100000000.0,130000000.0,30.0,3668.0,1
37,0,1,0,0,0,0,0,1,0,0,0,0,0,0,0,0,0,0,0,1,0,0,0,0,0,100000000,130000000.0,30,30000000.0,23.07692307692308,1.5,100000000.0,122500000.0,22.5,3606.5,1
45,1,0,0,0,0,0,0,1,0,0,0,0,0,0,0,0,0,0,0,0,1,0,0,0,0,400000000,480000000.0,60,80000000.0,16.666666666666664,8.0,184000000.0,214933333.3333333,27.0,3610.3333333333335,3
46,0,1,0,0,0,0,0,1,0,0,0,0,0,0,0,0,0,0,0,0,1,0,0,0,0,10000,13000.0,30,3000.0,23.07692307692308,2.0,93333333.33333331,121333333.33333331,30.0,3629.6666666666665,1
46,0,1,0,0,0,0,0,0,0,0,0,0,0,0,1,0,0,0,0,0,1,0,0,0,0,10000,13000.0,30,3000.0,23.07692307692308,1.0,100000000.0,130000000.0,30.0,7205.0,5
29,0,1,0,0,0,0,0,1,0,0,0,0,0,0,0,0,0,0,0,0,1,0,0,0,0,200000000,222500000.0,15,22500000.0,10.112359550561797,2.5,125000000.0,158750000.0,30.0,3610.75,0
35,0,1,0,0,0,0,0,0,0,0,0,0,0,0,1,0,0,0,0,1,0,0,0,0,0,300000000,345000000.0,30,45000000.0,13.043478260869565,3.5,150000000.0,180000000.0,22.5,3607.1666666666665,1
36,0,1,0,0,1,0,0,0,0,0,0,0,0,0,0,0,0,0,0,1,0,0,0,0,0,100000000,130000000.0,30,30000000.0,23.07692307692308,3.0,100000000.0,130000000.0,30.0,3609.0,1
33,0,1,0,0,0,0,0,0,0,0,0,0,0,0,0,0,0,0,1,0,1,0,0,0,0,30000,34500.0,30,4500.0,13.043478260869565,3.5,150000000.0,168166666.66666666,15.0,3608.0,1
36,0,1,1,0,0,0,0,0,0,0,0,0,0,0,0,0,0,0,0,0,1,0,0,0,0,100000000,115000000.0,15,15000000.0,13.043478260869565,2.0,100000000.0,115000000.0,15.0,3611.6666666666665,0
42,0,1,0,0,0,0,0,1,0,0,0,0,0,0,0,0,0,0,0,0,1,0,0,0,0,100000000,130000000.0,30,30000000.0,23.07692307692308,1.5,100000000.0,130000000.0,30.0,3634.0,1
38,0,1,0,0,0,0,0,0,0,0,1,0,0,0,0,0,0,0,0,0,1,0,0,0,0,200000000,245000000.0,30,45000000.0,18.367346938775512,1.5,100000000.0,130000000.0,30.0,3611.5,1
40,0,1,0,0,0,0,0,1,0,0,0,0,0,0,0,0,0,0,0,0,1,0,0,0,0,200000000,222500000.0,15,22500000.0,10.112359550561797,2.0,100000000.0,120000000.0,20.0,3609.3333333333335,0
42,0,1,0,0,0,0,1,0,0,0,0,0,0,0,0,0,0,0,0,0,1,0,0,0,0,100000000,130000000.0,30,30000000.0,23.07692307692308,1.0,100000000.0,130000000.0,30.0,3668.0,1
41,0,1,0,0,0,0,0,1,0,0,0,0,0,0,0,0,0,0,0,0,1,0,0,0,0,100000000,115000000.0,15,15000000.0,13.043478260869565,1.0,100000000.0,115000000.0,15.0,3670.0,0
44,1,0,0,0,0,0,0,1,0,0,0,0,0,0,0,0,0,0,0,0,0,0,1,0,0,10000,13000.0,30,3000.0,23.07692307692308,4.0,128571428.57142857,160857142.85714287,30.0,3620.857142857143,1
39,0,1,0,0,0,0,0,0,0,0,0,0,0,0,0,0,0,0,0,0,1,0,0,0,0,100000000,130000000.0,30,30000000.0,23.07692307692308,1.0,100000000.0,115000000.0,15.0,3669.0,1
34,0,1,0,0,0,0,0,1,0,0,0,0,0,0,0,0,0,0,0,0,1,0,0,0,0,10000,13000.0,30,3000.0,23.07692307692308,1.0,100000000.0,115000000.0,15.0,3619.0,1
58,0,1,0,0,0,0,0,1,0,0,0,0,0,0,0,0,0,0,0,0,1,0,0,0,0,100000000,115000000.0,15,15000000.0,13.043478260869565,1.0,100000000.0,115000000.0,15.0,3670.0,0
43,0,1,1,0,0,0,0,0,0,0,0,0,0,0,0,0,0,0,0,0,1,0,0,0,0,100000000,111250000.0,15,11250000.0,10.112359550561797,2.5,125000000.0,149375000.0,22.5,3607.75,0
59,0,1,0,0,0,0,0,0,0,0,0,0,0,0,1,0,0,0,0,0,1,0,0,0,0,100000000,122500000.0,30,22500000.0,18.367346938775512,2.0,100000000.0,130000000.0,30.0,3627.6666666666665,1
37,1,0,0,0,0,0,0,0,0,0,1,0,0,0,0,0,0,0,0,0,0,0,1,0,0,400000000,440000000.0,30,40000000.0,9.090909090909092,6.5,270833333.3333333,303531250.0,23.75,3608.5,1
41,0,1,0,0,0,0,0,1,0,0,0,0,0,0,0,0,0,0,0,0,1,0,0,0,0,100000000,130000000.0,30,30000000.0,23.07692307692308,1.0,100000000.0,115000000.0,15.0,3608.0,1
43,0,1,1,0,0,0,0,0,0,0,0,0,0,0,0,0,0,0,0,0,1,0,0,0,0,100000000,115000000.0,15,15000000.0,13.043478260869565,1.0,100000000.0,115000000.0,15.0,3616.0,0
33,0,1,0,0,0,0,0,0,0,0,0,1,0,0,0,0,0,0,0,0,1,0,0,0,0,20000,24500.0,30,4500.0,18.367346938775512,3.0,140000000.0,176000000.0,30.0,3618.8,1
30,0,1,0,0,0,0,0,1,0,0,0,0,0,0,0,0,0,0,0,0,1,0,0,0,0,100000000,130000000.0,30,30000000.0,23.07692307692308,1.0,100000000.0,130000000.0,30.0,3669.0,1
30,1,0,0,0,0,0,0,1,0,0,0,0,0,0,0,0,0,0,0,0,0,0,1,0,0,200000000,230000000.0,30,30000000.0,13.043478260869565,4.5,175000000.0,210625000.0,30.0,3609.25,1
28,1,0,0,0,0,0,1,0,0,0,0,0,0,0,0,0,0,0,0,0,1,0,0,0,0,30000,34500.0,30,4500.0,13.043478260869565,5.0,200000000.0,236611111.1111111,28.33333333333333,3615.3333333333335,1
30,0,1,0,0,0,0,0,0,0,0,0,0,0,0,1,0,0,0,0,0,1,0,0,0,0,200000000,222500000.0,15,22500000.0,10.112359550561797,2.5,112500000.0,131718750.0,18.75,3607.5,0
28,0,1,0,0,0,0,1,0,0,0,0,0,0,0,0,0,0,0,0,0,1,0,0,0,0,400000000,440000000.0,30,40000000.0,9.090909090909092,3.5,200000000.0,233333333.3333333,27.5,3609.0,1
41,0,1,0,0,0,0,0,1,0,0,0,0,0,0,0,0,0,0,0,0,1,0,0,0,0,100000000,130000000.0,30,30000000.0,23.07692307692308,1.0,100000000.0,130000000.0,30.0,3672.0,1
32,1,0,0,0,0,0,0,1,0,0,0,0,0,0,0,0,0,0,0,0,1,0,0,0,0,100000000,115000000.0,15,15000000.0,13.043478260869565,3.5,100000000.0,115000000.0,15.0,3609.3333333333335,0
40,0,1,0,0,0,0,1,0,0,0,0,0,0,0,0,0,0,0,0,0,1,0,0,0,0,10000,13000.0,30,3000.0,23.07692307692308,1.0,100000000.0,130000000.0,30.0,3669.0,1
34,0,1,0,0,0,0,1,0,0,0,0,0,0,0,0,0,0,0,0,0,1,0,0,0,0,400000000,480000000.0,60,80000000.0,16.666666666666664,6.5,237500000.0,285583333.3333333,40.0,4167.166666666667,3
38,0,1,0,0,0,0,0,1,0,0,0,0,0,0,0,0,0,0,0,1,0,0,0,0,0,100000000,115000000.0,15,15000000.0,13.043478260869565,1.0,100000000.0,115000000.0,15.0,3668.0,0
47,0,1,0,0,0,0,1,0,0,0,0,0,0,0,0,0,0,0,0,0,1,0,0,0,0,100000000,130000000.0,30,30000000.0,23.07692307692308,1.5,100000000.0,130000000.0,30.0,3611.5,1
40,1,0,0,0,0,0,0,1,0,0,0,0,0,0,0,0,0,0,0,0,0,0,1,0,0,300000000,345000000.0,30,45000000.0,13.043478260869565,4.0,142857142.85714287,169714285.7142857,21.428571428571427,3617.571428571429,1
41,0,1,0,0,0,0,1,0,0,0,0,0,0,0,0,0,0,0,0,0,1,0,0,0,0,400000000,440000000.0,30,40000000.0,9.090909090909092,8.5,250000000.0,285734375.0,27.1875,3611.0,1
32,1,0,1,0,0,0,0,0,0,0,0,0,0,0,0,0,0,0,0,0,1,0,0,0,0,30000,34500.0,30,4500.0,13.043478260869565,6.5,183333333.3333333,218270833.3333333,28.75,3610.0,1
33,0,1,0,0,0,0,0,1,0,0,0,0,0,0,0,0,0,0,0,0,1,0,0,0,0,10000,13000.0,30,3000.0,23.07692307692308,1.0,100000000.0,130000000.0,30.0,3668.0,1
40,0,1,1,0,0,0,0,0,0,0,0,0,0,0,0,0,0,0,0,1,0,0,0,0,0,20000,22250.0,15,2250.0,10.112359550561797,2.0,100000000.0,115000000.0,15.0,3628.3333333333335,0
41,0,1,1,0,0,0,0,0,0,0,0,0,0,0,0,0,0,0,0,0,0,0,0,1,0,200000000,245000000.0,30,45000000.0,18.367346938775512,8.0,133333333.33333331,153133333.33333334,17.0,3612.0666666666666,1
39,1,0,0,0,0,0,1,0,0,0,0,0,0,0,0,0,0,0,0,0,0,0,1,0,0,200000000,230000000.0,30,30000000.0,13.043478260869565,6.0,160000000.0,194590909.0909091,30.0,3609.727272727273,1
41,0,1,0,0,0,0,0,1,0,0,0,0,0,0,0,0,0,0,0,1,0,0,0,0,0,100000000,130000000.0,30,30000000.0,23.07692307692308,1.0,100000000.0,130000000.0,30.0,3668.0,1
34,0,1,0,0,0,0,0,0,0,0,0,0,0,0,0,0,0,0,1,0,0,0,1,0,0,300000000,345000000.0,30,45000000.0,13.043478260869565,6.5,200000000.0,238166666.66666663,30.0,3608.8333333333335,1
32,1,0,0,0,0,0,0,1,0,0,0,0,0,0,0,0,0,0,0,0,1,0,0,0,0,400000000,440000000.0,30,40000000.0,9.090909090909092,5.0,216666666.66666663,250083333.3333333,25.0,3611.555555555556,1
33,0,1,0,0,0,0,1,0,0,0,0,0,0,0,0,0,0,0,0,0,1,0,0,0,0,100000000,115000000.0,15,15000000.0,13.043478260869565,1.0,100000000.0,130000000.0,30.0,3669.0,0
42,0,1,0,0,0,0,1,0,0,0,0,0,0,0,0,0,0,0,0,0,1,0,0,0,0,300000000,390000000.0,60,90000000.0,23.07692307692308,3.5,150000000.0,185000000.0,27.5,3617.5,3
39,0,1,0,0,0,0,0,1,0,0,0,0,0,0,0,0,0,0,0,0,1,0,0,0,0,10000,13000.0,30,3000.0,23.07692307692308,2.0,100000000.0,130000000.0,30.0,3619.6666666666665,1
51,0,1,0,0,0,0,0,1,0,0,0,0,0,0,0,0,0,0,0,1,0,0,0,0,0,150000000,166875000.0,15,16875000.0,10.112359550561797,3.5,100000000.0,115000000.0,15.0,3618.5,0
34,1,0,0,0,0,0,0,0,0,0,0,0,0,0,0,0,0,0,0,0,1,0,0,0,0,100000000,115000000.0,15,15000000.0,13.043478260869565,1.0,100000000.0,115000000.0,15.0,3669.0,0
38,0,1,0,1,0,0,0,0,0,0,0,0,0,0,0,0,0,0,0,0,1,0,0,0,0,100000000,130000000.0,30,30000000.0,23.07692307692308,1.0,100000000.0,130000000.0,30.0,3620.0,1
38,0,1,0,0,0,0,1,0,0,0,0,0,0,0,0,0,0,0,0,0,1,0,0,0,0,200000000,245000000.0,30,45000000.0,18.367346938775512,2.0,100000000.0,125000000.0,25.0,3609.0,1
38,0,1,0,0,0,0,0,1,0,0,0,0,0,0,0,0,0,0,0,0,1,0,0,0,0,100000000,130000000.0,30,30000000.0,23.07692307692308,1.0,100000000.0,115000000.0,15.0,3668.0,1
46,1,0,0,0,0,0,0,1,0,0,0,0,0,0,0,0,0,0,0,0,0,0,1,0,0,500000000,525000000.0,30,25000000.0,4.761904761904762,8.5,293750000.0,327812500.0,24.375,3609.875,1
35,0,1,0,1,0,0,0,0,0,0,0,0,0,0,0,0,0,0,0,0,1,0,0,0,0,100000000,130000000.0,30,30000000.0,23.07692307692308,1.5,100000000.0,130000000.0,30.0,3608.0,1
44,0,1,0,0,0,0,0,0,0,0,0,0,0,0,1,0,0,0,0,0,1,0,0,0,0,200000000,245000000.0,30,45000000.0,18.367346938775512,3.0,140000000.0,176000000.0,30.0,3631.4,1
27,0,1,0,0,0,0,0,0,0,0,0,0,0,0,1,0,0,0,0,1,0,0,0,0,0,100000000,130000000.0,30,30000000.0,23.07692307692308,1.0,100000000.0,130000000.0,30.0,3669.0,1
35,0,1,0,0,0,0,1,0,0,0,0,0,0,0,0,0,0,0,0,0,1,0,0,0,0,100000000,115000000.0,15,15000000.0,13.043478260869565,1.0,100000000.0,115000000.0,15.0,3668.0,0
37,0,1,0,0,0,0,0,0,0,0,0,0,0,0,0,0,0,0,1,0,1,0,0,0,0,100000000,130000000.0,30,30000000.0,23.07692307692308,1.5,100000000.0,130000000.0,30.0,3610.5,1
50,0,1,0,0,0,0,1,0,0,0,0,0,0,0,0,0,0,0,0,0,1,0,0,0,0,20000,24500.0,30,4500.0,18.367346938775512,3.0,140000000.0,167000000.0,21.0,3608.0,1
37,0,1,0,0,0,0,0,0,0,0,0,0,0,0,0,0,0,0,0,1,0,0,0,0,0,100000000,115000000.0,15,15000000.0,13.043478260869565,1.0,100000000.0,130000000.0,30.0,3608.0,0
49,0,1,0,0,0,0,0,0,0,0,0,0,0,0,0,0,0,0,0,0,1,0,0,0,0,200000000,245000000.0,30,45000000.0,18.367346938775512,3.0,180000000.0,210900000.0,27.0,3609.2,1
44,0,0,0,0,0,0,0,0,0,0,0,0,0,0,1,0,0,0,0,0,1,0,0,0,0,20000,24500.0,30,4500.0,18.367346938775512,2.5,112500000.0,143437500.0,30.0,3623.25,1
36,1,0,0,0,0,0,0,1,0,0,0,0,0,0,0,0,0,0,0,0,1,0,0,0,0,350000000,385000000.0,30,35000000.0,9.090909090909092,5.0,211111111.1111111,252250000.0,36.66666666666666,8405.444444444445,5
45,0,1,0,0,0,0,0,1,0,0,0,0,0,0,0,0,0,0,0,0,1,0,0,0,0,100000000,130000000.0,30,30000000.0,23.07692307692308,1.0,100000000.0,130000000.0,30.0,3668.0,1
35,0,1,0,0,0,0,0,1,0,0,0,0,0,0,0,0,0,0,0,0,1,0,0,0,0,100000000,115000000.0,15,15000000.0,13.043478260869565,1.0,100000000.0,115000000.0,15.0,3668.0,0
38,0,1,0,0,0,0,1,0,0,0,0,0,0,0,0,0,0,0,0,0,0,0,1,0,0,30000,39000.0,60,9000.0,23.07692307692308,2.0,133333333.33333331,163333333.33333334,25.0,3610.6666666666665,3
29,0,1,0,0,0,0,0,0,0,0,1,0,0,0,0,0,0,0,0,0,1,0,0,0,0,100000000,130000000.0,30,30000000.0,23.07692307692308,1.0,100000000.0,115000000.0,15.0,3617.0,1
31,0,1,0,0,0,0,1,0,0,0,0,0,0,0,0,0,0,0,0,0,1,0,0,0,0,10000,11500.0,15,1500.0,13.043478260869565,1.0,100000000.0,130000000.0,30.0,3668.0,0
31,0,1,0,0,0,0,0,0,0,0,1,0,0,0,0,0,0,0,0,0,1,0,0,0,0,40000,44000.0,30,4000.0,9.090909090909092,6.5,166666666.66666666,190208333.3333333,21.25,3608.1666666666665,1
40,0,1,0,0,0,0,0,0,0,0,0,0,0,0,0,0,0,0,0,0,1,0,0,0,0,10000,13000.0,30,3000.0,23.07692307692308,1.0,100000000.0,130000000.0,30.0,3668.0,1
32,0,1,0,0,0,0,0,1,0,0,0,0,0,0,0,0,0,0,0,0,1,0,0,0,0,100000000,130000000.0,30,30000000.0,23.07692307692308,1.0,100000000.0,130000000.0,30.0,3607.0,1
36,0,1,0,0,0,0,0,0,0,0,0,0,0,0,0,0,0,0,0,0,1,0,0,0,0,200000000,245000000.0,30,45000000.0,18.367346938775512,3.5,133333333.33333331,163333333.33333334,25.0,3627.0,1
35,0,1,0,0,0,0,0,0,0,0,0,0,0,0,1,0,0,0,0,0,1,0,0,0,0,100000000,130000000.0,30,30000000.0,23.07692307692308,1.0,100000000.0,130000000.0,30.0,3615.0,1
41,0,1,0,0,0,0,0,1,0,0,0,0,0,0,0,0,0,0,0,0,1,0,0,0,0,300000000,345000000.0,30,45000000.0,13.043478260869565,4.0,200000000.0,227714142.85714287,21.428571428571427,3607.571428571429,1
32,0,1,0,0,0,0,0,0,0,0,0,1,0,0,0,0,0,0,0,0,1,0,0,0,0,200000000,245000000.0,30,45000000.0,18.367346938775512,4.5,100000000.0,129062500.0,30.0,3608.875,1
46,0,1,0,0,0,0,0,0,0,0,0,0,0,0,1,0,0,0,0,0,1,0,0,0,0,20000,24500.0,30,4500.0,18.367346938775512,2.0,100000000.0,125000000.0,25.0,3610.3333333333335,1
38,1,0,0,1,0,0,0,0,0,0,0,0,0,0,0,0,0,0,0,0,0,0,1,0,0,10000,13000.0,30,3000.0,23.07692307692308,5.5,130000000.0,163800000.0,30.0,3615.4,1
37,0,1,0,0,0,0,0,1,0,0,0,0,0,0,0,0,0,0,0,0,1,0,0,0,0,300000000,345000000.0,30,45000000.0,13.043478260869565,5.0,166666666.66666666,198888888.8888889,26.666666666666668,3607.1111111111113,1
42,1,0,0,0,0,0,0,0,0,0,0,0,0,0,1,0,0,0,0,0,1,0,0,0,0,400000000,480000000.0,60,80000000.0,16.666666666666664,7.5,275000000.0,315678571.4285714,28.928571428571427,3610.071428571429,3
26,0,1,0,0,1,0,0,0,0,0,0,0,0,0,0,0,0,0,0,0,1,0,0,0,0,10000,13000.0,30,3000.0,23.07692307692308,2.0,100000000.0,125000000.0,25.0,3608.3333333333335,1
43,0,1,0,0,0,0,0,1,0,0,0,0,0,0,0,0,0,0,0,1,0,0,0,0,0,10000,11500.0,15,1500.0,13.043478260869565,1.0,100000000.0,115000000.0,15.0,3673.0,0
40,1,0,0,0,0,0,0,1,0,0,0,0,0,0,0,0,0,0,0,0,0,0,1,0,0,300000000,345000000.0,30,45000000.0,13.043478260869565,6.0,113636363.63636364,130852272.72727272,17.727272727272727,3608.909090909091,1
35,0,1,0,0,0,0,0,1,0,0,0,0,0,0,0,0,0,0,0,0,1,0,0,0,0,10000,11500.0,15,1500.0,13.043478260869565,5.0,117777777.77777778,132555555.55555557,15.0,3610.1111111111113,0
42,0,1,0,0,0,0,0,1,0,0,0,0,0,0,0,0,0,0,0,0,1,0,0,0,0,10000,11500.0,15,1500.0,13.043478260869565,2.0,100000000.0,115000000.0,15.0,3606.6666666666665,0
45,1,0,0,0,0,0,1,0,0,0,0,0,0,0,0,0,0,0,0,0,1,0,0,0,0,200000000,245000000.0,30,45000000.0,18.367346938775512,4.5,125000000.0,144687500.0,16.875,3611.0,1
53,0,1,0,0,0,0,0,1,0,0,0,0,0,0,0,0,0,0,0,0,1,0,0,0,0,100000000,130000000.0,30,30000000.0,23.07692307692308,1.0,100000000.0,115000000.0,15.0,3669.0,1
40,1,0,0,0,0,0,0,1,0,0,0,0,0,0,0,0,0,0,0,1,0,0,0,0,0,400000000,440000000.0,30,40000000.0,9.090909090909092,5.0,222222222.2222222,260000000.0,30.0,3607.777777777778,1
59,0,1,0,0,0,0,0,1,0,0,0,0,0,0,0,0,0,0,0,0,1,0,0,0,0,10000,12250.0,30,2250.0,18.367346938775512,2.0,100000000.0,120000000.0,20.0,3628.0,1
32,0,1,0,0,0,0,0,1,0,0,0,0,0,0,0,0,0,0,0,0,1,0,0,0,0,200000000,245000000.0,30,45000000.0,18.367346938775512,2.5,125000000.0,155000000.0,26.25,3607.75,1
39,0,1,0,0,0,0,0,0,0,0,0,0,0,0,1,0,0,0,0,0,1,0,0,0,0,100000000,130000000.0,30,30000000.0,23.07692307692308,1.5,100000000.0,130000000.0,30.0,3636.5,1
43,0,1,0,0,0,0,0,1,0,0,0,0,0,0,0,0,0,0,0,0,1,0,0,0,0,100000000,130000000.0,30,30000000.0,23.07692307692308,1.5,100000000.0,130000000.0,30.0,3608.0,1
29,0,1,0,0,0,0,0,1,0,0,0,0,0,0,0,0,0,0,0,0,1,0,0,0,0,10000,13000.0,30,3000.0,23.07692307692308,1.0,100000000.0,130000000.0,30.0,3617.0,1
47,0,1,0,0,0,0,0,1,0,0,0,0,0,0,0,0,0,0,0,0,1,0,0,0,0,30000,34500.0,30,4500.0,13.043478260869565,4.5,187500000.0,218000000.0,24.375,3615.25,1
36,0,1,0,0,0,0,0,1,0,0,0,0,0,0,0,0,0,0,0,0,1,0,0,0,0,100000000,130000000.0,30,30000000.0,23.07692307692308,1.5,100000000.0,130000000.0,30.0,3611.5,1
41,0,1,0,0,0,0,0,1,0,0,0,0,0,0,0,0,0,0,0,0,1,0,0,0,0,100000000,130000000.0,30,30000000.0,23.07692307692308,1.0,100000000.0,115000000.0,15.0,3669.0,1
30,1,0,0,0,0,0,0,1,0,0,0,0,0,0,0,0,0,0,0,0,0,0,1,0,0,300000000,390000000.0,60,90000000.0,23.07692307692308,4.0,192857142.85714287,224642857.14285716,25.714285714285715,3609.714285714286,3
40,0,1,0,0,0,0,0,1,0,0,0,0,0,0,0,0,0,0,0,1,0,0,0,0,0,100000000,130000000.0,30,30000000.0,23.07692307692308,1.0,100000000.0,130000000.0,30.0,3669.0,1
35,0,1,0,0,0,0,0,1,0,0,0,0,0,0,0,0,0,0,0,1,0,0,0,0,0,10000,13000.0,30,3000.0,23.07692307692308,1.0,100000000.0,130000000.0,30.0,3611.0,1
39,0,0,0,0,0,0,0,0,0,0,0,0,0,0,0,0,0,0,1,0,1,0,0,0,0,100000000,115000000.0,15,15000000.0,13.043478260869565,1.0,100000000.0,130000000.0,30.0,3669.0,0
26,0,1,0,0,0,0,0,1,0,0,0,0,0,0,0,0,0,0,0,1,0,0,0,0,0,20000,24500.0,30,4500.0,18.367346938775512,2.0,100000000.0,115000000.0,15.0,3627.3333333333335,1
41,0,1,0,0,0,0,0,0,0,0,1,0,0,0,0,0,0,0,0,0,1,0,0,0,0,20000,24500.0,30,4500.0,18.367346938775512,2.0,100000000.0,130000000.0,30.0,3613.3333333333335,1
54,0,1,0,0,0,0,0,0,0,0,0,0,0,0,1,0,0,0,0,0,1,0,0,0,0,10000,12250.0,30,2250.0,18.367346938775512,2.5,125000000.0,158750000.0,30.0,3608.75,1
30,0,1,0,0,0,0,0,0,0,0,0,1,0,0,0,0,0,0,0,0,1,0,0,0,0,100000000,115000000.0,15,15000000.0,13.043478260869565,1.0,100000000.0,115000000.0,15.0,3607.0,0
38,0,1,0,0,0,0,0,0,0,0,0,0,0,0,0,0,0,0,0,1,0,0,0,0,0,20000,24500.0,30,4500.0,18.367346938775512,2.0,100000000.0,115000000.0,15.0,3607.6666666666665,1
35,0,1,0,0,0,0,0,0,0,0,0,1,0,0,0,0,0,0,0,0,1,0,0,0,0,200000000,245000000.0,30,45000000.0,18.367346938775512,2.0,100000000.0,125000000.0,25.0,3608.0,1
29,0,1,0,0,0,0,0,0,0,0,0,0,0,0,1,0,0,0,0,0,1,0,0,0,0,100000000,130000000.0,30,30000000.0,23.07692307692308,1.5,100000000.0,115000000.0,15.0,3611.5,1
46,0,1,0,0,0,0,0,1,0,0,0,0,0,0,0,0,0,0,0,0,1,0,0,0,0,100000000,115000000.0,15,15000000.0,13.043478260869565,1.0,100000000.0,115000000.0,15.0,3615.0,0
37,1,0,0,0,0,0,0,1,0,0,0,0,0,0,0,0,0,0,0,0,0,0,1,0,0,400000000,440000000.0,30,40000000.0,9.090909090909092,5.5,155000000.0,173200000.0,18.0,3609.5,1
37,0,1,0,1,0,0,0,0,0,0,0,0,0,0,0,0,0,0,0,0,1,0,0,0,0,100000000,130000000.0,30,30000000.0,23.07692307692308,1.0,100000000.0,130000000.0,30.0,3669.0,1
40,0,1,0,1,0,0,0,0,0,0,0,0,0,0,0,0,0,0,0,0,1,0,0,0,0,200000000,245000000.0,30,45000000.0,18.367346938775512,7.5,235714285.7142857,277785714.28571427,32.142857142857146,3610.857142857143,1
30,0,1,0,0,0,0,0,1,0,0,0,0,0,0,0,0,0,0,0,0,1,0,0,0,0,150000000,183750000.0,30,33750000.0,18.367346938775512,2.5,100000000.0,128125000.0,30.0,3609.75,1
33,0,1,0,0,0,0,1,0,0,0,0,0,0,0,0,0,0,0,0,0,1,0,0,0,0,100000000,115000000.0,15,15000000.0,13.043478260869565,1.0,100000000.0,115000000.0,15.0,3610.0,0
44,0,1,0,0,0,0,0,1,0,0,0,0,0,0,0,0,0,0,0,0,0,0,1,0,0,500000000,525000000.0,30,25000000.0,4.761904761904762,7.0,300000000.0,343384615.38461536,31.153846153846157,3610.153846153846,1
33,0,1,0,0,0,0,0,1,0,0,0,0,0,0,0,0,0,0,0,0,1,0,0,0,0,200000000,245000000.0,30,45000000.0,18.367346938775512,2.5,100000000.0,128125000.0,30.0,3622.75,1
37,0,1,0,0,0,0,0,1,0,0,0,0,0,0,0,0,0,0,0,0,1,0,0,0,0,100000000,130000000.0,30,30000000.0,23.07692307692308,1.0,100000000.0,115000000.0,15.0,3613.0,1
42,0,1,0,0,0,0,0,0,0,0,0,0,0,0,0,0,0,0,1,0,1,0,0,0,0,100000000,111250000.0,15,11250000.0,10.112359550561797,4.5,118750000.0,137031250.0,16.875,3614.875,0
41,0,1,0,0,0,0,0,1,0,0,0,0,0,0,0,0,0,0,0,1,0,0,0,0,0,10000,13000.0,30,3000.0,23.07692307692308,1.0,100000000.0,130000000.0,30.0,3612.0,1
32,0,1,0,0,0,0,0,1,0,0,0,0,0,0,0,0,0,0,0,0,1,0,0,0,0,200000000,245000000.0,30,45000000.0,18.367346938775512,2.5,125000000.0,147500000.0,18.75,3618.0,1
32,0,1,0,0,0,0,0,1,0,0,0,0,0,0,0,0,0,0,0,0,1,0,0,0,0,20000,24500.0,30,4500.0,18.367346938775512,2.0,100000000.0,130000000.0,30.0,3629.6666666666665,1
33,0,1,0,0,0,0,0,1,0,0,0,0,0,0,0,0,0,0,0,0,1,0,0,0,0,10000,13000.0,30,3000.0,23.07692307692308,1.0,100000000.0,130000000.0,30.0,3668.0,1
38,0,1,0,0,0,0,0,0,0,0,0,0,0,0,1,0,0,0,0,0,1,0,0,0,0,100000000,130000000.0,30,30000000.0,23.07692307692308,1.0,100000000.0,115000000.0,15.0,3671.0,1
34,1,0,0,0,0,0,0,0,0,0,0,0,0,0,1,0,0,0,0,0,0,0,1,0,0,500000000,550000000.0,60,50000000.0,9.090909090909092,6.5,283333333.3333333,331000000.0,37.5,3609.0833333333335,3
28,0,1,0,0,1,0,0,0,0,0,0,0,0,0,0,0,0,0,0,0,1,0,0,0,0,10000,13000.0,30,3000.0,23.07692307692308,2.5,100000000.0,130000000.0,30.0,3638.0,1
32,1,0,0,0,0,0,0,0,0,0,1,0,0,0,0,0,0,0,0,0,0,0,1,0,0,200000000,215000000.0,15,15000000.0,6.976744186046512,3.0,100000000.0,116400000.0,18.0,3621.8,0
33,0,1,0,0,0,0,1,0,0,0,0,0,0,0,0,0,0,0,0,0,1,0,0,0,0,100000000,115000000.0,15,15000000.0,13.043478260869565,1.0,100000000.0,115000000.0,15.0,3607.0,0
45,0,1,0,0,0,0,0,1,0,0,0,0,0,0,0,0,0,0,0,0,1,0,0,0,0,10000,11500.0,15,1500.0,13.043478260869565,1.0,100000000.0,115000000.0,15.0,3613.0,0
41,1,0,0,0,0,0,0,1,0,0,0,0,0,0,0,0,0,0,0,0,1,0,0,0,0,300000000,345000000.0,30,45000000.0,13.043478260869565,5.0,155555555.55555555,191444444.44444445,28.33333333333333,3610.3333333333335,1
41,0,1,0,0,0,0,1,0,0,0,0,0,0,0,0,0,0,0,0,0,1,0,0,0,0,10000,13000.0,30,3000.0,23.07692307692308,1.5,100000000.0,115000000.0,15.0,3637.0,1
32,0,1,0,0,0,1,0,0,0,0,0,0,0,0,0,0,0,0,0,0,1,0,0,0,0,100000000,115000000.0,15,15000000.0,13.043478260869565,1.5,100000000.0,115000000.0,15.0,3608.5,0
33,0,1,0,0,0,0,0,1,0,0,0,0,0,0,0,0,0,0,0,0,1,0,0,0,0,100000000,115000000.0,15,15000000.0,13.043478260869565,1.0,100000000.0,115000000.0,15.0,3607.0,0
34,0,1,0,0,0,0,0,1,0,0,0,0,0,0,0,0,0,0,0,1,0,0,0,0,0,100000000,115000000.0,15,15000000.0,13.043478260869565,2.5,100000000.0,118750000.0,18.75,3608.5,0
42,0,1,0,0,0,0,0,1,0,0,0,0,0,0,0,0,0,0,0,0,1,0,0,0,0,100000000,130000000.0,30,30000000.0,23.07692307692308,1.5,100000000.0,122500000.0,22.5,3637.0,1
35,0,1,1,0,0,0,0,0,0,0,0,0,0,0,0,0,0,0,0,0,1,0,0,0,0,10000,13000.0,30,3000.0,23.07692307692308,1.0,100000000.0,130000000.0,30.0,3612.0,1
44,0,1,0,0,0,0,0,1,0,0,0,0,0,0,0,0,0,0,0,0,1,0,0,0,0,10000,11500.0,15,1500.0,13.043478260869565,1.0,100000000.0,130000000.0,30.0,3667.0,0
40,1,0,0,0,0,0,1,0,0,0,0,0,0,0,0,0,0,0,0,0,0,0,1,0,0,200000000,245000000.0,30,45000000.0,18.367346938775512,6.5,133333333.33333331,167750000.0,30.0,3610.25,1
32,1,0,0,0,0,0,0,0,0,0,0,0,0,0,1,0,0,0,0,0,0,0,0,1,0,300000000,345000000.0,30,45000000.0,13.043478260869565,3.5,133333333.33333331,150833333.33333334,17.5,3610.3333333333335,1
37,0,1,0,0,0,0,1,0,0,0,0,0,0,0,0,0,0,0,0,0,1,0,0,0,0,30000,34500.0,30,4500.0,13.043478260869565,4.5,187500000.0,211500000.0,18.75,3607.5,1
34,0,1,0,0,0,0,0,1,0,0,0,0,0,0,0,0,0,0,0,1,0,0,0,0,0,100000000,130000000.0,30,30000000.0,23.07692307692308,1.0,100000000.0,130000000.0,30.0,3668.0,1
48,0,1,0,0,0,0,0,0,0,0,0,0,0,0,1,0,0,0,0,0,1,0,0,0,0,100000000,130000000.0,30,30000000.0,23.07692307692308,1.0,100000000.0,130000000.0,30.0,4357.0,4
41,0,1,0,0,0,0,0,0,0,0,0,0,0,0,1,0,0,0,0,0,1,0,0,0,0,400000000,480000000.0,60,80000000.0,16.666666666666664,6.0,209090909.0909091,239090909.0909091,23.181818181818183,3608.363636363637,3
48,1,0,0,0,0,0,0,1,0,0,0,0,0,0,0,0,0,0,0,1,0,0,0,0,0,100000000,130000000.0,30,30000000.0,23.07692307692308,1.0,100000000.0,115000000.0,15.0,3614.0,1
36,0,1,0,0,0,0,0,0,0,0,0,0,0,0,1,0,0,0,0,0,1,0,0,0,0,200000000,245000000.0,30,45000000.0,18.367346938775512,2.0,100000000.0,125000000.0,25.0,3607.0,1
39,0,1,0,0,0,0,1,0,0,0,0,0,0,0,0,0,0,0,0,0,1,0,0,0,0,20000,24500.0,30,4500.0,18.367346938775512,1.5,100000000.0,130000000.0,30.0,3615.0,1
43,0,1,0,0,0,0,0,0,0,0,0,0,0,0,0,0,0,0,1,0,1,0,0,0,0,10000,11500.0,15,1500.0,13.043478260869565,3.5,100000000.0,115000000.0,15.0,3618.1666666666665,0
38,0,1,0,0,0,0,1,0,0,0,0,0,0,0,0,0,0,0,0,0,1,0,0,0,0,100000000,130000000.0,30,30000000.0,23.07692307692308,1.0,100000000.0,115000000.0,15.0,3607.0,1
56,1,0,0,0,0,0,0,0,0,0,0,0,0,0,1,0,0,0,0,0,1,0,0,0,0,300000000,390000000.0,60,90000000.0,23.07692307692308,4.5,143750000.0,175187500.0,26.25,3611.75,3
41,0,1,0,0,0,0,1,0,0,0,0,0,0,0,0,0,0,0,0,1,0,0,0,0,0,100000000,130000000.0,30,30000000.0,23.07692307692308,1.5,100000000.0,130000000.0,30.0,3612.0,1
32,0,1,1,0,0,0,0,0,0,0,0,0,0,0,0,0,0,0,0,0,1,0,0,0,0,500000000,575000000.0,90,75000000.0,13.043478260869565,6.0,272727272.72727275,322181818.1818182,36.81818181818182,3610.090909090909,2
27,1,0,0,1,0,0,0,0,0,0,0,0,0,0,0,0,0,0,0,0,0,0,0,1,0,15000,17250.0,30,2250.0,13.043478260869565,6.5,175833333.33333334,209250000.0,28.75,3612.5,1
37,0,1,0,0,0,0,0,0,0,0,0,0,0,0,0,0,0,0,1,0,1,0,0,0,0,10000,13000.0,30,3000.0,23.07692307692308,1.0,100000000.0,130000000.0,30.0,3668.0,1
33,1,0,0,0,0,0,0,0,0,0,0,1,0,0,0,0,0,0,0,0,1,0,0,0,0,10000,13000.0,30,3000.0,23.07692307692308,2.0,100000000.0,130000000.0,30.0,3611.0,1
37,0,1,1,0,0,0,0,0,0,0,0,0,0,0,0,0,0,0,0,0,1,0,0,0,0,20000,22250.0,15,2250.0,10.112359550561797,4.5,162500000.0,197375000.0,28.125,3617.0,0
30,1,0,0,0,0,0,0,0,0,0,1,0,0,0,0,0,0,0,0,0,0,0,0,1,0,30000,33000.0,30,3000.0,9.090909090909092,6.5,200000000.0,234312500.0,28.75,3609.4166666666665,1
49,0,1,0,0,1,0,0,0,0,0,0,0,0,0,0,0,0,0,0,0,1,0,0,0,0,10000,13000.0,30,3000.0,23.07692307692308,1.0,100000000.0,130000000.0,30.0,3610.0,1
31,0,1,0,0,0,0,0,1,0,0,0,0,0,0,0,0,0,0,0,0,1,0,0,0,0,10000,11500.0,30,1500.0,13.043478260869565,6.5,191666666.66666663,232458333.3333333,35.0,3902.9166666666665,1
33,1,0,0,0,0,0,0,0,0,0,0,0,0,0,1,0,0,0,0,1,0,0,0,0,0,20000,24500.0,30,4500.0,18.367346938775512,2.5,125000000.0,155000000.0,26.25,3608.0,1
33,1,0,1,0,0,0,0,0,0,0,0,0,0,0,0,0,0,0,0,0,1,0,0,0,0,100000000,115000000.0,15,15000000.0,13.043478260869565,2.5,87500000.0,104375000.0,18.75,3612.75,0
29,0,1,1,0,0,0,0,0,0,0,0,0,0,0,0,0,0,0,0,0,1,0,0,0,0,10000,13000.0,30,3000.0,23.07692307692308,1.5,100000000.0,130000000.0,30.0,3608.0,1
40,0,0,0,0,0,0,1,0,0,0,0,0,0,0,0,0,0,0,0,0,1,0,0,0,0,10000,13000.0,30,3000.0,23.07692307692308,1.0,100000000.0,130000000.0,30.0,3667.0,1
30,0,1,0,0,0,0,1,0,0,0,0,0,0,0,0,0,0,0,0,0,1,0,0,0,0,10000,11500.0,15,1500.0,13.043478260869565,1.0,100000000.0,115000000.0,15.0,3669.0,0
31,1,0,0,0,0,0,0,1,0,0,0,0,0,0,0,0,0,0,0,0,1,0,0,0,0,100000000,130000000.0,30,30000000.0,23.07692307692308,4.0,128571428.57142857,161857142.85714287,30.0,3611.857142857143,1
42,0,1,0,0,0,0,1,0,0,0,0,0,0,0,0,0,0,0,0,0,1,0,0,0,0,200000000,245000000.0,30,45000000.0,18.367346938775512,2.5,125000000.0,158750000.0,30.0,3624.5,1
38,0,1,0,0,0,1,0,0,0,0,0,0,0,0,0,0,0,0,0,0,1,0,0,0,0,100000000,115000000.0,15,15000000.0,13.043478260869565,1.0,100000000.0,115000000.0,15.0,3670.0,0
36,0,1,0,0,0,0,0,0,0,0,0,0,0,0,0,0,0,0,0,0,1,0,0,0,0,30000,34500.0,30,4500.0,13.043478260869565,3.5,116666666.66666669,132166666.66666669,15.0,3609.6666666666665,1
38,1,0,0,0,0,0,0,0,0,0,0,1,0,0,0,0,0,0,0,0,1,0,0,0,0,10000,13000.0,30,3000.0,23.07692307692308,1.5,100000000.0,130000000.0,30.0,3609.0,1
39,0,1,0,0,0,0,1,0,0,0,0,0,0,0,0,0,0,0,0,0,1,0,0,0,0,200000000,245000000.0,30,45000000.0,18.367346938775512,2.0,100000000.0,115000000.0,15.0,3628.6666666666665,1
44,0,1,0,0,0,0,0,0,0,0,0,0,0,0,1,0,0,0,0,0,1,0,0,0,0,10000,13000.0,30,3000.0,23.07692307692308,1.0,100000000.0,130000000.0,30.0,3607.0,1
34,0,1,0,0,0,0,1,0,0,0,0,0,0,0,0,0,0,0,0,0,1,0,0,0,0,100000000,115000000.0,15,15000000.0,13.043478260869565,2.5,100000000.0,126250000.0,26.25,3622.0,0
33,0,1,1,0,0,0,0,0,0,0,0,0,0,0,0,0,0,0,0,0,1,0,0,0,0,200000000,245000000.0,30,45000000.0,18.367346938775512,3.5,133333333.33333331,163333333.33333334,25.0,3628.3333333333335,1
45,0,1,0,0,0,0,0,0,0,0,0,0,0,0,0,0,0,0,1,0,1,0,0,0,0,10000,11500.0,15,1500.0,13.043478260869565,1.0,100000000.0,115000000.0,15.0,3668.0,0
32,0,1,0,0,0,0,0,0,0,0,0,1,0,0,0,0,0,0,0,0,1,0,0,0,0,10000,11500.0,15,1500.0,13.043478260869565,1.0,100000000.0,115000000.0,15.0,3608.0,0
30,1,0,0,0,0,0,1,0,0,0,0,0,0,0,0,0,0,0,0,0,0,0,0,1,0,400000000,480000000.0,60,80000000.0,16.666666666666664,5.0,211111111.1111111,257777777.7777778,40.0,3608.6666666666665,3
46,1,0,0,0,0,0,0,0,0,0,0,0,0,0,0,0,0,0,0,0,1,0,0,0,0,400000000,480000000.0,60,80000000.0,16.666666666666664,5.5,235000000.0,283175000.0,39.0,3615.2,3
46,0,0,0,0,0,0,0,0,0,0,0,0,0,0,1,0,0,0,0,0,1,0,0,0,0,100000000,130000000.0,30,30000000.0,23.07692307692308,1.0,100000000.0,130000000.0,30.0,3671.0,1
40,0,1,0,0,0,1,0,0,0,0,0,0,0,0,0,0,0,0,0,0,1,0,0,0,0,100000000,130000000.0,30,30000000.0,23.07692307692308,1.0,100000000.0,130000000.0,30.0,3668.0,1
34,0,1,0,0,0,0,0,1,0,0,0,0,0,0,0,0,0,0,0,0,1,0,0,0,0,100000000,130000000.0,30,30000000.0,23.07692307692308,1.0,100000000.0,130000000.0,30.0,3669.0,1
51,1,0,0,0,0,0,0,1,0,0,0,0,0,0,0,0,0,0,0,0,1,0,0,0,0,10000,13000.0,30,3000.0,23.07692307692308,1.0,100000000.0,130000000.0,30.0,3614.0,1
31,0,1,0,0,0,0,0,1,0,0,0,0,0,0,0,0,0,0,0,0,1,0,0,0,0,200000000,245000000.0,30,45000000.0,18.367346938775512,3.0,140000000.0,173000000.0,27.0,4367.2,4
35,0,1,0,0,0,0,0,1,0,0,0,0,0,0,0,0,0,0,0,0,1,0,0,0,0,100000000,130000000.0,30,30000000.0,23.07692307692308,1.0,100000000.0,115000000.0,15.0,3668.0,1
31,0,1,0,0,0,0,0,0,0,0,0,0,0,0,0,0,0,0,1,0,1,0,0,0,0,100000000,130000000.0,30,30000000.0,23.07692307692308,1.0,100000000.0,130000000.0,30.0,3668.0,1
44,0,1,0,0,0,0,0,1,0,0,0,0,0,0,0,0,0,0,0,0,1,0,0,0,0,100000000,130000000.0,30,30000000.0,23.07692307692308,1.0,100000000.0,130000000.0,30.0,3668.0,1
34,0,1,1,0,0,0,0,0,0,0,0,0,0,0,0,0,0,0,0,0,1,0,0,0,0,100000000,115000000.0,15,15000000.0,13.043478260869565,1.5,100000000.0,115000000.0,15.0,3609.0,0
30,0,1,0,0,0,0,0,1,0,0,0,0,0,0,0,0,0,0,0,0,1,0,0,0,0,100000000,115000000.0,15,15000000.0,13.043478260869565,1.0,100000000.0,130000000.0,30.0,3668.0,0
43,0,1,0,0,0,0,0,0,0,0,0,0,0,0,1,0,0,0,0,1,0,0,0,0,0,300000000,345000000.0,30,45000000.0,13.043478260869565,6.0,190909090.9090909,218636363.63636363,21.818181818181817,3614.181818181818,1
46,0,1,0,0,0,0,1,0,0,0,0,0,0,0,0,0,0,0,0,0,1,0,0,0,0,200000000,245000000.0,30,45000000.0,18.367346938775512,3.0,140000000.0,162500000.0,18.0,3607.6,1
44,0,1,0,0,0,0,0,1,0,0,0,0,0,0,0,0,0,0,0,0,1,0,0,0,0,10000,13000.0,30,3000.0,23.07692307692308,1.5,100000000.0,130000000.0,30.0,3608.5,1
46,0,1,0,0,0,0,1,0,0,0,0,0,0,0,0,0,0,0,0,0,1,0,0,0,0,200000000,245000000.0,30,45000000.0,18.367346938775512,2.0,100000000.0,122500000.0,30.0,3669.0,1
41,0,1,0,0,0,0,0,1,0,0,0,0,0,0,0,0,0,0,0,0,1,0,0,0,0,300000000,345000000.0,30,45000000.0,13.043478260869565,4.0,164285714.2857143,185982142.85714287,17.142857142857142,3615.714285714286,1
42,0,1,1,0,0,0,0,0,0,0,0,0,0,0,0,0,0,0,0,0,1,0,0,0,0,200000000,245000000.0,30,45000000.0,18.367346938775512,2.5,125000000.0,151250000.0,22.5,3622.25,1
37,0,1,0,0,0,0,1,0,0,0,0,0,0,0,0,0,0,0,0,0,1,0,0,0,0,300000000,345000000.0,30,45000000.0,13.043478260869565,3.5,150000000.0,168750000.0,15.0,3772.0,1
43,0,1,0,0,0,0,0,1,0,0,0,0,0,0,0,0,0,0,0,1,0,0,0,0,0,100000000,130000000.0,30,30000000.0,23.07692307692308,1.0,100000000.0,130000000.0,30.0,5305.0,4
49,0,1,0,0,0,0,0,0,0,0,1,0,0,0,0,0,0,0,0,0,1,0,0,0,0,100000000,130000000.0,30,30000000.0,23.07692307692308,1.0,100000000.0,130000000.0,30.0,3669.0,1
27,0,1,0,0,1,0,0,0,0,0,0,0,0,0,0,0,0,0,0,0,1,0,0,0,0,10000,13000.0,30,3000.0,23.07692307692308,1.0,100000000.0,130000000.0,30.0,3668.0,1
47,0,0,0,0,0,0,1,0,0,0,0,0,0,0,0,0,0,0,0,0,1,0,0,0,0,100000000,115000000.0,15,15000000.0,13.043478260869565,1.0,100000000.0,115000000.0,15.0,3668.0,0
35,0,1,0,0,0,0,0,1,0,0,0,0,0,0,0,0,0,0,0,0,1,0,0,0,0,20000,24000.0,30,4000.0,16.666666666666664,1.5,100000000.0,112500000.0,15.0,3637.5,1
26,0,1,0,0,0,0,0,0,0,0,0,0,0,0,1,0,0,0,0,0,0,0,0,1,0,100000000,130000000.0,30,30000000.0,23.07692307692308,1.0,100000000.0,130000000.0,30.0,3613.0,1
37,1,0,0,0,0,0,0,0,0,0,0,0,0,0,0,0,0,0,1,0,1,0,0,0,0,300000000,345000000.0,30,45000000.0,13.043478260869565,5.0,166666666.66666666,202555555.55555555,30.0,3610.444444444444,1
31,0,1,0,0,0,0,0,1,0,0,0,0,0,0,0,0,0,0,0,0,1,0,0,0,0,100000000,130000000.0,30,30000000.0,23.07692307692308,1.0,100000000.0,115000000.0,15.0,3669.0,1
45,0,1,1,0,0,0,0,0,0,0,0,0,0,0,0,0,0,0,0,0,1,0,0,0,0,100000000,130000000.0,30,30000000.0,23.07692307692308,1.5,100000000.0,130000000.0,30.0,3638.0,1
47,0,1,0,0,0,0,0,0,0,0,0,0,0,0,0,0,0,0,0,0,1,0,0,0,0,20000,24500.0,30,4500.0,18.367346938775512,2.0,100000000.0,130000000.0,30.0,3607.0,1
37,0,1,0,0,0,0,0,0,0,0,0,0,0,0,0,0,0,0,1,0,1,0,0,0,0,300000000,390000000.0,60,90000000.0,23.07692307692308,4.5,137500000.0,170312500.0,28.125,3608.875,3
33,1,0,0,0,0,1,0,0,0,0,0,0,0,0,0,0,0,0,0,0,0,0,1,0,0,400000000,480000000.0,60,80000000.0,16.666666666666664,4.5,212500000.0,260250000.0,41.25,3624.0,3
48,0,1,0,0,0,0,1,0,0,0,0,0,0,0,0,0,0,0,0,0,1,0,0,0,0,100000000,130000000.0,30,30000000.0,23.07692307692308,1.0,100000000.0,130000000.0,30.0,3668.0,1
33,1,0,0,0,0,0,0,0,0,0,0,0,0,0,0,0,0,0,0,0,1,0,0,0,0,300000000,345000000.0,30,45000000.0,13.043478260869565,7.0,230769230.7692308,264307615.3846154,25.384615384615383,3610.538461538461,1
38,0,1,0,0,0,0,1,0,0,0,0,0,0,0,0,0,0,0,0,0,1,0,0,0,0,100000000,130000000.0,30,30000000.0,23.07692307692308,1.0,100000000.0,130000000.0,30.0,3668.0,1
39,1,0,0,0,0,0,0,0,0,0,0,0,0,0,1,0,0,0,0,0,1,0,0,0,0,100000000,130000000.0,30,30000000.0,23.07692307692308,2.5,100000000.0,130000000.0,30.0,3636.75,1
46,0,1,0,0,1,0,0,0,0,0,0,0,0,0,0,0,0,0,0,0,0,0,1,0,0,400000000,440000000.0,30,40000000.0,9.090909090909092,5.5,280000000.0,320200000.0,30.0,3621.6,1
34,1,0,0,0,0,0,0,1,0,0,0,0,0,0,0,0,0,0,0,0,1,0,0,0,0,300000000,345000000.0,30,45000000.0,13.043478260869565,3.0,160000000.0,194600000.0,27.0,3633.2,1
41,0,1,0,0,0,0,0,0,0,0,0,1,0,0,0,0,0,0,0,1,0,0,0,0,0,100000000,130000000.0,30,30000000.0,23.07692307692308,1.0,100000000.0,130000000.0,30.0,3668.0,1
33,0,1,0,0,0,0,0,1,0,0,0,0,0,0,0,0,0,0,0,0,1,0,0,0,0,25000,28750.0,30,3750.0,13.043478260869565,4.5,181250000.0,204312500.0,18.75,3616.75,1
38,0,1,0,0,0,0,0,0,0,0,0,0,0,0,0,0,0,0,0,0,1,0,0,0,0,200000000,245000000.0,30,45000000.0,18.367346938775512,2.0,100000000.0,130000000.0,30.0,3627.6666666666665,1
36,1,0,0,0,0,0,0,1,0,0,0,0,0,0,0,0,0,0,0,0,0,0,1,0,0,150000000,166875000.0,15,16875000.0,10.112359550561797,3.5,116666666.66666669,132291666.66666669,15.0,3612.1666666666665,0
49,0,1,0,0,0,0,0,0,0,0,0,0,0,0,0,0,0,0,1,0,1,0,0,0,0,100000000,115000000.0,15,15000000.0,13.043478260869565,1.0,100000000.0,115000000.0,15.0,3611.0,0
33,1,0,0,0,0,0,0,1,0,0,0,0,0,0,0,0,0,0,0,0,0,0,1,0,0,40000,42000.0,30,2000.0,4.761904761904762,8.5,184375000.0,203953125.0,17.8125,3608.9375,1
40,0,1,1,0,0,0,0,0,0,0,0,0,0,0,0,0,0,0,0,1,0,0,0,0,0,100000000,115000000.0,15,15000000.0,13.043478260869565,1.0,100000000.0,130000000.0,30.0,3616.0,0
31,0,1,0,0,0,0,0,0,0,0,0,0,0,0,1,0,0,0,0,0,1,0,0,0,0,400000000,440000000.0,30,40000000.0,9.090909090909092,6.0,200000000.0,229545454.54545453,23.181818181818183,3608.4545454545455,1
33,0,1,0,0,0,0,0,1,0,0,0,0,0,0,0,0,0,0,0,0,1,0,0,0,0,100000000,115000000.0,15,15000000.0,13.043478260869565,1.0,100000000.0,115000000.0,15.0,3669.0,0
34,0,1,0,0,0,0,0,0,0,0,0,0,0,0,0,0,0,0,0,0,1,0,0,0,0,200000000,245000000.0,30,45000000.0,18.367346938775512,2.5,125000000.0,158750000.0,30.0,3608.0,1
39,1,0,0,0,0,0,0,1,0,0,0,0,0,0,0,0,0,0,0,0,0,0,1,0,0,10000,13000.0,30,3000.0,23.07692307692308,3.0,120000000.0,148600000.0,27.0,3611.4,1
29,0,1,0,0,0,0,0,1,0,0,0,0,0,0,0,0,0,0,0,0,1,0,0,0,0,100000000,130000000.0,30,30000000.0,23.07692307692308,1.0,100000000.0,130000000.0,30.0,3673.0,1
42,1,0,0,0,0,0,0,1,0,0,0,0,0,0,0,0,0,0,0,0,0,0,1,0,0,500000000,575000000.0,90,75000000.0,13.043478260869565,5.5,245000000.0,296425000.0,45.0,3609.2,2
33,0,1,0,0,0,0,1,0,0,0,0,0,0,0,0,0,0,0,0,0,1,0,0,0,0,100000000,115000000.0,15,15000000.0,13.043478260869565,2.0,100000000.0,115000000.0,15.0,3607.0,0
41,0,1,0,0,0,0,0,1,0,0,0,0,0,0,0,0,0,0,0,0,1,0,0,0,0,200000000,245000000.0,30,45000000.0,18.367346938775512,2.0,100000000.0,125000000.0,25.0,3607.3333333333335,1
32,0,1,0,0,0,0,0,0,0,0,0,0,0,0,1,0,0,0,0,1,0,0,0,0,0,100000000,115000000.0,15,15000000.0,13.043478260869565,1.0,100000000.0,115000000.0,15.0,3669.0,0
28,1,0,1,0,0,0,0,0,0,0,0,0,0,0,0,0,0,0,0,0,0,0,1,0,0,150000000,183750000.0,30,33750000.0,18.367346938775512,4.5,95000000.0,123500000.0,30.0,3617.0,1
36,0,1,0,0,0,0,0,0,0,0,0,1,0,0,0,0,0,0,0,0,1,0,0,0,0,100000000,130000000.0,30,30000000.0,23.07692307692308,1.5,100000000.0,130000000.0,30.0,3606.5,1
34,0,1,0,0,0,0,0,0,0,0,0,0,0,0,0,0,0,0,0,0,1,0,0,0,0,100000000,115000000.0,15,15000000.0,13.043478260869565,1.0,100000000.0,115000000.0,15.0,3608.0,0
37,0,1,0,0,0,0,0,1,0,0,0,0,0,0,0,0,0,0,0,0,1,0,0,0,0,300000000,345000000.0,30,45000000.0,13.043478260869565,6.0,154545454.54545453,181090909.0909091,21.818181818181817,3612.4545454545455,1
34,0,1,1,0,0,0,0,0,0,0,0,0,0,0,0,0,0,0,0,0,0,0,1,0,0,300000000,330000000.0,30,30000000.0,9.090909090909092,7.5,235714285.7142857,272678571.4285714,28.928571428571427,3609.071428571429,1
29,0,1,0,0,1,0,0,0,0,0,0,0,0,0,0,0,0,0,0,0,1,0,0,0,0,100000000,130000000.0,30,30000000.0,23.07692307692308,3.0,100000000.0,127000000.0,27.0,3610.4,1
45,1,0,0,0,0,0,0,1,0,0,0,0,0,0,0,0,0,0,0,0,0,0,1,0,0,300000000,345000000.0,30,45000000.0,13.043478260869565,5.0,172222222.2222222,200861111.1111111,23.33333333333333,3611.6666666666665,1
37,0,1,0,0,0,0,0,1,0,0,0,0,0,0,0,0,0,0,0,0,1,0,0,0,0,30000,34500.0,30,4500.0,13.043478260869565,3.5,166666666.66666666,192916666.66666663,20.0,3618.5,1
33,0,1,0,0,0,0,0,1,0,0,0,0,0,0,0,0,0,0,0,1,0,0,0,0,0,200000000,245000000.0,30,45000000.0,18.367346938775512,1.0,100000000.0,130000000.0,30.0,3613.0,1
29,0,1,0,0,0,0,0,0,0,0,0,0,0,0,0,0,0,0,1,0,1,0,0,0,0,100000000,115000000.0,15,15000000.0,13.043478260869565,4.0,100000000.0,118750000.0,19.285714285714285,3614.0,0
43,0,1,0,0,0,0,0,1,0,0,0,0,0,0,0,0,0,0,0,0,1,0,0,0,0,20000,24500.0,30,4500.0,18.367346938775512,2.5,125000000.0,158750000.0,30.0,3608.5,1
43,0,1,0,0,0,0,1,0,0,0,0,0,0,0,0,0,0,0,0,0,1,0,0,0,0,400000000,480000000.0,60,80000000.0,16.666666666666664,5.5,210000000.0,239900000.0,22.5,3614.7,3
28,0,1,0,0,0,0,0,1,0,0,0,0,0,0,0,0,0,0,0,0,0,0,0,1,0,10000,13000.0,30,3000.0,23.07692307692308,1.0,100000000.0,115000000.0,15.0,3668.0,1
39,1,0,0,0,0,0,0,0,0,0,0,0,0,0,1,0,0,0,0,0,1,0,0,0,0,200000000,230000000.0,30,30000000.0,13.043478260869565,4.0,171428571.42857143,208000000.0,32.142857142857146,3612.571428571429,1
29,1,0,0,0,1,0,0,0,0,0,0,0,0,0,0,0,0,0,0,0,1,0,0,0,0,200000000,245000000.0,30,45000000.0,18.367346938775512,1.5,100000000.0,115000000.0,15.0,3607.0,1
39,0,1,0,0,0,0,0,1,0,0,0,0,0,0,0,0,0,0,0,1,0,0,0,0,0,300000000,390000000.0,60,90000000.0,23.07692307692308,3.5,150000000.0,186333333.3333333,30.0,3617.1666666666665,3
44,0,1,0,0,0,0,1,0,0,0,0,0,0,0,0,0,0,0,0,0,1,0,0,0,0,100000000,115000000.0,15,15000000.0,13.043478260869565,1.0,100000000.0,115000000.0,15.0,3611.0,0
39,0,1,0,0,0,0,0,1,0,0,0,0,0,0,0,0,0,0,0,1,0,0,0,0,0,10000,13000.0,30,3000.0,23.07692307692308,1.0,100000000.0,130000000.0,30.0,3667.0,1
26,0,1,1,0,0,0,0,0,0,0,0,0,0,0,0,0,0,0,0,0,1,0,0,0,0,200000000,222500000.0,15,22500000.0,10.112359550561797,2.5,125000000.0,141875000.0,15.0,3623.75,0
47,0,1,0,0,0,0,0,0,0,0,0,0,0,0,0,0,0,0,1,0,1,0,0,0,0,100000000,130000000.0,30,30000000.0,23.07692307692308,1.0,100000000.0,130000000.0,30.0,3668.0,1
38,0,1,0,0,0,0,0,0,0,0,0,0,0,0,0,0,0,0,1,0,1,0,0,0,0,100000000,130000000.0,30,30000000.0,23.07692307692308,2.5,100000000.0,130000000.0,30.0,3626.25,1
43,0,1,0,0,0,0,0,1,0,0,0,0,0,0,0,0,0,0,0,1,0,0,0,0,0,100000000,130000000.0,30,30000000.0,23.07692307692308,1.5,100000000.0,122500000.0,22.5,3638.0,1
29,1,0,1,0,0,0,0,0,0,0,0,0,0,0,0,0,0,0,0,0,0,0,1,0,0,400000000,440000000.0,30,40000000.0,9.090909090909092,6.5,283333333.3333333,317333333.3333333,25.0,4728.25,4
40,0,1,0,0,0,0,0,0,0,0,0,1,0,0,0,0,0,0,0,0,1,0,0,0,0,100000000,111250000.0,15,11250000.0,10.112359550561797,2.0,100000000.0,115000000.0,15.0,3628.3333333333335,0
28,0,1,0,0,0,0,0,1,0,0,0,0,0,0,0,0,0,0,0,0,1,0,0,0,0,100000000,130000000.0,30,30000000.0,23.07692307692308,1.0,100000000.0,115000000.0,15.0,3668.0,1
36,0,1,0,0,0,0,0,1,0,0,0,0,0,0,0,0,0,0,0,0,1,0,0,0,0,20000,24500.0,30,4500.0,18.367346938775512,2.5,125000000.0,141875000.0,15.0,3607.25,1
43,1,0,0,0,0,0,0,1,0,0,0,0,0,0,0,0,0,0,0,0,1,0,0,0,0,300000000,345000000.0,30,45000000.0,13.043478260869565,2.0,116666666.66666669,142916666.66666666,25.0,3627.3333333333335,1
28,0,1,0,0,0,0,0,1,0,0,0,0,0,0,0,0,0,0,0,0,1,0,0,0,0,200000000,220000000.0,30,20000000.0,9.090909090909092,5.0,133333333.33333331,157194444.44444445,25.0,3610.0,1
39,0,1,0,0,0,0,0,1,0,0,0,0,0,0,0,0,0,0,0,1,0,0,0,0,0,100000000,130000000.0,30,30000000.0,23.07692307692308,1.0,100000000.0,130000000.0,30.0,3669.0,1
41,0,1,0,0,0,0,1,0,0,0,0,0,0,0,0,0,0,0,0,0,1,0,0,0,0,100000000,130000000.0,30,30000000.0,23.07692307692308,1.0,100000000.0,130000000.0,30.0,3611.0,1
47,0,1,0,0,0,0,0,1,0,0,0,0,0,0,0,0,0,0,0,0,1,0,0,0,0,200000000,245000000.0,30,45000000.0,18.367346938775512,2.5,125000000.0,151250000.0,22.5,3636.75,1
35,0,1,0,0,0,0,0,0,0,0,1,0,0,0,0,0,0,0,0,0,1,0,0,0,0,200000000,222500000.0,15,22500000.0,10.112359550561797,2.5,125000000.0,141875000.0,15.0,3608.0,0
31,0,1,0,0,0,0,0,0,0,0,0,0,0,0,1,0,0,0,0,0,1,0,0,0,0,30000,34500.0,30,4500.0,13.043478260869565,3.5,150000000.0,172500000.0,17.5,3607.1666666666665,1
38,0,1,1,0,0,0,0,0,0,0,0,0,0,0,0,0,0,0,0,0,1,0,0,0,0,200000000,245000000.0,30,45000000.0,18.367346938775512,3.0,100000000.0,130000000.0,30.0,3614.3333333333335,1
35,1,0,0,0,0,0,0,0,0,0,0,0,0,0,1,0,0,0,0,0,1,0,0,0,0,100000000,115000000.0,15,15000000.0,13.043478260869565,1.5,100000000.0,115000000.0,15.0,3608.5,0
30,0,1,0,0,0,0,0,1,0,0,0,0,0,0,0,0,0,0,0,0,1,0,0,0,0,100000000,130000000.0,30,30000000.0,23.07692307692308,1.5,100000000.0,130000000.0,30.0,3609.0,1
34,1,0,0,0,0,0,0,0,0,0,0,0,0,0,0,0,0,0,1,0,1,0,0,0,0,500000000,525000000.0,30,25000000.0,4.761904761904762,10.5,267500000.0,306075000.0,28.5,3612.25,1
43,0,1,0,0,0,0,0,1,0,0,0,0,0,0,0,0,0,0,0,1,0,0,0,0,0,100000000,130000000.0,30,30000000.0,23.07692307692308,1.0,100000000.0,130000000.0,30.0,3668.0,1
53,0,1,1,0,0,0,0,0,0,0,0,0,0,0,0,0,0,0,0,0,1,0,0,0,0,100000000,130000000.0,30,30000000.0,23.07692307692308,1.0,100000000.0,130000000.0,30.0,3667.0,1
38,1,0,0,0,0,0,0,1,0,0,0,0,0,0,0,0,0,0,0,0,0,0,1,0,0,100000000,130000000.0,30,30000000.0,23.07692307692308,1.5,100000000.0,130000000.0,30.0,3610.0,1
37,0,1,0,1,0,0,0,0,0,0,0,0,0,0,0,0,0,0,0,0,1,0,0,0,0,30000,39000.0,60,9000.0,23.07692307692308,4.5,125000000.0,158750000.0,30.0,3609.625,3
45,1,0,0,0,0,0,0,0,0,0,0,0,0,0,0,0,0,0,1,0,0,0,1,0,0,400000000,440000000.0,30,40000000.0,9.090909090909092,7.0,284615384.61538464,319230769.2307692,24.23076923076923,3609.846153846154,1
33,0,1,0,0,0,0,0,0,0,0,0,0,0,0,1,0,0,0,0,0,1,0,0,0,0,200000000,245000000.0,30,45000000.0,18.367346938775512,4.5,125000000.0,154125000.0,26.25,3608.625,1
37,0,1,0,0,0,0,1,0,0,0,0,0,0,0,0,0,0,0,0,0,1,0,0,0,0,10000,13000.0,30,3000.0,23.07692307692308,1.5,100000000.0,130000000.0,30.0,3608.5,1
41,0,1,0,0,0,0,1,0,0,0,0,0,0,0,0,0,0,0,0,0,1,0,0,0,0,200000000,245000000.0,30,45000000.0,18.367346938775512,3.0,140000000.0,170000000.0,24.0,3608.0,1
38,0,1,0,0,0,0,0,0,0,0,0,0,0,0,0,0,0,0,1,0,1,0,0,0,0,100000000,130000000.0,30,30000000.0,23.07692307692308,1.0,100000000.0,115000000.0,15.0,3676.0,1
41,0,1,0,0,0,0,0,1,0,0,0,0,0,0,0,0,0,0,0,0,1,0,0,0,0,100000000,130000000.0,30,30000000.0,23.07692307692308,1.0,100000000.0,130000000.0,30.0,3668.0,1
48,0,1,0,0,0,1,0,0,0,0,0,0,0,0,0,0,0,0,0,1,0,0,0,0,0,100000000,130000000.0,30,30000000.0,23.07692307692308,2.0,100000000.0,130000000.0,30.0,3628.6666666666665,1
36,0,1,0,0,0,0,1,0,0,0,0,0,0,0,0,0,0,0,0,0,1,0,0,0,0,30000,34500.0,30,4500.0,13.043478260869565,3.0,140000000.0,161500000.0,18.0,3608.8,1
37,0,1,1,0,0,0,0,0,0,0,0,0,0,0,0,0,0,0,0,0,1,0,0,0,0,100000000,130000000.0,30,30000000.0,23.07692307692308,1.0,100000000.0,130000000.0,30.0,3611.0,1
35,0,1,0,0,0,0,0,0,0,0,0,0,0,0,1,0,0,0,0,0,1,0,0,0,0,10000,13000.0,30,3000.0,23.07692307692308,1.0,100000000.0,130000000.0,30.0,3618.0,1
39,0,1,0,0,0,0,0,0,0,0,0,1,0,0,0,0,0,0,0,0,1,0,0,0,0,100000000,130000000.0,30,30000000.0,23.07692307692308,1.0,100000000.0,130000000.0,30.0,3668.0,1
36,0,1,0,0,0,0,0,0,0,0,1,0,0,0,0,0,0,0,0,0,1,0,0,0,0,15000,18375.0,30,3375.0,18.367346938775512,2.0,100000000.0,130000000.0,30.0,3612.0,1
33,0,1,0,0,0,0,0,1,0,0,0,0,0,0,0,0,0,0,0,0,1,0,0,0,0,200000000,245000000.0,30,45000000.0,18.367346938775512,2.5,100000000.0,114062500.0,15.0,3624.25,1
35,0,1,0,0,0,0,0,1,0,0,0,0,0,0,0,0,0,0,0,1,0,0,0,0,0,100000000,130000000.0,30,30000000.0,23.07692307692308,1.0,100000000.0,115000000.0,15.0,3669.0,1
33,0,1,0,0,0,0,0,1,0,0,0,0,0,0,0,0,0,0,0,0,1,0,0,0,0,100000000,115000000.0,15,15000000.0,13.043478260869565,1.5,100000000.0,122500000.0,22.5,3639.0,0
32,0,1,0,0,0,0,0,0,0,0,0,0,0,0,1,0,0,0,0,0,1,0,0,0,0,100000000,130000000.0,30,30000000.0,23.07692307692308,1.0,100000000.0,130000000.0,30.0,3607.0,1
56,1,0,0,0,0,0,0,1,0,0,0,0,0,0,0,0,0,0,0,0,0,0,1,0,0,500000000,575000000.0,90,75000000.0,13.043478260869565,5.5,260000000.0,315300000.0,45.0,3608.3,2
41,0,1,1,0,0,0,0,0,0,0,0,0,0,0,0,0,0,0,0,0,1,0,0,0,0,400000000,440000000.0,30,40000000.0,9.090909090909092,6.0,227272727.27272728,265181818.1818182,31.363636363636363,3609.0,1
41,0,1,0,0,0,0,0,1,0,0,0,0,0,0,0,0,0,0,0,1,0,0,0,0,0,100000000,130000000.0,30,30000000.0,23.07692307692308,1.0,100000000.0,130000000.0,30.0,3668.0,1
33,0,1,0,0,0,0,0,1,0,0,0,0,0,0,0,0,0,0,0,0,1,0,0,0,0,200000000,245000000.0,30,45000000.0,18.367346938775512,2.0,100000000.0,130000000.0,30.0,3613.6666666666665,1
36,1,0,0,0,0,0,0,1,0,0,0,0,0,0,0,0,0,0,0,0,1,0,0,0,0,300000000,345000000.0,30,45000000.0,13.043478260869565,3.5,183333333.3333333,221500000.0,30.0,3610.0,1
36,1,0,0,0,0,0,0,1,0,0,0,0,0,0,0,0,0,0,0,0,1,0,0,0,0,400000000,440000000.0,30,40000000.0,9.090909090909092,5.5,270000000.0,313500000.0,33.0,3610.8,1
38,0,1,0,0,0,0,0,0,0,0,0,0,0,0,0,0,0,0,1,0,1,0,0,0,0,100000000,130000000.0,30,30000000.0,23.07692307692308,1.0,100000000.0,115000000.0,15.0,3668.0,1
29,0,1,0,0,0,0,1,0,0,0,0,0,0,0,0,0,0,0,0,0,0,0,0,1,0,100000000,130000000.0,30,30000000.0,23.07692307692308,1.0,100000000.0,130000000.0,30.0,3629.0,1
34,0,1,0,0,0,0,0,0,0,0,0,0,0,0,1,0,0,0,0,0,1,0,0,0,0,100000000,130000000.0,30,30000000.0,23.07692307692308,1.5,100000000.0,122500000.0,22.5,3637.5,1
33,0,1,0,0,0,0,0,0,0,0,0,0,0,0,0,0,0,0,0,0,1,0,0,0,0,10000,13000.0,30,3000.0,23.07692307692308,1.5,100000000.0,130000000.0,30.0,3638.0,1
34,0,1,0,0,0,0,0,0,0,0,0,1,0,0,0,0,0,0,0,1,0,0,0,0,0,30000,34500.0,30,4500.0,13.043478260869565,3.5,150000000.0,186333333.3333333,30.0,3618.1666666666665,1
39,0,1,0,0,0,0,0,0,0,0,0,0,0,0,1,0,0,0,0,1,0,0,0,0,0,300000000,345000000.0,30,45000000.0,13.043478260869565,2.0,133333333.33333331,158333333.33333334,20.0,3627.0,1
37,0,1,0,0,0,0,0,0,0,0,1,0,0,0,0,0,0,0,0,0,1,0,0,0,0,100000000,122500000.0,30,22500000.0,18.367346938775512,2.0,100000000.0,125000000.0,25.0,3608.6666666666665,1
36,0,1,0,0,0,0,0,1,0,0,0,0,0,0,0,0,0,0,0,0,1,0,0,0,0,100000000,130000000.0,30,30000000.0,23.07692307692308,1.5,100000000.0,130000000.0,30.0,3609.5,1
34,0,1,0,1,0,0,0,0,0,0,0,0,0,0,0,0,0,0,0,0,1,0,0,0,0,100000000,115000000.0,15,15000000.0,13.043478260869565,1.5,100000000.0,115000000.0,15.0,3613.5,0
40,0,1,0,0,0,0,0,0,0,0,0,0,0,0,0,0,0,0,0,1,0,0,0,0,0,100000000,115000000.0,15,15000000.0,13.043478260869565,1.0,100000000.0,115000000.0,15.0,3670.0,0
28,1,0,0,0,0,0,0,1,0,0,0,0,0,0,0,0,0,0,0,0,0,0,0,1,0,150000000,157500000.0,15,7500000.0,4.761904761904762,5.5,185000000.0,206950000.0,19.5,3983.2,0
50,1,0,1,0,0,0,0,0,0,0,0,0,0,0,0,0,0,0,0,0,1,0,0,0,0,40000,44000.0,30,4000.0,9.090909090909092,5.5,178000000.0,214325000.0,34.5,3610.0,1
37,1,0,0,0,0,0,0,1,0,0,0,0,0,0,0,0,0,0,0,0,1,0,0,0,0,300000000,345000000.0,30,45000000.0,13.043478260869565,5.0,200000000.0,230444444.44444445,23.33333333333333,3616.222222222222,1
47,0,1,0,0,0,0,0,0,0,0,0,0,0,0,0,0,0,0,1,1,0,0,0,0,0,100000000,130000000.0,30,30000000.0,23.07692307692308,1.0,100000000.0,130000000.0,30.0,3669.0,1
38,0,1,0,0,0,0,0,0,0,0,0,1,0,0,0,0,0,0,0,0,1,0,0,0,0,100000000,130000000.0,30,30000000.0,23.07692307692308,1.5,100000000.0,130000000.0,30.0,3610.5,1
30,0,1,0,0,0,0,0,0,0,0,0,1,0,0,0,0,0,0,0,0,1,0,0,0,0,100000000,130000000.0,30,30000000.0,23.07692307692308,1.0,100000000.0,115000000.0,15.0,3672.0,1
41,0,1,0,0,0,0,0,1,0,0,0,0,0,0,0,0,0,0,0,0,1,0,0,0,0,200000000,245000000.0,30,45000000.0,18.367346938775512,3.5,133333333.33333331,167166666.66666666,30.0,3609.0,1
35,1,0,0,0,0,0,0,1,0,0,0,0,0,0,0,0,0,0,0,0,1,0,0,0,0,300000000,345000000.0,30,45000000.0,13.043478260869565,4.0,142857142.85714287,168714285.7142857,21.428571428571427,3609.142857142857,1
31,0,1,0,0,0,0,0,0,0,0,0,0,0,0,0,0,0,0,0,1,0,0,0,0,0,100000000,115000000.0,15,15000000.0,13.043478260869565,1.5,100000000.0,115000000.0,15.0,3615.0,0
42,0,1,0,0,0,0,0,1,0,0,0,0,0,0,0,0,0,0,0,1,0,0,0,0,0,100000000,130000000.0,30,30000000.0,23.07692307692308,1.0,100000000.0,130000000.0,30.0,3667.0,1
41,0,1,0,0,0,0,0,1,0,0,0,0,0,0,0,0,0,0,0,1,0,0,0,0,0,100000000,115000000.0,15,15000000.0,13.043478260869565,1.0,100000000.0,130000000.0,30.0,3669.0,0
40,0,1,0,0,0,0,0,0,0,0,1,0,0,0,0,0,0,0,0,1,0,0,0,0,0,300000000,345000000.0,30,45000000.0,13.043478260869565,3.0,160000000.0,191500000.0,24.0,3607.6,1
38,0,1,0,1,0,0,0,0,0,0,0,0,0,0,0,0,0,0,0,0,1,0,0,0,0,100000000,115000000.0,15,15000000.0,13.043478260869565,1.5,100000000.0,130000000.0,30.0,3607.0,0
37,0,1,0,0,0,0,1,0,0,0,0,0,0,0,0,0,0,0,0,1,0,0,0,0,0,10000,13000.0,30,3000.0,23.07692307692308,3.0,140000000.0,168600000.0,24.0,3610.2,1
29,0,1,0,0,0,0,1,0,0,0,0,0,0,0,0,0,0,0,0,0,1,0,0,0,0,250000000,287500000.0,30,37500000.0,13.043478260869565,4.0,121428571.42857143,138285714.2857143,17.142857142857142,3607.571428571429,1
38,0,1,0,0,0,0,0,1,0,0,0,0,0,0,0,0,0,0,0,0,1,0,0,0,0,30000,34500.0,30,4500.0,13.043478260869565,3.5,150000000.0,170833333.33333334,17.5,3608.3333333333335,1
37,0,1,1,0,0,0,0,0,0,0,0,0,0,0,0,0,0,0,0,0,1,0,0,0,0,10000,13000.0,30,3000.0,23.07692307692308,2.0,100000000.0,130000000.0,30.0,3609.6666666666665,1
30,0,1,0,0,0,0,0,0,0,0,0,0,0,0,0,0,0,0,1,1,0,0,0,0,0,100000000,130000000.0,30,30000000.0,23.07692307692308,1.0,100000000.0,130000000.0,30.0,3668.0,1
38,0,1,0,0,0,0,0,0,0,0,0,0,0,0,1,0,0,0,0,1,0,0,0,0,0,100000000,130000000.0,30,30000000.0,23.07692307692308,1.0,100000000.0,115000000.0,15.0,3612.0,1
40,0,1,0,0,0,1,0,0,0,0,0,0,0,0,0,0,0,0,0,0,1,0,0,0,0,100000000,130000000.0,30,30000000.0,23.07692307692308,1.5,100000000.0,130000000.0,30.0,3606.0,1
43,0,1,0,0,0,0,0,0,0,0,0,0,0,0,0,0,0,0,1,0,1,0,0,0,0,10000,11500.0,15,1500.0,13.043478260869565,1.0,100000000.0,115000000.0,15.0,3670.0,0
35,1,0,0,0,0,0,0,1,0,0,0,0,0,0,0,0,0,0,0,0,0,0,1,0,0,100000000,130000000.0,30,30000000.0,23.07692307692308,3.5,150000000.0,183833333.3333333,27.5,3614.5,1
35,0,1,0,0,0,0,0,0,0,0,0,0,0,0,0,0,0,0,1,0,1,0,0,0,0,200000000,245000000.0,30,45000000.0,18.367346938775512,2.5,112500000.0,143437500.0,30.0,3621.75,1
33,0,1,0,0,1,0,0,0,0,0,0,0,0,0,0,0,0,0,0,0,1,0,0,0,0,10000,13000.0,30,3000.0,23.07692307692308,1.0,100000000.0,130000000.0,30.0,3670.0,1
41,0,1,0,1,0,0,0,0,0,0,0,0,0,0,0,0,0,0,0,0,1,0,0,0,0,100000000,130000000.0,30,30000000.0,23.07692307692308,1.0,100000000.0,130000000.0,30.0,3610.0,1
37,0,0,0,0,0,0,0,0,0,0,0,0,0,0,0,0,0,0,1,0,1,0,0,0,0,200000000,222500000.0,15,22500000.0,10.112359550561797,2.5,125000000.0,141875000.0,15.0,3623.0,0
45,0,1,0,0,0,0,0,0,0,0,0,0,0,0,1,0,0,0,0,0,1,0,0,0,0,200000000,245000000.0,30,45000000.0,18.367346938775512,2.0,100000000.0,115000000.0,15.0,3608.6666666666665,1
29,0,1,0,0,0,0,0,0,0,0,0,0,0,0,0,0,0,0,0,0,1,0,0,0,0,300000000,345000000.0,30,45000000.0,13.043478260869565,4.0,157142857.14285713,192428571.42857143,30.0,3613.142857142857,1
44,0,1,0,0,0,0,0,0,0,0,0,0,0,0,0,0,0,0,1,0,1,0,0,0,0,200000000,245000000.0,30,45000000.0,18.367346938775512,2.0,100000000.0,123333333.33333331,25.0,4453.333333333333,4
37,0,1,0,0,0,0,0,1,0,0,0,0,0,0,0,0,0,0,0,0,1,0,0,0,0,100000000,111250000.0,15,11250000.0,10.112359550561797,3.0,110000000.0,124625000.0,15.0,4043.2,0
30,1,0,0,0,0,0,1,0,0,0,0,0,0,0,0,0,0,0,0,0,1,0,0,0,0,100000000,130000000.0,30,30000000.0,23.07692307692308,2.0,100000000.0,120000000.0,20.0,3613.3333333333335,1
37,0,1,0,0,1,0,0,0,0,0,0,0,0,0,0,0,0,0,0,0,1,0,0,0,0,100000000,130000000.0,30,30000000.0,23.07692307692308,1.0,100000000.0,130000000.0,30.0,3671.0,1
34,0,1,0,0,0,0,0,1,0,0,0,0,0,0,0,0,0,0,0,0,1,0,0,0,0,100000000,115000000.0,15,15000000.0,13.043478260869565,1.0,100000000.0,130000000.0,30.0,3669.0,0
29,0,1,0,0,0,0,1,0,0,0,0,0,0,0,0,0,0,0,0,0,1,0,0,0,0,100000000,130000000.0,30,30000000.0,23.07692307692308,2.0,100000000.0,130000000.0,30.0,3608.6666666666665,1
28,0,1,0,0,0,0,0,1,0,0,0,0,0,0,0,0,0,0,0,0,1,0,0,0,0,10000,13000.0,30,3000.0,23.07692307692308,1.0,100000000.0,130000000.0,30.0,3667.0,1
44,0,1,0,0,0,0,0,1,0,0,0,0,0,0,0,0,0,0,0,0,1,0,0,0,0,100000000,130000000.0,30,30000000.0,23.07692307692308,1.0,100000000.0,115000000.0,15.0,3668.0,1
34,1,0,0,0,0,0,0,0,0,0,0,0,0,0,0,0,0,0,0,0,1,0,0,0,0,10000,11500.0,15,1500.0,13.043478260869565,3.0,136000000.0,161800000.0,24.0,3610.2,0
30,1,0,0,0,0,0,0,1,0,0,0,0,0,0,0,0,0,0,0,0,0,0,0,1,0,400000000,480000000.0,60,80000000.0,16.666666666666664,5.0,244444444.44444445,297777777.7777778,43.333333333333336,3609.777777777778,3
29,0,1,0,0,0,0,0,1,0,0,0,0,0,0,0,0,0,0,0,0,1,0,0,0,0,10000,13000.0,30,3000.0,23.07692307692308,1.0,100000000.0,115000000.0,15.0,3612.0,1
37,1,0,0,0,0,0,0,1,0,0,0,0,0,0,0,0,0,0,0,0,1,0,0,0,0,40000,48000.0,60,8000.0,16.666666666666664,8.0,223333333.3333333,250766666.66666663,21.0,3617.733333333333,3
40,0,1,0,0,0,0,1,0,0,0,0,0,0,0,0,0,0,0,0,0,1,0,0,0,0,10000,13000.0,30,3000.0,23.07692307692308,2.5,100000000.0,130000000.0,30.0,3610.75,1
46,0,1,0,0,0,1,0,0,0,0,0,0,0,0,0,0,0,0,0,0,1,0,0,0,0,100000000,115000000.0,15,15000000.0,13.043478260869565,1.0,100000000.0,115000000.0,30.0,3668.0,0
58,0,1,0,0,0,0,1,0,0,0,0,0,0,0,0,0,0,0,0,0,1,0,0,0,0,100000000,130000000.0,30,30000000.0,23.07692307692308,1.0,100000000.0,130000000.0,30.0,3616.0,1
52,0,1,0,0,0,0,0,0,0,0,0,0,0,0,0,0,0,0,1,0,1,0,0,0,0,100000000,130000000.0,30,30000000.0,23.07692307692308,1.5,100000000.0,130000000.0,30.0,3609.5,1
32,0,1,0,0,0,0,0,1,0,0,0,0,0,0,0,0,0,0,0,0,1,0,0,0,0,300000000,345000000.0,30,45000000.0,13.043478260869565,6.5,175000000.0,198500000.0,18.75,3614.3333333333335,1
31,0,1,1,0,0,0,0,0,0,0,0,0,0,0,0,0,0,0,0,0,1,0,0,0,0,100000000,130000000.0,30,30000000.0,23.07692307692308,1.0,100000000.0,130000000.0,30.0,3607.0,1
40,0,1,0,0,0,0,0,0,0,0,0,0,0,0,1,0,0,0,0,1,0,0,0,0,0,30000,34500.0,30,4500.0,13.043478260869565,3.5,150000000.0,181333333.3333333,25.0,3618.5,1
35,1,0,0,0,0,0,0,1,0,0,0,0,0,0,0,0,0,0,0,0,0,0,1,0,0,200000000,245000000.0,30,45000000.0,18.367346938775512,5.0,166666666.66666666,199027777.7777778,31.666666666666668,3610.555555555556,1
33,0,1,0,0,0,0,0,0,0,0,1,0,0,0,0,0,0,0,0,0,1,0,0,0,0,100000000,115000000.0,15,15000000.0,13.043478260869565,2.0,100000000.0,115000000.0,15.0,3609.0,0
40,0,1,1,0,0,0,0,0,0,0,0,0,0,0,0,0,0,0,0,0,1,0,0,0,0,100000000,130000000.0,30,30000000.0,23.07692307692308,1.0,100000000.0,130000000.0,30.0,3668.0,1
35,0,1,0,1,0,0,0,0,0,0,0,0,0,0,0,0,0,0,0,1,0,0,0,0,0,100000000,130000000.0,30,30000000.0,23.07692307692308,1.5,100000000.0,130000000.0,30.0,3611.0,1
30,0,1,0,0,0,0,0,1,0,0,0,0,0,0,0,0,0,0,0,0,1,0,0,0,0,100000000,115000000.0,15,15000000.0,13.043478260869565,1.0,100000000.0,115000000.0,15.0,3669.0,0
40,0,1,0,0,0,0,0,1,0,0,0,0,0,0,0,0,0,0,0,1,0,0,0,0,0,100000000,130000000.0,30,30000000.0,23.07692307692308,1.0,100000000.0,130000000.0,30.0,3668.0,1
43,0,1,0,0,0,0,0,0,0,0,0,0,0,0,0,0,0,0,0,0,1,0,0,0,0,100000000,130000000.0,30,30000000.0,23.07692307692308,1.0,100000000.0,130000000.0,30.0,3667.0,1
27,1,0,0,0,0,0,0,0,0,0,0,0,0,0,1,0,0,0,0,0,1,0,0,0,0,300000000,345000000.0,30,45000000.0,13.043478260869565,4.0,185714285.7142857,210214285.7142857,19.285714285714285,3610.142857142857,1
40,1,0,0,0,0,0,0,1,0,0,0,0,0,0,0,0,0,0,0,0,1,0,0,0,0,300000000,390000000.0,60,90000000.0,23.07692307692308,5.5,220000000.0,266300000.0,37.5,3686.7,3
36,0,1,0,0,0,0,0,1,0,0,0,0,0,0,0,0,0,0,0,0,1,0,0,0,0,100000000,115000000.0,15,15000000.0,13.043478260869565,1.0,100000000.0,130000000.0,30.0,3668.0,0
37,0,1,0,0,0,0,0,1,0,0,0,0,0,0,0,0,0,0,0,0,1,0,0,0,0,100000000,130000000.0,30,30000000.0,23.07692307692308,1.0,100000000.0,130000000.0,30.0,3668.0,1
33,0,1,0,0,0,0,0,0,0,0,0,0,0,0,0,0,0,0,1,0,1,0,0,0,0,20000,24000.0,30,4000.0,16.666666666666664,1.5,100000000.0,115000000.0,15.0,3638.0,1
30,0,1,0,0,0,0,0,0,0,0,0,0,0,0,0,0,0,0,1,1,0,0,0,0,0,100000000,115000000.0,15,15000000.0,13.043478260869565,1.0,100000000.0,130000000.0,30.0,3668.0,0
40,0,1,0,0,0,0,0,1,0,0,0,0,0,0,0,0,0,0,0,0,1,0,0,0,0,100000000,115000000.0,15,15000000.0,13.043478260869565,1.0,100000000.0,115000000.0,15.0,3667.0,0
37,1,0,0,0,1,0,0,0,0,0,0,0,0,0,0,0,0,0,0,0,1,0,0,0,0,300000000,345000000.0,30,45000000.0,13.043478260869565,4.0,200000000.0,228000000.0,21.428571428571427,3617.0,1
35,1,0,0,0,0,0,0,1,0,0,0,0,0,0,0,0,0,0,0,0,1,0,0,0,0,300000000,345000000.0,30,45000000.0,13.043478260869565,5.5,200000000.0,231700000.0,27.0,3608.6,1
33,0,1,0,0,0,0,0,0,0,0,1,0,0,0,0,0,0,0,0,0,1,0,0,0,0,100000000,130000000.0,30,30000000.0,23.07692307692308,1.0,100000000.0,130000000.0,30.0,3608.0,1
30,0,1,0,0,0,0,0,1,0,0,0,0,0,0,0,0,0,0,0,0,1,0,0,0,0,100000000,130000000.0,30,30000000.0,23.07692307692308,3.0,140000000.0,162500000.0,18.0,3607.6,1
35,1,0,0,0,0,0,0,1,0,0,0,0,0,0,0,0,0,0,0,0,0,0,1,0,0,15000,18375.0,30,3375.0,18.367346938775512,2.0,100000000.0,127500000.0,30.0,3634.6666666666665,1
45,0,1,0,0,0,0,0,1,0,0,0,0,0,0,0,0,0,0,0,0,1,0,0,0,0,100000000,130000000.0,30,30000000.0,23.07692307692308,1.5,100000000.0,122500000.0,22.5,3610.5,1
43,0,1,1,0,0,0,0,0,0,0,0,0,0,0,0,0,0,0,0,0,1,0,0,0,0,100000000,130000000.0,30,30000000.0,23.07692307692308,1.0,100000000.0,130000000.0,30.0,3610.0,1
35,0,1,0,0,0,0,0,1,0,0,0,0,0,0,0,0,0,0,0,0,1,0,0,0,0,10000,11500.0,15,1500.0,13.043478260869565,1.5,100000000.0,122500000.0,22.5,3636.5,0
32,0,1,0,0,0,0,0,1,0,0,0,0,0,0,0,0,0,0,0,0,0,0,1,0,0,10000,13000.0,30,3000.0,23.07692307692308,1.5,100000000.0,130000000.0,30.0,3608.5,1
33,0,1,0,0,0,0,0,1,0,0,0,0,0,0,0,0,0,0,0,1,0,0,0,0,0,200000000,245000000.0,30,45000000.0,18.367346938775512,1.5,100000000.0,130000000.0,30.0,3608.0,1
45,0,1,0,0,0,0,0,1,0,0,0,0,0,0,0,0,0,0,0,0,1,0,0,0,0,10000,13000.0,30,3000.0,23.07692307692308,1.0,100000000.0,130000000.0,30.0,3669.0,1
41,1,0,0,0,0,0,0,0,0,0,0,0,0,0,0,0,0,0,1,0,1,0,0,0,0,200000000,230000000.0,30,30000000.0,13.043478260869565,5.0,111111111.1111111,132972222.22222222,28.33333333333333,3608.777777777778,1
46,0,1,0,0,0,0,0,0,0,0,0,1,0,0,0,0,0,0,0,0,1,0,0,0,0,100000000,115000000.0,15,15000000.0,13.043478260869565,1.0,100000000.0,115000000.0,15.0,3609.0,0
36,0,1,0,0,0,0,0,1,0,0,0,0,0,0,0,0,0,0,0,0,1,0,0,0,0,200000000,245000000.0,30,45000000.0,18.367346938775512,2.0,100000000.0,120000000.0,20.0,3609.0,1
40,0,1,0,0,0,0,0,1,0,0,0,0,0,0,0,0,0,0,0,0,1,0,0,0,0,100000000,130000000.0,30,30000000.0,23.07692307692308,1.5,100000000.0,130000000.0,30.0,3637.5,1
33,0,1,0,0,0,0,0,1,0,0,0,0,0,0,0,0,0,0,0,0,1,0,0,0,0,100000000,115000000.0,15,15000000.0,13.043478260869565,1.0,100000000.0,115000000.0,15.0,3667.0,0
35,0,1,0,0,0,0,0,1,0,0,0,0,0,0,0,0,0,0,0,0,1,0,0,0,0,100000000,130000000.0,30,30000000.0,23.07692307692308,1.5,100000000.0,130000000.0,30.0,3609.0,1
29,0,1,0,0,0,0,0,1,0,0,0,0,0,0,0,0,0,0,0,0,1,0,0,0,0,100000000,115000000.0,15,15000000.0,13.043478260869565,1.5,100000000.0,122500000.0,22.5,3637.5,0
31,1,0,0,0,0,0,0,0,0,0,0,0,0,0,0,0,0,0,1,0,0,0,1,0,0,500000000,575000000.0,90,75000000.0,13.043478260869565,6.0,263636363.63636363,309500000.0,35.45454545454545,3612.5454545454554,2
38,0,1,0,0,0,0,0,0,0,0,1,0,0,0,0,0,0,0,0,0,1,0,0,0,0,100000000,130000000.0,30,30000000.0,23.07692307692308,1.5,100000000.0,130000000.0,30.0,3637.0,1
46,0,1,0,0,0,0,0,0,0,0,0,0,0,0,1,0,0,0,0,0,1,0,0,0,0,10000,11500.0,15,1500.0,13.043478260869565,1.0,100000000.0,115000000.0,15.0,3612.0,0
42,1,0,0,0,0,0,0,1,0,0,0,0,0,0,0,0,0,0,0,0,0,0,1,0,0,400000000,440000000.0,30,40000000.0,9.090909090909092,6.5,250000000.0,286083333.3333333,26.25,3614.3333333333335,1
37,1,0,0,0,0,0,0,0,0,0,0,0,0,0,0,0,0,0,1,0,1,0,0,0,0,300000000,345000000.0,30,45000000.0,13.043478260869565,5.0,222222222.2222222,255444444.44444445,23.33333333333333,3610.6666666666665,1
33,0,1,1,0,0,0,0,0,0,0,0,0,0,0,0,0,0,0,0,0,1,0,0,0,0,100000000,130000000.0,30,30000000.0,23.07692307692308,1.5,100000000.0,130000000.0,30.0,3609.5,1
46,0,1,1,0,0,0,0,0,0,0,0,0,0,0,0,0,0,0,0,0,1,0,0,0,0,100000000,130000000.0,30,30000000.0,23.07692307692308,1.0,100000000.0,130000000.0,30.0,3613.0,1
33,0,1,1,0,0,0,0,0,0,0,0,0,0,0,0,0,0,0,0,1,0,0,0,0,0,100000000,130000000.0,30,30000000.0,23.07692307692308,3.0,120000000.0,136500000.0,15.0,4095.6,1
32,0,1,0,0,0,0,0,1,0,0,0,0,0,0,0,0,0,0,0,0,1,0,0,0,0,100000000,130000000.0,30,30000000.0,23.07692307692308,1.0,100000000.0,130000000.0,30.0,3668.0,1
28,0,1,0,0,0,0,1,0,0,0,0,0,0,0,0,0,0,0,0,0,0,0,0,1,0,100000000,130000000.0,30,30000000.0,23.07692307692308,1.0,100000000.0,130000000.0,30.0,3610.0,1
40,0,1,0,0,0,0,0,1,0,0,0,0,0,0,0,0,0,0,0,0,1,0,0,0,0,100000000,130000000.0,30,30000000.0,23.07692307692308,4.0,111428571.42857143,142714285.7142857,30.0,3617.571428571429,1
32,1,0,0,0,0,0,0,1,0,0,0,0,0,0,0,0,0,0,0,0,0,0,1,0,0,200000000,230000000.0,30,30000000.0,13.043478260869565,5.5,160000000.0,186600000.0,24.0,3619.8,1
37,0,1,0,0,0,0,0,0,0,0,0,0,0,0,0,0,0,0,0,0,1,0,0,0,0,300000000,345000000.0,30,45000000.0,13.043478260869565,4.0,171428571.42857143,196642857.14285716,19.285714285714285,3608.0,1
40,0,1,0,0,0,0,0,1,0,0,0,0,0,0,0,0,0,0,0,1,0,0,0,0,0,100000000,130000000.0,30,30000000.0,23.07692307692308,1.0,100000000.0,130000000.0,30.0,3608.0,1
41,1,0,0,0,0,0,0,0,0,0,0,0,0,0,1,0,0,0,0,0,1,0,0,0,0,400000000,440000000.0,30,40000000.0,9.090909090909092,5.0,266666666.66666663,306000000.0,30.0,3608.0,1
47,0,1,0,0,0,0,0,1,0,0,0,0,0,0,0,0,0,0,0,1,0,0,0,0,0,200000000,245000000.0,30,45000000.0,18.367346938775512,4.0,135714285.7142857,168535714.2857143,30.0,3621.142857142857,1
33,0,1,0,0,0,0,0,1,0,0,0,0,0,0,0,0,0,0,0,0,1,0,0,0,0,100000000,130000000.0,30,30000000.0,23.07692307692308,1.5,100000000.0,130000000.0,30.0,3606.5,1
37,1,0,0,1,0,0,0,0,0,0,0,0,0,0,0,0,0,0,0,0,0,0,1,0,0,200000000,245000000.0,30,45000000.0,18.367346938775512,5.5,150000000.0,175550000.0,22.5,3610.3,1
45,0,1,0,0,0,0,1,0,0,0,0,0,0,0,0,0,0,0,0,0,1,0,0,0,0,200000000,245000000.0,30,45000000.0,18.367346938775512,1.5,100000000.0,115000000.0,15.0,3637.0,1
38,0,1,0,1,0,0,0,0,0,0,0,0,0,0,0,0,0,0,0,0,1,0,0,0,0,100000000,130000000.0,30,30000000.0,23.07692307692308,1.5,100000000.0,130000000.0,30.0,3609.5,1
45,1,0,0,0,0,0,0,1,0,0,0,0,0,0,0,0,0,0,0,0,1,0,0,0,0,400000000,440000000.0,30,40000000.0,9.090909090909092,3.5,208333333.3333333,252000000.0,35.0,3617.3333333333335,1
35,1,0,0,0,0,0,0,0,0,0,0,0,0,0,0,0,0,0,0,0,1,0,0,0,0,100000000,130000000.0,30,30000000.0,23.07692307692308,2.5,100000000.0,130000000.0,30.0,3606.75,1
41,0,1,0,0,0,0,0,1,0,0,0,0,0,0,0,0,0,0,0,0,1,0,0,0,0,10000,13000.0,30,3000.0,23.07692307692308,1.5,100000000.0,130000000.0,30.0,3610.0,1
31,0,1,0,0,0,0,0,0,0,0,0,0,0,0,0,0,0,0,1,1,0,0,0,0,0,100000000,122500000.0,30,22500000.0,18.367346938775512,2.0,100000000.0,130000000.0,30.0,3609.6666666666665,1
41,1,0,0,0,0,0,0,1,0,0,0,0,0,0,0,0,0,0,0,0,1,0,0,0,0,400000000,480000000.0,60,80000000.0,16.666666666666664,5.0,166666666.66666666,203027777.7777778,28.33333333333333,3615.444444444444,3
49,0,1,0,0,0,0,0,1,0,0,0,0,0,0,0,0,0,0,0,1,0,0,0,0,0,100000000,115000000.0,15,15000000.0,13.043478260869565,1.0,100000000.0,115000000.0,15.0,3607.0,0
35,0,1,0,0,1,0,0,0,0,0,0,0,0,0,0,0,0,0,0,0,1,0,0,0,0,200000000,245000000.0,30,45000000.0,18.367346938775512,3.0,130000000.0,151375000.0,18.0,3608.2,1
30,0,1,0,0,0,0,1,0,0,0,0,0,0,0,0,0,0,0,0,1,0,0,0,0,0,20000,24500.0,30,4500.0,18.367346938775512,2.0,133333333.33333331,168333333.33333334,30.0,3609.0,1
41,1,0,0,0,0,0,1,0,0,0,0,0,0,0,0,0,0,0,0,0,0,0,1,0,0,400000000,440000000.0,30,40000000.0,9.090909090909092,5.0,211111111.1111111,242388888.8888889,23.33333333333333,3615.6666666666665,1
38,0,1,0,0,0,0,0,0,0,0,0,0,0,0,0,0,0,0,1,0,1,0,0,0,0,100000000,130000000.0,30,30000000.0,23.07692307692308,1.0,100000000.0,130000000.0,30.0,3669.0,1
35,1,0,1,0,0,0,0,0,0,0,0,0,0,0,0,0,0,0,0,0,0,0,1,0,0,300000000,345000000.0,30,45000000.0,13.043478260869565,5.0,188888888.8888889,220777777.7777778,28.33333333333333,3608.3333333333335,1
33,0,1,0,0,0,0,0,1,0,0,0,0,0,0,0,0,0,0,0,0,1,0,0,0,0,100000000,115000000.0,15,15000000.0,13.043478260869565,2.0,100000000.0,120000000.0,20.0,3611.3333333333335,0
37,0,1,0,0,0,0,0,0,0,0,0,0,0,0,0,0,0,0,0,0,1,0,0,0,0,100000000,115000000.0,15,15000000.0,13.043478260869565,1.0,100000000.0,130000000.0,30.0,3669.0,0
37,1,0,0,0,1,0,0,0,0,0,0,0,0,0,0,0,0,0,0,0,1,0,0,0,0,400000000,440000000.0,30,40000000.0,9.090909090909092,6.5,245833333.3333333,277750000.0,25.0,3608.25,1
39,0,1,0,0,0,0,0,0,0,0,0,0,0,0,1,0,0,0,0,0,1,0,0,0,0,100000000,130000000.0,30,30000000.0,23.07692307692308,1.0,100000000.0,130000000.0,30.0,3672.0,1
34,0,1,0,0,0,0,0,1,0,0,0,0,0,0,0,0,0,0,0,0,1,0,0,0,0,200000000,245000000.0,30,45000000.0,18.367346938775512,1.5,100000000.0,130000000.0,30.0,3607.0,1
44,1,0,1,0,0,0,0,0,0,0,0,0,0,0,0,0,0,0,0,0,1,0,0,0,0,200000000,210000000.0,30,10000000.0,4.761904761904762,7.0,164615384.6153846,187096153.84615383,21.923076923076923,3610.0,1
42,0,1,0,0,0,0,0,1,0,0,0,0,0,0,0,0,0,0,0,0,0,0,1,0,0,300000000,330000000.0,30,30000000.0,9.090909090909092,6.0,236363636.3636364,273545454.54545456,30.0,3615.5454545454554,1
33,0,1,0,0,0,0,1,0,0,0,0,0,0,0,0,0,0,0,0,0,1,0,0,0,0,10000,13000.0,30,3000.0,23.07692307692308,1.5,100000000.0,130000000.0,30.0,3637.0,1
36,0,1,0,0,0,0,0,0,0,0,0,1,0,0,0,0,0,0,0,0,1,0,0,0,0,100000000,115000000.0,15,15000000.0,13.043478260869565,1.0,100000000.0,115000000.0,15.0,3668.0,0
29,0,1,0,0,0,0,0,0,0,0,0,0,0,0,1,0,0,0,0,0,0,0,0,1,0,100000000,130000000.0,30,30000000.0,23.07692307692308,2.0,133333333.33333331,166000000.0,30.0,3609.3333333333335,1
31,0,1,0,0,0,0,1,0,0,0,0,0,0,0,0,0,0,0,0,0,1,0,0,0,0,10000,13000.0,30,3000.0,23.07692307692308,1.0,100000000.0,130000000.0,30.0,3613.0,1
36,0,1,0,0,0,0,1,0,0,0,0,0,0,0,0,0,0,0,0,0,1,0,0,0,0,300000000,345000000.0,30,45000000.0,13.043478260869565,3.0,120000000.0,137250000.0,18.0,3607.6,1
39,0,1,0,0,0,0,1,0,0,0,0,0,0,0,0,0,0,0,0,0,1,0,0,0,0,15000,18375.0,30,3375.0,18.367346938775512,2.0,100000000.0,130000000.0,30.0,3623.0,1
28,0,1,0,1,0,0,0,0,0,0,0,0,0,0,0,0,0,0,0,0,1,0,0,0,0,10000,13000.0,30,3000.0,23.07692307692308,3.5,100000000.0,130000000.0,30.0,3618.3333333333335,1
52,1,0,0,0,0,0,0,0,0,0,0,0,0,0,0,0,0,0,0,0,1,0,0,0,0,400000000,440000000.0,30,40000000.0,9.090909090909092,5.5,260000000.0,299900000.0,30.0,3609.7,1
34,0,1,0,0,0,0,0,1,0,0,0,0,0,0,0,0,0,0,0,1,0,0,0,0,0,100000000,115000000.0,15,15000000.0,13.043478260869565,1.0,100000000.0,115000000.0,15.0,3640.0,0
35,0,1,0,0,0,0,0,1,0,0,0,0,0,0,0,0,0,0,0,0,1,0,0,0,0,100000000,130000000.0,30,30000000.0,23.07692307692308,1.0,100000000.0,130000000.0,30.0,3668.0,1
51,0,1,1,0,0,0,0,0,0,0,0,0,0,0,0,0,0,0,0,0,0,0,1,0,0,30000,34500.0,30,4500.0,13.043478260869565,4.0,128571428.57142857,151142857.14285713,19.285714285714285,3608.142857142857,1
49,0,1,0,0,0,1,0,0,0,0,0,0,0,0,0,0,0,0,0,0,1,0,0,0,0,200000000,245000000.0,30,45000000.0,18.367346938775512,2.5,125000000.0,158750000.0,30.0,3622.0,1
33,0,1,0,0,0,0,0,1,0,0,0,0,0,0,0,0,0,0,0,0,1,0,0,0,0,100000000,130000000.0,30,30000000.0,23.07692307692308,1.0,100000000.0,130000000.0,30.0,3668.0,1
40,1,0,0,0,0,0,0,0,0,0,0,0,0,0,0,0,0,0,0,0,1,0,0,0,0,100000000,130000000.0,30,30000000.0,23.07692307692308,1.0,100000000.0,130000000.0,30.0,3668.0,1
33,0,1,0,0,0,0,0,1,0,0,0,0,0,0,0,0,0,0,0,0,1,0,0,0,0,200000000,245000000.0,30,45000000.0,18.367346938775512,2.5,100000000.0,124375000.0,26.25,3607.25,1
30,0,1,0,0,0,0,0,0,0,0,0,0,0,0,1,0,0,0,0,0,1,0,0,0,0,100000000,115000000.0,15,15000000.0,13.043478260869565,1.5,100000000.0,122500000.0,22.5,3637.0,0
28,0,1,0,0,0,0,0,0,0,0,0,0,0,0,1,0,0,0,0,0,0,0,1,0,0,100000000,130000000.0,30,30000000.0,23.07692307692308,1.0,100000000.0,115000000.0,15.0,3673.0,1
36,0,1,0,0,0,0,0,1,0,0,0,0,0,0,0,0,0,0,0,1,0,0,0,0,0,100000000,130000000.0,30,30000000.0,23.07692307692308,2.0,100000000.0,130000000.0,30.0,3608.6666666666665,1
28,0,1,0,0,0,0,0,1,0,0,0,0,0,0,0,0,0,0,0,0,1,0,0,0,0,100000000,115000000.0,15,15000000.0,13.043478260869565,1.5,100000000.0,122500000.0,22.5,3609.5,0
35,1,0,0,0,0,0,0,1,0,0,0,0,0,0,0,0,0,0,0,0,1,0,0,0,0,30000,39000.0,60,9000.0,23.07692307692308,5.0,157142857.14285713,192607142.85714287,30.0,3608.571428571429,3
28,0,1,0,0,0,0,0,0,0,0,1,0,0,0,0,0,0,0,0,0,1,0,0,0,0,30000,34500.0,30,4500.0,13.043478260869565,5.0,161111111.1111111,192333333.3333333,28.33333333333333,3620.8888888888887,1
40,0,1,0,0,0,0,0,0,0,0,0,1,0,0,0,0,0,0,0,0,1,0,0,0,0,10000,11500.0,15,1500.0,13.043478260869565,1.0,100000000.0,130000000.0,30.0,3668.0,0
36,0,1,0,0,0,0,0,0,0,0,0,0,0,0,0,0,0,0,0,0,1,0,0,0,0,200000000,222500000.0,15,22500000.0,10.112359550561797,2.0,100000000.0,115000000.0,15.0,3606.6666666666665,0
41,0,1,0,0,0,0,0,1,0,0,0,0,0,0,0,0,0,0,0,1,0,0,0,0,0,20000,24500.0,30,4500.0,18.367346938775512,2.5,125000000.0,158750000.0,30.0,3607.5,1
38,1,0,0,0,0,0,0,1,0,0,0,0,0,0,0,0,0,0,0,0,1,0,0,0,0,300000000,390000000.0,60,90000000.0,23.07692307692308,2.5,150000000.0,167875000.0,15.0,3626.75,3
42,0,1,0,0,0,0,0,1,0,0,0,0,0,0,0,0,0,0,0,1,0,0,0,0,0,10000,11500.0,15,1500.0,13.043478260869565,1.0,100000000.0,115000000.0,15.0,3611.0,0
39,0,1,0,0,0,0,0,0,0,0,1,0,0,0,0,0,0,0,0,0,1,0,0,0,0,100000000,130000000.0,30,30000000.0,23.07692307692308,1.5,100000000.0,130000000.0,30.0,3637.5,1
34,0,1,0,0,0,0,0,0,0,0,0,0,0,0,0,0,0,0,0,1,0,0,0,0,0,100000000,130000000.0,30,30000000.0,23.07692307692308,2.5,100000000.0,126250000.0,26.25,3607.75,1
36,0,1,0,0,0,0,0,1,0,0,0,0,0,0,0,0,0,0,0,0,1,0,0,0,0,100000000,130000000.0,30,30000000.0,23.07692307692308,1.5,100000000.0,130000000.0,30.0,3637.0,1
35,1,0,1,0,0,0,0,0,0,0,0,0,0,0,0,0,0,0,0,0,1,0,0,0,0,200000000,222500000.0,15,22500000.0,10.112359550561797,3.0,200000000.0,230600000.0,24.0,3609.8,0
38,0,1,0,0,0,0,0,0,0,0,0,0,0,0,0,0,0,0,1,0,1,0,0,0,0,10000,11500.0,15,1500.0,13.043478260869565,1.5,100000000.0,115000000.0,15.0,3637.5,0
43,0,1,0,0,0,0,0,0,0,0,0,0,0,0,0,0,0,0,0,0,1,0,0,0,0,100000000,130000000.0,30,30000000.0,23.07692307692308,1.0,100000000.0,130000000.0,30.0,3667.0,1
35,0,1,0,0,0,0,0,1,0,0,0,0,0,0,0,0,0,0,0,0,1,0,0,0,0,100000000,130000000.0,30,30000000.0,23.07692307692308,1.5,100000000.0,130000000.0,30.0,3610.5,1
39,0,1,0,0,0,0,0,1,0,0,0,0,0,0,0,0,0,0,0,0,1,0,0,0,0,10000,13000.0,30,3000.0,23.07692307692308,1.0,100000000.0,130000000.0,30.0,3612.0,1
34,0,1,1,0,0,0,0,0,0,0,0,0,0,0,0,0,0,0,0,1,0,0,0,0,0,300000000,345000000.0,30,45000000.0,13.043478260869565,3.0,160000000.0,179500000.0,15.0,3608.0,1
44,0,1,0,0,0,0,0,0,0,0,0,0,0,0,0,0,0,0,1,0,1,0,0,0,0,200000000,245000000.0,30,45000000.0,18.367346938775512,2.0,100000000.0,130000000.0,30.0,3608.0,1
35,0,1,1,0,0,0,0,0,0,0,0,0,0,0,0,0,0,0,0,0,1,0,0,0,0,100000000,115000000.0,15,15000000.0,13.043478260869565,1.0,100000000.0,115000000.0,30.0,3668.0,0
41,0,1,0,0,0,0,0,0,0,0,0,0,0,0,0,0,0,0,1,0,1,0,0,0,0,100000000,130000000.0,30,30000000.0,23.07692307692308,1.5,100000000.0,130000000.0,30.0,3622.5,1
39,0,1,0,0,0,0,0,1,0,0,0,0,0,0,0,0,0,0,0,0,1,0,0,0,0,300000000,345000000.0,30,45000000.0,13.043478260869565,4.5,187500000.0,218062500.0,24.375,3614.25,1
38,0,1,0,0,0,0,0,1,0,0,0,0,0,0,0,0,0,0,0,0,1,0,0,0,0,200000000,245000000.0,30,45000000.0,18.367346938775512,2.0,100000000.0,130000000.0,30.0,3629.6666666666665,1
29,1,0,0,0,0,0,1,0,0,0,0,0,0,0,0,0,0,0,0,0,1,0,0,0,0,100000000,130000000.0,30,30000000.0,23.07692307692308,1.5,100000000.0,115000000.0,15.0,3609.0,1
38,0,1,0,0,0,0,0,0,0,0,0,1,0,0,0,0,0,0,0,0,1,0,0,0,0,100000000,115000000.0,15,15000000.0,13.043478260869565,1.5,100000000.0,130000000.0,30.0,3637.5,0
38,1,0,0,0,0,0,1,0,0,0,0,0,0,0,0,0,0,0,0,0,1,0,0,0,0,100000000,115000000.0,15,15000000.0,13.043478260869565,2.0,100000000.0,120000000.0,20.0,3648.3333333333335,0
39,1,0,0,0,0,0,0,1,0,0,0,0,0,0,0,0,0,0,0,0,0,0,1,0,0,100000000,130000000.0,30,30000000.0,23.07692307692308,3.0,120000000.0,150000000.0,27.0,3621.4,1
35,0,1,0,0,0,0,0,0,0,0,0,0,0,0,0,0,0,0,0,1,0,0,0,0,0,200000000,245000000.0,30,45000000.0,18.367346938775512,3.0,140000000.0,173000000.0,27.0,3620.2,1
37,0,1,0,0,0,0,0,0,0,0,0,0,0,0,0,0,0,0,1,0,1,0,0,0,0,100000000,115000000.0,15,15000000.0,13.043478260869565,1.0,100000000.0,115000000.0,15.0,3669.0,0
39,0,1,0,0,0,0,0,0,0,0,0,0,0,0,0,0,0,0,0,1,0,0,0,0,0,100000000,130000000.0,30,30000000.0,23.07692307692308,2.0,100000000.0,130000000.0,30.0,3612.3333333333335,1
34,0,1,0,0,0,0,0,0,0,0,0,0,0,0,0,0,0,0,1,0,1,0,0,0,0,300000000,345000000.0,30,45000000.0,13.043478260869565,3.0,180000000.0,204000000.0,18.0,3609.0,1
36,1,0,0,0,0,0,0,1,0,0,0,0,0,0,0,0,0,0,0,0,1,0,0,0,0,20000,24500.0,30,4500.0,18.367346938775512,6.5,133333333.33333331,167166666.66666666,30.0,7027.166666666667,5
58,1,0,0,0,0,0,0,0,0,0,0,0,0,0,0,0,0,0,0,0,0,0,1,0,0,40000,48000.0,60,8000.0,16.666666666666664,5.0,255555555.55555555,306111111.1111111,40.0,3610.1111111111113,3
36,0,1,0,0,0,1,0,0,0,0,0,0,0,0,0,0,0,0,0,0,1,0,0,0,0,100000000,130000000.0,30,30000000.0,23.07692307692308,1.0,100000000.0,130000000.0,30.0,3669.0,1
40,0,1,0,0,0,0,0,1,0,0,0,0,0,0,0,0,0,0,0,0,1,0,0,0,0,100000000,130000000.0,30,30000000.0,23.07692307692308,1.0,100000000.0,130000000.0,30.0,3667.0,1
37,0,1,0,0,0,0,0,0,0,0,0,0,0,0,1,0,0,0,0,0,1,0,0,0,0,200000000,245000000.0,30,45000000.0,18.367346938775512,1.0,100000000.0,130000000.0,30.0,3612.0,1
32,0,1,0,0,0,0,0,0,0,0,0,0,0,0,0,0,0,0,0,0,1,0,0,0,0,10000,13000.0,30,3000.0,23.07692307692308,1.5,100000000.0,122500000.0,22.5,7068.0,5
29,0,1,0,0,0,0,0,0,0,0,0,0,0,0,0,0,0,0,0,0,1,0,0,0,0,100000000,115000000.0,15,15000000.0,13.043478260869565,1.0,100000000.0,115000000.0,15.0,3670.0,0
56,0,1,0,0,0,0,0,0,0,0,0,0,0,0,0,0,0,0,0,1,0,0,0,0,0,100000000,115000000.0,15,15000000.0,13.043478260869565,1.0,100000000.0,115000000.0,15.0,3616.0,0
29,0,1,0,0,0,0,0,0,0,0,0,0,0,0,0,0,0,0,0,1,0,0,0,0,0,10000,11500.0,15,1500.0,13.043478260869565,3.0,100000000.0,123900000.0,24.0,3620.2,0
49,1,0,0,0,0,0,0,0,0,0,0,0,0,0,1,0,0,0,0,0,0,0,1,0,0,300000000,390000000.0,60,90000000.0,23.07692307692308,4.5,193750000.0,239796875.0,39.375,4438.5,3
34,0,1,0,0,0,0,0,0,0,0,0,0,0,0,0,0,0,0,0,0,1,0,0,0,0,300000000,345000000.0,30,45000000.0,13.043478260869565,3.5,183333333.3333333,222166666.66666663,30.0,3623.8333333333335,1
27,1,0,0,0,0,0,0,1,0,0,0,0,0,0,0,0,0,0,0,0,1,0,0,0,0,500000000,575000000.0,90,75000000.0,13.043478260869565,5.5,242000000.0,289075000.0,39.0,3613.4,2
40,0,1,0,0,0,0,1,0,0,0,0,0,0,0,0,0,0,0,0,0,1,0,0,0,0,100000000,130000000.0,30,30000000.0,23.07692307692308,1.5,100000000.0,122500000.0,22.5,3638.5,1
46,0,1,0,0,0,0,0,0,0,0,0,0,0,0,0,0,0,0,1,1,0,0,0,0,0,100000000,130000000.0,30,30000000.0,23.07692307692308,1.5,100000000.0,130000000.0,30.0,3637.5,1
42,0,1,0,0,0,0,0,1,0,0,0,0,0,0,0,0,0,0,0,0,1,0,0,0,0,100000000,130000000.0,30,30000000.0,23.07692307692308,2.5,100000000.0,130000000.0,30.0,3608.5,1
39,0,1,0,0,0,0,0,1,0,0,0,0,0,0,0,0,0,0,0,0,1,0,0,0,0,100000000,130000000.0,30,30000000.0,23.07692307692308,1.0,100000000.0,115000000.0,15.0,3668.0,1
52,0,1,0,0,0,0,0,1,0,0,0,0,0,0,0,0,0,0,0,1,0,0,0,0,0,400000000,440000000.0,30,40000000.0,9.090909090909092,5.5,210000000.0,238550000.0,21.0,3609.7,1
33,1,0,0,0,0,0,0,0,0,0,0,0,0,0,1,0,0,0,0,0,0,0,0,1,0,10000,11500.0,15,1500.0,13.043478260869565,5.0,166666666.66666666,204333333.3333333,30.0,3609.1111111111113,0
37,0,1,0,0,0,0,0,1,0,0,0,0,0,0,0,0,0,0,0,1,0,0,0,0,0,10000,11500.0,15,1500.0,13.043478260869565,1.0,100000000.0,115000000.0,15.0,3669.0,0
38,0,1,0,0,0,1,0,0,0,0,0,0,0,0,0,0,0,0,0,0,1,0,0,0,0,200000000,222500000.0,15,22500000.0,10.112359550561797,1.5,100000000.0,115000000.0,15.0,3609.5,0
40,0,1,0,0,0,1,0,0,0,0,0,0,0,0,0,0,0,0,0,1,0,0,0,0,0,100000000,130000000.0,30,30000000.0,23.07692307692308,2.0,100000000.0,130000000.0,30.0,3608.6666666666665,1
32,0,1,0,0,0,0,1,0,0,0,0,0,0,0,0,0,0,0,0,1,0,0,0,0,0,100000000,125000000.0,30,25000000.0,20.0,1.5,100000000.0,115000000.0,15.0,3637.5,1
35,0,1,0,0,0,0,0,1,0,0,0,0,0,0,0,0,0,0,0,0,1,0,0,0,0,40000,44000.0,30,4000.0,9.090909090909092,6.0,180000000.0,206886363.63636363,24.545454545454547,6975.363636363636,5
48,1,0,0,0,0,0,0,0,0,0,1,0,0,0,0,0,0,0,0,0,1,0,0,0,0,100000000,115000000.0,15,15000000.0,13.043478260869565,1.5,100000000.0,130000000.0,30.0,3611.0,0
42,0,1,0,0,0,0,1,0,0,0,0,0,0,0,0,0,0,0,0,1,0,0,0,0,0,100000000,130000000.0,30,30000000.0,23.07692307692308,1.0,100000000.0,115000000.0,15.0,3672.0,1
35,0,1,0,0,0,0,0,1,0,0,0,0,0,0,0,0,0,0,0,1,0,0,0,0,0,300000000,345000000.0,30,45000000.0,13.043478260869565,3.5,166666666.66666666,187500000.0,17.5,3607.8333333333335,1
38,0,1,0,0,0,0,0,0,0,0,0,0,0,0,0,0,0,0,1,1,0,0,0,0,0,200000000,222500000.0,15,22500000.0,10.112359550561797,3.0,140000000.0,158000000.0,15.0,3625.4,0
44,0,1,0,0,0,0,0,0,0,0,0,1,0,0,0,0,0,0,0,0,1,0,0,0,0,30000,34500.0,30,4500.0,13.043478260869565,4.0,171428571.42857143,193928571.42857143,17.142857142857142,3610.0,1
33,0,1,0,0,0,0,0,0,0,0,0,1,0,0,0,0,0,0,0,0,1,0,0,0,0,10000,13000.0,30,3000.0,23.07692307692308,1.0,100000000.0,130000000.0,30.0,3668.0,1
41,0,1,0,0,0,0,0,0,0,0,0,0,0,0,1,0,0,0,0,0,0,0,1,0,0,50000,57500.0,90,7500.0,13.043478260869565,7.5,250000000.0,297714285.71428573,40.71428571428572,7198.642857142857,5
31,0,1,0,0,0,0,1,0,0,0,0,0,0,0,0,0,0,0,0,0,1,0,0,0,0,100000000,130000000.0,30,30000000.0,23.07692307692308,1.5,100000000.0,130000000.0,30.0,3610.5,1
36,1,0,0,0,0,0,0,1,0,0,0,0,0,0,0,0,0,0,0,0,1,0,0,0,0,100000000,115000000.0,15,15000000.0,13.043478260869565,1.5,100000000.0,122500000.0,22.5,3611.0,0
28,0,1,0,0,0,0,0,0,0,0,0,1,0,0,0,0,0,0,0,0,1,0,0,0,0,100000000,130000000.0,30,30000000.0,23.07692307692308,3.0,140000000.0,176000000.0,30.0,3620.6,1
30,1,0,0,0,0,0,0,1,0,0,0,0,0,0,0,0,0,0,0,0,1,0,0,0,0,200000000,245000000.0,30,45000000.0,18.367346938775512,3.5,100000000.0,130000000.0,30.0,3611.0,1
34,0,1,0,0,0,0,1,0,0,0,0,0,0,0,0,0,0,0,0,0,1,0,0,0,0,10000,13000.0,30,3000.0,23.07692307692308,1.0,100000000.0,115000000.0,15.0,3668.0,1
51,0,1,0,0,0,0,0,1,0,0,0,0,0,0,0,0,0,0,0,1,0,0,0,0,0,100000000,130000000.0,30,30000000.0,23.07692307692308,1.0,100000000.0,130000000.0,30.0,3668.0,1
35,0,1,0,0,0,0,0,0,0,0,0,0,0,0,0,0,0,0,1,0,1,0,0,0,0,100000000,115000000.0,15,15000000.0,13.043478260869565,3.5,100000000.0,115000000.0,15.0,3617.5,0
31,0,1,0,0,0,0,0,0,0,0,0,0,0,0,1,0,0,0,0,0,1,0,0,0,0,100000000,115000000.0,15,15000000.0,13.043478260869565,1.5,100000000.0,130000000.0,30.0,3611.5,0
40,0,1,0,0,0,0,1,0,0,0,0,0,0,0,0,0,0,0,0,0,1,0,0,0,0,10000,13000.0,30,3000.0,23.07692307692308,1.0,100000000.0,130000000.0,30.0,3667.0,1
50,0,1,0,0,0,0,0,0,0,0,0,0,0,0,0,0,0,0,1,0,1,0,0,0,0,100000000,130000000.0,30,30000000.0,23.07692307692308,1.0,100000000.0,130000000.0,30.0,3668.0,1
28,0,1,0,0,0,0,0,0,0,0,0,0,0,0,0,0,0,0,1,0,1,0,0,0,0,100000000,130000000.0,30,30000000.0,23.07692307692308,2.5,100000000.0,122500000.0,22.5,3610.75,1
38,0,1,0,0,0,0,0,0,0,0,0,0,0,0,0,0,0,0,0,0,1,0,0,0,0,20000,24500.0,30,4500.0,18.367346938775512,5.0,111111111.1111111,137777777.7777778,25.0,3622.444444444444,1
32,0,1,1,0,0,0,0,0,0,0,0,0,0,0,0,0,0,0,0,0,1,0,0,0,0,10000,13000.0,30,3000.0,23.07692307692308,1.0,100000000.0,130000000.0,30.0,3668.0,1
33,0,1,0,0,0,0,1,0,0,0,0,0,0,0,0,0,0,0,0,0,1,0,0,0,0,400000000,440000000.0,30,40000000.0,9.090909090909092,5.0,233333333.3333333,272444444.4444444,31.666666666666668,3617.222222222222,1
40,0,1,0,0,0,0,1,0,0,0,0,0,0,0,0,0,0,0,0,0,0,0,1,0,0,200000000,245000000.0,30,45000000.0,18.367346938775512,2.0,133333333.33333331,168333333.33333334,30.0,3611.0,1
45,0,1,0,0,0,0,0,1,0,0,0,0,0,0,0,0,0,0,0,0,1,0,0,0,0,10000,13000.0,30,3000.0,23.07692307692308,1.5,100000000.0,130000000.0,30.0,3609.0,1
38,0,1,0,1,0,0,0,0,0,0,0,0,0,0,0,0,0,0,0,0,1,0,0,0,0,10000,13000.0,30,3000.0,23.07692307692308,1.0,100000000.0,115000000.0,15.0,3614.0,1
41,0,1,0,0,0,0,0,1,0,0,0,0,0,0,0,0,0,0,0,0,1,0,0,0,0,300000000,345000000.0,30,45000000.0,13.043478260869565,4.0,164285714.2857143,193535714.2857143,23.571428571428573,3610.285714285714,1
28,0,1,0,0,0,0,0,0,0,0,0,0,0,0,0,0,0,0,0,0,1,0,0,0,0,100000000,130000000.0,30,30000000.0,23.07692307692308,1.0,100000000.0,115000000.0,15.0,3668.0,1
35,0,1,0,0,0,0,0,0,0,0,1,0,0,0,0,0,0,0,0,0,1,0,0,0,0,100000000,130000000.0,30,30000000.0,23.07692307692308,1.0,100000000.0,130000000.0,30.0,3669.0,1
37,1,0,0,0,0,0,0,1,0,0,0,0,0,0,0,0,0,0,0,0,1,0,0,0,0,30000,34500.0,30,4500.0,13.043478260869565,4.0,142857142.85714287,174000000.0,25.714285714285715,3608.428571428572,1
30,0,1,0,0,0,0,0,1,0,0,0,0,0,0,0,0,0,0,0,0,0,0,0,1,0,300000000,345000000.0,30,45000000.0,13.043478260869565,4.5,175000000.0,196562500.0,16.875,3606.75,1
42,1,0,0,0,0,0,0,0,0,0,0,0,0,0,0,0,0,0,0,0,1,0,0,0,0,300000000,345000000.0,30,45000000.0,13.043478260869565,5.0,166666666.66666666,196250000.0,23.33333333333333,3607.777777777778,1
38,0,1,0,1,0,0,0,0,0,0,0,0,0,0,0,0,0,0,0,1,0,0,0,0,0,200000000,245000000.0,30,45000000.0,18.367346938775512,2.5,112500000.0,132187500.0,18.75,3608.0,1
34,0,1,0,1,0,0,0,0,0,0,0,0,0,0,0,0,0,0,0,0,1,0,0,0,0,10000,12250.0,30,2250.0,18.367346938775512,2.0,100000000.0,120000000.0,20.0,3609.6666666666665,1
37,0,1,0,0,0,0,0,1,0,0,0,0,0,0,0,0,0,0,0,0,1,0,0,0,0,100000000,130000000.0,30,30000000.0,23.07692307692308,2.0,100000000.0,125000000.0,25.0,3646.3333333333335,1
43,1,0,0,0,0,0,1,0,0,0,0,0,0,0,0,0,0,0,0,0,1,0,0,0,0,100000000,107500000.0,15,7500000.0,6.976744186046512,4.5,107500000.0,123718750.0,18.75,3610.875,0
28,0,1,0,0,0,0,0,0,0,0,0,0,0,0,1,0,0,0,0,0,0,0,1,0,0,400000000,440000000.0,30,40000000.0,9.090909090909092,8.0,194000000.0,217633333.3333333,21.0,3611.533333333333,1
47,1,0,0,1,0,0,0,0,0,0,0,0,0,0,0,0,0,0,0,0,0,0,1,0,0,400000000,440000000.0,30,40000000.0,9.090909090909092,8.0,266666666.66666663,299666666.6666667,23.0,3896.3333333333335,1
27,1,0,1,0,0,0,0,0,0,0,0,0,0,0,0,0,0,0,0,0,1,0,0,0,0,400000000,480000000.0,60,80000000.0,16.666666666666664,5.0,238888888.8888889,285305555.5555556,38.333333333333336,3609.777777777778,3
36,1,0,0,0,0,0,0,0,0,0,1,0,0,0,0,0,0,0,0,0,1,0,0,0,0,200000000,245000000.0,30,45000000.0,18.367346938775512,3.0,130000000.0,157000000.0,24.0,3607.6,1
44,1,0,0,0,0,0,0,1,0,0,0,0,0,0,0,0,0,0,0,0,1,0,0,0,0,600000000,627000000.0,30,27000000.0,4.30622009569378,11.0,221428571.42857143,241107142.85714287,21.428571428571427,6242.095238095239,5
29,0,1,0,1,0,0,0,0,0,0,0,0,0,0,0,0,0,0,0,0,1,0,0,0,0,100000000,115000000.0,15,15000000.0,13.043478260869565,1.0,100000000.0,115000000.0,15.0,3671.0,0
37,0,1,0,0,0,0,0,0,0,0,0,0,0,0,0,0,0,0,0,1,0,0,0,0,0,300000000,345000000.0,30,45000000.0,13.043478260869565,3.5,150000000.0,181333333.3333333,25.0,3617.3333333333335,1
53,0,1,0,0,0,0,0,1,0,0,0,0,0,0,0,0,0,0,0,0,1,0,0,0,0,30000,34500.0,30,4500.0,13.043478260869565,4.5,187500000.0,225250000.0,31.875,3616.875,1
39,1,0,0,0,0,0,0,1,0,0,0,0,0,0,0,0,0,0,0,0,1,0,0,0,0,500000000,575000000.0,90,75000000.0,13.043478260869565,7.5,200000000.0,239991071.42857143,38.57142857142857,3614.928571428572,2
42,1,0,0,0,0,0,0,1,0,0,0,0,0,0,0,0,0,0,0,0,1,0,0,0,0,300000000,390000000.0,60,90000000.0,23.07692307692308,3.5,150000000.0,191333333.3333333,35.0,3609.8333333333335,3
30,1,0,0,0,0,0,0,1,0,0,0,0,0,0,0,0,0,0,0,0,0,0,1,0,0,400000000,480000000.0,60,80000000.0,16.666666666666664,5.5,250000000.0,304750000.0,46.5,3610.6,3
46,0,1,0,0,0,0,1,0,0,0,0,0,0,0,0,0,0,0,0,0,1,0,0,0,0,300000000,345000000.0,30,45000000.0,13.043478260869565,6.0,200000000.0,236818181.8181818,28.63636363636364,3611.5454545454554,1
27,0,1,0,0,0,0,0,1,0,0,0,0,0,0,0,0,0,0,0,0,0,0,0,1,0,100000000,115000000.0,15,15000000.0,13.043478260869565,1.0,100000000.0,130000000.0,30.0,3683.0,0
43,0,1,0,0,0,0,0,0,0,0,0,0,0,0,1,0,0,0,0,0,1,0,0,0,0,100000000,130000000.0,30,30000000.0,23.07692307692308,1.0,100000000.0,130000000.0,30.0,3668.0,1
35,0,1,0,0,0,0,0,0,0,0,0,0,0,0,0,0,0,0,0,0,1,0,0,0,0,10000,13000.0,30,3000.0,23.07692307692308,2.5,100000000.0,130000000.0,30.0,3609.5,1
37,1,0,0,0,0,0,1,0,0,0,0,0,0,0,0,0,0,0,0,0,1,0,0,0,0,300000000,360000000.0,60,60000000.0,16.666666666666664,6.0,113636363.63636364,136931818.1818182,24.545454545454547,3614.4545454545455,3
38,0,1,0,0,0,0,0,0,0,0,0,0,0,0,1,0,0,0,0,0,1,0,0,0,0,100000000,130000000.0,30,30000000.0,23.07692307692308,1.5,100000000.0,130000000.0,30.0,3609.5,1
41,0,1,0,0,0,0,0,1,0,0,0,0,0,0,0,0,0,0,0,0,1,0,0,0,0,100000000,115000000.0,15,15000000.0,13.043478260869565,1.5,100000000.0,115000000.0,15.0,3638.0,0
36,0,1,0,0,0,0,0,1,0,0,0,0,0,0,0,0,0,0,0,0,1,0,0,0,0,100000000,130000000.0,30,30000000.0,23.07692307692308,1.0,100000000.0,130000000.0,30.0,3615.0,1
35,0,1,0,0,0,0,0,1,0,0,0,0,0,0,0,0,0,0,0,0,1,0,0,0,0,200000000,222500000.0,15,22500000.0,10.112359550561797,2.0,100000000.0,120000000.0,20.0,3608.3333333333335,0
33,1,0,0,0,0,0,0,0,0,0,0,1,0,0,0,0,0,0,0,0,0,0,1,0,0,500000000,525000000.0,30,25000000.0,4.761904761904762,5.5,270000000.0,308400000.0,30.0,3609.4,1
28,1,0,0,0,0,0,0,1,0,0,0,0,0,0,0,0,0,0,0,0,0,0,0,1,0,100000000,115000000.0,30,15000000.0,13.043478260869565,3.5,200000000.0,232833333.3333333,25.0,3610.3333333333335,1
35,0,1,0,0,0,0,0,1,0,0,0,0,0,0,0,0,0,0,0,0,1,0,0,0,0,300000000,345000000.0,30,45000000.0,13.043478260869565,3.5,150000000.0,171083333.33333334,20.0,3614.5,1
36,0,1,0,0,0,0,0,0,0,0,0,0,0,0,1,0,0,0,0,0,1,0,0,0,0,100000000,130000000.0,30,30000000.0,23.07692307692308,1.0,100000000.0,130000000.0,30.0,3668.0,1
38,0,1,1,0,0,0,0,0,0,0,0,0,0,0,0,0,0,0,0,0,1,0,0,0,0,100000000,130000000.0,30,30000000.0,23.07692307692308,1.0,100000000.0,115000000.0,15.0,3670.0,1
33,1,0,0,0,0,0,0,1,0,0,0,0,0,0,0,0,0,0,0,0,0,0,1,0,0,400000000,480000000.0,60,80000000.0,16.666666666666664,4.0,121428571.42857143,140178571.42857143,19.285714285714285,3609.0,3
36,0,1,0,0,0,1,0,0,0,0,0,0,0,0,0,0,0,0,0,0,0,0,1,0,0,200000000,245000000.0,30,45000000.0,18.367346938775512,4.0,185714285.7142857,226571428.57142857,32.142857142857146,3618.0,1
39,0,1,0,1,0,0,0,0,0,0,0,0,0,0,0,0,0,0,0,0,1,0,0,0,0,100000000,130000000.0,30,30000000.0,23.07692307692308,1.0,100000000.0,130000000.0,30.0,3610.0,1
36,0,1,0,0,0,0,0,1,0,0,0,0,0,0,0,0,0,0,0,1,0,0,0,0,0,10000,13000.0,30,3000.0,23.07692307692308,1.5,100000000.0,130000000.0,30.0,3606.5,1
44,0,1,0,0,0,0,0,1,0,0,0,0,0,0,0,0,0,0,0,1,0,0,0,0,0,10000,13000.0,30,3000.0,23.07692307692308,1.5,100000000.0,130000000.0,30.0,3610.0,1
28,0,1,1,0,0,0,0,0,0,0,0,0,0,0,0,0,0,0,0,0,0,0,1,0,0,300000000,345000000.0,30,45000000.0,13.043478260869565,2.5,152500000.0,179125000.0,22.5,3625.5,1
48,0,1,0,1,0,0,0,0,0,0,0,0,0,0,0,0,0,0,0,1,0,0,0,0,0,100000000,115000000.0,15,15000000.0,13.043478260869565,1.0,100000000.0,115000000.0,15.0,3668.0,0
39,0,1,0,0,0,0,0,0,0,0,1,0,0,0,0,0,0,0,0,1,0,0,0,0,0,10000,11500.0,15,1500.0,13.043478260869565,2.0,100000000.0,115000000.0,15.0,3609.0,0
31,0,1,0,0,0,0,0,1,0,0,0,0,0,0,0,0,0,0,0,0,1,0,0,0,0,40000,48000.0,60,8000.0,16.666666666666664,6.0,245454545.45454547,293818181.8181818,38.18181818181818,3609.5454545454554,3
58,1,0,0,0,1,0,0,0,0,0,0,0,0,0,0,0,0,0,0,0,1,0,0,0,0,20000,24500.0,30,4500.0,18.367346938775512,2.5,150000000.0,183750000.0,26.25,3608.5,1
37,0,1,0,0,0,0,0,1,0,0,0,0,0,0,0,0,0,0,0,0,1,0,0,0,0,100000000,130000000.0,30,30000000.0,23.07692307692308,1.0,100000000.0,130000000.0,30.0,3612.0,1
39,1,0,0,0,0,0,0,1,0,0,0,0,0,0,0,0,0,0,0,0,1,0,0,0,0,100000000,130000000.0,30,30000000.0,23.07692307692308,1.5,100000000.0,130000000.0,30.0,3639.5,1
36,1,0,0,0,0,0,1,0,0,0,0,0,0,0,0,0,0,0,0,0,0,0,1,0,0,100000000,130000000.0,30,30000000.0,23.07692307692308,2.0,100000000.0,125000000.0,25.0,3610.3333333333335,1
37,1,0,0,0,0,0,0,0,0,0,0,0,0,0,0,0,0,0,1,0,1,0,0,0,0,200000000,230000000.0,30,30000000.0,13.043478260869565,4.0,142857142.85714287,168000000.0,23.571428571428573,3610.0,1
41,0,1,0,0,0,0,0,1,0,0,0,0,0,0,0,0,0,0,0,0,1,0,0,0,0,10000,13000.0,30,3000.0,23.07692307692308,1.0,100000000.0,130000000.0,30.0,3668.0,1
40,0,1,0,0,0,0,0,1,0,0,0,0,0,0,0,0,0,0,0,0,1,0,0,0,0,20000,24500.0,30,4500.0,18.367346938775512,2.0,100000000.0,130000000.0,30.0,3606.3333333333335,1
41,0,1,0,0,0,0,0,0,0,0,0,0,0,0,0,0,0,0,1,1,0,0,0,0,0,10000,11500.0,15,1500.0,13.043478260869565,1.5,100000000.0,115000000.0,15.0,3637.0,0
35,0,1,0,0,0,0,0,1,0,0,0,0,0,0,0,0,0,0,0,0,1,0,0,0,0,100000000,130000000.0,30,30000000.0,23.07692307692308,1.0,100000000.0,115000000.0,15.0,3668.0,1
31,0,1,0,0,0,0,0,0,0,0,0,0,0,0,0,0,0,0,1,0,1,0,0,0,0,200000000,210000000.0,15,10000000.0,4.761904761904762,5.5,185000000.0,205800000.0,18.0,3919.3,0
30,0,1,0,0,0,0,0,0,0,0,0,0,0,0,0,0,0,0,0,0,1,0,0,0,0,100000000,130000000.0,30,30000000.0,23.07692307692308,1.0,100000000.0,115000000.0,15.0,3611.0,1
40,0,1,0,0,0,0,1,0,0,0,0,0,0,0,0,0,0,0,0,0,1,0,0,0,0,200000000,245000000.0,30,45000000.0,18.367346938775512,2.5,125000000.0,151250000.0,22.5,3609.0,1
33,0,1,0,0,0,0,0,1,0,0,0,0,0,0,0,0,0,0,0,0,1,0,0,0,0,10000,13000.0,30,3000.0,23.07692307692308,1.0,100000000.0,130000000.0,30.0,3612.0,1
44,1,0,1,0,0,0,0,0,0,0,0,0,0,0,0,0,0,0,0,0,0,0,1,0,0,100000000,130000000.0,30,30000000.0,23.07692307692308,1.0,100000000.0,130000000.0,30.0,3611.0,1
39,0,1,1,0,0,0,0,0,0,0,0,0,0,0,0,0,0,0,0,0,1,0,0,0,0,300000000,390000000.0,60,90000000.0,23.07692307692308,3.5,150000000.0,185166666.66666663,30.0,3609.0,3
33,1,0,0,0,0,0,0,1,0,0,0,0,0,0,0,0,0,0,0,0,0,0,1,0,0,50000,52500.0,30,2500.0,4.761904761904762,8.0,290000000.0,324400000.0,25.0,3782.933333333333,1
35,0,1,0,0,0,0,0,1,0,0,0,0,0,0,0,0,0,0,0,1,0,0,0,0,0,100000000,130000000.0,30,30000000.0,23.07692307692308,1.5,100000000.0,122500000.0,22.5,3637.0,1
43,0,1,0,0,0,0,0,0,0,0,0,1,0,0,0,0,0,0,0,0,1,0,0,0,0,200000000,245000000.0,30,45000000.0,18.367346938775512,3.0,140000000.0,167000000.0,21.0,3620.4,1
49,0,1,0,0,0,0,0,1,0,0,0,0,0,0,0,0,0,0,0,0,1,0,0,0,0,100000000,130000000.0,30,30000000.0,23.07692307692308,1.0,100000000.0,130000000.0,30.0,3669.0,1
30,0,1,0,0,0,0,0,0,0,0,0,0,0,0,0,0,0,0,1,0,1,0,0,0,0,100000000,130000000.0,30,30000000.0,23.07692307692308,1.0,100000000.0,130000000.0,30.0,8023.0,5
29,0,1,0,0,0,0,0,1,0,0,0,0,0,0,0,0,0,0,0,0,1,0,0,0,0,300000000,345000000.0,30,45000000.0,13.043478260869565,3.5,150000000.0,181333333.3333333,25.0,3609.1666666666665,1
35,0,1,0,0,0,0,0,0,0,0,0,0,0,0,0,0,0,0,0,0,1,0,0,0,0,100000000,115000000.0,15,15000000.0,13.043478260869565,1.5,100000000.0,115000000.0,15.0,3607.0,0
38,0,1,0,0,0,0,0,1,0,0,0,0,0,0,0,0,0,0,0,0,1,0,0,0,0,100000000,111250000.0,15,11250000.0,10.112359550561797,2.0,100000000.0,115000000.0,15.0,3609.0,0
36,0,1,0,0,0,0,0,0,0,0,0,0,0,0,0,0,0,0,0,0,1,0,0,0,0,15000,18375.0,30,3375.0,18.367346938775512,1.5,100000000.0,115000000.0,15.0,3642.5,1
47,0,1,0,0,0,0,0,0,0,0,0,1,0,0,0,0,0,0,0,0,1,0,0,0,0,100000000,130000000.0,30,30000000.0,23.07692307692308,3.0,100000000.0,130000000.0,30.0,3668.0,1
39,0,0,0,0,1,0,0,0,0,0,0,0,0,0,0,0,0,0,0,0,1,0,0,0,0,10000,13000.0,30,3000.0,23.07692307692308,1.0,100000000.0,130000000.0,30.0,3667.0,1
36,0,1,0,0,0,0,0,1,0,0,0,0,0,0,0,0,0,0,0,1,0,0,0,0,0,10000,11500.0,15,1500.0,13.043478260869565,1.0,100000000.0,115000000.0,15.0,3669.0,0
34,0,1,0,0,0,0,0,0,0,0,0,0,0,0,0,0,0,0,0,0,1,0,0,0,0,100000000,115000000.0,15,15000000.0,13.043478260869565,3.0,100000000.0,124000000.0,24.0,3621.8,0
33,0,1,0,0,0,1,0,0,0,0,0,0,0,0,0,0,0,0,0,0,1,0,0,0,0,100000000,130000000.0,30,30000000.0,23.07692307692308,1.5,100000000.0,130000000.0,30.0,3607.5,1
48,0,1,0,0,0,0,1,0,0,0,0,0,0,0,0,0,0,0,0,1,0,0,0,0,0,200000000,245000000.0,30,45000000.0,18.367346938775512,2.0,100000000.0,120000000.0,20.0,3628.0,1
38,1,0,0,0,0,0,0,1,0,0,0,0,0,0,0,0,0,0,0,0,1,0,0,0,0,30000,34500.0,30,4500.0,13.043478260869565,4.5,193750000.0,230187500.0,30.0,3608.625,1
29,0,1,0,0,0,0,1,0,0,0,0,0,0,0,0,0,0,0,0,0,0,0,0,1,0,100000000,115000000.0,15,15000000.0,13.043478260869565,1.0,100000000.0,115000000.0,15.0,3614.0,0
34,0,1,1,0,0,0,0,0,0,0,0,0,0,0,0,0,0,0,0,0,1,0,0,0,0,100000000,130000000.0,30,30000000.0,23.07692307692308,1.0,100000000.0,130000000.0,30.0,3671.0,1
37,1,0,0,0,0,0,0,1,0,0,0,0,0,0,0,0,0,0,0,0,0,0,0,1,0,10000,13000.0,30,3000.0,23.07692307692308,3.0,100000000.0,130000000.0,30.0,3609.2,1
30,0,1,0,0,0,0,0,0,0,0,0,0,0,0,0,0,0,0,1,1,0,0,0,0,0,20000,24500.0,30,4500.0,18.367346938775512,2.0,100000000.0,130000000.0,30.0,3609.0,1
33,1,0,0,0,0,0,0,0,0,0,0,0,0,0,0,0,0,0,1,0,0,0,1,0,0,30000,34500.0,30,4500.0,13.043478260869565,6.5,215000000.0,246937500.0,25.0,3614.6666666666665,1
47,0,1,1,0,0,0,0,0,0,0,0,0,0,0,0,0,0,0,0,0,1,0,0,0,0,100000000,130000000.0,30,30000000.0,23.07692307692308,1.0,100000000.0,130000000.0,30.0,3611.0,1
40,1,0,0,0,0,0,1,0,0,0,0,0,0,0,0,0,0,0,0,0,1,0,0,0,0,300000000,345000000.0,30,45000000.0,13.043478260869565,5.0,166666666.66666666,196222111.1111111,25.0,3607.8888888888887,1
43,0,1,0,0,0,0,0,1,0,0,0,0,0,0,0,0,0,0,0,0,1,0,0,0,0,100000000,130000000.0,30,30000000.0,23.07692307692308,1.0,100000000.0,130000000.0,30.0,3610.0,1
28,0,1,0,0,0,0,0,1,0,0,0,0,0,0,0,0,0,0,0,0,1,0,0,0,0,100000000,130000000.0,30,30000000.0,23.07692307692308,1.0,100000000.0,130000000.0,30.0,3670.0,1
46,1,0,0,0,0,0,0,0,0,0,0,0,0,0,0,0,0,0,1,0,1,0,0,0,0,200000000,220000000.0,30,20000000.0,9.090909090909092,6.0,127272727.27272728,150750000.0,30.0,3615.818181818182,1
34,0,1,0,0,1,0,0,0,0,0,0,0,0,0,0,0,0,0,0,0,1,0,0,0,0,150000000,166875000.0,15,16875000.0,10.112359550561797,2.0,100000000.0,120000000.0,20.0,3609.3333333333335,0
34,0,1,0,0,0,0,0,0,0,0,0,0,0,0,1,0,0,0,0,0,1,0,0,0,0,300000000,345000000.0,30,45000000.0,13.043478260869565,4.5,150000000.0,167875000.0,15.0,3606.875,1
32,0,1,0,0,0,0,0,1,0,0,0,0,0,0,0,0,0,0,0,0,1,0,0,0,0,400000000,440000000.0,30,40000000.0,9.090909090909092,5.5,190000000.0,218850000.0,24.0,3626.3,1
42,1,0,1,0,0,0,0,0,0,0,0,0,0,0,0,0,0,0,0,0,0,0,1,0,0,40000,48000.0,60,8000.0,16.666666666666664,4.0,228571428.57142857,277142857.14285713,40.71428571428572,3612.857142857143,3
48,0,1,0,0,0,0,0,1,0,0,0,0,0,0,0,0,0,0,0,1,0,0,0,0,0,100000000,115000000.0,15,15000000.0,13.043478260869565,1.0,100000000.0,115000000.0,15.0,3609.0,0
32,0,1,0,0,0,0,0,1,0,0,0,0,0,0,0,0,0,0,0,0,1,0,0,0,0,100000000,130000000.0,30,30000000.0,23.07692307692308,1.0,100000000.0,130000000.0,30.0,3611.0,1
40,0,1,0,1,0,0,0,0,0,0,0,0,0,0,0,0,0,0,0,0,0,0,1,0,0,100000000,115000000.0,15,15000000.0,13.043478260869565,3.5,100000000.0,117500000.0,17.5,3608.5,0
34,0,1,0,0,0,0,0,1,0,0,0,0,0,0,0,0,0,0,0,0,1,0,0,0,0,100000000,115000000.0,15,15000000.0,13.043478260869565,1.5,100000000.0,122500000.0,22.5,3637.5,0
38,0,1,0,1,0,0,0,0,0,0,0,0,0,0,0,0,0,0,0,0,0,0,1,0,0,100000000,130000000.0,30,30000000.0,23.07692307692308,1.0,100000000.0,130000000.0,30.0,3620.0,1
44,1,0,0,0,0,0,1,0,0,0,0,0,0,0,0,0,0,0,0,0,0,0,1,0,0,30000,34500.0,30,4500.0,13.043478260869565,4.0,171428571.42857143,208000000.0,30.0,4679.857142857143,4
28,1,0,0,0,0,0,0,0,0,0,0,0,0,0,0,0,0,0,0,0,1,0,0,0,0,100000000,115000000.0,15,15000000.0,13.043478260869565,3.5,91666666.66666669,115416666.66666669,25.0,3619.6666666666665,0
36,0,1,0,0,0,0,0,1,0,0,0,0,0,0,0,0,0,0,0,0,1,0,0,0,0,100000000,130000000.0,30,30000000.0,23.07692307692308,2.0,100000000.0,130000000.0,30.0,3608.6666666666665,1
33,0,1,0,1,0,0,0,0,0,0,0,0,0,0,0,0,0,0,0,0,1,0,0,0,0,100000000,130000000.0,30,30000000.0,23.07692307692308,1.0,100000000.0,115000000.0,15.0,3608.0,1
38,1,0,0,0,0,1,0,0,0,0,0,0,0,0,0,0,0,0,0,0,1,0,0,0,0,200000000,245000000.0,30,45000000.0,18.367346938775512,3.5,133333333.33333331,168333333.33333334,30.0,3612.1666666666665,1
35,0,1,1,0,0,0,0,0,0,0,0,0,0,0,0,0,0,0,0,0,0,0,1,0,0,300000000,345000000.0,30,45000000.0,13.043478260869565,3.0,150000000.0,174100000.0,21.0,3608.0,1
36,0,1,0,0,0,0,0,1,0,0,0,0,0,0,0,0,0,0,0,1,0,0,0,0,0,10000,13000.0,30,3000.0,23.07692307692308,1.0,100000000.0,130000000.0,30.0,3669.0,1
39,0,1,0,0,0,0,0,1,0,0,0,0,0,0,0,0,0,0,0,1,0,0,0,0,0,10000,11500.0,15,1500.0,13.043478260869565,1.0,100000000.0,115000000.0,15.0,3669.0,0
45,0,1,0,0,0,0,1,0,0,0,0,0,0,0,0,0,0,0,0,0,1,0,0,0,0,200000000,222500000.0,15,22500000.0,10.112359550561797,2.0,100000000.0,115000000.0,15.0,3610.6666666666665,0
28,0,1,0,0,1,0,0,0,0,0,0,0,0,0,0,0,0,0,0,0,1,0,0,0,0,100000000,115000000.0,15,15000000.0,13.043478260869565,1.0,100000000.0,115000000.0,15.0,3611.0,0
35,0,1,0,0,0,0,0,0,0,0,0,0,0,0,1,0,0,0,0,0,1,0,0,0,0,100000000,115000000.0,15,15000000.0,13.043478260869565,1.0,100000000.0,115000000.0,15.0,3668.0,0
38,0,1,0,0,0,0,0,0,0,0,0,0,0,0,0,0,0,0,0,0,1,0,0,0,0,100000000,130000000.0,30,30000000.0,23.07692307692308,1.5,100000000.0,122500000.0,22.5,3638.0,1
41,0,1,0,0,0,0,1,0,0,0,0,0,0,0,0,0,0,0,0,1,0,0,0,0,0,300000000,345000000.0,30,45000000.0,13.043478260869565,3.5,166666666.66666666,192916666.66666663,20.0,3608.6666666666665,1
31,0,1,0,0,0,0,1,0,0,0,0,0,0,0,0,0,0,0,0,1,0,0,0,0,0,100000000,130000000.0,30,30000000.0,23.07692307692308,1.0,100000000.0,130000000.0,30.0,3668.0,1
40,0,1,0,0,0,0,0,0,0,0,0,0,0,0,1,0,0,0,0,0,1,0,0,0,0,200000000,245000000.0,30,45000000.0,18.367346938775512,2.5,125000000.0,158750000.0,30.0,3608.25,1
37,0,0,0,0,0,0,0,0,0,0,0,0,0,0,1,0,0,0,0,0,1,0,0,0,0,100000000,130000000.0,30,30000000.0,23.07692307692308,1.0,100000000.0,115000000.0,15.0,3671.0,1
32,0,1,0,0,0,0,1,0,0,0,0,0,0,0,0,0,0,0,0,0,1,0,0,0,0,200000000,245000000.0,30,45000000.0,18.367346938775512,2.5,125000000.0,155000000.0,26.25,3607.0,1
28,1,0,0,0,0,0,0,1,0,0,0,0,0,0,0,0,0,0,0,0,0,0,0,1,0,400000000,440000000.0,30,40000000.0,9.090909090909092,4.5,225000000.0,265625000.0,33.75,3618.0,1
43,0,1,0,0,0,0,0,1,0,0,0,0,0,0,0,0,0,0,0,0,1,0,0,0,0,100000000,130000000.0,30,30000000.0,23.07692307692308,1.0,100000000.0,130000000.0,30.0,3610.0,1
38,0,1,0,0,0,0,1,0,0,0,0,0,0,0,0,0,0,0,0,1,0,0,0,0,0,10000,13000.0,30,3000.0,23.07692307692308,1.0,100000000.0,115000000.0,15.0,3667.0,1
36,0,1,0,0,1,0,0,0,0,0,0,0,0,0,0,0,0,0,0,0,1,0,0,0,0,300000000,345000000.0,30,45000000.0,13.043478260869565,5.0,200000000.0,230444444.44444445,23.33333333333333,3622.1111111111113,1
38,1,0,0,0,0,0,0,1,0,0,0,0,0,0,0,0,0,0,0,0,0,0,1,0,0,200000000,222500000.0,15,22500000.0,10.112359550561797,2.5,150000000.0,168750000.0,15.0,3608.5,0
44,0,0,0,0,0,0,0,1,0,0,0,0,0,0,0,0,0,0,0,0,1,0,0,0,0,100000000,130000000.0,30,30000000.0,23.07692307692308,1.0,100000000.0,130000000.0,30.0,3674.0,1
42,0,1,0,0,0,0,0,0,0,0,0,0,0,0,0,0,0,0,0,0,0,0,1,0,0,300000000,330000000.0,30,30000000.0,9.090909090909092,7.0,192307692.30769232,223307692.30769232,23.07692307692308,3609.923076923077,1
28,1,0,0,0,0,0,0,0,0,0,0,0,0,0,0,0,0,0,0,0,0,0,1,0,0,400000000,480000000.0,60,80000000.0,16.666666666666664,3.5,200000000.0,228833333.3333333,22.5,3610.0,3
33,0,1,0,0,0,0,0,1,0,0,0,0,0,0,0,0,0,0,0,0,1,0,0,0,0,10000,13000.0,30,3000.0,23.07692307692308,1.0,100000000.0,130000000.0,30.0,3669.0,1
41,0,1,0,0,0,0,1,0,0,0,0,0,0,0,0,0,0,0,0,1,0,0,0,0,0,100000000,130000000.0,30,30000000.0,23.07692307692308,1.0,100000000.0,115000000.0,15.0,3667.0,1
36,0,1,0,0,0,0,1,0,0,0,0,0,0,0,0,0,0,0,0,0,1,0,0,0,0,100000000,122500000.0,30,22500000.0,18.367346938775512,2.0,100000000.0,125000000.0,25.0,3608.6666666666665,1
35,0,1,0,0,0,0,1,0,0,0,0,0,0,0,0,0,0,0,0,0,1,0,0,0,0,100000000,130000000.0,30,30000000.0,23.07692307692308,1.5,100000000.0,130000000.0,30.0,3610.5,1
34,0,1,0,0,0,0,0,1,0,0,0,0,0,0,0,0,0,0,0,0,1,0,0,0,0,100000000,130000000.0,30,30000000.0,23.07692307692308,1.5,100000000.0,130000000.0,30.0,3638.0,1
33,0,1,0,0,0,0,0,1,0,0,0,0,0,0,0,0,0,0,0,0,1,0,0,0,0,100000000,130000000.0,30,30000000.0,23.07692307692308,1.0,100000000.0,130000000.0,30.0,3668.0,1
43,0,1,0,0,0,0,1,0,0,0,0,0,0,0,0,0,0,0,0,1,0,0,0,0,0,30000,34500.0,30,4500.0,13.043478260869565,5.0,200000000.0,232555555.55555555,25.0,3615.6666666666665,1
32,1,0,0,0,0,0,0,1,0,0,0,0,0,0,0,0,0,0,0,0,1,0,0,0,0,300000000,330000000.0,30,30000000.0,9.090909090909092,5.5,185000000.0,204187500.0,18.0,3609.7,1
39,0,1,0,0,0,0,0,1,0,0,0,0,0,0,0,0,0,0,0,1,0,0,0,0,0,100000000,130000000.0,30,30000000.0,23.07692307692308,1.5,100000000.0,115000000.0,15.0,3611.5,1
39,0,0,0,0,0,0,0,1,0,0,0,0,0,0,0,0,0,0,0,0,1,0,0,0,0,100000000,115000000.0,15,15000000.0,13.043478260869565,1.0,100000000.0,130000000.0,30.0,3670.0,0
29,0,1,0,0,0,0,0,1,0,0,0,0,0,0,0,0,0,0,0,0,1,0,0,0,0,100000000,115000000.0,15,15000000.0,13.043478260869565,1.0,100000000.0,115000000.0,15.0,3616.0,0
37,0,1,0,0,0,0,0,0,0,0,0,0,0,0,0,0,0,0,1,0,1,0,0,0,0,10000,13000.0,30,3000.0,23.07692307692308,1.0,100000000.0,130000000.0,30.0,3607.0,1
45,0,1,0,0,0,0,1,0,0,0,0,0,0,0,0,0,0,0,0,1,0,0,0,0,0,300000000,345000000.0,30,45000000.0,13.043478260869565,4.5,187500000.0,212375000.0,18.75,3607.625,1
34,1,0,0,0,0,0,0,1,0,0,0,0,0,0,0,0,0,0,0,0,1,0,0,0,0,200000000,245000000.0,30,45000000.0,18.367346938775512,4.0,121428571.42857143,154107142.85714287,30.0,3618.857142857143,1
36,0,1,0,0,0,0,0,1,0,0,0,0,0,0,0,0,0,0,0,0,1,0,0,0,0,100000000,115000000.0,15,15000000.0,13.043478260869565,1.0,100000000.0,115000000.0,15.0,3667.0,0
37,0,1,0,0,0,0,0,0,0,0,0,0,0,0,1,0,0,0,0,1,0,0,0,0,0,300000000,345000000.0,30,45000000.0,13.043478260869565,3.0,150000000.0,183700000.0,27.0,3608.8,1
27,0,1,0,0,0,0,0,1,0,0,0,0,0,0,0,0,0,0,0,0,1,0,0,0,0,10000,11500.0,15,1500.0,13.043478260869565,1.0,100000000.0,115000000.0,15.0,3609.0,0
45,0,1,0,0,0,0,1,0,0,0,0,0,0,0,0,0,0,0,0,0,1,0,0,0,0,100000000,130000000.0,30,30000000.0,23.07692307692308,3.0,120000000.0,151600000.0,30.0,3620.4,1
34,0,1,0,0,0,0,0,1,0,0,0,0,0,0,0,0,0,0,0,0,1,0,0,0,0,100000000,130000000.0,30,30000000.0,23.07692307692308,1.0,100000000.0,130000000.0,30.0,3608.0,1
42,0,1,0,0,0,0,0,0,0,0,1,0,0,0,0,0,0,0,0,0,1,0,0,0,0,200000000,245000000.0,30,45000000.0,18.367346938775512,3.0,120000000.0,153000000.0,30.0,3608.6,1
36,1,0,0,0,0,0,1,0,0,0,0,0,0,0,0,0,0,0,0,0,1,0,0,0,0,200000000,245000000.0,30,45000000.0,18.367346938775512,4.5,125000000.0,151250000.0,22.5,3615.375,1
39,0,1,0,0,0,0,1,0,0,0,0,0,0,0,0,0,0,0,0,1,0,0,0,0,0,100000000,130000000.0,30,30000000.0,23.07692307692308,1.0,100000000.0,130000000.0,30.0,3607.0,1
42,0,1,0,1,0,0,0,0,0,0,0,0,0,0,0,0,0,0,0,1,0,0,0,0,0,100000000,130000000.0,30,30000000.0,23.07692307692308,1.0,100000000.0,130000000.0,30.0,3668.0,1
39,0,1,0,0,0,0,0,1,0,0,0,0,0,0,0,0,0,0,0,0,1,0,0,0,0,10000,13000.0,30,3000.0,23.07692307692308,1.0,100000000.0,130000000.0,30.0,3668.0,1
38,0,1,0,0,0,0,0,1,0,0,0,0,0,0,0,0,0,0,0,0,1,0,0,0,0,10000,11500.0,15,1500.0,13.043478260869565,1.0,100000000.0,115000000.0,15.0,3614.0,0
39,0,1,0,0,0,0,0,0,0,0,0,0,0,0,0,0,0,0,0,0,1,0,0,0,0,10000,13000.0,30,3000.0,23.07692307692308,1.5,100000000.0,122500000.0,22.5,3606.5,1
31,0,1,0,0,0,0,0,0,0,0,0,0,0,0,0,0,0,0,1,0,1,0,0,0,0,30000,34500.0,30,4500.0,13.043478260869565,4.0,128571428.57142857,150535714.2857143,21.428571428571427,3623.857142857143,1
47,1,0,0,0,0,0,0,0,0,0,0,0,0,0,0,0,0,0,1,0,0,0,1,0,0,400000000,440000000.0,30,40000000.0,9.090909090909092,6.5,258333333.3333333,295125000.0,27.5,4239.583333333333,1
29,0,1,0,0,0,0,0,1,0,0,0,0,0,0,0,0,0,0,0,0,1,0,0,0,0,200000000,245000000.0,30,45000000.0,18.367346938775512,3.0,140000000.0,171500000.0,27.0,3608.2,1
38,1,0,1,0,0,0,0,0,0,0,0,0,0,0,0,0,0,0,0,0,1,0,0,0,0,400000000,440000000.0,30,40000000.0,9.090909090909092,8.0,280000000.0,320233333.3333333,29.0,3617.6,1
37,0,1,1,0,0,0,0,0,0,0,0,0,0,0,0,0,0,0,0,0,1,0,0,0,0,100000000,130000000.0,30,30000000.0,23.07692307692308,1.5,100000000.0,130000000.0,30.0,3607.0,1
29,1,0,0,0,1,0,0,0,0,0,0,0,0,0,0,0,0,0,0,0,0,0,0,1,0,35000,38500.0,30,3500.0,9.090909090909092,8.0,181333333.3333333,203833333.3333333,20.0,3608.3333333333335,1
30,0,1,0,0,0,0,1,0,0,0,0,0,0,0,0,0,0,0,0,0,0,0,0,1,0,30000,34500.0,30,4500.0,13.043478260869565,3.0,140000000.0,162250000.0,21.0,3608.4,1
50,0,1,0,0,0,0,0,1,0,0,0,0,0,0,0,0,0,0,0,1,0,0,0,0,0,100000000,115000000.0,15,15000000.0,13.043478260869565,1.5,100000000.0,115000000.0,15.0,3623.0,0
29,0,1,0,0,0,0,0,1,0,0,0,0,0,0,0,0,0,0,0,0,1,0,0,0,0,100000000,115000000.0,15,15000000.0,13.043478260869565,1.0,100000000.0,115000000.0,15.0,3667.0,0
26,0,1,0,0,0,0,1,0,0,0,0,0,0,0,0,0,0,0,0,0,1,0,0,0,0,10000,13000.0,30,3000.0,23.07692307692308,2.0,100000000.0,130000000.0,30.0,3609.0,1
36,0,1,0,0,0,0,0,1,0,0,0,0,0,0,0,0,0,0,0,1,0,0,0,0,0,20000,24000.0,30,4000.0,16.666666666666664,2.0,133333333.33333331,168333333.33333334,30.0,3608.0,1
35,0,1,0,0,0,0,0,0,0,0,0,0,0,0,0,0,0,0,0,0,1,0,0,0,0,150000000,166875000.0,15,16875000.0,10.112359550561797,2.5,125000000.0,147500000.0,18.75,3609.25,0
41,0,1,0,0,0,0,0,0,0,0,0,0,0,0,1,0,0,0,0,0,1,0,0,0,0,10000,11500.0,15,1500.0,13.043478260869565,2.0,100000000.0,130000000.0,30.0,3629.0,0
39,0,1,0,0,0,0,0,1,0,0,0,0,0,0,0,0,0,0,0,1,0,0,0,0,0,20000,24500.0,30,4500.0,18.367346938775512,2.0,133333333.33333331,158333333.33333334,20.0,3626.6666666666665,1
49,0,1,0,0,0,0,0,1,0,0,0,0,0,0,0,0,0,0,0,1,0,0,0,0,0,300000000,390000000.0,60,90000000.0,23.07692307692308,3.0,160000000.0,197600000.0,30.0,3619.4,3
30,1,0,0,0,0,0,1,0,0,0,0,0,0,0,0,0,0,0,0,0,1,0,0,0,0,10000,11500.0,15,1500.0,13.043478260869565,3.0,120000000.0,136500000.0,15.0,3608.6,0
35,0,1,0,0,0,0,0,1,0,0,0,0,0,0,0,0,0,0,0,0,1,0,0,0,0,100000000,130000000.0,30,30000000.0,23.07692307692308,1.5,100000000.0,115000000.0,15.0,3638.5,1
47,0,1,0,0,0,0,0,0,0,0,0,0,0,0,0,0,0,0,1,0,1,0,0,0,0,200000000,245000000.0,30,45000000.0,18.367346938775512,2.5,125000000.0,158750000.0,30.0,3624.0,1
37,0,1,0,0,0,0,0,1,0,0,0,0,0,0,0,0,0,0,0,0,1,0,0,0,0,100000000,130000000.0,30,30000000.0,23.07692307692308,1.0,100000000.0,130000000.0,30.0,3668.0,1
40,1,0,0,0,0,0,0,1,0,0,0,0,0,0,0,0,0,0,0,0,0,0,1,0,0,300000000,345000000.0,30,45000000.0,13.043478260869565,4.5,212500000.0,240125000.0,20.625,3608.75,1
43,0,1,0,0,0,0,0,0,0,0,0,1,0,0,0,0,0,0,0,0,1,0,0,0,0,10000,13000.0,30,3000.0,23.07692307692308,1.0,100000000.0,130000000.0,30.0,3668.0,1
36,0,1,0,0,0,0,1,0,0,0,0,0,0,0,0,0,0,0,0,0,1,0,0,0,0,100000000,130000000.0,30,30000000.0,23.07692307692308,1.0,100000000.0,130000000.0,30.0,3668.0,1
41,0,1,0,0,0,0,1,0,0,0,0,0,0,0,0,0,0,0,0,0,1,0,0,0,0,100000000,130000000.0,30,30000000.0,23.07692307692308,1.0,100000000.0,130000000.0,30.0,3610.0,1
28,0,1,0,0,0,0,0,1,0,0,0,0,0,0,0,0,0,0,0,0,1,0,0,0,0,100000000,130000000.0,30,30000000.0,23.07692307692308,5.5,100000000.0,118000000.0,18.0,3615.2,1
28,0,1,1,0,0,0,0,0,0,0,0,0,0,0,0,0,0,0,0,0,1,0,0,0,0,100000000,130000000.0,30,30000000.0,23.07692307692308,1.5,100000000.0,130000000.0,30.0,3637.0,1
42,1,0,0,0,0,0,0,1,0,0,0,0,0,0,0,0,0,0,0,0,1,0,0,0,0,400000000,440000000.0,30,40000000.0,9.090909090909092,6.5,275000000.0,314291666.6666667,28.75,3610.25,1
29,1,0,0,0,0,0,0,0,0,0,0,0,0,0,1,0,0,0,0,0,1,0,0,0,0,10000,13000.0,30,3000.0,23.07692307692308,2.5,100000000.0,130000000.0,30.0,3637.25,1
32,1,0,0,0,0,0,0,1,0,0,0,0,0,0,0,0,0,0,0,0,1,0,0,0,0,20000,24500.0,30,4500.0,18.367346938775512,3.5,166666666.66666666,205500000.0,30.0,3609.6666666666665,1
41,0,1,0,0,0,0,1,0,0,0,0,0,0,0,0,0,0,0,0,0,1,0,0,0,0,20000,24500.0,30,4500.0,18.367346938775512,1.5,100000000.0,130000000.0,30.0,4140.0,1
47,0,1,0,0,0,1,0,0,0,0,0,0,0,0,0,0,0,0,0,0,1,0,0,0,0,100000000,130000000.0,30,30000000.0,23.07692307692308,1.5,100000000.0,130000000.0,30.0,3638.0,1
42,0,1,0,0,0,0,0,1,0,0,0,0,0,0,0,0,0,0,0,0,1,0,0,0,0,100000000,111250000.0,15,11250000.0,10.112359550561797,3.0,100000000.0,121000000.0,21.0,3606.8,0
48,0,1,0,0,0,0,0,0,0,0,0,0,0,0,0,0,0,0,0,0,1,0,0,0,0,100000000,130000000.0,30,30000000.0,23.07692307692308,2.0,100000000.0,130000000.0,30.0,3606.0,1
41,1,0,0,0,0,0,0,1,0,0,0,0,0,0,0,0,0,0,0,0,1,0,0,0,0,100000000,130000000.0,30,30000000.0,23.07692307692308,3.0,100000000.0,130000000.0,30.0,3618.8,1
46,0,1,0,0,0,0,0,1,0,0,0,0,0,0,0,0,0,0,0,0,1,0,0,0,0,100000000,115000000.0,15,15000000.0,13.043478260869565,1.0,100000000.0,115000000.0,15.0,3672.0,0
41,0,1,0,0,0,0,0,1,0,0,0,0,0,0,0,0,0,0,0,1,0,0,0,0,0,100000000,130000000.0,30,30000000.0,23.07692307692308,1.5,100000000.0,122500000.0,22.5,3637.0,1
37,1,0,0,0,1,0,0,0,0,0,0,0,0,0,0,0,0,0,0,0,1,0,0,0,0,30000,39000.0,60,9000.0,23.07692307692308,4.0,171428571.42857143,211285714.2857143,32.142857142857146,3610.142857142857,3
27,0,1,0,0,0,1,0,0,0,0,0,0,0,0,0,0,0,0,0,0,1,0,0,0,0,15000,18375.0,30,3375.0,18.367346938775512,2.5,112500000.0,143437500.0,30.0,3610.25,1
29,0,1,0,0,0,0,0,1,0,0,0,0,0,0,0,0,0,0,0,0,1,0,0,0,0,200000000,245000000.0,30,45000000.0,18.367346938775512,2.5,125000000.0,145625000.0,18.75,3623.5,1
41,0,1,0,0,0,0,0,1,0,0,0,0,0,0,0,0,0,0,0,1,0,0,0,0,0,100000000,115000000.0,15,15000000.0,13.043478260869565,1.0,100000000.0,115000000.0,15.0,3669.0,0
41,0,1,0,0,0,0,0,1,0,0,0,0,0,0,0,0,0,0,0,1,0,0,0,0,0,100000000,115000000.0,15,15000000.0,13.043478260869565,1.0,100000000.0,115000000.0,15.0,3668.0,0
42,0,1,0,0,0,0,0,1,0,0,0,0,0,0,0,0,0,0,0,1,0,0,0,0,0,10000,11500.0,15,1500.0,13.043478260869565,1.0,100000000.0,115000000.0,15.0,3668.0,0
48,1,0,0,0,0,0,0,0,0,0,0,0,0,0,0,0,0,0,0,0,1,0,0,0,0,20000,24500.0,30,4500.0,18.367346938775512,5.0,166666666.66666666,199333333.3333333,25.0,3610.6666666666665,1
34,0,1,0,0,0,0,0,0,0,0,0,0,0,0,0,0,0,0,0,0,1,0,0,0,0,100000000,130000000.0,30,30000000.0,23.07692307692308,1.0,100000000.0,115000000.0,15.0,3668.0,1
36,0,1,0,0,0,0,0,0,0,0,0,0,0,0,0,0,0,0,1,0,1,0,0,0,0,100000000,111250000.0,15,11250000.0,10.112359550561797,2.0,100000000.0,118333333.33333331,20.0,3614.3333333333335,0
37,0,1,0,0,0,0,0,1,0,0,0,0,0,0,0,0,0,0,0,0,1,0,0,0,0,100000000,130000000.0,30,30000000.0,23.07692307692308,2.0,100000000.0,130000000.0,30.0,3631.3333333333335,1
37,0,1,0,0,1,0,0,0,0,0,0,0,0,0,0,0,0,0,0,0,1,0,0,0,0,200000000,245000000.0,30,45000000.0,18.367346938775512,2.0,100000000.0,125000000.0,25.0,3608.3333333333335,1
48,0,1,0,0,0,0,0,1,0,0,0,0,0,0,0,0,0,0,0,1,0,0,0,0,0,100000000,130000000.0,30,30000000.0,23.07692307692308,2.5,125000000.0,155000000.0,26.25,3607.0,1
30,0,1,0,0,0,0,0,0,0,0,0,0,0,0,0,0,0,0,0,0,1,0,0,0,0,300000000,345000000.0,30,45000000.0,13.043478260869565,3.5,141666666.66666666,168375000.0,25.0,3611.3333333333335,1
39,0,1,0,0,0,0,0,1,0,0,0,0,0,0,0,0,0,0,0,0,1,0,0,0,0,400000000,480000000.0,60,80000000.0,16.666666666666664,4.5,187500000.0,235500000.0,37.5,3616.375,3
37,0,1,0,0,0,0,0,0,0,0,0,0,0,0,0,0,0,0,1,0,1,0,0,0,0,100000000,115000000.0,15,15000000.0,13.043478260869565,1.0,100000000.0,130000000.0,30.0,3668.0,0
32,0,1,0,0,0,1,0,0,0,0,0,0,0,0,0,0,0,0,0,1,0,0,0,0,0,10000,13000.0,30,3000.0,23.07692307692308,1.0,100000000.0,115000000.0,15.0,3669.0,1
53,0,1,0,0,0,0,0,1,0,0,0,0,0,0,0,0,0,0,0,0,1,0,0,0,0,100000000,130000000.0,30,30000000.0,23.07692307692308,2.0,100000000.0,125000000.0,25.0,3610.0,1
47,0,1,0,0,0,0,0,0,0,0,0,0,0,0,0,0,0,0,1,0,1,0,0,0,0,10000,11500.0,15,1500.0,13.043478260869565,1.0,100000000.0,130000000.0,30.0,3669.0,0
38,0,1,0,0,0,0,0,1,0,0,0,0,0,0,0,0,0,0,0,0,1,0,0,0,0,100000000,115000000.0,15,15000000.0,13.043478260869565,1.5,100000000.0,115000000.0,15.0,5908.5,4
42,0,1,0,0,1,0,0,0,0,0,0,0,0,0,0,0,0,0,0,1,0,0,0,0,0,150000000,183750000.0,30,33750000.0,18.367346938775512,2.0,100000000.0,125000000.0,25.0,3609.3333333333335,1
33,0,1,0,0,0,0,0,1,0,0,0,0,0,0,0,0,0,0,0,0,1,0,0,0,0,100000000,130000000.0,30,30000000.0,23.07692307692308,1.0,100000000.0,130000000.0,30.0,3669.0,1
47,0,1,0,0,0,0,0,0,0,0,0,0,0,0,1,0,0,0,0,0,1,0,0,0,0,100000000,130000000.0,30,30000000.0,23.07692307692308,1.5,100000000.0,130000000.0,30.0,3639.0,1
53,0,1,0,0,1,0,0,0,0,0,0,0,0,0,0,0,0,0,0,0,1,0,0,0,0,30000,34500.0,30,4500.0,13.043478260869565,3.5,150000000.0,178833333.33333334,22.5,3608.8333333333335,1
33,0,1,0,0,0,0,0,1,0,0,0,0,0,0,0,0,0,0,0,0,1,0,0,0,0,100000000,130000000.0,30,30000000.0,23.07692307692308,1.5,100000000.0,122500000.0,22.5,3637.0,1
41,0,1,0,0,0,0,0,0,0,0,0,0,0,0,0,0,0,0,1,0,1,0,0,0,0,10000,13000.0,30,3000.0,23.07692307692308,1.0,100000000.0,130000000.0,30.0,3615.0,1
40,1,0,0,0,0,0,0,0,0,0,0,0,0,0,1,0,0,0,0,0,0,0,1,0,0,200000000,245000000.0,30,45000000.0,18.367346938775512,2.0,100000000.0,130000000.0,30.0,3613.0,1
30,0,1,0,0,0,0,0,0,0,0,0,0,0,0,1,0,0,0,0,0,1,0,0,0,0,30000,34500.0,30,4500.0,13.043478260869565,6.0,154545454.54545453,173045454.54545453,16.363636363636363,3620.636363636364,1
41,0,1,0,0,0,0,0,1,0,0,0,0,0,0,0,0,0,0,0,0,1,0,0,0,0,100000000,130000000.0,30,30000000.0,23.07692307692308,1.0,100000000.0,130000000.0,30.0,3669.0,1
36,0,1,0,0,0,0,0,0,0,0,0,0,0,0,0,0,0,0,0,1,0,0,0,0,0,200000000,222500000.0,15,22500000.0,10.112359550561797,4.0,142857142.85714287,160500000.0,15.0,3608.285714285714,0
32,1,0,0,0,0,0,0,0,0,0,1,0,0,0,0,0,0,0,0,0,1,0,0,0,0,100000000,130000000.0,30,30000000.0,23.07692307692308,2.5,125000000.0,156875000.0,30.0,3611.25,1
33,0,1,0,0,0,0,0,0,0,0,0,0,0,0,0,0,0,0,1,0,1,0,0,0,0,200000000,245000000.0,30,45000000.0,18.367346938775512,2.0,100000000.0,125000000.0,25.0,3607.6666666666665,1
39,0,1,0,0,0,0,0,1,0,0,0,0,0,0,0,0,0,0,0,1,0,0,0,0,0,100000000,115000000.0,15,15000000.0,13.043478260869565,1.0,100000000.0,115000000.0,15.0,3669.0,0
35,0,1,0,0,0,0,0,0,0,0,0,0,0,0,1,0,0,0,0,0,1,0,0,0,0,10000,13000.0,30,3000.0,23.07692307692308,1.5,100000000.0,130000000.0,30.0,3610.5,1
42,0,1,0,0,0,0,0,0,0,0,1,0,0,0,0,0,0,0,0,0,1,0,0,0,0,100000000,130000000.0,30,30000000.0,23.07692307692308,1.0,100000000.0,130000000.0,30.0,3667.0,1
38,0,1,0,0,0,0,0,0,0,0,0,0,0,0,0,0,0,0,1,0,1,0,0,0,0,20000,24500.0,30,4500.0,18.367346938775512,1.5,100000000.0,130000000.0,30.0,3608.5,1
38,0,1,0,0,0,0,0,1,0,0,0,0,0,0,0,0,0,0,0,0,1,0,0,0,0,10000,13000.0,30,3000.0,23.07692307692308,1.0,100000000.0,130000000.0,30.0,3607.0,1
44,0,1,0,0,0,0,0,1,0,0,0,0,0,0,0,0,0,0,0,0,1,0,0,0,0,100000000,130000000.0,30,30000000.0,23.07692307692308,1.5,100000000.0,130000000.0,30.0,3609.0,1
38,0,1,1,0,0,0,0,0,0,0,0,0,0,0,0,0,0,0,0,0,1,0,0,0,0,200000000,222500000.0,15,22500000.0,10.112359550561797,2.0,100000000.0,120000000.0,20.0,3626.6666666666665,0
36,0,1,0,0,0,0,1,0,0,0,0,0,0,0,0,0,0,0,0,0,1,0,0,0,0,100000000,130000000.0,30,30000000.0,23.07692307692308,1.0,100000000.0,115000000.0,15.0,3668.0,1
29,0,1,0,0,0,0,0,1,0,0,0,0,0,0,0,0,0,0,0,0,1,0,0,0,0,300000000,385002000.0,60,85002000.0,22.078326865834462,2.5,150000000.0,180000000.0,22.5,3609.75,3
39,0,1,0,0,0,0,0,1,0,0,0,0,0,0,0,0,0,0,0,0,1,0,0,0,0,200000000,245000000.0,30,45000000.0,18.367346938775512,2.0,100000000.0,130000000.0,30.0,3608.3333333333335,1
29,0,1,0,0,0,0,0,0,0,0,0,0,0,0,0,0,0,0,0,0,1,0,0,0,0,100000000,130000000.0,30,30000000.0,23.07692307692308,1.0,100000000.0,130000000.0,30.0,3609.0,1
40,0,1,0,0,0,0,0,1,0,0,0,0,0,0,0,0,0,0,0,1,0,0,0,0,0,300000000,345000000.0,30,45000000.0,13.043478260869565,4.5,187500000.0,221875000.0,28.125,3622.875,1
43,0,1,0,0,0,0,0,1,0,0,0,0,0,0,0,0,0,0,0,1,0,0,0,0,0,300000000,345000000.0,30,45000000.0,13.043478260869565,4.5,187500000.0,212812500.0,18.75,3610.25,1
27,1,0,0,0,0,0,1,0,0,0,0,0,0,0,0,0,0,0,0,0,1,0,0,0,0,30000,39000.0,60,9000.0,23.07692307692308,4.5,162500000.0,198250000.0,30.0,3617.0,3
34,0,1,0,0,0,0,0,0,0,0,0,0,0,0,1,0,0,0,0,0,1,0,0,0,0,20000,24500.0,30,4500.0,18.367346938775512,2.5,125000000.0,141875000.0,15.0,3621.75,1
36,0,1,0,0,0,1,0,0,0,0,0,0,0,0,0,0,0,0,0,0,1,0,0,0,0,300000000,390000000.0,60,90000000.0,23.07692307692308,3.5,133333333.33333331,162083333.33333334,25.0,3618.5,3
32,1,0,0,0,0,0,1,0,0,0,0,0,0,0,0,0,0,0,0,0,1,0,0,0,0,20000,24500.0,30,4500.0,18.367346938775512,3.0,100000000.0,124000000.0,24.0,3619.2,1
34,0,1,0,0,0,0,0,1,0,0,0,0,0,0,0,0,0,0,0,1,0,0,0,0,0,100000000,130000000.0,30,30000000.0,23.07692307692308,1.5,100000000.0,115000000.0,15.0,3607.5,1
47,0,1,0,0,0,0,0,1,0,0,0,0,0,0,0,0,0,0,0,0,1,0,0,0,0,200000000,245000000.0,30,45000000.0,18.367346938775512,2.5,125000000.0,155000000.0,26.25,3608.75,1
49,0,1,0,0,0,0,1,0,0,0,0,0,0,0,0,0,0,0,0,0,1,0,0,0,0,10000,13000.0,30,3000.0,23.07692307692308,1.0,100000000.0,130000000.0,30.0,3608.0,1
32,1,0,1,0,0,0,0,0,0,0,0,0,0,0,0,0,0,0,0,0,1,0,0,0,0,40000,44000.0,30,4000.0,9.090909090909092,6.0,254545454.54545453,286045454.54545456,23.181818181818183,6114.363636363636,5
32,0,0,0,0,0,0,0,0,0,0,0,1,0,0,0,0,0,0,0,0,1,0,0,0,0,200000000,245000000.0,30,45000000.0,18.367346938775512,2.5,125000000.0,147500000.0,18.75,3608.0,1
37,1,0,0,0,0,0,0,1,0,0,0,0,0,0,0,0,0,0,0,0,1,0,0,0,0,300000000,345000000.0,30,45000000.0,13.043478260869565,3.5,141666666.66666666,171750000.0,25.0,3608.6666666666665,1
27,0,1,0,0,0,0,0,1,0,0,0,0,0,0,0,0,0,0,0,0,1,0,0,0,0,100000000,130000000.0,30,30000000.0,23.07692307692308,1.0,100000000.0,130000000.0,30.0,3616.0,1
42,0,1,0,0,0,0,0,0,0,0,0,0,0,0,0,0,0,0,0,1,0,0,0,0,0,100000000,130000000.0,30,30000000.0,23.07692307692308,3.0,100000000.0,115000000.0,15.0,3610.2,1
35,0,1,0,0,0,0,1,0,0,0,0,0,0,0,0,0,0,0,0,0,1,0,0,0,0,20000,24500.0,30,4500.0,18.367346938775512,2.0,100000000.0,115000000.0,15.0,3609.3333333333335,1
37,0,1,0,0,0,0,0,0,0,0,0,1,0,0,0,0,0,0,0,0,1,0,0,0,0,100000000,115000000.0,15,15000000.0,13.043478260869565,1.5,100000000.0,115000000.0,15.0,3608.0,0
35,0,1,0,0,0,0,0,0,0,0,0,1,0,0,0,0,0,0,0,0,1,0,0,0,0,100000000,130000000.0,30,30000000.0,23.07692307692308,1.0,100000000.0,115000000.0,15.0,3612.0,1
45,0,1,0,0,0,0,0,1,0,0,0,0,0,0,0,0,0,0,0,0,1,0,0,0,0,200000000,222500000.0,15,22500000.0,10.112359550561797,1.5,100000000.0,115000000.0,15.0,3609.5,0
29,0,1,0,0,0,0,0,0,0,0,0,0,0,0,0,0,0,0,1,0,1,0,0,0,0,10000,13000.0,30,3000.0,23.07692307692308,1.5,100000000.0,130000000.0,30.0,3610.5,1
35,0,1,0,0,0,1,0,0,0,0,0,0,0,0,0,0,0,0,0,0,1,0,0,0,0,10000,13000.0,30,3000.0,23.07692307692308,1.5,100000000.0,130000000.0,30.0,3606.5,1
32,0,1,0,0,0,0,0,1,0,0,0,0,0,0,0,0,0,0,0,0,0,0,1,0,0,20000,22250.0,15,2250.0,10.112359550561797,2.5,125000000.0,144750000.0,18.75,3611.75,0
33,0,1,0,0,0,0,0,0,0,0,0,0,0,0,0,0,0,0,1,0,1,0,0,0,0,10000,13000.0,30,3000.0,23.07692307692308,1.0,100000000.0,130000000.0,30.0,3608.0,1
50,0,1,0,0,1,0,0,0,0,0,0,0,0,0,0,0,0,0,0,0,1,0,0,0,0,10000,11500.0,15,1500.0,13.043478260869565,1.5,100000000.0,130000000.0,30.0,3607.0,0
36,1,0,0,0,0,0,0,1,0,0,0,0,0,0,0,0,0,0,0,0,1,0,0,0,0,200000000,245000000.0,30,45000000.0,18.367346938775512,2.5,175000000.0,206000000.0,26.25,4393.25,4
36,0,1,0,0,0,0,1,0,0,0,0,0,0,0,0,0,0,0,0,0,1,0,0,0,0,100000000,115000000.0,15,15000000.0,13.043478260869565,1.0,100000000.0,115000000.0,15.0,3608.0,0
39,0,1,0,0,0,0,1,0,0,0,0,0,0,0,0,0,0,0,0,0,1,0,0,0,0,10000,11500.0,15,1500.0,13.043478260869565,1.0,100000000.0,130000000.0,30.0,3612.0,0
38,0,1,0,0,0,0,0,1,0,0,0,0,0,0,0,0,0,0,0,1,0,0,0,0,0,10000,13000.0,30,3000.0,23.07692307692308,3.5,100000000.0,117500000.0,17.5,3618.1666666666665,1
36,1,0,0,0,0,0,0,0,0,0,0,0,0,0,0,0,0,0,1,0,0,0,1,0,0,200000000,245000000.0,30,45000000.0,18.367346938775512,1.5,100000000.0,130000000.0,30.0,3609.0,1
39,0,1,0,0,0,0,1,0,0,0,0,0,0,0,0,0,0,0,0,0,1,0,0,0,0,10000,13000.0,30,3000.0,23.07692307692308,1.5,100000000.0,130000000.0,30.0,3610.5,1
39,0,1,0,0,0,0,0,0,0,0,0,0,0,0,0,0,0,0,1,0,1,0,0,0,0,100000000,130000000.0,30,30000000.0,23.07692307692308,1.0,100000000.0,115000000.0,15.0,3669.0,1
34,0,1,0,0,1,0,0,0,0,0,0,0,0,0,0,0,0,0,0,0,1,0,0,0,0,100000000,130000000.0,30,30000000.0,23.07692307692308,1.0,100000000.0,130000000.0,30.0,3669.0,1
34,0,1,0,0,0,0,1,0,0,0,0,0,0,0,0,0,0,0,0,0,1,0,0,0,0,10000,12250.0,30,2250.0,18.367346938775512,2.0,100000000.0,130000000.0,30.0,3606.3333333333335,1
38,0,1,0,0,0,0,1,0,0,0,0,0,0,0,0,0,0,0,0,0,1,0,0,0,0,100000000,130000000.0,30,30000000.0,23.07692307692308,1.0,100000000.0,130000000.0,30.0,3667.0,1
53,0,1,0,0,0,0,0,1,0,0,0,0,0,0,0,0,0,0,0,0,1,0,0,0,0,100000000,130000000.0,30,30000000.0,23.07692307692308,1.0,100000000.0,130000000.0,30.0,3673.0,1
43,0,1,0,0,0,0,0,0,0,0,1,0,0,0,0,0,0,0,0,0,1,0,0,0,0,150000000,183750000.0,30,33750000.0,18.367346938775512,2.0,100000000.0,130000000.0,30.0,3606.6666666666665,1
41,0,1,0,0,0,0,0,1,0,0,0,0,0,0,0,0,0,0,0,1,0,0,0,0,0,100000000,130000000.0,30,30000000.0,23.07692307692308,2.0,100000000.0,120000000.0,20.0,3876.6666666666665,1
28,0,1,0,0,0,0,0,1,0,0,0,0,0,0,0,0,0,0,0,0,0,0,0,1,0,10000,13000.0,30,3000.0,23.07692307692308,1.0,100000000.0,130000000.0,30.0,3623.0,1
43,0,1,1,0,0,0,0,0,0,0,0,0,0,0,0,0,0,0,0,0,1,0,0,0,0,100000000,115000000.0,15,15000000.0,13.043478260869565,1.5,100000000.0,122500000.0,22.5,3637.0,0
30,0,1,0,0,0,0,0,0,0,0,0,1,0,0,0,0,0,0,0,0,1,0,0,0,0,100000000,130000000.0,30,30000000.0,23.07692307692308,1.0,100000000.0,115000000.0,15.0,3608.0,1
29,0,1,0,1,0,0,0,0,0,0,0,0,0,0,0,0,0,0,0,0,1,0,0,0,0,100000000,115000000.0,15,15000000.0,13.043478260869565,1.0,100000000.0,115000000.0,15.0,3617.0,0
35,0,1,0,0,0,0,0,0,0,0,0,0,0,0,0,0,0,0,1,0,1,0,0,0,0,100000000,130000000.0,30,30000000.0,23.07692307692308,2.5,100000000.0,130000000.0,30.0,3612.5,1
35,0,1,1,0,0,0,0,0,0,0,0,0,0,0,0,0,0,0,0,0,1,0,0,0,0,200000000,245000000.0,30,45000000.0,18.367346938775512,2.0,100000000.0,125000000.0,25.0,3609.3333333333335,1
38,0,1,1,0,0,0,0,0,0,0,0,0,0,0,0,0,0,0,0,1,0,0,0,0,0,200000000,245000000.0,30,45000000.0,18.367346938775512,2.0,100000000.0,130000000.0,30.0,3609.6666666666665,1
26,1,0,0,0,0,0,0,1,0,0,0,0,0,0,0,0,0,0,0,0,1,0,0,0,0,500000000,525000000.0,30,25000000.0,4.761904761904762,6.5,300000000.0,341083333.3333333,31.25,3609.0833333333335,1
28,0,1,0,0,0,0,0,1,0,0,0,0,0,0,0,0,0,0,0,0,1,0,0,0,0,200000000,245000000.0,30,45000000.0,18.367346938775512,2.0,133333333.33333331,163333333.33333334,25.0,3611.0,1
27,0,1,0,0,0,0,0,0,0,0,0,0,0,0,0,0,0,0,0,0,1,0,0,0,0,200000000,245000000.0,30,45000000.0,18.367346938775512,2.5,125000000.0,147500000.0,18.75,3607.0,1
34,0,1,0,0,0,0,0,1,0,0,0,0,0,0,0,0,0,0,0,0,1,0,0,0,0,100000000,130000000.0,30,30000000.0,23.07692307692308,1.0,100000000.0,115000000.0,15.0,3669.0,1
39,0,1,0,0,0,0,1,0,0,0,0,0,0,0,0,0,0,0,0,0,1,0,0,0,0,100000000,115000000.0,15,15000000.0,13.043478260869565,1.5,100000000.0,130000000.0,30.0,3637.0,0
41,0,1,0,0,0,0,0,0,0,0,0,1,0,0,0,0,0,0,0,1,0,0,0,0,0,100000000,115000000.0,15,15000000.0,13.043478260869565,1.0,100000000.0,115000000.0,15.0,3671.0,0
51,0,1,0,0,0,0,0,0,0,0,1,0,0,0,0,0,0,0,0,0,1,0,0,0,0,300000000,345000000.0,30,45000000.0,13.043478260869565,3.5,150000000.0,173750000.0,20.0,3607.5,1
43,0,1,0,0,0,0,0,1,0,0,0,0,0,0,0,0,0,0,0,1,0,0,0,0,0,100000000,130000000.0,30,30000000.0,23.07692307692308,1.0,100000000.0,130000000.0,30.0,3669.0,1
44,0,1,0,0,0,0,0,1,0,0,0,0,0,0,0,0,0,0,0,0,1,0,0,0,0,10000,13000.0,30,3000.0,23.07692307692308,1.0,100000000.0,130000000.0,30.0,3669.0,1
40,0,1,1,0,0,0,0,0,0,0,0,0,0,0,0,0,0,0,0,0,1,0,0,0,0,100000000,115000000.0,15,15000000.0,13.043478260869565,1.5,100000000.0,115000000.0,15.0,4735.0,4
28,0,1,0,0,0,0,0,1,0,0,0,0,0,0,0,0,0,0,0,0,1,0,0,0,0,10000,11500.0,15,1500.0,13.043478260869565,1.0,100000000.0,130000000.0,30.0,3667.0,0
28,1,0,0,0,0,0,0,1,0,0,0,0,0,0,0,0,0,0,0,0,1,0,0,0,0,500000000,550000000.0,60,50000000.0,9.090909090909092,7.0,292307692.3076923,344153846.15384614,41.53846153846154,3615.538461538461,3
31,0,1,0,0,0,1,0,0,0,0,0,0,0,0,0,0,0,0,0,0,1,0,0,0,0,10000,13000.0,30,3000.0,23.07692307692308,1.5,100000000.0,130000000.0,30.0,3637.0,1
49,0,1,0,0,0,0,0,0,0,0,0,0,0,0,0,0,0,0,0,0,1,0,0,0,0,300000000,390000000.0,60,90000000.0,23.07692307692308,4.0,142857142.85714287,178285714.2857143,30.0,3616.571428571429,3
43,0,1,0,0,0,0,1,0,0,0,0,0,0,0,0,0,0,0,0,0,0,0,1,0,0,100000000,130000000.0,30,30000000.0,23.07692307692308,2.0,100000000.0,125000000.0,25.0,3607.6666666666665,1
34,0,1,0,1,0,0,0,0,0,0,0,0,0,0,0,0,0,0,0,0,1,0,0,0,0,10000,13000.0,30,3000.0,23.07692307692308,1.0,100000000.0,115000000.0,15.0,3668.0,1
36,0,1,0,0,0,0,0,1,0,0,0,0,0,0,0,0,0,0,0,0,1,0,0,0,0,100000000,130000000.0,30,30000000.0,23.07692307692308,1.5,100000000.0,130000000.0,30.0,3637.0,1
47,0,1,0,0,0,0,0,0,0,0,0,0,0,0,1,0,0,0,0,0,1,0,0,0,0,20000,24500.0,30,4500.0,18.367346938775512,2.5,125000000.0,158750000.0,30.0,3624.25,1
26,1,0,0,0,0,0,0,1,0,0,0,0,0,0,0,0,0,0,0,0,1,0,0,0,0,100000000,130000000.0,30,30000000.0,23.07692307692308,3.0,100000000.0,130000000.0,30.0,3610.6,1
38,0,1,0,0,0,0,1,0,0,0,0,0,0,0,0,0,0,0,0,0,1,0,0,0,0,10000,13000.0,30,3000.0,23.07692307692308,1.0,50000000.0,65000000.0,30.0,3608.0,1
29,0,1,0,0,0,0,0,0,0,0,0,0,0,0,0,0,0,0,0,1,0,0,0,0,0,200000000,245000000.0,30,45000000.0,18.367346938775512,2.5,125000000.0,158750000.0,30.0,3609.5,1
42,0,1,0,0,0,0,0,1,0,0,0,0,0,0,0,0,0,0,0,0,1,0,0,0,0,100000000,115000000.0,15,15000000.0,13.043478260869565,1.0,100000000.0,130000000.0,30.0,3668.0,0
42,1,0,0,0,0,0,0,1,0,0,0,0,0,0,0,0,0,0,0,0,1,0,0,0,0,500000000,575000000.0,90,75000000.0,13.043478260869565,7.5,335714285.71428573,379357142.85714287,36.42857142857143,3610.857142857143,2
36,0,1,0,0,0,0,0,0,0,0,0,0,0,0,0,0,0,0,1,0,1,0,0,0,0,100000000,130000000.0,30,30000000.0,23.07692307692308,1.5,100000000.0,122500000.0,22.5,3638.0,1
36,0,1,0,0,0,0,0,1,0,0,0,0,0,0,0,0,0,0,0,1,0,0,0,0,0,100000000,130000000.0,30,30000000.0,23.07692307692308,1.0,100000000.0,115000000.0,15.0,3668.0,1
35,0,1,0,0,0,0,1,0,0,0,0,0,0,0,0,0,0,0,0,0,0,0,1,0,0,150000000,183750000.0,30,33750000.0,18.367346938775512,2.5,112500000.0,143437500.0,30.0,3623.75,1
45,0,1,0,0,0,0,0,1,0,0,0,0,0,0,0,0,0,0,0,1,0,0,0,0,0,100000000,130000000.0,30,30000000.0,23.07692307692308,1.5,100000000.0,130000000.0,30.0,3612.0,1
46,0,1,0,0,0,0,0,1,0,0,0,0,0,0,0,0,0,0,0,0,1,0,0,0,0,200000000,222500000.0,15,22500000.0,10.112359550561797,2.0,100000000.0,120000000.0,20.0,3608.6666666666665,0
31,0,1,0,0,0,0,0,1,0,0,0,0,0,0,0,0,0,0,0,0,1,0,0,0,0,100000000,115000000.0,15,15000000.0,13.043478260869565,1.5,100000000.0,115000000.0,15.0,3637.5,0
33,0,1,0,0,0,0,1,0,0,0,0,0,0,0,0,0,0,0,0,0,1,0,0,0,0,100000000,130000000.0,30,30000000.0,23.07692307692308,1.5,100000000.0,130000000.0,30.0,5161.5,4
48,0,1,0,0,1,0,0,0,0,0,0,0,0,0,0,0,0,0,0,0,1,0,0,0,0,100000000,115000000.0,15,15000000.0,13.043478260869565,1.0,100000000.0,115000000.0,15.0,3614.0,0
